# {"env_id": "FetchTosscube-v1", "t_start": 1580946936.3030653} 
r,l,t
-50.0,50,8.520126
-50.0,50,12.641784
-50.0,50,16.382426
-50.0,50,20.103441
-50.0,50,23.849198
-50.0,50,27.522539
-50.0,50,31.270604
-50.0,50,35.446156
-50.0,50,39.273203
-50.0,50,43.040359
-50.0,50,46.986971
-50.0,50,50.8896
-50.0,50,54.972885
-50.0,50,58.761617
-50.0,50,62.577034
-50.0,50,66.379539
-50.0,50,70.224739
-50.0,50,74.045557
-50.0,50,77.809873
-50.0,50,81.642136
-50.0,50,85.418071
-50.0,50,89.155473
-50.0,50,92.890245
-50.0,50,96.588262
-50.0,50,100.315733
-50.0,50,104.04425
-50.0,50,107.776667
-50.0,50,111.565659
-50.0,50,115.509708
-50.0,50,119.268583
-50.0,50,122.894501
-50.0,50,126.4742
-50.0,50,130.391626
-50.0,50,134.099602
-50.0,50,137.687835
-50.0,50,141.299747
-50.0,50,145.035285
-50.0,50,148.667635
-50.0,50,152.326715
-50.0,50,156.050213
-50.0,50,159.725559
-50.0,50,163.388449
-50.0,50,166.977606
-50.0,50,170.681633
-50.0,50,174.306597
-50.0,50,177.948001
-50.0,50,181.548241
-50.0,50,185.198027
-50.0,50,188.675734
-50.0,50,192.267298
-50.0,50,195.997352
-50.0,50,196.449854
-50.0,50,196.959375
-50.0,50,197.479743
-50.0,50,197.999229
-50.0,50,198.497421
-50.0,50,198.990468
-50.0,50,199.482065
-50.0,50,200.039085
-50.0,50,200.543989
-50.0,50,201.319059
-50.0,50,204.962709
-50.0,50,208.661171
-50.0,50,212.391445
-50.0,50,216.111703
-50.0,50,219.803977
-50.0,50,223.40941
-50.0,50,227.148044
-50.0,50,230.850887
-50.0,50,234.541256
-50.0,50,238.177953
-50.0,50,241.633868
-50.0,50,245.507565
-50.0,50,248.821309
-50.0,50,253.5612
-50.0,50,257.656406
-50.0,50,261.702398
-50.0,50,265.486995
-50.0,50,269.264434
-50.0,50,273.090639
-50.0,50,276.877964
-50.0,50,280.609772
-50.0,50,284.505895
-50.0,50,288.311255
-50.0,50,292.170171
-50.0,50,296.123
-50.0,50,299.935866
-50.0,50,303.73596
-50.0,50,307.66685
-50.0,50,311.362177
-50.0,50,315.278774
-50.0,50,319.027829
-50.0,50,323.083093
-50.0,50,327.081755
-50.0,50,330.985781
-50.0,50,334.937062
-50.0,50,338.866276
-50.0,50,342.709225
-50.0,50,346.6005
-50.0,50,350.404671
-50.0,50,354.252563
-50.0,50,358.086531
-50.0,50,361.901713
-50.0,50,365.703513
-50.0,50,369.442169
-50.0,50,373.219751
-50.0,50,377.051533
-50.0,50,380.966903
-50.0,50,384.135483
-50.0,50,387.871962
-50.0,50,391.809739
-50.0,50,392.340894
-50.0,50,392.883558
-50.0,50,393.440104
-50.0,50,393.980666
-50.0,50,394.534031
-50.0,50,395.09773
-50.0,50,395.613963
-50.0,50,396.167747
-50.0,50,396.652459
-50.0,50,397.298548
-50.0,50,401.369931
-50.0,50,405.371833
-50.0,50,409.326356
-50.0,50,413.125381
-50.0,50,416.948218
-50.0,50,420.804873
-50.0,50,424.575822
-50.0,50,428.48929
-50.0,50,432.317939
-50.0,50,436.101292
-50.0,50,439.946644
-50.0,50,443.742307
-50.0,50,447.487866
-50.0,50,451.300243
-50.0,50,455.078634
-50.0,50,458.794629
-50.0,50,462.601649
-50.0,50,466.557463
-50.0,50,470.27595
-50.0,50,474.052001
-50.0,50,477.950567
-50.0,50,481.761529
-50.0,50,485.561624
-50.0,50,489.359107
-50.0,50,493.361989
-50.0,50,497.212984
-50.0,50,501.062094
-50.0,50,504.88559
-50.0,50,508.692631
-50.0,50,512.500135
-50.0,50,516.387006
-50.0,50,520.356362
-50.0,50,524.225634
-50.0,50,528.155662
-50.0,50,532.064128
-50.0,50,535.96186
-50.0,50,539.8739
-50.0,50,543.789917
-50.0,50,547.594397
-50.0,50,551.470386
-50.0,50,555.373915
-50.0,50,559.184631
-50.0,50,563.012027
-50.0,50,566.858556
-50.0,50,570.743466
-50.0,50,574.558964
-50.0,50,578.390979
-50.0,50,582.262464
-50.0,50,586.116271
-50.0,50,590.077231
-50.0,50,590.639378
-50.0,50,591.220966
-50.0,50,591.763807
-50.0,50,592.27542
-50.0,50,592.775439
-50.0,50,593.277339
-50.0,50,593.800876
-50.0,50,594.317857
-50.0,50,594.848003
-50.0,50,595.406084
-50.0,50,599.321614
-50.0,50,603.08966
-50.0,50,606.924777
-50.0,50,610.638156
-50.0,50,614.452397
-50.0,50,618.175116
-50.0,50,622.057353
-50.0,50,625.92645
-50.0,50,629.690233
-50.0,50,633.502607
-50.0,50,637.388896
-50.0,50,641.131595
-50.0,50,645.101744
-50.0,50,649.207958
-50.0,50,653.21634
-50.0,50,657.405466
-50.0,50,661.43586
-50.0,50,665.429933
-50.0,50,669.088098
-50.0,50,673.128752
-50.0,50,677.173273
-50.0,50,680.997976
-50.0,50,684.918647
-50.0,50,688.706094
-50.0,50,692.550268
-50.0,50,696.336636
-50.0,50,700.183654
-50.0,50,704.158392
-50.0,50,707.949534
-50.0,50,711.780329
-50.0,50,715.586818
-50.0,50,719.456297
-50.0,50,723.272602
-50.0,50,727.019506
-50.0,50,730.798411
-50.0,50,734.617442
-50.0,50,738.504579
-50.0,50,742.344603
-50.0,50,746.169432
-50.0,50,750.118606
-50.0,50,753.965913
-50.0,50,757.812881
-50.0,50,761.636955
-50.0,50,765.420485
-50.0,50,769.311849
-50.0,50,773.220256
-50.0,50,777.118759
-50.0,50,780.988048
-50.0,50,784.871374
-50.0,50,788.810982
-50.0,50,789.348988
-50.0,50,789.873301
-50.0,50,790.419503
-50.0,50,790.923978
-50.0,50,791.430852
-50.0,50,791.955663
-50.0,50,792.513201
-50.0,50,793.068412
-50.0,50,793.577447
-50.0,50,794.093385
-50.0,50,797.774889
-50.0,50,801.69027
-50.0,50,805.676345
-50.0,50,809.488583
-50.0,50,813.412271
-50.0,50,817.286832
-50.0,50,821.151309
-50.0,50,825.070554
-50.0,50,828.982268
-50.0,50,832.813448
-50.0,50,836.639865
-50.0,50,840.709296
-50.0,50,844.510985
-50.0,50,848.382326
-50.0,50,852.088531
-50.0,50,855.959432
-50.0,50,859.707101
-50.0,50,863.545801
-50.0,50,867.268138
-50.0,50,871.048402
-50.0,50,874.84898
-50.0,50,878.587795
-50.0,50,882.27989
-50.0,50,886.042019
-50.0,50,889.485482
-50.0,50,892.160601
-50.0,50,894.801985
-50.0,50,897.425716
-50.0,50,900.04095
-50.0,50,902.683245
-50.0,50,905.283187
-50.0,50,907.937963
-50.0,50,910.584079
-50.0,50,913.174191
-50.0,50,915.810492
-50.0,50,918.462896
-50.0,50,921.113114
-50.0,50,923.720248
-50.0,50,926.357652
-50.0,50,928.97321
-50.0,50,931.576286
-50.0,50,934.181628
-50.0,50,936.837216
-50.0,50,939.434179
-50.0,50,942.032979
-50.0,50,944.667474
-50.0,50,947.241505
-50.0,50,949.915299
-50.0,50,952.551973
-50.0,50,955.15145
-50.0,50,955.552773
-50.0,50,955.970252
-50.0,50,956.366663
-50.0,50,956.779238
-50.0,50,957.192539
-50.0,50,957.590614
-50.0,50,958.007039
-50.0,50,958.414518
-50.0,50,958.854895
-50.0,50,959.398436
-50.0,50,961.998423
-50.0,50,964.657695
-50.0,50,967.290498
-50.0,50,969.8887
-50.0,50,972.524107
-50.0,50,975.133219
-50.0,50,977.720161
-50.0,50,980.362157
-50.0,50,982.959168
-50.0,50,985.583567
-50.0,50,988.196841
-50.0,50,990.821913
-50.0,50,993.437479
-50.0,50,996.063703
-50.0,50,998.659826
-50.0,50,1001.286988
-50.0,50,1003.900343
-50.0,50,1006.5033
-50.0,50,1009.106422
-50.0,50,1011.745961
-50.0,50,1014.357074
-50.0,50,1016.953436
-50.0,50,1019.572766
-50.0,50,1022.179034
-50.0,50,1024.827242
-50.0,50,1027.564662
-50.0,50,1030.163463
-50.0,50,1032.779129
-50.0,50,1036.161854
-50.0,50,1039.956577
-50.0,50,1043.764812
-50.0,50,1047.374565
-50.0,50,1051.03347
-50.0,50,1054.786702
-50.0,50,1058.38342
-50.0,50,1062.04304
-50.0,50,1065.660593
-50.0,50,1069.343699
-50.0,50,1073.038931
-50.0,50,1076.765805
-50.0,50,1080.551675
-50.0,50,1084.219696
-50.0,50,1087.915333
-50.0,50,1091.647145
-50.0,50,1095.386065
-50.0,50,1099.066853
-50.0,50,1102.834761
-50.0,50,1106.553938
-50.0,50,1110.383082
-50.0,50,1114.116484
-50.0,50,1114.614309
-50.0,50,1115.115784
-50.0,50,1115.597647
-50.0,50,1116.064772
-50.0,50,1116.5626
-50.0,50,1117.069994
-50.0,50,1117.560353
-50.0,50,1118.050573
-50.0,50,1118.56921
-50.0,50,1119.230978
-50.0,50,1122.958863
-50.0,50,1126.726558
-50.0,50,1130.48844
-50.0,50,1134.327317
-50.0,50,1138.248807
-50.0,50,1142.257841
-50.0,50,1146.143659
-50.0,50,1149.923752
-50.0,50,1153.612495
-50.0,50,1157.105229
-50.0,50,1159.810596
-50.0,50,1162.559813
-50.0,50,1165.238637
-50.0,50,1167.981168
-50.0,50,1170.743072
-50.0,50,1173.460805
-50.0,50,1176.200492
-50.0,50,1178.897249
-50.0,50,1181.65145
-50.0,50,1184.418487
-50.0,50,1187.182305
-50.0,50,1189.904018
-50.0,50,1192.609959
-50.0,50,1195.312658
-50.0,50,1198.120932
-50.0,50,1201.187616
-50.0,50,1204.133342
-50.0,50,1206.8815
-50.0,50,1209.62488
-50.0,50,1212.328194
-50.0,50,1215.027993
-50.0,50,1217.734643
-50.0,50,1220.410408
-50.0,50,1223.09289
-50.0,50,1225.767608
-50.0,50,1228.481458
-50.0,50,1231.144381
-50.0,50,1233.810358
-50.0,50,1236.447385
-50.0,50,1239.090151
-50.0,50,1241.761946
-50.0,50,1244.396399
-50.0,50,1247.103325
-50.0,50,1249.769382
-50.0,50,1252.437648
-50.0,50,1255.13148
-50.0,50,1257.773976
-50.0,50,1260.502237
-50.0,50,1263.30883
-50.0,50,1266.036569
-50.0,50,1266.440106
-50.0,50,1266.849865
-50.0,50,1267.312487
-50.0,50,1267.754539
-50.0,50,1268.212353
-50.0,50,1268.653965
-50.0,50,1269.072614
-50.0,50,1269.506805
-50.0,50,1269.935685
-50.0,50,1270.399611
-50.0,50,1273.077134
-50.0,50,1275.797657
-50.0,50,1278.469752
-50.0,50,1281.171713
-50.0,50,1283.828982
-50.0,50,1286.5351
-50.0,50,1289.177796
-50.0,50,1291.829934
-50.0,50,1294.487484
-50.0,50,1297.181726
-50.0,50,1299.831282
-50.0,50,1302.569503
-50.0,50,1305.243183
-50.0,50,1307.952328
-50.0,50,1310.627816
-50.0,50,1313.282304
-50.0,50,1315.977619
-50.0,50,1318.660812
-50.0,50,1321.390699
-50.0,50,1324.01893
-50.0,50,1326.739355
-50.0,50,1329.429842
-50.0,50,1332.13404
-50.0,50,1334.836393
-50.0,50,1337.534571
-50.0,50,1340.220741
-50.0,50,1342.8833
-50.0,50,1345.577573
-50.0,50,1348.249326
-50.0,50,1350.987031
-50.0,50,1353.655213
-50.0,50,1356.371424
-50.0,50,1359.06362
-50.0,50,1361.772131
-50.0,50,1364.406418
-50.0,50,1367.138809
-50.0,50,1369.832111
-50.0,50,1372.54849
-50.0,50,1375.19911
-50.0,50,1377.842838
-50.0,50,1380.528128
-50.0,50,1383.208994
-50.0,50,1385.830568
-50.0,50,1388.531415
-50.0,50,1391.229112
-50.0,50,1393.865556
-50.0,50,1396.528875
-50.0,50,1399.2648
-50.0,50,1401.899226
-50.0,50,1404.63041
-50.0,50,1405.09538
-50.0,50,1405.518527
-50.0,50,1405.937614
-50.0,50,1406.387886
-50.0,50,1406.826443
-50.0,50,1407.248416
-50.0,50,1407.658063
-50.0,50,1408.082446
-50.0,50,1408.491887
-50.0,50,1408.959976
-50.0,50,1411.683317
-50.0,50,1414.338861
-50.0,50,1417.001189
-50.0,50,1419.666557
-50.0,50,1422.388427
-50.0,50,1425.084515
-50.0,50,1427.780526
-50.0,50,1430.434527
-50.0,50,1433.092119
-50.0,50,1435.790453
-50.0,50,1438.430723
-50.0,50,1441.101715
-50.0,50,1443.75554
-50.0,50,1446.376724
-50.0,50,1449.062666
-50.0,50,1451.778024
-50.0,50,1454.442134
-50.0,50,1457.101604
-50.0,50,1459.817718
-50.0,50,1462.469183
-50.0,50,1465.188803
-50.0,50,1467.840242
-50.0,50,1470.504806
-50.0,50,1473.209714
-50.0,50,1475.81829
-50.0,50,1478.558654
-50.0,50,1481.187304
-50.0,50,1483.86127
-50.0,50,1486.532661
-50.0,50,1489.281327
-50.0,50,1491.964532
-50.0,50,1494.603085
-50.0,50,1497.345183
-50.0,50,1500.005775
-50.0,50,1503.027932
-50.0,50,1506.078119
-50.0,50,1508.767078
-50.0,50,1511.505828
-50.0,50,1514.166525
-50.0,50,1516.92832
-50.0,50,1519.615812
-50.0,50,1522.2631
-50.0,50,1524.931125
-50.0,50,1527.636348
-50.0,50,1530.770114
-50.0,50,1533.500929
-50.0,50,1536.359325
-50.0,50,1539.154389
-50.0,50,1542.487115
-50.0,50,1546.250796
-50.0,50,1546.690966
-50.0,50,1547.183629
-50.0,50,1547.667353
-50.0,50,1548.122674
-50.0,50,1548.578109
-50.0,50,1549.106563
-50.0,50,1549.6085
-50.0,50,1550.152632
-50.0,50,1550.627989
-50.0,50,1551.195887
-50.0,50,1554.361039
-50.0,50,1557.386438
-50.0,50,1560.370766
-50.0,50,1563.059846
-50.0,50,1565.87652
-50.0,50,1568.551374
-50.0,50,1571.319107
-50.0,50,1574.011707
-50.0,50,1576.778803
-50.0,50,1579.474803
-50.0,50,1582.20333
-50.0,50,1584.960991
-50.0,50,1587.648673
-50.0,50,1590.440207
-50.0,50,1593.182354
-50.0,50,1596.010289
-50.0,50,1598.725273
-50.0,50,1601.561283
-50.0,50,1604.254274
-50.0,50,1606.957798
-50.0,50,1609.64346
-50.0,50,1612.31335
-50.0,50,1614.992462
-50.0,50,1618.057721
-50.0,50,1620.76582
-50.0,50,1623.797339
-50.0,50,1626.456306
-50.0,50,1629.14801
-50.0,50,1631.817961
-50.0,50,1634.54776
-50.0,50,1637.368807
-50.0,50,1640.20924
-50.0,50,1642.893344
-50.0,50,1645.780426
-50.0,50,1648.647615
-50.0,50,1651.43855
-50.0,50,1654.188695
-50.0,50,1656.88617
-50.0,50,1659.613637
-50.0,50,1662.296492
-50.0,50,1665.003073
-50.0,50,1668.08969
-50.0,50,1670.839583
-50.0,50,1673.584091
-50.0,50,1676.335757
-50.0,50,1679.120039
-50.0,50,1682.085625
-50.0,50,1684.853096
-50.0,50,1687.557947
-50.0,50,1690.214019
-50.0,50,1690.627183
-50.0,50,1691.039123
-50.0,50,1691.46869
-50.0,50,1691.942005
-50.0,50,1692.360054
-50.0,50,1692.774382
-50.0,50,1693.212815
-50.0,50,1693.64478
-50.0,50,1694.053797
-50.0,50,1694.627926
-50.0,50,1697.455777
-50.0,50,1700.429071
-50.0,50,1703.313669
-50.0,50,1706.061993
-50.0,50,1708.755655
-50.0,50,1711.964804
-50.0,50,1715.271958
-50.0,50,1718.186669
-50.0,50,1721.176827
-50.0,50,1725.1365
-50.0,50,1729.086707
-50.0,50,1733.585917
-50.0,50,1737.937034
-50.0,50,1741.710121
-50.0,50,1745.934723
-50.0,50,1749.727818
-50.0,50,1753.517561
-50.0,50,1756.611983
-50.0,50,1759.892769
-50.0,50,1763.267748
-50.0,50,1766.741104
-50.0,50,1771.251937
-50.0,50,1774.911173
-50.0,50,1780.071054
-50.0,50,1784.645128
-50.0,50,1788.756776
-50.0,50,1791.704762
-50.0,50,1794.545396
-50.0,50,1797.231141
-50.0,50,1799.995279
-50.0,50,1802.998115
-50.0,50,1806.562536
-50.0,50,1810.319451
-50.0,50,1813.890357
-50.0,50,1817.636587
-50.0,50,1821.268034
-50.0,50,1824.976125
-50.0,50,1828.663417
-50.0,50,1832.35171
-50.0,50,1835.992075
-50.0,50,1839.645796
-50.0,50,1843.319367
-50.0,50,1846.98355
-50.0,50,1850.638496
-50.0,50,1854.408235
-50.0,50,1858.126302
-50.0,50,1861.718995
-50.0,50,1865.356004
-50.0,50,1869.067402
-50.0,50,1872.774482
-50.0,50,1873.243528
-50.0,50,1873.740904
-50.0,50,1874.238359
-50.0,50,1874.793983
-50.0,50,1875.270097
-50.0,50,1875.756691
-50.0,50,1876.268029
-50.0,50,1876.774953
-50.0,50,1877.248534
-50.0,50,1877.890919
-50.0,50,1881.520164
-50.0,50,1885.181499
-50.0,50,1888.965463
-50.0,50,1892.650889
-50.0,50,1896.304777
-50.0,50,1899.918308
-50.0,50,1903.6638
-50.0,50,1907.336782
-50.0,50,1911.038776
-50.0,50,1914.743075
-50.0,50,1918.360835
-50.0,50,1922.515362
-50.0,50,1926.459417
-50.0,50,1930.265472
-50.0,50,1934.111625
-50.0,50,1937.87884
-50.0,50,1941.742334
-50.0,50,1945.589604
-50.0,50,1949.430563
-50.0,50,1953.313785
-50.0,50,1957.19692
-50.0,50,1961.047819
-50.0,50,1964.911243
-50.0,50,1968.76418
-50.0,50,1972.572224
-50.0,50,1976.490246
-50.0,50,1980.366673
-50.0,50,1984.27107
-50.0,50,1988.156784
-50.0,50,1991.985265
-50.0,50,1995.804018
-50.0,50,1999.706469
-50.0,50,2003.616587
-50.0,50,2007.494421
-50.0,50,2011.281833
-50.0,50,2015.092678
-50.0,50,2018.820138
-50.0,50,2022.75322
-50.0,50,2026.630324
-50.0,50,2030.519295
-50.0,50,2034.475644
-50.0,50,2038.3505
-50.0,50,2042.18232
-50.0,50,2046.003238
-50.0,50,2049.009927
-50.0,50,2052.9305
-50.0,50,2056.810414
-50.0,50,2060.683906
-50.0,50,2064.592195
-50.0,50,2068.493813
-50.0,50,2068.978392
-50.0,50,2069.437863
-50.0,50,2069.96423
-50.0,50,2070.477457
-50.0,50,2071.014752
-50.0,50,2071.53613
-50.0,50,2072.032018
-50.0,50,2072.605529
-50.0,50,2073.107697
-50.0,50,2073.673959
-50.0,50,2077.575406
-50.0,50,2081.417762
-50.0,50,2085.204744
-50.0,50,2088.97101
-50.0,50,2092.802196
-50.0,50,2096.542381
-50.0,50,2100.40546
-50.0,50,2104.340838
-50.0,50,2108.146947
-50.0,50,2112.032159
-50.0,50,2115.944241
-50.0,50,2119.712778
-50.0,50,2123.626737
-50.0,50,2127.480128
-50.0,50,2131.427389
-50.0,50,2135.394485
-50.0,50,2139.255414
-50.0,50,2143.092102
-50.0,50,2146.953018
-50.0,50,2150.822731
-50.0,50,2154.715191
-50.0,50,2158.449167
-50.0,50,2162.338301
-50.0,50,2166.232791
-50.0,50,2170.103674
-50.0,50,2173.964101
-50.0,50,2177.904202
-50.0,50,2181.766605
-50.0,50,2185.65805
-50.0,50,2189.59496
-50.0,50,2193.522525
-50.0,50,2197.34968
-50.0,50,2201.269662
-50.0,50,2205.192625
-50.0,50,2208.984641
-50.0,50,2213.332674
-50.0,50,2217.303421
-50.0,50,2220.397561
-50.0,50,2224.121325
-50.0,50,2228.042342
-50.0,50,2231.858231
-50.0,50,2235.704439
-50.0,50,2239.570245
-50.0,50,2243.41514
-50.0,50,2247.225727
-50.0,50,2251.014339
-50.0,50,2254.953517
-50.0,50,2258.794467
-50.0,50,2262.612511
-50.0,50,2266.366794
-50.0,50,2266.878002
-50.0,50,2267.388027
-50.0,50,2267.878924
-50.0,50,2268.375667
-50.0,50,2268.873173
-50.0,50,2269.393388
-50.0,50,2269.886113
-50.0,50,2270.401584
-50.0,50,2270.932648
-50.0,50,2271.551625
-50.0,50,2275.478378
-50.0,50,2279.311038
-50.0,50,2283.193308
-50.0,50,2287.117539
-50.0,50,2291.00018
-50.0,50,2294.928388
-50.0,50,2298.855332
-50.0,50,2302.754087
-50.0,50,2306.631813
-50.0,50,2310.527376
-50.0,50,2314.377267
-50.0,50,2318.293904
-50.0,50,2322.255336
-50.0,50,2326.19993
-50.0,50,2330.026416
-50.0,50,2334.011437
-50.0,50,2337.904202
-50.0,50,2341.745265
-50.0,50,2345.114757
-50.0,50,2348.342011
-50.0,50,2351.400146
-50.0,50,2354.555525
-50.0,50,2357.402848
-50.0,50,2360.294441
-50.0,50,2363.243473
-50.0,50,2366.193627
-50.0,50,2369.395792
-50.0,50,2372.738752
-50.0,50,2376.144577
-50.0,50,2379.215345
-50.0,50,2382.427771
-50.0,50,2385.491016
-50.0,50,2388.659877
-50.0,50,2391.922101
-50.0,50,2395.139987
-50.0,50,2397.911502
-50.0,50,2400.915986
-50.0,50,2404.068466
-50.0,50,2407.55381
-50.0,50,2410.893409
-50.0,50,2414.527478
-50.0,50,2417.652609
-50.0,50,2420.562075
-50.0,50,2423.378424
-50.0,50,2426.234957
-50.0,50,2429.093118
-50.0,50,2431.924162
-50.0,50,2434.81229
-50.0,50,2437.585017
-50.0,50,2440.463431
-50.0,50,2440.912034
-50.0,50,2441.37197
-50.0,50,2441.816787
-50.0,50,2442.239587
-50.0,50,2442.674034
-50.0,50,2443.157725
-50.0,50,2443.627308
-50.0,50,2444.066886
-50.0,50,2444.511715
-50.0,50,2445.076997
-50.0,50,2447.915159
-50.0,50,2450.771801
-50.0,50,2453.558182
-50.0,50,2456.393907
-50.0,50,2459.223469
-50.0,50,2461.999288
-50.0,50,2464.882773
-50.0,50,2467.706355
-50.0,50,2470.542884
-50.0,50,2473.409737
-50.0,50,2476.233565
-50.0,50,2479.087797
-50.0,50,2481.902508
-50.0,50,2484.747243
-50.0,50,2487.567703
-50.0,50,2490.400245
-50.0,50,2493.213766
-50.0,50,2496.056805
-50.0,50,2498.896431
-50.0,50,2501.745102
-50.0,50,2504.522597
-50.0,50,2507.63786
-50.0,50,2511.116724
-50.0,50,2514.03825
-50.0,50,2516.883273
-50.0,50,2519.61076
-50.0,50,2522.641739
-50.0,50,2525.452754
-50.0,50,2528.923338
-50.0,50,2532.147861
-50.0,50,2535.161989
-50.0,50,2537.988589
-50.0,50,2540.706615
-50.0,50,2543.47246
-50.0,50,2546.151371
-50.0,50,2548.85052
-50.0,50,2551.947051
-50.0,50,2555.070824
-50.0,50,2557.921388
-50.0,50,2560.600548
-50.0,50,2563.355558
-50.0,50,2566.257375
-50.0,50,2569.182753
-50.0,50,2572.187842
-50.0,50,2575.514318
-50.0,50,2578.297985
-50.0,50,2581.102647
-50.0,50,2584.043438
-50.0,50,2586.920517
-50.0,50,2589.700223
-50.0,50,2590.122473
-50.0,50,2590.559134
-50.0,50,2590.980226
-50.0,50,2591.413101
-50.0,50,2591.826359
-50.0,50,2592.262031
-50.0,50,2592.694273
-50.0,50,2593.145994
-50.0,50,2593.588768
-50.0,50,2594.086122
-50.0,50,2596.823983
-50.0,50,2599.611024
-50.0,50,2602.637292
-50.0,50,2605.559608
-50.0,50,2608.53113
-50.0,50,2611.453369
-50.0,50,2614.358718
-50.0,50,2617.284258
-50.0,50,2620.205257
-50.0,50,2623.073375
-50.0,50,2625.943637
-50.0,50,2628.776544
-50.0,50,2631.619454
-50.0,50,2634.419299
-50.0,50,2637.147978
-50.0,50,2639.950764
-50.0,50,2642.650131
-50.0,50,2645.412262
-50.0,50,2648.206517
-50.0,50,2651.105007
-50.0,50,2653.957886
-50.0,50,2657.017379
-50.0,50,2659.926069
-50.0,50,2662.853962
-50.0,50,2665.654734
-50.0,50,2668.494302
-50.0,50,2671.811807
-50.0,50,2675.253968
-50.0,50,2678.538485
-50.0,50,2681.454575
-50.0,50,2684.282598
-50.0,50,2687.192567
-50.0,50,2689.942691
-50.0,50,2692.701424
-50.0,50,2695.455195
-50.0,50,2698.231605
-50.0,50,2701.014903
-50.0,50,2703.851267
-50.0,50,2706.665644
-50.0,50,2709.412071
-50.0,50,2712.175598
-50.0,50,2714.948931
-50.0,50,2717.709083
-50.0,50,2720.451837
-50.0,50,2723.197463
-50.0,50,2725.934701
-50.0,50,2728.720088
-50.0,50,2731.494627
-50.0,50,2734.1994
-50.0,50,2736.972715
-50.0,50,2737.396018
-50.0,50,2737.840904
-50.0,50,2738.254724
-50.0,50,2738.739567
-50.0,50,2739.183238
-50.0,50,2739.625986
-50.0,50,2740.073363
-50.0,50,2740.488674
-50.0,50,2740.913477
-50.0,50,2741.401495
-50.0,50,2744.144688
-50.0,50,2746.909656
-50.0,50,2749.640599
-50.0,50,2752.410659
-50.0,50,2755.161272
-50.0,50,2757.860875
-50.0,50,2760.948849
-50.0,50,2764.336691
-50.0,50,2767.631179
-50.0,50,2771.320898
-50.0,50,2774.873108
-50.0,50,2778.537733
-50.0,50,2782.244233
-50.0,50,2785.758442
-50.0,50,2788.81915
-50.0,50,2792.784276
-50.0,50,2796.466332
-50.0,50,2799.640262
-50.0,50,2802.756553
-50.0,50,2805.782626
-50.0,50,2809.110376
-50.0,50,2812.165241
-50.0,50,2815.437685
-50.0,50,2818.65427
-50.0,50,2821.801772
-50.0,50,2824.853522
-50.0,50,2827.789629
-50.0,50,2830.787167
-50.0,50,2833.729364
-50.0,50,2836.843035
-50.0,50,2840.203903
-50.0,50,2843.314435
-50.0,50,2846.426053
-50.0,50,2849.311944
-50.0,50,2852.151523
-50.0,50,2855.051292
-50.0,50,2857.903379
-50.0,50,2860.708348
-50.0,50,2863.53624
-50.0,50,2866.335202
-50.0,50,2869.173606
-50.0,50,2872.034636
-50.0,50,2874.875686
-50.0,50,2877.70394
-50.0,50,2880.483966
-50.0,50,2883.475406
-50.0,50,2886.361086
-50.0,50,2889.181155
-50.0,50,2891.984006
-50.0,50,2894.829088
-50.0,50,2895.243251
-50.0,50,2895.650706
-50.0,50,2896.083742
-50.0,50,2896.509203
-50.0,50,2896.971634
-50.0,50,2897.419337
-50.0,50,2897.85233
-50.0,50,2898.283893
-50.0,50,2898.721685
-50.0,50,2899.243959
-50.0,50,2902.120585
-50.0,50,2905.026217
-50.0,50,2907.825198
-50.0,50,2910.613103
-50.0,50,2913.504163
-50.0,50,2916.310449
-50.0,50,2919.077353
-50.0,50,2921.917687
-50.0,50,2924.705347
-50.0,50,2927.564039
-50.0,50,2930.397835
-50.0,50,2933.302365
-50.0,50,2936.085
-50.0,50,2938.908855
-50.0,50,2941.715981
-50.0,50,2944.555031
-50.0,50,2947.394175
-50.0,50,2950.235866
-50.0,50,2953.114377
-50.0,50,2955.9711
-50.0,50,2958.812998
-50.0,50,2961.617179
-50.0,50,2964.36141
-50.0,50,2967.075186
-50.0,50,2969.836666
-50.0,50,2972.707198
-50.0,50,2975.717884
-50.0,50,2979.055362
-50.0,50,2982.732459
-50.0,50,2986.404723
-50.0,50,2990.293317
-50.0,50,2994.163328
-50.0,50,2997.99501
-50.0,50,3001.840204
-50.0,50,3005.614233
-50.0,50,3009.36514
-50.0,50,3013.36029
-50.0,50,3017.197034
-50.0,50,3021.024294
-50.0,50,3024.785657
-50.0,50,3028.719317
-50.0,50,3032.537791
-50.0,50,3036.40332
-50.0,50,3040.216234
-50.0,50,3043.945482
-50.0,50,3048.200423
-50.0,50,3051.55596
-50.0,50,3055.368909
-50.0,50,3059.409006
-50.0,50,3063.212028
-50.0,50,3063.726465
-50.0,50,3064.219326
-50.0,50,3064.713626
-50.0,50,3065.209766
-50.0,50,3065.732148
-50.0,50,3066.232382
-50.0,50,3066.740116
-50.0,50,3067.268022
-50.0,50,3067.738574
-50.0,50,3068.458221
-50.0,50,3072.331769
-50.0,50,3076.186762
-50.0,50,3079.973357
-50.0,50,3083.790213
-50.0,50,3087.559722
-50.0,50,3091.325941
-50.0,50,3095.1062
-50.0,50,3098.92461
-50.0,50,3102.748201
-50.0,50,3106.611584
-50.0,50,3110.386186
-50.0,50,3114.13491
-50.0,50,3117.859948
-50.0,50,3121.793781
-50.0,50,3125.760415
-50.0,50,3129.664374
-50.0,50,3133.641328
-50.0,50,3137.753177
-50.0,50,3141.340169
-50.0,50,3145.383428
-50.0,50,3149.39708
-50.0,50,3153.402659
-50.0,50,3157.394792
-50.0,50,3161.349153
-50.0,50,3165.428746
-50.0,50,3169.499449
-50.0,50,3173.62488
-50.0,50,3177.689749
-50.0,50,3181.710698
-50.0,50,3185.624593
-50.0,50,3189.654932
-50.0,50,3193.630598
-50.0,50,3197.723765
-50.0,50,3201.772247
-50.0,50,3205.723927
-50.0,50,3209.760993
-50.0,50,3213.845006
-50.0,50,3217.800905
-50.0,50,3221.809575
-50.0,50,3225.925757
-50.0,50,3229.972572
-50.0,50,3233.986836
-50.0,50,3237.979656
-50.0,50,3241.998455
-50.0,50,3246.195631
-50.0,50,3250.467071
-50.0,50,3254.39161
-50.0,50,3258.454418
-50.0,50,3262.437258
-50.0,50,3266.553754
-50.0,50,3267.056656
-50.0,50,3267.557854
-50.0,50,3268.054065
-50.0,50,3268.601541
-50.0,50,3269.099929
-50.0,50,3269.590526
-50.0,50,3270.080163
-50.0,50,3270.572501
-50.0,50,3271.112839
-50.0,50,3271.809756
-50.0,50,3275.776731
-50.0,50,3279.690521
-50.0,50,3283.665181
-50.0,50,3287.803296
-50.0,50,3291.743716
-50.0,50,3295.888043
-50.0,50,3299.830573
-50.0,50,3303.82745
-50.0,50,3307.825163
-50.0,50,3311.794707
-50.0,50,3315.688245
-50.0,50,3319.721864
-50.0,50,3323.822393
-50.0,50,3327.848286
-50.0,50,3331.764237
-50.0,50,3334.999496
-50.0,50,3337.80119
-50.0,50,3341.00258
-50.0,50,3343.947522
-50.0,50,3346.799188
-50.0,50,3349.645235
-50.0,50,3352.482634
-50.0,50,3355.261084
-50.0,50,3358.018797
-50.0,50,3360.761028
-50.0,50,3363.648749
-50.0,50,3366.395449
-50.0,50,3369.162853
-50.0,50,3372.05022
-50.0,50,3374.945152
-50.0,50,3377.845448
-50.0,50,3380.650046
-50.0,50,3383.474013
-50.0,50,3386.211521
-50.0,50,3388.965334
-50.0,50,3391.797681
-50.0,50,3394.56178
-50.0,50,3397.356486
-50.0,50,3400.074125
-50.0,50,3402.830122
-50.0,50,3405.633684
-50.0,50,3408.485426
-50.0,50,3411.248331
-50.0,50,3413.985981
-50.0,50,3416.703996
-50.0,50,3419.450326
-50.0,50,3422.317467
-50.0,50,3425.155356
-50.0,50,3427.931589
-50.0,50,3430.775745
-50.0,50,3431.207386
-50.0,50,3431.64075
-50.0,50,3432.078708
-50.0,50,3432.495107
-50.0,50,3432.938304
-50.0,50,3433.360542
-50.0,50,3433.809181
-50.0,50,3434.245924
-50.0,50,3434.691674
-50.0,50,3435.203421
-50.0,50,3438.012056
-50.0,50,3440.724864
-50.0,50,3443.534095
-50.0,50,3446.489366
-50.0,50,3449.236878
-50.0,50,3452.077048
-50.0,50,3455.009176
-50.0,50,3457.920211
-50.0,50,3460.741482
-50.0,50,3463.617878
-50.0,50,3466.446715
-50.0,50,3469.285269
-50.0,50,3472.119559
-50.0,50,3474.969917
-50.0,50,3477.803919
-50.0,50,3480.613125
-50.0,50,3483.429605
-50.0,50,3486.366377
-50.0,50,3489.172786
-50.0,50,3491.854613
-50.0,50,3494.635494
-50.0,50,3497.322973
-50.0,50,3500.079799
-50.0,50,3502.836061
-50.0,50,3505.593448
-50.0,50,3508.311095
-50.0,50,3511.04434
-50.0,50,3513.789616
-50.0,50,3516.490064
-50.0,50,3519.261521
-50.0,50,3521.994954
-50.0,50,3524.738594
-50.0,50,3527.506618
-50.0,50,3530.27144
-50.0,50,3533.300744
-50.0,50,3536.114201
-50.0,50,3538.848027
-50.0,50,3541.578337
-50.0,50,3544.326694
-50.0,50,3547.071574
-50.0,50,3549.922882
-50.0,50,3552.840031
-50.0,50,3555.690908
-50.0,50,3558.538295
-50.0,50,3561.339804
-50.0,50,3564.142744
-50.0,50,3566.886205
-50.0,50,3569.624564
-50.0,50,3572.417215
-50.0,50,3575.193418
-50.0,50,3575.621089
-50.0,50,3576.072975
-50.0,50,3576.526881
-50.0,50,3577.010185
-50.0,50,3577.444615
-50.0,50,3577.865449
-50.0,50,3578.30502
-50.0,50,3578.765505
-50.0,50,3579.29138
-50.0,50,3579.718311
-50.0,50,3582.761384
-50.0,50,3585.623416
-50.0,50,3588.481279
-50.0,50,3591.387671
-50.0,50,3594.353391
-50.0,50,3597.256938
-50.0,50,3600.097167
-50.0,50,3602.879093
-50.0,50,3605.773772
-50.0,50,3608.634509
-50.0,50,3611.49194
-50.0,50,3614.304133
-50.0,50,3617.059472
-50.0,50,3619.868946
-50.0,50,3622.607214
-50.0,50,3625.383415
-50.0,50,3628.107331
-50.0,50,3630.887152
-50.0,50,3633.648626
-50.0,50,3636.418027
-50.0,50,3639.166048
-50.0,50,3641.890928
-50.0,50,3644.650663
-50.0,50,3647.425067
-50.0,50,3650.189547
-50.0,50,3652.952954
-50.0,50,3655.69982
-50.0,50,3658.414365
-50.0,50,3661.136468
-50.0,50,3663.945021
-50.0,50,3666.63256
-50.0,50,3669.442682
-50.0,50,3672.242818
-50.0,50,3674.93136
-50.0,50,3677.764336
-50.0,50,3680.477036
-50.0,50,3683.247988
-50.0,50,3686.012829
-50.0,50,3688.800645
-50.0,50,3691.590868
-50.0,50,3694.32414
-50.0,50,3697.082893
-50.0,50,3699.830336
-50.0,50,3702.590882
-50.0,50,3705.350312
-50.0,50,3708.112336
-50.0,50,3710.914575
-50.0,50,3713.617774
-50.0,50,3716.380574
-50.0,50,3719.140091
-50.0,50,3719.585737
-50.0,50,3719.989089
-50.0,50,3720.420589
-50.0,50,3720.851415
-50.0,50,3721.288998
-50.0,50,3721.736851
-50.0,50,3722.190024
-50.0,50,3722.660675
-50.0,50,3723.089541
-50.0,50,3723.595633
-50.0,50,3726.33129
-50.0,50,3729.082515
-50.0,50,3731.819599
-50.0,50,3734.629591
-50.0,50,3737.606821
-50.0,50,3740.657496
-50.0,50,3743.697955
-50.0,50,3746.821214
-50.0,50,3749.847797
-50.0,50,3752.956087
-50.0,50,3756.006065
-50.0,50,3759.089868
-50.0,50,3762.129419
-50.0,50,3765.059391
-50.0,50,3768.085991
-50.0,50,3771.051078
-50.0,50,3774.028066
-50.0,50,3776.992287
-50.0,50,3780.018821
-50.0,50,3782.956467
-50.0,50,3785.919853
-50.0,50,3788.968354
-50.0,50,3792.014622
-50.0,50,3795.104172
-50.0,50,3798.205883
-50.0,50,3801.278602
-50.0,50,3804.298607
-50.0,50,3807.310931
-50.0,50,3810.374275
-50.0,50,3813.496807
-50.0,50,3816.561706
-50.0,50,3819.629366
-50.0,50,3822.457737
-50.0,50,3825.443727
-50.0,50,3828.306008
-50.0,50,3831.13017
-50.0,50,3833.855544
-50.0,50,3836.629928
-50.0,50,3839.393946
-50.0,50,3842.175706
-50.0,50,3844.950933
-50.0,50,3847.670816
-50.0,50,3850.424837
-50.0,50,3853.170176
-50.0,50,3855.886303
-50.0,50,3858.686331
-50.0,50,3861.442841
-50.0,50,3864.182088
-50.0,50,3866.904085
-50.0,50,3869.649641
-50.0,50,3870.068609
-50.0,50,3870.491995
-50.0,50,3870.954491
-50.0,50,3871.412543
-50.0,50,3871.815253
-50.0,50,3872.273639
-50.0,50,3872.720433
-50.0,50,3873.155688
-50.0,50,3873.602
-50.0,50,3874.073358
-50.0,50,3876.820848
-50.0,50,3879.582907
-50.0,50,3882.299859
-50.0,50,3885.11211
-50.0,50,3887.860218
-50.0,50,3890.641843
-50.0,50,3893.4592
-50.0,50,3896.411118
-50.0,50,3899.171492
-50.0,50,3901.950581
-50.0,50,3904.72308
-50.0,50,3907.480409
-50.0,50,3910.204623
-50.0,50,3913.011168
-50.0,50,3915.838695
-50.0,50,3919.070734
-50.0,50,3922.426052
-50.0,50,3925.784537
-50.0,50,3929.102452
-50.0,50,3932.553549
-50.0,50,3935.52531
-50.0,50,3938.716165
-50.0,50,3941.65848
-50.0,50,3944.74692
-50.0,50,3947.943559
-50.0,50,3951.100137
-50.0,50,3954.671253
-50.0,50,3958.058309
-50.0,50,3961.11481
-50.0,50,3964.456825
-50.0,50,3967.901943
-50.0,50,3971.004164
-50.0,50,3974.18543
-50.0,50,3977.064594
-50.0,50,3979.946721
-50.0,50,3983.079561
-50.0,50,3986.302782
-50.0,50,3989.441178
-50.0,50,3993.202268
-50.0,50,3996.290135
-50.0,50,3999.072103
-50.0,50,4002.072275
-50.0,50,4004.958102
-50.0,50,4007.888345
-50.0,50,4010.684508
-50.0,50,4013.422552
-50.0,50,4016.179379
-50.0,50,4018.955335
-50.0,50,4021.753834
-50.0,50,4024.428817
-50.0,50,4024.869148
-50.0,50,4025.290483
-50.0,50,4025.722916
-50.0,50,4026.153408
-50.0,50,4026.580173
-50.0,50,4026.985908
-50.0,50,4027.385158
-50.0,50,4027.786443
-50.0,50,4028.196818
-50.0,50,4028.877633
-50.0,50,4031.765892
-50.0,50,4034.56048
-50.0,50,4037.370331
-50.0,50,4040.142346
-50.0,50,4042.911391
-50.0,50,4045.702137
-50.0,50,4048.450582
-50.0,50,4051.222371
-50.0,50,4053.945778
-50.0,50,4056.743551
-50.0,50,4059.493742
-50.0,50,4062.236636
-50.0,50,4064.955251
-50.0,50,4067.785239
-50.0,50,4070.521956
-50.0,50,4073.2866
-50.0,50,4076.048065
-50.0,50,4078.776758
-50.0,50,4081.541211
-50.0,50,4084.269905
-50.0,50,4087.037399
-50.0,50,4089.815178
-50.0,50,4092.523635
-50.0,50,4095.290412
-50.0,50,4098.08411
-50.0,50,4100.972094
-50.0,50,4103.726509
-50.0,50,4106.504626
-50.0,50,4109.276956
-50.0,50,4111.974044
-50.0,50,4114.754833
-50.0,50,4117.484996
-50.0,50,4120.279461
-50.0,50,4123.027804
-50.0,50,4125.774368
-50.0,50,4128.628968
-50.0,50,4131.352763
-50.0,50,4134.102142
-50.0,50,4136.862823
-50.0,50,4139.589343
-50.0,50,4142.327831
-50.0,50,4145.290076
-50.0,50,4148.008926
-50.0,50,4150.746731
-50.0,50,4153.493459
-50.0,50,4156.198701
-50.0,50,4158.912963
-50.0,50,4161.76474
-50.0,50,4164.498698
-50.0,50,4167.260457
-50.0,50,4167.685952
-50.0,50,4168.109946
-50.0,50,4168.534043
-50.0,50,4168.975649
-50.0,50,4169.395756
-50.0,50,4169.858231
-50.0,50,4170.296808
-50.0,50,4170.723466
-50.0,50,4171.154321
-50.0,50,4171.60588
-50.0,50,4174.385684
-50.0,50,4177.175151
-50.0,50,4179.988823
-50.0,50,4182.787272
-50.0,50,4185.52575
-50.0,50,4188.313872
-50.0,50,4191.029115
-50.0,50,4193.80884
-50.0,50,4196.59933
-50.0,50,4199.35901
-50.0,50,4202.162471
-50.0,50,4204.867151
-50.0,50,4207.597738
-50.0,50,4210.376618
-50.0,50,4213.152135
-50.0,50,4215.932484
-50.0,50,4218.686308
-50.0,50,4221.503688
-50.0,50,4224.224174
-50.0,50,4227.041361
-50.0,50,4229.836593
-50.0,50,4232.61056
-50.0,50,4235.427967
-50.0,50,4238.28525
-50.0,50,4241.067841
-50.0,50,4243.923087
-50.0,50,4246.673566
-50.0,50,4249.598034
-50.0,50,4252.479353
-50.0,50,4255.310546
-50.0,50,4258.10615
-50.0,50,4260.975387
-50.0,50,4263.793877
-50.0,50,4266.591161
-50.0,50,4269.320851
-50.0,50,4272.076095
-50.0,50,4274.812288
-50.0,50,4277.559993
-50.0,50,4280.284948
-50.0,50,4283.051414
-50.0,50,4285.78932
-50.0,50,4288.545087
-50.0,50,4291.248615
-50.0,50,4294.005982
-50.0,50,4296.789764
-50.0,50,4299.548546
-50.0,50,4302.255367
-50.0,50,4305.016179
-50.0,50,4307.771966
-50.0,50,4310.521371
-50.0,50,4310.930816
-50.0,50,4311.372288
-50.0,50,4311.813553
-50.0,50,4312.227562
-50.0,50,4312.637779
-50.0,50,4313.046101
-50.0,50,4313.47948
-50.0,50,4313.894083
-50.0,50,4314.306703
-50.0,50,4314.972054
-50.0,50,4317.67069
-50.0,50,4320.574901
-50.0,50,4323.409358
-50.0,50,4326.56063
-50.0,50,4329.401795
-50.0,50,4332.493608
-50.0,50,4335.581094
-50.0,50,4338.869918
-50.0,50,4342.937408
-50.0,50,4346.389415
-50.0,50,4349.773712
-50.0,50,4352.852147
-50.0,50,4356.088858
-50.0,50,4359.193321
-50.0,50,4362.19606
-50.0,50,4365.287762
-50.0,50,4368.363808
-50.0,50,4371.33138
-50.0,50,4374.47437
-50.0,50,4377.478724
-50.0,50,4380.46287
-50.0,50,4383.448189
-50.0,50,4386.414609
-50.0,50,4389.326909
-50.0,50,4392.267724
-50.0,50,4395.294353
-50.0,50,4398.309078
-50.0,50,4401.299639
-50.0,50,4404.405155
-50.0,50,4407.619669
-50.0,50,4410.979191
-50.0,50,4414.438084
-50.0,50,4418.47192
-50.0,50,4421.4802
-50.0,50,4424.541909
-50.0,50,4427.556888
-50.0,50,4430.512203
-50.0,50,4433.931202
-50.0,50,4436.779253
-50.0,50,4439.613698
-50.0,50,4442.47655
-50.0,50,4445.301892
-50.0,50,4448.274079
-50.0,50,4451.280102
-50.0,50,4454.310117
-50.0,50,4457.824082
-50.0,50,4460.945012
-50.0,50,4463.860203
-50.0,50,4466.728976
-50.0,50,4469.586532
-50.0,50,4470.004033
-50.0,50,4470.427323
-50.0,50,4470.847523
-50.0,50,4471.286743
-50.0,50,4471.77147
-50.0,50,4472.198736
-50.0,50,4472.648125
-50.0,50,4473.087451
-50.0,50,4473.483448
-50.0,50,4474.067786
-50.0,50,4477.543659
-50.0,50,4480.42764
-50.0,50,4483.270283
-50.0,50,4486.184274
-50.0,50,4489.215869
-50.0,50,4492.592881
-50.0,50,4495.968366
-50.0,50,4498.867003
-50.0,50,4501.913661
-50.0,50,4505.158088
-50.0,50,4508.047791
-50.0,50,4511.010425
-50.0,50,4514.137641
-50.0,50,4517.083392
-50.0,50,4520.204617
-50.0,50,4523.265244
-50.0,50,4526.271787
-50.0,50,4529.381077
-50.0,50,4532.503033
-50.0,50,4535.292023
-50.0,50,4538.461327
-50.0,50,4541.374863
-50.0,50,4544.240504
-50.0,50,4547.047466
-50.0,50,4549.795089
-50.0,50,4552.729092
-50.0,50,4555.913118
-50.0,50,4558.899848
-50.0,50,4561.957665
-50.0,50,4564.843982
-50.0,50,4567.653779
-50.0,50,4570.480513
-50.0,50,4573.335325
-50.0,50,4576.22039
-50.0,50,4579.091178
-50.0,50,4581.927461
-50.0,50,4584.680048
-50.0,50,4587.444538
-50.0,50,4590.206901
-50.0,50,4592.993774
-50.0,50,4595.792695
-50.0,50,4598.558011
-50.0,50,4601.346324
-50.0,50,4604.098783
-50.0,50,4606.864359
-50.0,50,4609.635577
-50.0,50,4612.366143
-50.0,50,4615.194162
-50.0,50,4618.008885
-50.0,50,4620.919116
-50.0,50,4621.405908
-50.0,50,4621.868766
-50.0,50,4622.341813
-50.0,50,4622.852328
-50.0,50,4623.247307
-50.0,50,4623.688963
-50.0,50,4624.178146
-50.0,50,4624.607575
-50.0,50,4625.037279
-50.0,50,4625.492341
-50.0,50,4628.346999
-50.0,50,4631.265415
-50.0,50,4634.108404
-50.0,50,4636.988205
-50.0,50,4639.968936
-50.0,50,4642.965905
-50.0,50,4645.759964
-50.0,50,4648.583042
-50.0,50,4651.675789
-50.0,50,4654.750451
-50.0,50,4657.795144
-50.0,50,4660.812742
-50.0,50,4664.167216
-50.0,50,4667.760458
-50.0,50,4671.280372
-50.0,50,4674.419625
-50.0,50,4677.405849
-50.0,50,4680.376327
-50.0,50,4683.703052
-50.0,50,4686.760886
-50.0,50,4689.766106
-50.0,50,4692.754866
-50.0,50,4695.701961
-50.0,50,4698.719437
-50.0,50,4701.672281
-50.0,50,4704.609217
-50.0,50,4707.625875
-50.0,50,4710.708038
-50.0,50,4713.967597
-50.0,50,4716.985792
-50.0,50,4720.0325
-50.0,50,4723.035296
-50.0,50,4726.015651
-50.0,50,4728.993058
-50.0,50,4732.016869
-50.0,50,4735.048174
-50.0,50,4738.078158
-50.0,50,4741.106063
-50.0,50,4744.13041
-50.0,50,4746.939834
-50.0,50,4749.706725
-50.0,50,4752.514209
-50.0,50,4755.298524
-50.0,50,4758.100575
-50.0,50,4760.811369
-50.0,50,4763.58915
-50.0,50,4766.35215
-50.0,50,4769.069819
-50.0,50,4771.852828
-50.0,50,4774.748032
-50.0,50,4775.180266
-50.0,50,4775.627569
-50.0,50,4776.097173
-50.0,50,4776.552379
-50.0,50,4776.987061
-50.0,50,4777.424856
-50.0,50,4777.858215
-50.0,50,4778.304342
-50.0,50,4778.732949
-50.0,50,4779.229198
-50.0,50,4781.996691
-50.0,50,4784.733084
-50.0,50,4787.586226
-50.0,50,4790.315761
-50.0,50,4793.09392
-50.0,50,4795.867012
-50.0,50,4798.664072
-50.0,50,4801.418138
-50.0,50,4804.191285
-50.0,50,4806.96604
-50.0,50,4809.7332
-50.0,50,4812.482248
-50.0,50,4815.266739
-50.0,50,4818.041121
-50.0,50,4820.815901
-50.0,50,4823.534864
-50.0,50,4826.289926
-50.0,50,4829.043749
-50.0,50,4831.810277
-50.0,50,4834.597177
-50.0,50,4837.388955
-50.0,50,4840.150815
-50.0,50,4842.929018
-50.0,50,4845.727541
-50.0,50,4848.473734
-50.0,50,4851.269232
-50.0,50,4854.049808
-50.0,50,4856.81925
-50.0,50,4859.533367
-50.0,50,4862.336083
-50.0,50,4865.117999
-50.0,50,4867.902121
-50.0,50,4870.73558
-50.0,50,4873.505607
-50.0,50,4876.237317
-50.0,50,4879.083331
-50.0,50,4881.920748
-50.0,50,4884.688966
-50.0,50,4887.431357
-50.0,50,4890.252395
-50.0,50,4893.035562
-50.0,50,4895.841574
-50.0,50,4898.581542
-50.0,50,4901.311858
-50.0,50,4904.116127
-50.0,50,4906.868385
-50.0,50,4909.739076
-50.0,50,4912.516869
-50.0,50,4915.201165
-50.0,50,4917.969027
-50.0,50,4918.454298
-50.0,50,4918.860689
-50.0,50,4919.31462
-50.0,50,4919.745527
-50.0,50,4920.176067
-50.0,50,4920.623596
-50.0,50,4921.056222
-50.0,50,4921.501717
-50.0,50,4921.910641
-50.0,50,4922.304092
-50.0,50,4925.136763
-50.0,50,4927.858427
-50.0,50,4930.594
-50.0,50,4933.450422
-50.0,50,4936.17423
-50.0,50,4938.963872
-50.0,50,4941.846009
-50.0,50,4944.643288
-50.0,50,4947.352076
-50.0,50,4950.175
-50.0,50,4953.028994
-50.0,50,4955.788612
-50.0,50,4958.540984
-50.0,50,4961.31781
-50.0,50,4964.068604
-50.0,50,4966.834064
-50.0,50,4969.607131
-50.0,50,4972.37091
-50.0,50,4975.150731
-50.0,50,4977.884587
-50.0,50,4980.664024
-50.0,50,4983.413486
-50.0,50,4986.1575
-50.0,50,4988.863343
-50.0,50,4991.657608
-50.0,50,4994.433495
-50.0,50,4997.203071
-50.0,50,4999.960376
-50.0,50,5002.73193
-50.0,50,5005.559824
-50.0,50,5008.378063
-50.0,50,5011.19792
-50.0,50,5013.987728
-50.0,50,5016.788294
-50.0,50,5019.540582
-50.0,50,5022.276434
-50.0,50,5025.030488
-50.0,50,5028.153937
-50.0,50,5031.297049
-50.0,50,5034.604658
-50.0,50,5037.528455
-50.0,50,5040.500787
-50.0,50,5043.281413
-50.0,50,5046.112844
-50.0,50,5048.917665
-50.0,50,5051.691308
-50.0,50,5054.452529
-50.0,50,5057.282393
-50.0,50,5060.017288
-50.0,50,5062.79962
-50.0,50,5063.250423
-50.0,50,5063.705819
-50.0,50,5064.110364
-50.0,50,5064.5645
-50.0,50,5064.958159
-50.0,50,5065.403184
-50.0,50,5065.817767
-50.0,50,5066.253338
-50.0,50,5066.687198
-50.0,50,5067.122917
-50.0,50,5069.911836
-50.0,50,5072.668047
-50.0,50,5075.430846
-50.0,50,5078.146871
-50.0,50,5080.882565
-50.0,50,5083.643297
-50.0,50,5086.437211
-50.0,50,5089.227092
-50.0,50,5092.017977
-50.0,50,5094.862428
-50.0,50,5097.632562
-50.0,50,5100.515205
-50.0,50,5103.684755
-50.0,50,5106.827259
-50.0,50,5110.024134
-50.0,50,5113.006636
-50.0,50,5115.878722
-50.0,50,5118.644497
-50.0,50,5121.840333
-50.0,50,5124.778444
-50.0,50,5127.710096
-50.0,50,5130.788434
-50.0,50,5133.724452
-50.0,50,5136.4159
-50.0,50,5139.152535
-50.0,50,5141.912124
-50.0,50,5144.663645
-50.0,50,5147.392339
-50.0,50,5150.108829
-50.0,50,5153.116901
-50.0,50,5155.772939
-50.0,50,5158.501701
-50.0,50,5161.204123
-50.0,50,5163.953806
-50.0,50,5166.624119
-50.0,50,5169.344929
-50.0,50,5171.987009
-50.0,50,5174.73139
-50.0,50,5177.438275
-50.0,50,5180.143289
-50.0,50,5182.800087
-50.0,50,5185.517488
-50.0,50,5188.225544
-50.0,50,5190.89503
-50.0,50,5193.632324
-50.0,50,5196.344648
-50.0,50,5199.03512
-50.0,50,5201.749117
-50.0,50,5204.422749
-50.0,50,5207.15794
-50.0,50,5207.593785
-50.0,50,5208.019906
-50.0,50,5208.439372
-50.0,50,5208.838003
-50.0,50,5209.279324
-50.0,50,5209.695473
-50.0,50,5210.128955
-50.0,50,5210.575547
-50.0,50,5211.005423
-50.0,50,5211.492759
-50.0,50,5214.215935
-50.0,50,5216.946702
-50.0,50,5219.638936
-50.0,50,5222.337384
-50.0,50,5224.995908
-50.0,50,5227.728581
-50.0,50,5230.430749
-50.0,50,5233.139122
-50.0,50,5235.842752
-50.0,50,5238.574202
-50.0,50,5241.296784
-50.0,50,5243.973251
-50.0,50,5246.664276
-50.0,50,5249.3213
-50.0,50,5252.033556
-50.0,50,5254.737111
-50.0,50,5257.427535
-50.0,50,5260.19328
-50.0,50,5262.853479
-50.0,50,5265.57676
-50.0,50,5268.373914
-50.0,50,5271.09955
-50.0,50,5273.809715
-50.0,50,5276.515963
-50.0,50,5279.204553
-50.0,50,5281.901879
-50.0,50,5284.656965
-50.0,50,5287.347476
-50.0,50,5290.091072
-50.0,50,5292.797658
-50.0,50,5295.554137
-50.0,50,5298.302075
-50.0,50,5300.988067
-50.0,50,5303.709506
-50.0,50,5306.423137
-50.0,50,5309.095437
-50.0,50,5311.809302
-50.0,50,5314.480673
-50.0,50,5317.220675
-50.0,50,5319.884756
-50.0,50,5322.611308
-50.0,50,5325.330166
-50.0,50,5328.039996
-50.0,50,5330.765936
-50.0,50,5333.508814
-50.0,50,5336.179442
-50.0,50,5338.891353
-50.0,50,5341.592879
-50.0,50,5344.266906
-50.0,50,5346.991185
-50.0,50,5347.40206
-50.0,50,5347.846316
-50.0,50,5348.267972
-50.0,50,5348.682043
-50.0,50,5349.082711
-50.0,50,5349.551644
-50.0,50,5349.965973
-50.0,50,5350.411762
-50.0,50,5350.83909
-50.0,50,5351.343013
-50.0,50,5354.036634
-50.0,50,5356.749464
-50.0,50,5359.506112
-50.0,50,5362.200094
-50.0,50,5364.894268
-50.0,50,5367.641348
-50.0,50,5370.332095
-50.0,50,5373.067315
-50.0,50,5375.752132
-50.0,50,5378.480267
-50.0,50,5381.148512
-50.0,50,5383.871694
-50.0,50,5386.573696
-50.0,50,5389.262734
-50.0,50,5391.981525
-50.0,50,5394.708045
-50.0,50,5397.383152
-50.0,50,5400.109072
-50.0,50,5402.799793
-50.0,50,5405.457946
-50.0,50,5408.158179
-50.0,50,5410.848435
-50.0,50,5413.555117
-50.0,50,5416.289131
-50.0,50,5419.013743
-50.0,50,5421.863226
-50.0,50,5424.620106
-50.0,50,5427.331463
-50.0,50,5430.082801
-50.0,50,5432.818327
-50.0,50,5435.524685
-50.0,50,5438.317076
-50.0,50,5441.02389
-50.0,50,5443.810882
-50.0,50,5446.566683
-50.0,50,5449.333717
-50.0,50,5452.070524
-50.0,50,5454.783119
-50.0,50,5457.563462
-50.0,50,5460.258164
-50.0,50,5463.032057
-50.0,50,5465.871967
-50.0,50,5468.65684
-50.0,50,5471.348529
-50.0,50,5474.170238
-50.0,50,5476.898104
-50.0,50,5479.767954
-50.0,50,5482.507707
-50.0,50,5485.196191
-50.0,50,5487.917982
-50.0,50,5488.332948
-50.0,50,5488.783398
-50.0,50,5489.241517
-50.0,50,5489.657425
-50.0,50,5490.07628
-50.0,50,5490.556503
-50.0,50,5491.008085
-50.0,50,5491.393905
-50.0,50,5491.84224
-50.0,50,5492.33301
-50.0,50,5495.068401
-50.0,50,5497.784871
-50.0,50,5500.518873
-50.0,50,5503.222769
-50.0,50,5506.135893
-50.0,50,5508.868999
-50.0,50,5511.660101
-50.0,50,5514.424291
-50.0,50,5517.16725
-50.0,50,5519.866269
-50.0,50,5522.583243
-50.0,50,5525.254179
-50.0,50,5528.027166
-50.0,50,5530.770081
-50.0,50,5533.446324
-50.0,50,5536.204905
-50.0,50,5539.042284
-50.0,50,5541.801879
-50.0,50,5544.590637
-50.0,50,5547.336034
-50.0,50,5550.292907
-50.0,50,5553.260734
-50.0,50,5556.021249
-50.0,50,5558.772854
-50.0,50,5561.668221
-50.0,50,5564.391433
-50.0,50,5567.31048
-50.0,50,5570.192472
-50.0,50,5573.031554
-50.0,50,5575.723276
-50.0,50,5578.579323
-50.0,50,5581.54763
-50.0,50,5584.72942
-50.0,50,5587.794576
-50.0,50,5590.699093
-50.0,50,5593.537172
-50.0,50,5596.284238
-50.0,50,5599.150193
-50.0,50,5601.985611
-50.0,50,5604.724662
-50.0,50,5607.498652
-50.0,50,5610.275071
-50.0,50,5613.089914
-50.0,50,5615.839482
-50.0,50,5618.570796
-50.0,50,5621.325144
-50.0,50,5624.118352
-50.0,50,5626.856625
-50.0,50,5629.624435
-50.0,50,5632.355426
-50.0,50,5632.759283
-50.0,50,5633.175021
-50.0,50,5633.577375
-50.0,50,5633.987661
-50.0,50,5634.450704
-50.0,50,5634.897941
-50.0,50,5635.347517
-50.0,50,5635.79286
-50.0,50,5636.210121
-50.0,50,5636.731188
-50.0,50,5639.504322
-50.0,50,5642.261023
-50.0,50,5644.97981
-50.0,50,5647.73361
-50.0,50,5650.544732
-50.0,50,5653.219966
-50.0,50,5655.931663
-50.0,50,5658.660652
-50.0,50,5661.3357
-50.0,50,5664.069161
-50.0,50,5666.809391
-50.0,50,5669.585697
-50.0,50,5672.330868
-50.0,50,5675.015586
-50.0,50,5678.014759
-50.0,50,5681.215328
-50.0,50,5684.194135
-50.0,50,5687.045422
-50.0,50,5689.88842
-50.0,50,5692.747448
-50.0,50,5695.611986
-50.0,50,5698.460428
-50.0,50,5701.39212
-50.0,50,5704.2474
-50.0,50,5706.993238
-50.0,50,5709.762044
-50.0,50,5712.46067
-50.0,50,5715.152075
-50.0,50,5717.928148
-50.0,50,5720.63877
-50.0,50,5723.379441
-50.0,50,5726.279959
-50.0,50,5729.051486
-50.0,50,5731.815015
-50.0,50,5734.598701
-50.0,50,5737.363612
-50.0,50,5740.1177
-50.0,50,5742.882986
-50.0,50,5745.590683
-50.0,50,5748.380474
-50.0,50,5751.468655
-50.0,50,5754.597524
-50.0,50,5757.793599
-50.0,50,5760.714082
-50.0,50,5763.489702
-50.0,50,5766.217974
-50.0,50,5768.982863
-50.0,50,5771.764954
-50.0,50,5774.520018
-50.0,50,5777.296017
-50.0,50,5777.736509
-50.0,50,5778.160202
-50.0,50,5778.575387
-50.0,50,5778.990208
-50.0,50,5779.427551
-50.0,50,5779.871842
-50.0,50,5780.308557
-50.0,50,5780.736646
-50.0,50,5781.158025
-50.0,50,5781.737633
-50.0,50,5784.489998
-50.0,50,5787.247261
-50.0,50,5790.058465
-50.0,50,5792.865873
-50.0,50,5795.566365
-50.0,50,5798.278547
-50.0,50,5801.106705
-50.0,50,5803.905079
-50.0,50,5806.6338
-50.0,50,5809.427898
-50.0,50,5812.22452
-50.0,50,5815.039371
-50.0,50,5817.831894
-50.0,50,5820.61035
-50.0,50,5823.40528
-50.0,50,5826.168287
-50.0,50,5828.937794
-50.0,50,5831.694499
-50.0,50,5834.442595
-50.0,50,5837.231334
-50.0,50,5839.999577
-50.0,50,5842.768106
-50.0,50,5845.538472
-50.0,50,5848.30289
-50.0,50,5851.088627
-50.0,50,5853.855513
-50.0,50,5856.656603
-50.0,50,5859.416114
-50.0,50,5862.20371
-50.0,50,5864.991608
-50.0,50,5867.74332
-50.0,50,5870.469328
-50.0,50,5873.243602
-50.0,50,5876.017686
-50.0,50,5878.808883
-50.0,50,5881.549948
-50.0,50,5884.331871
-50.0,50,5887.07972
-50.0,50,5889.819052
-50.0,50,5892.574166
-50.0,50,5895.319649
-50.0,50,5898.106404
-50.0,50,5900.933363
-50.0,50,5903.608002
-50.0,50,5906.384872
-50.0,50,5909.152503
-50.0,50,5911.970047
-50.0,50,5914.758009
-50.0,50,5917.52757
-50.0,50,5920.297533
-50.0,50,5920.732692
-50.0,50,5921.127282
-50.0,50,5921.54839
-50.0,50,5921.993757
-50.0,50,5922.424633
-50.0,50,5922.842355
-50.0,50,5923.278184
-50.0,50,5923.691649
-50.0,50,5924.135965
-50.0,50,5924.719903
-50.0,50,5927.548123
-50.0,50,5930.331482
-50.0,50,5933.15268
-50.0,50,5935.857756
-50.0,50,5938.677768
-50.0,50,5941.669014
-50.0,50,5944.821948
-50.0,50,5948.048687
-50.0,50,5951.070657
-50.0,50,5953.834718
-50.0,50,5956.606811
-50.0,50,5959.518181
-50.0,50,5962.393602
-50.0,50,5965.315195
-50.0,50,5968.295119
-50.0,50,5971.244741
-50.0,50,5974.087343
-50.0,50,5976.997641
-50.0,50,5979.980363
-50.0,50,5982.847739
-50.0,50,5985.734508
-50.0,50,5988.764614
-50.0,50,5992.902418
-50.0,50,5996.921138
-50.0,50,6000.932233
-50.0,50,6004.755569
-50.0,50,6008.603797
-50.0,50,6012.44143
-50.0,50,6016.238857
-50.0,50,6020.136913
-50.0,50,6024.062575
-50.0,50,6027.901789
-50.0,50,6031.74848
-50.0,50,6035.504903
-50.0,50,6039.273459
-50.0,50,6043.048278
-50.0,50,6046.857923
-50.0,50,6050.661808
-50.0,50,6054.482033
-50.0,50,6058.24333
-50.0,50,6062.053154
-50.0,50,6065.931537
-50.0,50,6069.668286
-50.0,50,6073.524437
-50.0,50,6077.227219
-50.0,50,6080.945476
-50.0,50,6084.785774
-50.0,50,6088.580948
-50.0,50,6092.153272
-50.0,50,6096.293045
-50.0,50,6096.794994
-50.0,50,6097.274728
-50.0,50,6097.742915
-50.0,50,6098.273455
-50.0,50,6098.746212
-50.0,50,6099.262539
-50.0,50,6099.740837
-50.0,50,6100.234141
-50.0,50,6100.722011
-50.0,50,6101.480036
-50.0,50,6105.280429
-50.0,50,6109.095643
-50.0,50,6112.932069
-50.0,50,6116.836013
-50.0,50,6120.688891
-50.0,50,6124.562395
-50.0,50,6128.383055
-50.0,50,6132.292596
-50.0,50,6136.12034
-50.0,50,6139.936273
-50.0,50,6143.783193
-50.0,50,6147.674284
-50.0,50,6151.480406
-50.0,50,6155.345528
-50.0,50,6159.123617
-50.0,50,6162.901852
-50.0,50,6166.853223
-50.0,50,6170.876107
-50.0,50,6174.789303
-50.0,50,6178.862891
-50.0,50,6182.815097
-50.0,50,6186.710701
-50.0,50,6190.75037
-50.0,50,6194.82941
-50.0,50,6198.875018
-50.0,50,6202.843103
-50.0,50,6206.77243
-50.0,50,6210.801969
-50.0,50,6214.812428
-50.0,50,6218.836856
-50.0,50,6222.87403
-50.0,50,6226.912307
-50.0,50,6230.947984
-50.0,50,6234.934673
-50.0,50,6238.9796
-50.0,50,6242.988209
-50.0,50,6247.147261
-50.0,50,6251.02012
-50.0,50,6255.227094
-50.0,50,6259.211822
-50.0,50,6263.114051
-50.0,50,6267.179958
-50.0,50,6271.186221
-50.0,50,6275.06138
-50.0,50,6279.021411
-50.0,50,6282.959076
-50.0,50,6286.824627
-50.0,50,6290.816208
-50.0,50,6294.847737
-50.0,50,6298.818253
-50.0,50,6299.358615
-50.0,50,6299.892466
-50.0,50,6300.428101
-50.0,50,6300.925779
-50.0,50,6301.440526
-50.0,50,6301.95726
-50.0,50,6302.464957
-50.0,50,6302.960729
-50.0,50,6303.464017
-50.0,50,6304.257777
-50.0,50,6308.17122
-50.0,50,6312.110471
-50.0,50,6316.094811
-50.0,50,6320.174855
-50.0,50,6324.152512
-50.0,50,6328.174165
-50.0,50,6332.104869
-50.0,50,6336.041278
-50.0,50,6340.031459
-50.0,50,6344.008333
-50.0,50,6348.013532
-50.0,50,6352.03114
-50.0,50,6356.005511
-50.0,50,6359.996732
-50.0,50,6363.947632
-50.0,50,6367.986592
-50.0,50,6371.918013
-50.0,50,6375.898925
-50.0,50,6379.968171
-50.0,50,6383.851287
-50.0,50,6387.835971
-50.0,50,6391.83351
-50.0,50,6395.708661
-50.0,50,6399.712834
-50.0,50,6403.703626
-50.0,50,6407.635215
-50.0,50,6411.525389
-50.0,50,6415.464472
-50.0,50,6419.392498
-50.0,50,6423.286653
-50.0,50,6427.234877
-50.0,50,6431.25055
-50.0,50,6435.191344
-50.0,50,6439.200895
-50.0,50,6443.11217
-50.0,50,6447.083649
-50.0,50,6451.023622
-50.0,50,6455.065305
-50.0,50,6458.88991
-50.0,50,6462.89618
-50.0,50,6466.9348
-50.0,50,6470.784279
-50.0,50,6474.755941
-50.0,50,6478.847467
-50.0,50,6482.790913
-50.0,50,6486.689503
-50.0,50,6490.699916
-50.0,50,6494.728924
-50.0,50,6498.682074
-50.0,50,6502.620753
-50.0,50,6503.158698
-50.0,50,6503.710764
-50.0,50,6504.249444
-50.0,50,6504.781409
-50.0,50,6505.329458
-50.0,50,6505.839616
-50.0,50,6506.385163
-50.0,50,6506.914708
-50.0,50,6507.442601
-50.0,50,6508.006716
-50.0,50,6511.971031
-50.0,50,6515.886514
-50.0,50,6519.806981
-50.0,50,6524.313392
-50.0,50,6528.496648
-50.0,50,6532.885033
-50.0,50,6536.761531
-50.0,50,6540.739535
-50.0,50,6544.609935
-50.0,50,6548.598014
-50.0,50,6552.62506
-50.0,50,6556.581493
-50.0,50,6560.663813
-50.0,50,6564.548577
-50.0,50,6568.35767
-50.0,50,6572.40377
-50.0,50,6576.449585
-50.0,50,6580.39667
-50.0,50,6584.38876
-50.0,50,6588.32906
-50.0,50,6592.151908
-50.0,50,6596.138174
-50.0,50,6600.115653
-50.0,50,6604.13491
-50.0,50,6608.144577
-50.0,50,6612.128901
-50.0,50,6615.992334
-50.0,50,6619.897164
-50.0,50,6623.861476
-50.0,50,6627.799025
-50.0,50,6631.736715
-50.0,50,6635.646782
-50.0,50,6639.638228
-50.0,50,6643.469861
-50.0,50,6647.542933
-50.0,50,6650.817244
-50.0,50,6653.970476
-50.0,50,6657.225698
-50.0,50,6660.262987
-50.0,50,6663.399777
-50.0,50,6666.474924
-50.0,50,6669.425813
-50.0,50,6672.352029
-50.0,50,6675.263975
-50.0,50,6678.223253
-50.0,50,6681.057433
-50.0,50,6683.903517
-50.0,50,6686.809108
-50.0,50,6689.603924
-50.0,50,6692.544048
-50.0,50,6692.980227
-50.0,50,6693.410442
-50.0,50,6693.874055
-50.0,50,6694.341138
-50.0,50,6694.810415
-50.0,50,6695.322227
-50.0,50,6695.804378
-50.0,50,6696.27004
-50.0,50,6696.718371
-50.0,50,6697.23836
-50.0,50,6700.145505
-50.0,50,6702.984546
-50.0,50,6705.909853
-50.0,50,6708.845657
-50.0,50,6711.675127
-50.0,50,6714.740373
-50.0,50,6717.750861
-50.0,50,6720.720628
-50.0,50,6723.518063
-50.0,50,6726.474922
-50.0,50,6729.286154
-50.0,50,6732.061262
-50.0,50,6734.927241
-50.0,50,6737.716454
-50.0,50,6740.559715
-50.0,50,6743.34445
-50.0,50,6746.157748
-50.0,50,6749.052005
-50.0,50,6751.97255
-50.0,50,6754.795311
-50.0,50,6757.658587
-50.0,50,6760.505993
-50.0,50,6763.327737
-50.0,50,6766.144473
-50.0,50,6769.117876
-50.0,50,6771.901779
-50.0,50,6774.787949
-50.0,50,6777.770886
-50.0,50,6780.612457
-50.0,50,6783.419333
-50.0,50,6786.3312
-50.0,50,6789.097632
-50.0,50,6791.973524
-50.0,50,6794.811823
-50.0,50,6797.663241
-50.0,50,6800.592559
-50.0,50,6803.518575
-50.0,50,6806.35089
-50.0,50,6809.146991
-50.0,50,6812.036371
-50.0,50,6814.828915
-50.0,50,6817.632212
-50.0,50,6820.556974
-50.0,50,6823.369217
-50.0,50,6826.275805
-50.0,50,6829.134987
-50.0,50,6831.978981
-50.0,50,6834.866097
-50.0,50,6837.684286
-50.0,50,6840.536394
-50.0,50,6840.971203
-50.0,50,6841.405056
-50.0,50,6841.832601
-50.0,50,6842.276097
-50.0,50,6842.715907
-50.0,50,6843.163702
-50.0,50,6843.597221
-50.0,50,6844.024084
-50.0,50,6844.476935
-50.0,50,6844.963138
-50.0,50,6847.874023
-50.0,50,6850.706205
-50.0,50,6853.575044
-50.0,50,6856.391411
-50.0,50,6859.288663
-50.0,50,6862.11884
-50.0,50,6864.959613
-50.0,50,6867.866154
-50.0,50,6870.771928
-50.0,50,6873.615946
-50.0,50,6876.495781
-50.0,50,6879.375858
-50.0,50,6882.313082
-50.0,50,6885.215186
-50.0,50,6888.204353
-50.0,50,6891.104333
-50.0,50,6893.930516
-50.0,50,6896.824103
-50.0,50,6899.692241
-50.0,50,6902.572784
-50.0,50,6905.438639
-50.0,50,6908.282896
-50.0,50,6911.218112
-50.0,50,6914.100932
-50.0,50,6917.079988
-50.0,50,6920.139424
-50.0,50,6922.968748
-50.0,50,6925.899971
-50.0,50,6928.750085
-50.0,50,6931.615205
-50.0,50,6934.497665
-50.0,50,6937.344086
-50.0,50,6940.234554
-50.0,50,6943.127985
-50.0,50,6946.018367
-50.0,50,6948.948443
-50.0,50,6951.924082
-50.0,50,6954.857043
-50.0,50,6957.718613
-50.0,50,6960.658615
-50.0,50,6963.884564
-50.0,50,6967.330221
-50.0,50,6970.436506
-50.0,50,6973.395472
-50.0,50,6976.353254
-50.0,50,6979.330371
-50.0,50,6982.258342
-50.0,50,6985.119465
-50.0,50,6988.003909
-50.0,50,6990.874344
-50.0,50,6991.382989
-50.0,50,6991.888606
-50.0,50,6992.396423
-50.0,50,6992.8906
-50.0,50,6993.379728
-50.0,50,6993.92311
-50.0,50,6994.39142
-50.0,50,6994.921037
-50.0,50,6995.459003
-50.0,50,6996.061052
-50.0,50,6998.993217
-50.0,50,7001.85479
-50.0,50,7004.749027
-50.0,50,7007.642401
-50.0,50,7011.000977
-50.0,50,7014.086518
-50.0,50,7017.196086
-50.0,50,7020.349287
-50.0,50,7023.296091
-50.0,50,7026.23007
-50.0,50,7029.134411
-50.0,50,7032.086048
-50.0,50,7034.994801
-50.0,50,7038.126127
-50.0,50,7041.079659
-50.0,50,7044.176926
-50.0,50,7047.235649
-50.0,50,7050.235999
-50.0,50,7053.182615
-50.0,50,7056.076194
-50.0,50,7059.142431
-50.0,50,7062.142552
-50.0,50,7065.066535
-50.0,50,7068.005834
-50.0,50,7070.98106
-50.0,50,7073.89339
-50.0,50,7076.949013
-50.0,50,7079.922932
-50.0,50,7082.916195
-50.0,50,7085.820962
-50.0,50,7088.714122
-50.0,50,7091.547427
-50.0,50,7094.47549
-50.0,50,7097.316014
-50.0,50,7100.146971
-50.0,50,7102.984381
-50.0,50,7105.83582
-50.0,50,7108.6991
-50.0,50,7111.526249
-50.0,50,7114.370904
-50.0,50,7117.247957
-50.0,50,7120.104758
-50.0,50,7123.000401
-50.0,50,7125.896849
-50.0,50,7128.727805
-50.0,50,7131.595606
-50.0,50,7134.415809
-50.0,50,7137.360403
-50.0,50,7140.179932
-50.0,50,7143.088104
-50.0,50,7143.578753
-50.0,50,7144.04597
-50.0,50,7144.558112
-50.0,50,7145.04009
-50.0,50,7145.514148
-50.0,50,7145.958123
-50.0,50,7146.434385
-50.0,50,7146.89643
-50.0,50,7147.370286
-50.0,50,7148.002319
-50.0,50,7150.897817
-50.0,50,7153.772445
-50.0,50,7156.670975
-50.0,50,7159.527673
-50.0,50,7162.379302
-50.0,50,7165.233991
-50.0,50,7168.120278
-50.0,50,7170.908131
-50.0,50,7173.788382
-50.0,50,7176.670334
-50.0,50,7179.48762
-50.0,50,7182.363638
-50.0,50,7185.220655
-50.0,50,7188.064218
-50.0,50,7190.928981
-50.0,50,7193.866071
-50.0,50,7196.66145
-50.0,50,7199.482864
-50.0,50,7202.315092
-50.0,50,7205.147912
-50.0,50,7207.962046
-50.0,50,7210.802912
-50.0,50,7213.601645
-50.0,50,7216.472724
-50.0,50,7219.283394
-50.0,50,7222.11612
-50.0,50,7224.903399
-50.0,50,7227.732182
-50.0,50,7230.506204
-50.0,50,7233.380127
-50.0,50,7236.273602
-50.0,50,7239.104357
-50.0,50,7241.957586
-50.0,50,7244.849273
-50.0,50,7247.693234
-50.0,50,7250.567717
-50.0,50,7253.327547
-50.0,50,7256.211175
-50.0,50,7259.047239
-50.0,50,7261.886058
-50.0,50,7264.845273
-50.0,50,7267.683177
-50.0,50,7270.525051
-50.0,50,7273.388477
-50.0,50,7276.357047
-50.0,50,7279.168809
-50.0,50,7282.041055
-50.0,50,7284.940034
-50.0,50,7287.794207
-50.0,50,7290.592521
-50.0,50,7291.019397
-50.0,50,7291.416914
-50.0,50,7291.848189
-50.0,50,7292.245579
-50.0,50,7292.675087
-50.0,50,7293.103621
-50.0,50,7293.519355
-50.0,50,7293.947567
-50.0,50,7294.383993
-50.0,50,7294.863357
-50.0,50,7297.695518
-50.0,50,7300.501538
-50.0,50,7303.392447
-50.0,50,7306.280519
-50.0,50,7309.078561
-50.0,50,7311.899626
-50.0,50,7314.720023
-50.0,50,7317.517082
-50.0,50,7320.4614
-50.0,50,7323.389347
-50.0,50,7326.389592
-50.0,50,7329.242508
-50.0,50,7332.100711
-50.0,50,7334.995573
-50.0,50,7337.907861
-50.0,50,7340.837811
-50.0,50,7343.671702
-50.0,50,7346.621599
-50.0,50,7349.534209
-50.0,50,7352.361323
-50.0,50,7355.430038
-50.0,50,7358.402433
-50.0,50,7361.261364
-50.0,50,7364.220059
-50.0,50,7367.10031
-50.0,50,7369.945922
-50.0,50,7372.847755
-50.0,50,7375.719857
-50.0,50,7378.626598
-50.0,50,7381.70035
-50.0,50,7384.54334
-50.0,50,7387.353817
-50.0,50,7390.086208
-50.0,50,7392.942872
-50.0,50,7395.932274
-50.0,50,7398.844893
-50.0,50,7401.69164
-50.0,50,7404.588185
-50.0,50,7407.606927
-50.0,50,7410.430739
-50.0,50,7413.508442
-50.0,50,7416.604573
-50.0,50,7419.481955
-50.0,50,7422.274311
-50.0,50,7425.088624
-50.0,50,7427.862795
-50.0,50,7430.683472
-50.0,50,7433.74092
-50.0,50,7436.677253
-50.0,50,7439.791288
-50.0,50,7440.243452
-50.0,50,7440.662382
-50.0,50,7441.098194
-50.0,50,7441.562597
-50.0,50,7441.983609
-50.0,50,7442.424444
-50.0,50,7442.857876
-50.0,50,7443.309607
-50.0,50,7443.750561
-50.0,50,7444.291774
-50.0,50,7447.261127
-50.0,50,7450.140143
-50.0,50,7453.208836
-50.0,50,7456.168993
-50.0,50,7459.074032
-50.0,50,7461.968946
-50.0,50,7464.811385
-50.0,50,7467.69776
-50.0,50,7470.553388
-50.0,50,7473.425284
-50.0,50,7476.480234
-50.0,50,7479.335948
-50.0,50,7482.214796
-50.0,50,7485.209222
-50.0,50,7488.109718
-50.0,50,7490.94087
-50.0,50,7493.843353
-50.0,50,7496.708297
-50.0,50,7499.557216
-50.0,50,7502.386935
-50.0,50,7505.307679
-50.0,50,7508.162819
-50.0,50,7511.435268
-50.0,50,7514.931924
-50.0,50,7517.834433
-50.0,50,7520.734945
-50.0,50,7523.754115
-50.0,50,7526.693414
-50.0,50,7529.583298
-50.0,50,7532.663741
-50.0,50,7535.838179
-50.0,50,7538.770632
-50.0,50,7541.734095
-50.0,50,7544.571257
-50.0,50,7547.428331
-50.0,50,7550.258965
-50.0,50,7553.102493
-50.0,50,7556.060937
-50.0,50,7559.249461
-50.0,50,7562.31121
-50.0,50,7565.220003
-50.0,50,7568.035675
-50.0,50,7570.940502
-50.0,50,7573.738738
-50.0,50,7576.568394
-50.0,50,7579.401605
-50.0,50,7582.227467
-50.0,50,7585.064833
-50.0,50,7587.964663
-50.0,50,7590.816364
-50.0,50,7591.257363
-50.0,50,7591.700401
-50.0,50,7592.112753
-50.0,50,7592.571546
-50.0,50,7592.994045
-50.0,50,7593.435199
-50.0,50,7593.875821
-50.0,50,7594.316093
-50.0,50,7594.752331
-50.0,50,7595.266176
-50.0,50,7598.19929
-50.0,50,7601.019709
-50.0,50,7603.882769
-50.0,50,7606.672117
-50.0,50,7609.555518
-50.0,50,7612.392618
-50.0,50,7615.259018
-50.0,50,7618.114878
-50.0,50,7621.225594
-50.0,50,7624.142203
-50.0,50,7627.079839
-50.0,50,7629.923434
-50.0,50,7632.809677
-50.0,50,7635.660789
-50.0,50,7638.554294
-50.0,50,7641.417503
-50.0,50,7644.233283
-50.0,50,7647.157407
-50.0,50,7650.131144
-50.0,50,7653.061318
-50.0,50,7655.849821
-50.0,50,7658.71625
-50.0,50,7661.535841
-50.0,50,7664.348948
-50.0,50,7667.18937
-50.0,50,7670.141323
-50.0,50,7673.189277
-50.0,50,7676.393465
-50.0,50,7679.228484
-50.0,50,7682.065117
-50.0,50,7685.030522
-50.0,50,7687.844661
-50.0,50,7690.704791
-50.0,50,7693.563257
-50.0,50,7696.389652
-50.0,50,7699.442618
-50.0,50,7702.309108
-50.0,50,7705.137832
-50.0,50,7707.994336
-50.0,50,7710.884651
-50.0,50,7713.800695
-50.0,50,7716.684544
-50.0,50,7719.502946
-50.0,50,7722.326379
-50.0,50,7725.240322
-50.0,50,7728.161836
-50.0,50,7731.172488
-50.0,50,7734.181683
-50.0,50,7737.089717
-50.0,50,7739.936765
-50.0,50,7740.365343
-50.0,50,7740.821355
-50.0,50,7741.272087
-50.0,50,7741.678087
-50.0,50,7742.112868
-50.0,50,7742.525291
-50.0,50,7742.97449
-50.0,50,7743.440916
-50.0,50,7743.88129
-50.0,50,7744.48905
-50.0,50,7747.378555
-50.0,50,7750.486245
-50.0,50,7753.308779
-50.0,50,7756.155883
-50.0,50,7758.987007
-50.0,50,7761.832744
-50.0,50,7764.693474
-50.0,50,7767.588485
-50.0,50,7770.441015
-50.0,50,7773.338207
-50.0,50,7776.179205
-50.0,50,7779.07304
-50.0,50,7781.935652
-50.0,50,7784.806258
-50.0,50,7787.644289
-50.0,50,7790.493975
-50.0,50,7793.35063
-50.0,50,7796.257568
-50.0,50,7799.170243
-50.0,50,7802.025185
-50.0,50,7804.944957
-50.0,50,7808.262095
-50.0,50,7811.569974
-50.0,50,7815.045918
-50.0,50,7817.876297
-50.0,50,7820.731316
-50.0,50,7823.719878
-50.0,50,7826.577372
-50.0,50,7829.463015
-50.0,50,7832.544501
-50.0,50,7835.670488
-50.0,50,7838.751815
-50.0,50,7841.762032
-50.0,50,7844.693441
-50.0,50,7847.64463
-50.0,50,7850.574455
-50.0,50,7853.445854
-50.0,50,7856.309972
-50.0,50,7859.200285
-50.0,50,7862.053411
-50.0,50,7864.926944
-50.0,50,7867.790882
-50.0,50,7870.583804
-50.0,50,7873.437558
-50.0,50,7876.273661
-50.0,50,7879.132856
-50.0,50,7882.304888
-50.0,50,7885.533618
-50.0,50,7888.366351
-50.0,50,7891.240611
-50.0,50,7891.698894
-50.0,50,7892.136118
-50.0,50,7892.585583
-50.0,50,7893.030707
-50.0,50,7893.502953
-50.0,50,7893.934817
-50.0,50,7894.431711
-50.0,50,7894.890874
-50.0,50,7895.355945
-50.0,50,7895.940509
-50.0,50,7898.975811
-50.0,50,7901.987164
-50.0,50,7904.912109
-50.0,50,7907.759123
-50.0,50,7910.636028
-50.0,50,7913.449259
-50.0,50,7916.336783
-50.0,50,7919.23491
-50.0,50,7922.062063
-50.0,50,7924.928376
-50.0,50,7927.829404
-50.0,50,7930.687485
-50.0,50,7933.595845
-50.0,50,7936.419134
-50.0,50,7939.251731
-50.0,50,7942.128356
-50.0,50,7945.032879
-50.0,50,7947.875654
-50.0,50,7950.783607
-50.0,50,7953.583906
-50.0,50,7956.43627
-50.0,50,7959.251121
-50.0,50,7962.095557
-50.0,50,7964.997651
-50.0,50,7967.839821
-50.0,50,7970.664097
-50.0,50,7973.52598
-50.0,50,7976.34466
-50.0,50,7979.182241
-50.0,50,7982.013223
-50.0,50,7984.849802
-50.0,50,7987.705201
-50.0,50,7990.561044
-50.0,50,7993.416743
-50.0,50,7996.286936
-50.0,50,7999.14793
-50.0,50,8001.99563
-50.0,50,8004.854517
-50.0,50,8007.722849
-50.0,50,8010.551345
-50.0,50,8013.430477
-50.0,50,8016.257808
-50.0,50,8019.146618
-50.0,50,8021.952744
-50.0,50,8024.76433
-50.0,50,8027.615359
-50.0,50,8030.537482
-50.0,50,8033.343644
-50.0,50,8036.206032
-50.0,50,8039.111209
-50.0,50,8039.555891
-50.0,50,8039.986456
-50.0,50,8040.446114
-50.0,50,8040.859227
-50.0,50,8041.316338
-50.0,50,8041.747768
-50.0,50,8042.200149
-50.0,50,8042.631339
-50.0,50,8043.078049
