# {"env_id": "FetchSlide-v1", "t_start": 1574543338.8935528} 
r,l,t
-42.0,50,8.347126
-50.0,50,11.187482
-50.0,50,13.773492
-41.0,50,16.35457
-50.0,50,18.960749
-50.0,50,21.606066
-50.0,50,24.177292
-42.0,50,26.808043
-29.0,50,29.553108
-38.0,50,32.196476
-50.0,50,35.006301
-49.0,50,37.704007
-50.0,50,40.366707
-50.0,50,43.041837
-50.0,50,45.707891
-46.0,50,48.48318
-46.0,50,51.338809
-41.0,50,53.99871
-33.0,50,56.708098
-50.0,50,59.460905
-50.0,50,62.177912
-31.0,50,64.886931
-28.0,50,67.653207
-50.0,50,70.377762
-50.0,50,73.568501
-38.0,50,76.604058
-50.0,50,79.801477
-43.0,50,82.984687
-50.0,50,86.223443
-50.0,50,89.599504
-50.0,50,92.982121
-40.0,50,96.207939
-48.0,50,99.538008
-50.0,50,102.672498
-50.0,50,105.874303
-46.0,50,109.11996
-47.0,50,112.299596
-39.0,50,115.585828
-24.0,50,118.90475
-50.0,50,122.194285
-50.0,50,125.441943
-50.0,50,128.635199
-50.0,50,131.804488
-50.0,50,135.073738
-50.0,50,138.298662
-50.0,50,141.520251
-50.0,50,144.788102
-44.0,50,147.973091
-31.0,50,151.273896
-50.0,50,154.658426
-41.0,50,157.993122
-47.0,50,158.541513
-40.0,50,159.082474
-23.0,50,159.633216
-24.0,50,160.137885
-29.0,50,160.681252
-31.0,50,161.183921
-37.0,50,161.750788
-49.0,50,162.265648
-26.0,50,162.77283
-50.0,50,163.55311
-47.0,50,166.780906
-50.0,50,170.070514
-50.0,50,173.33551
-41.0,50,176.509851
-39.0,50,179.772913
-40.0,50,182.988513
-50.0,50,186.223991
-50.0,50,189.459885
-50.0,50,192.625044
-47.0,50,195.830304
-22.0,50,199.118052
-43.0,50,202.346227
-23.0,50,205.580614
-39.0,50,208.848903
-50.0,50,212.028664
-50.0,50,215.323235
-50.0,50,218.491394
-45.0,50,221.797414
-33.0,50,225.035166
-47.0,50,228.249779
-25.0,50,231.456562
-48.0,50,234.69966
-50.0,50,237.894476
-50.0,50,241.063211
-50.0,50,244.443251
-44.0,50,247.660124
-48.0,50,250.846097
-50.0,50,254.07108
-25.0,50,257.240568
-50.0,50,260.474672
-25.0,50,263.701558
-50.0,50,266.913148
-50.0,50,270.134686
-50.0,50,273.360404
-34.0,50,276.60546
-42.0,50,279.84909
-50.0,50,283.066792
-50.0,50,286.22293
-42.0,50,289.433495
-50.0,50,292.8472
-50.0,50,296.34303
-17.0,50,299.872405
-32.0,50,303.344365
-50.0,50,306.759808
-50.0,50,310.203318
-50.0,50,313.622161
-10.0,50,317.065159
-50.0,50,320.518056
-50.0,50,324.044877
-29.0,50,327.566818
-36.0,50,328.073596
-45.0,50,328.631172
-50.0,50,329.19726
-27.0,50,329.74282
-30.0,50,330.271492
-35.0,50,330.794091
-45.0,50,331.303524
-50.0,50,331.84934
-40.0,50,332.357779
-30.0,50,333.184505
-38.0,50,336.655148
-46.0,50,340.126895
-50.0,50,343.663092
-47.0,50,347.245392
-46.0,50,350.877414
-50.0,50,354.221093
-31.0,50,358.344117
-29.0,50,362.168569
-50.0,50,365.714115
-50.0,50,369.34633
-35.0,50,372.473122
-41.0,50,377.141649
-42.0,50,384.541639
-50.0,50,391.860423
-50.0,50,399.222519
-50.0,50,406.863928
-50.0,50,413.964884
-45.0,50,421.305888
-21.0,50,428.957801
-41.0,50,436.592758
-50.0,50,443.790298
-49.0,50,447.344464
-46.0,50,450.789069
-50.0,50,454.356406
-35.0,50,457.944487
-50.0,50,461.663467
-42.0,50,465.137774
-48.0,50,467.991989
-50.0,50,471.2926
-50.0,50,474.399478
-42.0,50,478.761448
-39.0,50,482.218631
-50.0,50,485.662953
-50.0,50,489.09067
-50.0,50,492.435589
-40.0,50,495.864251
-50.0,50,499.146954
-50.0,50,502.597893
-37.0,50,505.995002
-50.0,50,509.426978
-50.0,50,512.797424
-28.0,50,516.236791
-41.0,50,519.699816
-45.0,50,523.085755
-43.0,50,526.419816
-50.0,50,529.896564
-50.0,50,533.24904
-47.0,50,536.700041
-50.0,50,540.03351
-43.0,50,543.429199
-21.0,50,543.991894
-15.0,50,544.571765
-50.0,50,545.10299
-33.0,50,545.604628
-50.0,50,546.129604
-18.0,50,546.650381
-38.0,50,547.242409
-34.0,50,547.846365
-50.0,50,548.478004
-38.0,50,549.196084
-50.0,50,552.495683
-50.0,50,555.420374
-50.0,50,558.725142
-50.0,50,561.589434
-28.0,50,564.306986
-50.0,50,567.302758
-50.0,50,570.018684
-26.0,50,572.903649
-45.0,50,575.880471
-50.0,50,578.841699
-50.0,50,581.835705
-47.0,50,585.062792
-50.0,50,588.378596
-50.0,50,591.463696
-50.0,50,594.372547
-28.0,50,597.251663
-50.0,50,600.075004
-50.0,50,602.72652
-50.0,50,605.345264
-21.0,50,607.967814
-22.0,50,610.679696
-43.0,50,613.59096
-50.0,50,616.667233
-45.0,50,619.763884
-42.0,50,622.788876
-50.0,50,625.527103
-50.0,50,628.16037
-49.0,50,630.932974
-50.0,50,633.618138
-37.0,50,636.215953
-50.0,50,638.868563
-46.0,50,641.441319
-50.0,50,644.074586
-50.0,50,646.665764
-42.0,50,649.288539
-50.0,50,651.851082
-50.0,50,654.513644
-50.0,50,657.174789
-35.0,50,659.741973
-34.0,50,662.351033
-37.0,50,664.989119
-46.0,50,667.554188
-20.0,50,670.175065
-49.0,50,672.808164
-50.0,50,675.409268
-27.0,50,678.017419
-50.0,50,680.614656
-41.0,50,683.173382
-22.0,50,685.815367
-50.0,50,688.433912
-22.0,50,688.920393
-21.0,50,689.395597
-50.0,50,689.875809
-35.0,50,690.361084
-11.0,50,690.83955
-50.0,50,691.299137
-25.0,50,691.783516
-24.0,50,692.290724
-15.0,50,692.767873
-50.0,50,693.311899
-50.0,50,695.923429
-43.0,50,698.525614
-50.0,50,701.143436
-50.0,50,703.737711
-50.0,50,706.328178
-50.0,50,708.974285
-50.0,50,711.528318
-21.0,50,714.174454
-35.0,50,716.802977
-50.0,50,719.441376
-17.0,50,722.031939
-31.0,50,724.645995
-50.0,50,727.277219
-50.0,50,729.904523
-44.0,50,732.470661
-44.0,50,735.110738
-50.0,50,737.740732
-44.0,50,740.397696
-33.0,50,743.010841
-45.0,50,745.551685
-50.0,50,748.203093
-45.0,50,750.804894
-45.0,50,753.400568
-50.0,50,756.014919
-50.0,50,758.619441
-43.0,50,761.249133
-50.0,50,763.869044
-34.0,50,766.506275
-50.0,50,769.058547
-43.0,50,771.659257
-15.0,50,774.345901
-45.0,50,776.906715
-43.0,50,779.541699
-50.0,50,782.130965
-44.0,50,784.685573
-50.0,50,787.311567
-50.0,50,789.909672
-50.0,50,792.522756
-50.0,50,795.098236
-41.0,50,797.7734
-40.0,50,800.380868
-50.0,50,802.994926
-50.0,50,805.624833
-42.0,50,808.223529
-21.0,50,810.822045
-50.0,50,813.420332
-50.0,50,816.042168
-46.0,50,818.655553
-26.0,50,821.227298
-21.0,50,823.858428
-50.0,50,824.310772
-50.0,50,824.787411
-50.0,50,825.257067
-50.0,50,825.68138
-29.0,50,826.148304
-27.0,50,826.617083
-24.0,50,827.071866
-23.0,50,827.560954
-21.0,50,828.018095
-50.0,50,828.798887
-46.0,50,831.397871
-50.0,50,834.01844
-25.0,50,836.63485
-50.0,50,839.245898
-35.0,50,841.833173
-39.0,50,844.442784
-44.0,50,847.094427
-50.0,50,849.697608
-50.0,50,852.327704
-50.0,50,854.913963
-50.0,50,857.547807
-50.0,50,860.88889
-50.0,50,864.168026
-46.0,50,867.364477
-50.0,50,870.612907
-44.0,50,873.325232
-29.0,50,876.416815
-50.0,50,879.152266
-50.0,50,881.820414
-50.0,50,885.12246
-49.0,50,888.959433
-19.0,50,891.74156
-50.0,50,894.731706
-50.0,50,897.36772
-47.0,50,900.04154
-43.0,50,902.642015
-50.0,50,905.825771
-50.0,50,908.676547
-50.0,50,912.883076
-50.0,50,915.611819
-50.0,50,918.713359
-48.0,50,922.824804
-50.0,50,925.518854
-45.0,50,928.455676
-50.0,50,931.178158
-50.0,50,933.844219
-24.0,50,936.672117
-50.0,50,940.664303
-30.0,50,943.630233
-47.0,50,946.759504
-50.0,50,950.205876
-44.0,50,953.001872
-46.0,50,956.155193
-43.0,50,958.930245
-23.0,50,961.779587
-41.0,50,965.073972
-46.0,50,968.338263
-47.0,50,971.215947
-41.0,50,974.48348
-27.0,50,978.190597
-45.0,50,978.687608
-19.0,50,979.147142
-23.0,50,979.636445
-17.0,50,980.086239
-33.0,50,980.576301
-31.0,50,981.058569
-29.0,50,981.506783
-37.0,50,981.959548
-24.0,50,982.415441
-50.0,50,983.200881
-47.0,50,986.201443
-46.0,50,989.119288
-50.0,50,991.872098
-50.0,50,994.518602
-47.0,50,997.184694
-25.0,50,999.835001
-44.0,50,1002.530553
-33.0,50,1005.234579
-43.0,50,1008.083784
-50.0,50,1011.165461
-45.0,50,1014.265714
-45.0,50,1017.147055
-25.0,50,1020.779027
-42.0,50,1023.502263
-44.0,50,1026.387592
-50.0,50,1030.253228
-46.0,50,1033.325147
-41.0,50,1036.120701
-37.0,50,1039.156212
-48.0,50,1042.824596
-50.0,50,1046.117477
-45.0,50,1049.986032
-48.0,50,1052.797818
-50.0,50,1056.230512
-50.0,50,1059.207253
-50.0,50,1063.112155
-46.0,50,1065.852296
-50.0,50,1068.94192
-44.0,50,1072.330066
-50.0,50,1075.851192
-50.0,50,1078.850526
-34.0,50,1082.128301
-50.0,50,1084.825642
-50.0,50,1087.450148
-50.0,50,1090.437214
-41.0,50,1094.015463
-47.0,50,1097.216489
-46.0,50,1100.020774
-39.0,50,1103.078817
-50.0,50,1105.763524
-43.0,50,1108.441087
-50.0,50,1111.875686
-39.0,50,1115.097206
-50.0,50,1117.882457
-48.0,50,1120.873257
-31.0,50,1123.609845
-27.0,50,1126.294849
-50.0,50,1128.995543
-25.0,50,1131.622765
-42.0,50,1134.40192
-28.0,50,1134.899317
-24.0,50,1135.38952
-34.0,50,1135.908581
-50.0,50,1136.360906
-31.0,50,1136.855858
-16.0,50,1137.310348
-50.0,50,1137.81139
-21.0,50,1138.32039
-50.0,50,1138.8143
-32.0,50,1139.259948
-50.0,50,1141.928936
-50.0,50,1144.727001
-50.0,50,1147.322169
-43.0,50,1150.038284
-48.0,50,1152.66434
-50.0,50,1155.336666
-50.0,50,1158.391645
-50.0,50,1161.724621
-50.0,50,1164.693097
-50.0,50,1168.638438
-50.0,50,1174.251959
-50.0,50,1178.427378
-36.0,50,1181.206956
-50.0,50,1184.302548
-31.0,50,1186.895356
-33.0,50,1189.608034
-48.0,50,1192.252115
-45.0,50,1195.257911
-50.0,50,1198.529167
-47.0,50,1202.489933
-50.0,50,1205.771884
-50.0,50,1209.44709
-50.0,50,1212.72463
-50.0,50,1215.69686
-50.0,50,1218.450142
-50.0,50,1221.522523
-50.0,50,1224.488119
-47.0,50,1227.613068
-50.0,50,1231.061553
-46.0,50,1234.506076
-50.0,50,1237.901513
-50.0,50,1241.294498
-50.0,50,1244.735752
-50.0,50,1248.101772
-50.0,50,1251.4678
-50.0,50,1254.896276
-50.0,50,1258.264426
-27.0,50,1261.642275
-24.0,50,1265.085027
-50.0,50,1268.402028
-32.0,50,1271.807497
-50.0,50,1275.176599
-50.0,50,1278.563705
-50.0,50,1281.928991
-23.0,50,1285.308183
-50.0,50,1288.664678
-50.0,50,1292.031577
-43.0,50,1295.358912
-50.0,50,1298.760551
-23.0,50,1302.148695
-9.0,50,1302.649916
-44.0,50,1303.244621
-40.0,50,1303.795865
-50.0,50,1304.305395
-35.0,50,1304.855636
-50.0,50,1305.4159
-20.0,50,1305.940799
-50.0,50,1306.445271
-31.0,50,1306.979084
-50.0,50,1307.706455
-46.0,50,1311.051813
-50.0,50,1314.463969
-25.0,50,1317.772964
-50.0,50,1321.169746
-42.0,50,1324.490251
-47.0,50,1327.907527
-45.0,50,1331.185754
-45.0,50,1334.650237
-36.0,50,1337.965135
-38.0,50,1341.317758
-50.0,50,1344.633292
-47.0,50,1348.026145
-50.0,50,1351.390565
-33.0,50,1354.731917
-50.0,50,1358.054875
-50.0,50,1361.497081
-47.0,50,1364.872304
-50.0,50,1368.238784
-43.0,50,1371.549214
-50.0,50,1374.93284
-45.0,50,1378.269507
-50.0,50,1381.581239
-50.0,50,1384.947245
-50.0,50,1388.319777
-39.0,50,1391.754057
-50.0,50,1395.07496
-50.0,50,1398.455166
-22.0,50,1401.760479
-47.0,50,1405.110483
-47.0,50,1408.531662
-45.0,50,1412.06081
-22.0,50,1415.421435
-50.0,50,1418.885342
-50.0,50,1422.309899
-29.0,50,1425.626657
-50.0,50,1429.055822
-50.0,50,1432.542103
-45.0,50,1436.007253
-29.0,50,1439.390444
-50.0,50,1442.768215
-36.0,50,1446.098599
-43.0,50,1449.34261
-20.0,50,1452.842733
-41.0,50,1456.323317
-25.0,50,1459.759035
-50.0,50,1463.369416
-41.0,50,1466.881934
-46.0,50,1470.272663
-50.0,50,1473.652757
-20.0,50,1476.98749
-20.0,50,1477.498086
-31.0,50,1478.040606
-34.0,50,1478.603797
-49.0,50,1479.153801
-23.0,50,1479.665004
-45.0,50,1480.173671
-19.0,50,1480.71643
-32.0,50,1481.24286
-39.0,50,1481.771203
-50.0,50,1482.410167
-50.0,50,1485.939668
-46.0,50,1489.235654
-48.0,50,1492.670146
-37.0,50,1496.023194
-50.0,50,1499.313133
-50.0,50,1502.731699
-43.0,50,1506.091815
-50.0,50,1510.267083
-50.0,50,1513.840644
-46.0,50,1517.596461
-45.0,50,1521.247654
-50.0,50,1524.990385
-45.0,50,1528.594429
-50.0,50,1532.310963
-45.0,50,1536.010813
-50.0,50,1539.413513
-50.0,50,1542.776782
-50.0,50,1546.109883
-36.0,50,1549.422025
-29.0,50,1552.76264
-50.0,50,1556.076851
-50.0,50,1559.414212
-50.0,50,1562.762377
-50.0,50,1566.096076
-50.0,50,1569.363972
-44.0,50,1572.692948
-50.0,50,1576.010952
-44.0,50,1579.347033
-50.0,50,1582.714389
-50.0,50,1586.005625
-31.0,50,1589.441144
-50.0,50,1592.844461
-46.0,50,1596.142675
-44.0,50,1599.449195
-43.0,50,1602.801295
-50.0,50,1606.098758
-50.0,50,1609.368505
-50.0,50,1612.957277
-47.0,50,1616.283866
-50.0,50,1619.736098
-50.0,50,1623.14377
-37.0,50,1626.469606
-44.0,50,1629.805756
-44.0,50,1633.142996
-42.0,50,1636.432725
-43.0,50,1639.755492
-50.0,50,1643.127883
-44.0,50,1646.50336
-50.0,50,1649.813544
-39.0,50,1653.145371
-23.0,50,1653.655091
-42.0,50,1654.175906
-50.0,50,1654.791676
-28.0,50,1655.312883
-21.0,50,1655.821212
-34.0,50,1656.363958
-20.0,50,1656.917382
-26.0,50,1657.418222
-18.0,50,1657.985337
-50.0,50,1658.655793
-44.0,50,1662.017563
-50.0,50,1665.384598
-27.0,50,1668.748451
-50.0,50,1672.156412
-50.0,50,1675.483201
-44.0,50,1678.790998
-31.0,50,1682.166987
-50.0,50,1685.510113
-50.0,50,1688.903253
-50.0,50,1692.200829
-50.0,50,1695.528133
-50.0,50,1698.883121
-50.0,50,1702.194337
-46.0,50,1705.530167
-50.0,50,1708.867354
-50.0,50,1712.247802
-49.0,50,1715.582621
-50.0,50,1719.039478
-50.0,50,1722.43149
-29.0,50,1725.786703
-50.0,50,1729.177271
-29.0,50,1732.591134
-45.0,50,1735.831236
-50.0,50,1738.736015
-50.0,50,1741.480997
-50.0,50,1744.06075
-48.0,50,1746.804962
-50.0,50,1749.43146
-9.0,50,1752.004196
-46.0,50,1754.659121
-50.0,50,1757.374879
-50.0,50,1759.995508
-50.0,50,1762.596076
-28.0,50,1765.313677
-38.0,50,1768.779323
-50.0,50,1772.329871
-50.0,50,1775.829424
-21.0,50,1779.357022
-46.0,50,1782.212998
-50.0,50,1785.233254
-50.0,50,1788.822147
-37.0,50,1792.290975
-38.0,50,1795.774126
-50.0,50,1799.267381
-45.0,50,1802.691103
-50.0,50,1806.155052
-50.0,50,1809.618927
-50.0,50,1813.204654
-30.0,50,1816.628918
-20.0,50,1820.049959
-28.0,50,1820.569899
-33.0,50,1821.103582
-50.0,50,1821.684961
-42.0,50,1822.204549
-28.0,50,1822.721083
-19.0,50,1823.262374
-50.0,50,1823.807431
-50.0,50,1824.316251
-23.0,50,1824.85984
-41.0,50,1825.581369
-50.0,50,1829.069342
-50.0,50,1832.473143
-50.0,50,1835.916572
-49.0,50,1839.37454
-50.0,50,1842.815565
-36.0,50,1846.2583
-50.0,50,1849.784047
-50.0,50,1853.241097
-50.0,50,1856.706599
-38.0,50,1860.15786
-46.0,50,1863.646347
-50.0,50,1867.079973
-50.0,50,1870.595976
-50.0,50,1874.054049
-50.0,50,1877.658111
-49.0,50,1881.143147
-50.0,50,1884.667295
-33.0,50,1888.185379
-35.0,50,1891.670707
-50.0,50,1895.201394
-50.0,50,1898.730062
-22.0,50,1902.286618
-45.0,50,1905.855402
-33.0,50,1909.159966
-28.0,50,1912.323328
-46.0,50,1915.246561
-50.0,50,1917.923039
-50.0,50,1920.66385
-25.0,50,1923.964445
-32.0,50,1927.10721
-50.0,50,1930.457169
-50.0,50,1933.790887
-46.0,50,1936.869843
-50.0,50,1940.04127
-46.0,50,1943.375329
-50.0,50,1946.959708
-49.0,50,1950.621748
-46.0,50,1954.394368
-50.0,50,1958.060563
-50.0,50,1961.784864
-50.0,50,1965.519985
-44.0,50,1969.338998
-50.0,50,1973.124007
-50.0,50,1976.996355
-25.0,50,1980.77409
-49.0,50,1984.675613
-45.0,50,1988.501491
-50.0,50,1992.279897
-44.0,50,1996.017178
-23.0,50,1999.869013
-26.0,50,2000.47263
-22.0,50,2001.009459
-36.0,50,2001.607012
-12.0,50,2002.175568
-50.0,50,2002.722212
-19.0,50,2003.326528
-44.0,50,2003.875535
-17.0,50,2004.439992
-50.0,50,2004.984151
-50.0,50,2005.704785
-47.0,50,2009.456357
-50.0,50,2013.19181
-47.0,50,2016.996705
-35.0,50,2020.842887
-50.0,50,2024.638103
-50.0,50,2028.44085
-42.0,50,2032.256071
-43.0,50,2036.233851
-35.0,50,2040.080743
-50.0,50,2043.951862
-50.0,50,2047.787729
-50.0,50,2051.646639
-50.0,50,2055.460516
-50.0,50,2059.367912
-50.0,50,2063.142129
-37.0,50,2066.970696
-45.0,50,2070.818958
-50.0,50,2074.634288
-47.0,50,2078.469776
-50.0,50,2082.341382
-39.0,50,2086.170409
-50.0,50,2090.099046
-50.0,50,2093.918892
-50.0,50,2097.831031
-47.0,50,2101.73638
-50.0,50,2105.490992
-29.0,50,2109.223467
-48.0,50,2113.082772
-50.0,50,2116.947542
-43.0,50,2120.777981
-30.0,50,2124.584552
-50.0,50,2128.387928
-25.0,50,2132.244871
-43.0,50,2135.693494
-50.0,50,2138.949911
-50.0,50,2142.615069
-45.0,50,2146.115914
-44.0,50,2149.68742
-43.0,50,2153.506301
-50.0,50,2157.298558
-50.0,50,2161.613589
-31.0,50,2165.844559
-32.0,50,2170.601365
-50.0,50,2175.67131
-46.0,50,2180.318472
-24.0,50,2184.418085
-50.0,50,2188.31124
-50.0,50,2192.204909
-29.0,50,2195.954135
-22.0,50,2199.814346
-29.0,50,2200.407669
-50.0,50,2200.97205
-46.0,50,2201.496249
-50.0,50,2202.095007
-28.0,50,2202.642947
-42.0,50,2203.185974
-29.0,50,2203.786208
-33.0,50,2204.347244
-20.0,50,2204.89636
-50.0,50,2205.626936
-50.0,50,2209.56925
-50.0,50,2213.412351
-45.0,50,2217.128729
-50.0,50,2220.913989
-34.0,50,2225.040939
-50.0,50,2228.995224
-50.0,50,2233.322377
-50.0,50,2237.301999
-50.0,50,2241.353569
-45.0,50,2245.36935
-50.0,50,2249.281435
-50.0,50,2253.192884
-47.0,50,2257.093865
-50.0,50,2261.033247
-43.0,50,2265.051429
-47.0,50,2268.926795
-50.0,50,2272.930659
-50.0,50,2276.814085
-50.0,50,2280.853001
-50.0,50,2284.823814
-46.0,50,2288.86129
-39.0,50,2292.85114
-50.0,50,2296.70479
-43.0,50,2300.699233
-50.0,50,2304.761728
-50.0,50,2308.706811
-46.0,50,2312.606599
-50.0,50,2316.612463
-50.0,50,2320.603142
-50.0,50,2324.496177
-50.0,50,2328.295519
-34.0,50,2332.214758
-50.0,50,2336.068486
-12.0,50,2339.960337
-50.0,50,2343.902883
-50.0,50,2347.889502
-48.0,50,2351.955804
-50.0,50,2355.856996
-50.0,50,2359.868302
-23.0,50,2363.891447
-35.0,50,2367.77838
-50.0,50,2371.75978
-50.0,50,2375.723896
-45.0,50,2379.68556
-50.0,50,2383.537734
-43.0,50,2387.474221
-39.0,50,2391.253159
-35.0,50,2394.71664
-50.0,50,2397.770464
-37.0,50,2400.756746
-38.0,50,2401.244752
-38.0,50,2401.758802
-43.0,50,2402.23941
-32.0,50,2402.765734
-31.0,50,2403.31953
-30.0,50,2403.835764
-28.0,50,2404.365797
-50.0,50,2404.881521
-26.0,50,2405.495117
-50.0,50,2406.436632
-47.0,50,2409.789085
-50.0,50,2413.115384
-22.0,50,2416.485532
-50.0,50,2419.861982
-50.0,50,2423.320719
-46.0,50,2426.663645
-50.0,50,2430.074773
-34.0,50,2433.670968
-50.0,50,2437.59629
-50.0,50,2442.220188
-50.0,50,2447.135247
-50.0,50,2451.259957
-45.0,50,2455.554831
-50.0,50,2460.046948
-50.0,50,2464.654275
-50.0,50,2469.191849
-45.0,50,2473.723422
-50.0,50,2478.218534
-48.0,50,2482.787998
-50.0,50,2487.349161
-36.0,50,2491.926966
-50.0,50,2496.463275
-27.0,50,2501.058454
-46.0,50,2505.46785
-43.0,50,2510.048318
-50.0,50,2514.423455
-50.0,50,2519.050481
-39.0,50,2523.567643
-50.0,50,2528.137995
-50.0,50,2532.669523
-50.0,50,2537.132064
-50.0,50,2541.73982
-47.0,50,2546.126656
-50.0,50,2550.737638
-48.0,50,2555.287035
-50.0,50,2559.804243
-50.0,50,2564.372597
-50.0,50,2568.898254
-50.0,50,2573.501273
-50.0,50,2577.944648
-26.0,50,2582.366351
-50.0,50,2586.75837
-50.0,50,2591.243183
-40.0,50,2595.694191
-47.0,50,2599.947425
-50.0,50,2604.538878
-50.0,50,2608.849313
-45.0,50,2613.448395
-41.0,50,2617.597685
-50.0,50,2621.49973
-24.0,50,2622.062501
-24.0,50,2622.619276
-44.0,50,2623.19721
-31.0,50,2623.788108
-21.0,50,2624.387357
-29.0,50,2624.928025
-50.0,50,2625.519825
-50.0,50,2626.121656
-50.0,50,2626.661366
-50.0,50,2627.287793
-50.0,50,2631.14548
-50.0,50,2635.064874
-50.0,50,2638.975363
-50.0,50,2642.843226
-50.0,50,2646.611414
-47.0,50,2650.433553
-33.0,50,2654.165283
-42.0,50,2657.952617
-50.0,50,2661.893024
-49.0,50,2665.631183
-44.0,50,2669.36381
-50.0,50,2673.210823
-50.0,50,2676.983608
-46.0,50,2680.915094
-50.0,50,2684.801062
-50.0,50,2688.626159
-50.0,50,2692.756363
-42.0,50,2696.69206
-50.0,50,2700.613482
-19.0,50,2704.461897
-50.0,50,2708.283861
-50.0,50,2712.083968
-50.0,50,2715.795655
-50.0,50,2719.523518
-32.0,50,2723.264296
-50.0,50,2727.157302
-36.0,50,2730.997627
-31.0,50,2734.869413
-50.0,50,2738.748077
-31.0,50,2742.54136
-50.0,50,2746.416004
-50.0,50,2750.191528
-50.0,50,2754.128311
-50.0,50,2758.004522
-47.0,50,2761.748189
-50.0,50,2765.507895
-50.0,50,2769.412534
-40.0,50,2773.334152
-40.0,50,2777.224854
-48.0,50,2780.896365
-50.0,50,2784.679545
-48.0,50,2788.558924
-50.0,50,2792.426334
-50.0,50,2796.338791
-50.0,50,2800.282653
-50.0,50,2804.154959
-50.0,50,2807.981727
-50.0,50,2811.862319
-43.0,50,2815.805637
-33.0,50,2819.714433
-39.0,50,2820.273468
-50.0,50,2820.815228
-27.0,50,2821.39222
-24.0,50,2821.971238
-50.0,50,2822.542642
-27.0,50,2823.122358
-50.0,50,2823.704998
-29.0,50,2824.268925
-36.0,50,2824.800192
-50.0,50,2825.60251
-50.0,50,2829.405549
-50.0,50,2833.345506
-50.0,50,2837.229699
-50.0,50,2841.111901
-50.0,50,2845.037495
-47.0,50,2848.978675
-50.0,50,2852.818815
-45.0,50,2856.979311
-36.0,50,2861.854024
-13.0,50,2867.31052
-25.0,50,2873.134657
-50.0,50,2878.556714
-50.0,50,2883.863212
-50.0,50,2889.977541
-50.0,50,2894.924697
-37.0,50,2898.289958
-50.0,50,2901.779174
-50.0,50,2905.1922
-50.0,50,2910.049402
-40.0,50,2915.324648
-50.0,50,2920.943749
-50.0,50,2925.875264
-50.0,50,2929.827532
-46.0,50,2933.816125
-31.0,50,2937.792623
-45.0,50,2941.70137
-45.0,50,2945.71042
-50.0,50,2949.676776
-45.0,50,2953.564657
-33.0,50,2957.504631
-44.0,50,2961.347842
-37.0,50,2965.223907
-17.0,50,2969.490488
-45.0,50,2973.923653
-50.0,50,2978.49701
-42.0,50,2982.907389
-50.0,50,2987.521143
-41.0,50,2991.983945
-43.0,50,2996.662126
-11.0,50,3001.261626
-34.0,50,3005.953933
-47.0,50,3010.560265
-48.0,50,3015.291899
-50.0,50,3019.948807
-47.0,50,3024.567069
-47.0,50,3029.08883
-50.0,50,3033.522624
-41.0,50,3038.300995
-43.0,50,3042.758977
-35.0,50,3047.21297
-19.0,50,3047.839598
-45.0,50,3048.456201
-50.0,50,3049.20175
-45.0,50,3049.840771
-17.0,50,3050.403222
-22.0,50,3051.051372
-50.0,50,3051.663848
-50.0,50,3052.272214
-18.0,50,3052.891588
-50.0,50,3053.54933
-50.0,50,3058.023465
-50.0,50,3062.557421
-50.0,50,3067.06485
-50.0,50,3071.7733
-50.0,50,3076.274144
-50.0,50,3080.903383
-44.0,50,3085.478375
-50.0,50,3090.081156
-46.0,50,3094.582682
-50.0,50,3099.120797
-50.0,50,3103.730494
-50.0,50,3108.378899
-45.0,50,3112.652212
-50.0,50,3117.440752
-43.0,50,3121.660792
-28.0,50,3126.25844
-50.0,50,3131.051505
-50.0,50,3135.999113
-39.0,50,3140.531801
-50.0,50,3145.187171
-50.0,50,3149.684701
-50.0,50,3154.313402
-42.0,50,3158.887662
-50.0,50,3163.414053
-50.0,50,3167.981776
-17.0,50,3172.761885
-50.0,50,3177.364092
-50.0,50,3182.041397
-33.0,50,3186.511444
-46.0,50,3191.036142
-50.0,50,3195.659708
-50.0,50,3200.211287
-44.0,50,3204.719848
-42.0,50,3209.296511
-45.0,50,3213.709219
-50.0,50,3218.139495
-44.0,50,3222.665245
-50.0,50,3227.341755
-50.0,50,3231.924525
-41.0,50,3236.373245
-50.0,50,3240.864718
-44.0,50,3245.459311
-44.0,50,3250.077221
-27.0,50,3254.748115
-50.0,50,3259.215357
-50.0,50,3263.757715
-50.0,50,3268.146572
-50.0,50,3272.614891
-50.0,50,3277.131283
-50.0,50,3281.779123
-41.0,50,3282.479985
-32.0,50,3283.134161
-43.0,50,3283.743673
-50.0,50,3284.372274
-18.0,50,3285.028902
-50.0,50,3285.656532
-40.0,50,3286.244262
-34.0,50,3286.835918
-47.0,50,3287.430226
-50.0,50,3288.262218
-50.0,50,3292.911849
-50.0,50,3297.455762
-50.0,50,3302.076577
-50.0,50,3306.720118
-47.0,50,3311.327427
-50.0,50,3316.160376
-50.0,50,3320.167551
-43.0,50,3324.135669
-34.0,50,3327.982168
-50.0,50,3331.927396
-47.0,50,3335.767898
-44.0,50,3339.711789
-50.0,50,3343.683309
-44.0,50,3347.571569
-50.0,50,3351.421617
-50.0,50,3355.281577
-50.0,50,3359.273473
-50.0,50,3363.0352
-50.0,50,3366.83409
-50.0,50,3370.619719
-50.0,50,3374.599262
-42.0,50,3378.538079
-45.0,50,3382.486989
-50.0,50,3386.413193
-18.0,50,3390.34261
-50.0,50,3394.411839
-50.0,50,3398.334857
-25.0,50,3402.310037
-48.0,50,3406.179334
-50.0,50,3409.964037
-50.0,50,3413.852386
-50.0,50,3417.846947
-31.0,50,3421.623497
-47.0,50,3425.142521
-46.0,50,3428.182609
-46.0,50,3431.46774
-45.0,50,3434.315597
-50.0,50,3437.058522
-50.0,50,3439.861913
-44.0,50,3442.680449
-46.0,50,3445.469884
-36.0,50,3448.594463
-45.0,50,3451.503945
-46.0,50,3454.388698
-47.0,50,3457.41238
-46.0,50,3460.510218
-50.0,50,3463.709442
-37.0,50,3466.994173
-43.0,50,3470.115218
-34.0,50,3473.326612
-50.0,50,3473.835339
-30.0,50,3474.355851
-24.0,50,3474.908442
-29.0,50,3475.439872
-38.0,50,3475.952852
-50.0,50,3476.46442
-26.0,50,3476.975693
-34.0,50,3477.467299
-44.0,50,3477.996176
-47.0,50,3478.648435
-47.0,50,3481.626201
-50.0,50,3484.342968
-42.0,50,3487.103221
-50.0,50,3489.809285
-50.0,50,3492.624172
-50.0,50,3495.41869
-50.0,50,3498.346021
-44.0,50,3501.24046
-45.0,50,3504.186183
-50.0,50,3507.180922
-50.0,50,3510.241788
-48.0,50,3513.405438
-50.0,50,3516.345414
-50.0,50,3519.277852
-50.0,50,3522.201482
-49.0,50,3525.306549
-41.0,50,3528.413719
-50.0,50,3531.207707
-44.0,50,3534.404523
-50.0,50,3537.601511
-50.0,50,3540.599712
-50.0,50,3543.482823
-50.0,50,3546.57886
-39.0,50,3549.764779
-34.0,50,3552.760021
-50.0,50,3555.911625
-50.0,50,3559.268736
-44.0,50,3562.918217
-50.0,50,3566.640267
-50.0,50,3570.058207
-50.0,50,3573.255749
-45.0,50,3576.971987
-50.0,50,3580.545776
-48.0,50,3583.840123
-50.0,50,3587.403862
-30.0,50,3590.561803
-50.0,50,3593.88699
-50.0,50,3597.582432
-50.0,50,3601.232387
-50.0,50,3604.38887
-50.0,50,3607.685373
-46.0,50,3610.919586
-50.0,50,3614.43458
-50.0,50,3617.77806
-50.0,50,3621.291369
-44.0,50,3624.562773
-25.0,50,3627.854639
-45.0,50,3631.546022
-50.0,50,3634.912268
-50.0,50,3638.310918
-29.0,50,3638.850012
-13.0,50,3639.459174
-20.0,50,3640.018201
-50.0,50,3640.524769
-50.0,50,3641.060572
-23.0,50,3641.606747
-30.0,50,3642.153177
-22.0,50,3642.619652
-49.0,50,3643.135484
