# {"t_start": 1574363451.7473817, "env_id": "FetchSlide-v1"} 
r,l,t
-50.0,50,9.470524
-50.0,50,12.801558
-50.0,50,15.842205
-50.0,50,18.894064
-50.0,50,21.89772
-50.0,50,25.002682
-50.0,50,28.148796
-50.0,50,31.036617
-50.0,50,34.038309
-50.0,50,37.058241
-50.0,50,39.759723
-50.0,50,42.633991
-50.0,50,45.503228
-50.0,50,48.258932
-50.0,50,51.008768
-50.0,50,53.711588
-50.0,50,56.420313
-50.0,50,59.106745
-50.0,50,61.906594
-50.0,50,64.770459
-50.0,50,67.426684
-50.0,50,70.259556
-50.0,50,73.036405
-50.0,50,75.826452
-50.0,50,78.456515
-50.0,50,81.196113
-50.0,50,83.964521
-50.0,50,86.664639
-50.0,50,89.290407
-50.0,50,91.97181
-50.0,50,94.632005
-50.0,50,97.356766
-50.0,50,99.939597
-50.0,50,102.678593
-50.0,50,105.281438
-50.0,50,107.981823
-50.0,50,110.789482
-50.0,50,113.635441
-50.0,50,116.374784
-50.0,50,119.184027
-50.0,50,121.856482
-50.0,50,124.497525
-50.0,50,127.249693
-50.0,50,130.014023
-50.0,50,132.622762
-50.0,50,135.441939
-50.0,50,138.212008
-50.0,50,141.127676
-50.0,50,143.918676
-50.0,50,146.661744
-50.0,50,149.474905
-50.0,50,149.967127
-50.0,50,150.463596
-50.0,50,150.936827
-50.0,50,151.526689
-50.0,50,151.990448
-50.0,50,152.48322
-50.0,50,153.012163
-50.0,50,153.458775
-50.0,50,153.979544
-50.0,50,154.603533
-50.0,50,157.300606
-50.0,50,160.091617
-50.0,50,162.781367
-50.0,50,165.492212
-50.0,50,168.120504
-50.0,50,170.957167
-50.0,50,173.897585
-50.0,50,176.606347
-50.0,50,179.30912
-50.0,50,181.948468
-50.0,50,184.679461
-50.0,50,187.528805
-50.0,50,190.177605
-50.0,50,192.965327
-50.0,50,195.669021
-50.0,50,198.375987
-50.0,50,201.281312
-50.0,50,204.884431
-50.0,50,208.312686
-50.0,50,211.650851
-50.0,50,214.821424
-50.0,50,217.802753
-50.0,50,220.489371
-50.0,50,223.248115
-50.0,50,225.867182
-50.0,50,228.532301
-50.0,50,231.145728
-50.0,50,233.733224
-50.0,50,236.391976
-50.0,50,239.055509
-50.0,50,241.765713
-50.0,50,244.577279
-50.0,50,247.593406
-50.0,50,250.541934
-50.0,50,253.241992
-50.0,50,256.121789
-50.0,50,258.843322
-50.0,50,261.632152
-50.0,50,264.350401
-43.0,50,267.236305
-50.0,50,270.030593
-50.0,50,272.920388
-50.0,50,275.740303
-50.0,50,278.526089
-50.0,50,281.301102
-50.0,50,284.1405
-50.0,50,287.09953
-50.0,50,289.866327
-50.0,50,292.562535
-50.0,50,295.368133
-50.0,50,295.853097
-50.0,50,296.282102
-50.0,50,296.729864
-50.0,50,297.199769
-50.0,50,297.677293
-50.0,50,298.159985
-50.0,50,298.637201
-50.0,50,299.113953
-50.0,50,299.565094
-50.0,50,300.096617
-50.0,50,302.771948
-50.0,50,305.513517
-50.0,50,308.109387
-50.0,50,310.916386
-50.0,50,313.65105
-50.0,50,316.496447
-50.0,50,319.459092
-50.0,50,322.301606
-50.0,50,325.201139
-50.0,50,327.987891
-50.0,50,330.723214
-50.0,50,333.366971
-50.0,50,336.158775
-50.0,50,338.794287
-50.0,50,341.496412
-50.0,50,344.280334
-50.0,50,347.946165
-50.0,50,351.163193
-50.0,50,354.383672
-50.0,50,357.024429
-6.0,50,359.656395
-50.0,50,362.355422
-50.0,50,364.955835
-50.0,50,367.607122
-50.0,50,370.281784
-50.0,50,372.906919
-50.0,50,375.531148
-50.0,50,378.141833
-50.0,50,380.758379
-50.0,50,383.39116
-50.0,50,386.05955
-47.0,50,388.942754
-50.0,50,391.689615
-50.0,50,394.785495
-50.0,50,397.715241
-50.0,50,400.621592
-50.0,50,403.350143
-50.0,50,406.128754
-50.0,50,408.963782
-50.0,50,411.992697
-50.0,50,414.99483
-50.0,50,417.650399
-50.0,50,420.318442
-50.0,50,423.145901
-50.0,50,426.255901
-50.0,50,429.264749
-50.0,50,432.3195
-50.0,50,434.985027
-50.0,50,437.679714
-50.0,50,440.535077
-50.0,50,440.999419
-50.0,50,441.489182
-50.0,50,441.952379
-50.0,50,442.390091
-50.0,50,442.867089
-50.0,50,443.335344
-50.0,50,443.831158
-50.0,50,444.311575
-50.0,50,444.777884
-50.0,50,445.31479
-50.0,50,447.982183
-50.0,50,450.587827
-50.0,50,453.194645
-50.0,50,456.040292
-50.0,50,458.960571
-50.0,50,462.086333
-50.0,50,464.772315
-50.0,50,467.47864
-50.0,50,470.388614
-50.0,50,473.116658
-50.0,50,475.842685
-50.0,50,478.542148
-50.0,50,481.224209
-50.0,50,483.975716
-50.0,50,486.747265
-50.0,50,489.447518
-50.0,50,492.097572
-47.0,50,494.835253
-50.0,50,497.586916
-50.0,50,500.293184
-50.0,50,502.935177
-50.0,50,505.615972
-50.0,50,508.322603
-28.0,50,511.122248
-50.0,50,513.894069
-50.0,50,516.543423
-50.0,50,519.296869
-50.0,50,521.969314
-50.0,50,524.662216
-50.0,50,527.348024
-50.0,50,530.062594
-50.0,50,532.746388
-50.0,50,535.530008
-50.0,50,538.480739
-50.0,50,541.446932
-50.0,50,544.461344
-50.0,50,547.4992
-50.0,50,550.473165
-50.0,50,553.438242
-50.0,50,556.403325
-50.0,50,559.461527
-50.0,50,562.489544
-50.0,50,565.489238
-50.0,50,568.324091
-50.0,50,571.362179
-50.0,50,574.225505
-50.0,50,577.272669
-50.0,50,580.896194
-46.0,50,584.052411
-50.0,50,587.229132
-50.0,50,587.79316
-50.0,50,588.313981
-50.0,50,588.788769
-50.0,50,589.274276
-50.0,50,589.747345
-50.0,50,590.236675
-50.0,50,590.717055
-50.0,50,591.17837
-50.0,50,591.65477
-50.0,50,592.276515
-50.0,50,594.963435
-50.0,50,597.617052
-50.0,50,600.287145
-50.0,50,602.889137
-50.0,50,605.61353
-50.0,50,608.23526
-50.0,50,610.949094
-50.0,50,613.52786
-50.0,50,616.353521
-50.0,50,619.046544
-50.0,50,621.710698
-50.0,50,624.492921
-50.0,50,627.141586
-48.0,50,629.835998
-50.0,50,632.461361
-50.0,50,635.146239
-50.0,50,637.838481
-50.0,50,640.649443
-50.0,50,643.530855
-50.0,50,646.460298
-50.0,50,649.310134
-50.0,50,652.008229
-50.0,50,654.686717
-50.0,50,657.441185
-50.0,50,660.264291
-50.0,50,663.330402
-50.0,50,666.349262
-50.0,50,668.993793
-50.0,50,671.660601
-50.0,50,674.425666
-50.0,50,677.139512
-50.0,50,679.906611
-50.0,50,682.88091
-50.0,50,685.644922
-50.0,50,688.420739
-50.0,50,691.206045
-50.0,50,694.157704
-50.0,50,697.056853
-50.0,50,700.040593
-50.0,50,703.157447
-45.0,50,705.980359
-50.0,50,708.724241
-50.0,50,711.667642
-50.0,50,714.405187
-50.0,50,717.617495
-50.0,50,721.146435
-50.0,50,724.457765
-50.0,50,727.821051
-50.0,50,730.914933
-50.0,50,734.030751
-50.0,50,734.568403
-50.0,50,735.130306
-50.0,50,735.702528
-50.0,50,736.300542
-50.0,50,736.850417
-50.0,50,737.435851
-50.0,50,738.040356
-50.0,50,738.564538
-50.0,50,739.104832
-50.0,50,739.710608
-50.0,50,742.671315
-50.0,50,745.687901
-10.0,50,748.745895
-50.0,50,752.067478
-50.0,50,755.199216
-50.0,50,758.444071
-50.0,50,761.493685
-50.0,50,764.623347
-50.0,50,767.525698
-50.0,50,770.159082
-50.0,50,773.061931
-50.0,50,775.833391
-50.0,50,778.717319
-50.0,50,781.65832
-50.0,50,784.424188
-50.0,50,787.372825
-50.0,50,790.38652
-50.0,50,793.264964
-35.0,50,796.144589
-50.0,50,799.04561
-50.0,50,802.091239
-50.0,50,804.957889
-50.0,50,807.807125
-50.0,50,810.629743
-50.0,50,813.621261
-50.0,50,816.61346
-50.0,50,819.33385
-50.0,50,822.065566
-50.0,50,824.676402
-50.0,50,827.338808
-46.0,50,830.070354
-50.0,50,832.708167
-50.0,50,835.47975
-50.0,50,838.114244
-50.0,50,840.75522
-50.0,50,843.457036
-50.0,50,846.240633
-50.0,50,848.945375
-50.0,50,851.844437
-50.0,50,854.712316
-50.0,50,857.462957
-50.0,50,860.103428
-44.0,50,862.843568
-50.0,50,865.621621
-50.0,50,868.401749
-50.0,50,871.590695
-50.0,50,875.27862
-50.0,50,878.600877
-50.0,50,881.595662
-50.0,50,884.318153
-50.0,50,884.828621
-50.0,50,885.341238
-50.0,50,885.819126
-50.0,50,886.354945
-48.0,50,886.905494
-50.0,50,887.386298
-50.0,50,887.907307
-50.0,50,888.431857
-47.0,50,888.935369
-50.0,50,889.61691
-50.0,50,892.324399
-50.0,50,895.132055
-50.0,50,897.821108
-50.0,50,900.455819
-50.0,50,903.051926
-50.0,50,905.757881
-50.0,50,908.568914
-50.0,50,911.419942
-50.0,50,914.157128
-50.0,50,916.983876
-50.0,50,919.790359
-50.0,50,922.564947
-50.0,50,925.272247
-50.0,50,927.905075
-50.0,50,930.767745
-6.0,50,933.641848
-50.0,50,936.485275
-47.0,50,939.366867
-50.0,50,942.090895
-50.0,50,944.906055
-50.0,50,947.694393
-50.0,50,950.382422
-50.0,50,953.104491
-50.0,50,955.797033
-50.0,50,958.417822
-50.0,50,961.198438
-50.0,50,963.927592
-50.0,50,966.612698
-50.0,50,969.395954
-47.0,50,972.252426
-50.0,50,975.046919
-50.0,50,977.803632
-50.0,50,980.590039
-50.0,50,983.324269
-50.0,50,985.996604
-50.0,50,988.792235
-50.0,50,991.36149
-50.0,50,994.048027
-50.0,50,996.952615
-50.0,50,999.706783
-50.0,50,1002.605876
-50.0,50,1005.472173
-50.0,50,1008.240384
-50.0,50,1011.166606
-48.0,50,1014.045826
-50.0,50,1016.781665
-50.0,50,1019.570746
-50.0,50,1022.236228
-50.0,50,1024.968655
-50.0,50,1027.726215
-50.0,50,1028.258263
-50.0,50,1028.758811
-50.0,50,1029.240441
-50.0,50,1029.766455
-50.0,50,1030.24807
-50.0,50,1030.78426
-46.0,50,1031.319546
-46.0,50,1031.863594
-50.0,50,1032.419395
-50.0,50,1033.050449
-50.0,50,1035.743383
-50.0,50,1038.563138
-48.0,50,1041.433585
-50.0,50,1044.417249
-50.0,50,1047.061519
-50.0,50,1049.753239
-50.0,50,1052.922921
-50.0,50,1056.564261
-46.0,50,1059.858959
-50.0,50,1062.529578
-50.0,50,1065.198185
-50.0,50,1067.802446
-50.0,50,1070.416821
-47.0,50,1073.097039
-50.0,50,1075.724295
-50.0,50,1078.312207
-50.0,50,1080.972853
-50.0,50,1083.621779
-50.0,50,1086.638509
-50.0,50,1090.05828
-50.0,50,1093.117984
-50.0,50,1096.310671
-50.0,50,1099.688115
-50.0,50,1102.886235
-49.0,50,1106.40535
-50.0,50,1109.665064
-50.0,50,1113.804191
-50.0,50,1117.965726
-50.0,50,1121.310961
-50.0,50,1124.211442
-50.0,50,1127.821149
-50.0,50,1131.42742
-50.0,50,1135.100976
-46.0,50,1138.855697
-50.0,50,1142.510602
-50.0,50,1146.208799
-50.0,50,1149.900151
-50.0,50,1153.547906
-50.0,50,1157.173374
-50.0,50,1160.813443
-50.0,50,1164.520871
-50.0,50,1168.239575
-50.0,50,1171.838967
-50.0,50,1175.486052
-50.0,50,1179.145044
-50.0,50,1182.820303
-50.0,50,1186.484023
-50.0,50,1190.147837
-50.0,50,1193.858027
-42.0,50,1197.608161
-50.0,50,1198.232241
-50.0,50,1198.829383
-50.0,50,1199.426237
-50.0,50,1200.012274
-46.0,50,1200.579816
-50.0,50,1201.201986
-50.0,50,1201.776267
-50.0,50,1202.396144
-50.0,50,1202.900531
-27.0,50,1203.574257
-50.0,50,1207.267562
-50.0,50,1210.950964
-50.0,50,1214.676132
-50.0,50,1218.403966
-50.0,50,1222.052213
-50.0,50,1225.69564
-50.0,50,1229.431607
-50.0,50,1233.107506
-50.0,50,1236.758636
-50.0,50,1239.903128
-46.0,50,1243.138334
-50.0,50,1246.18663
-21.0,50,1249.272501
-20.0,50,1252.350516
-48.0,50,1255.418175
-50.0,50,1258.511153
-50.0,50,1261.793258
-32.0,50,1264.895626
-50.0,50,1268.149265
-50.0,50,1271.316521
-50.0,50,1274.985743
-50.0,50,1278.5868
-50.0,50,1282.296105
-50.0,50,1285.943873
-50.0,50,1289.648169
-50.0,50,1293.306021
-50.0,50,1296.97065
-50.0,50,1300.777147
-50.0,50,1304.405096
-50.0,50,1308.07468
-50.0,50,1311.799264
-46.0,50,1315.373555
-50.0,50,1319.172116
-41.0,50,1322.888372
-50.0,50,1326.594153
-50.0,50,1330.366254
-10.0,50,1334.129845
-50.0,50,1337.75274
-50.0,50,1341.498115
-50.0,50,1345.306212
-50.0,50,1349.121017
-50.0,50,1352.901051
-47.0,50,1356.693001
-33.0,50,1360.476866
-50.0,50,1364.266754
-50.0,50,1368.031653
-50.0,50,1371.821686
-50.0,50,1375.593885
-42.0,50,1379.406039
-50.0,50,1383.271989
-47.0,50,1383.824774
-50.0,50,1384.401212
-50.0,50,1384.962066
-50.0,50,1385.532827
-47.0,50,1386.067145
-47.0,50,1386.608202
-50.0,50,1387.190008
-50.0,50,1387.724413
-50.0,50,1388.282333
-50.0,50,1389.066621
-50.0,50,1392.844326
-50.0,50,1396.670903
-38.0,50,1400.49404
-50.0,50,1404.277675
-50.0,50,1408.196223
-47.0,50,1412.036894
-36.0,50,1415.824201
-38.0,50,1419.657893
-50.0,50,1423.415216
-50.0,50,1427.26194
-50.0,50,1431.14417
-50.0,50,1434.942199
-45.0,50,1438.766097
-50.0,50,1442.478397
-46.0,50,1446.250139
-47.0,50,1450.007778
-50.0,50,1453.851782
-47.0,50,1457.702675
-50.0,50,1461.603807
-50.0,50,1465.482893
-50.0,50,1469.299351
-50.0,50,1473.076274
-50.0,50,1476.846123
-50.0,50,1480.640808
-50.0,50,1484.510392
-50.0,50,1488.325266
-46.0,50,1492.191536
-50.0,50,1495.911955
-47.0,50,1499.754167
-12.0,50,1503.486289
-50.0,50,1507.390155
-50.0,50,1511.174423
-50.0,50,1515.126095
-44.0,50,1519.025928
-50.0,50,1522.788313
-45.0,50,1526.689467
-50.0,50,1530.502998
-50.0,50,1534.354976
-48.0,50,1538.197647
-47.0,50,1542.024611
-50.0,50,1545.78595
-50.0,50,1549.769961
-50.0,50,1553.526447
-45.0,50,1557.214033
-50.0,50,1560.771351
-50.0,50,1564.296101
-50.0,50,1568.201959
-50.0,50,1572.07291
-50.0,50,1575.992992
-50.0,50,1579.917955
-45.0,50,1580.510203
-20.0,50,1581.049387
-50.0,50,1581.662843
-50.0,50,1582.242127
-50.0,50,1582.804873
-50.0,50,1583.333777
-50.0,50,1583.972062
-47.0,50,1584.519346
-50.0,50,1585.054765
-47.0,50,1585.808037
-50.0,50,1589.651301
-50.0,50,1593.389436
-50.0,50,1597.229294
-50.0,50,1601.006435
-47.0,50,1604.838324
-50.0,50,1608.677916
-50.0,50,1612.598796
-50.0,50,1616.445296
-48.0,50,1620.358372
-50.0,50,1624.23859
-46.0,50,1628.094081
-47.0,50,1631.852245
-46.0,50,1635.682465
-48.0,50,1639.56889
-50.0,50,1643.483115
-47.0,50,1647.360992
-47.0,50,1651.321652
-47.0,50,1655.189763
-50.0,50,1659.021571
-20.0,50,1662.825625
-50.0,50,1666.684143
-24.0,50,1670.505414
-45.0,50,1674.303695
-47.0,50,1678.069538
-50.0,50,1681.901973
-50.0,50,1685.783363
-47.0,50,1689.506547
-49.0,50,1693.426891
-45.0,50,1697.207987
-50.0,50,1700.997567
-23.0,50,1704.810751
-50.0,50,1708.672687
-30.0,50,1712.466921
-50.0,50,1716.252648
-50.0,50,1720.107348
-47.0,50,1723.886463
-43.0,50,1727.61213
-50.0,50,1731.491455
-50.0,50,1735.352482
-50.0,50,1739.068936
-50.0,50,1742.886317
-25.0,50,1746.698157
-50.0,50,1750.451954
-46.0,50,1754.03232
-50.0,50,1757.547267
-50.0,50,1760.871422
-29.0,50,1764.181063
-50.0,50,1767.766785
-42.0,50,1771.594483
-50.0,50,1775.029288
-50.0,50,1775.656584
-50.0,50,1776.203023
-23.0,50,1776.808159
-21.0,50,1777.411551
-50.0,50,1778.01732
-50.0,50,1778.624806
-50.0,50,1779.159327
-50.0,50,1779.643964
-50.0,50,1780.174927
-50.0,50,1780.695578
-47.0,50,1784.243783
-27.0,50,1787.858946
-50.0,50,1791.396346
-50.0,50,1794.948304
-50.0,50,1798.500586
-46.0,50,1802.056952
-50.0,50,1805.543115
-50.0,50,1809.092794
-50.0,50,1812.655582
-50.0,50,1816.240433
-50.0,50,1819.779067
-10.0,50,1823.353702
-50.0,50,1826.84391
-50.0,50,1830.358818
-8.0,50,1833.798815
-50.0,50,1837.370373
-47.0,50,1840.944103
-50.0,50,1844.427449
-50.0,50,1847.947154
-50.0,50,1851.547473
-50.0,50,1855.022038
-50.0,50,1858.645772
-38.0,50,1862.1601
-31.0,50,1865.708662
-50.0,50,1869.260813
-50.0,50,1872.785851
-50.0,50,1876.302812
-20.0,50,1879.847353
-37.0,50,1883.360163
-47.0,50,1886.91303
-50.0,50,1890.416541
-47.0,50,1894.113533
-45.0,50,1897.678551
-50.0,50,1901.270535
-50.0,50,1904.816683
-44.0,50,1908.418958
-50.0,50,1911.97538
-37.0,50,1915.511294
-50.0,50,1919.113303
-50.0,50,1921.993054
-39.0,50,1924.769993
-39.0,50,1927.095538
-44.0,50,1929.468395
-26.0,50,1931.872667
-30.0,50,1934.219853
-44.0,50,1936.580905
-44.0,50,1938.936307
-50.0,50,1941.266971
-45.0,50,1943.559732
-23.0,50,1945.938356
-50.0,50,1946.325574
-50.0,50,1946.740968
-48.0,50,1947.185369
-50.0,50,1947.592198
-50.0,50,1947.996696
-28.0,50,1948.405796
-5.0,50,1948.822483
-48.0,50,1949.267586
-50.0,50,1949.626685
-50.0,50,1950.09521
-46.0,50,1952.396245
-50.0,50,1954.718525
-50.0,50,1957.028866
-45.0,50,1959.336698
-45.0,50,1961.620021
-50.0,50,1963.964914
-46.0,50,1966.8306
-50.0,50,1970.011757
-47.0,50,1973.108574
-43.0,50,1976.016755
-50.0,50,1978.8279
-50.0,50,1981.756071
-50.0,50,1984.365011
-47.0,50,1987.500221
-41.0,50,1990.112208
-50.0,50,1993.135446
-50.0,50,1995.934021
-50.0,50,1999.061455
-48.0,50,2001.552866
-50.0,50,2004.456256
-49.0,50,2008.026021
-44.0,50,2010.44047
-50.0,50,2013.124308
-50.0,50,2015.614419
-27.0,50,2019.210056
-50.0,50,2021.59198
-50.0,50,2024.315263
-50.0,50,2026.931372
-46.0,50,2029.439477
-44.0,50,2033.063159
-50.0,50,2035.498752
-50.0,50,2038.90375
-50.0,50,2041.629143
-50.0,50,2044.185714
-40.0,50,2047.04402
-48.0,50,2049.370651
-44.0,50,2051.738993
-50.0,50,2054.220552
-44.0,50,2056.589888
-50.0,50,2058.925813
-50.0,50,2061.219774
-43.0,50,2063.54073
-42.0,50,2066.118754
-50.0,50,2069.865203
-50.0,50,2072.400431
-47.0,50,2075.053091
-50.0,50,2077.857618
-50.0,50,2081.41065
-50.0,50,2084.285488
-50.0,50,2086.781265
-50.0,50,2087.214331
-50.0,50,2087.68431
-33.0,50,2088.171484
-49.0,50,2088.653728
-50.0,50,2089.051756
-50.0,50,2089.4621
-42.0,50,2089.878478
-50.0,50,2090.307669
-50.0,50,2090.758785
-36.0,50,2091.448626
-46.0,50,2094.591183
-50.0,50,2097.40076
-50.0,50,2099.817827
-50.0,50,2102.692288
-45.0,50,2105.171242
-8.0,50,2107.575117
-50.0,50,2109.985187
-50.0,50,2112.426761
-44.0,50,2114.766751
-49.0,50,2117.057137
-50.0,50,2119.471128
-50.0,50,2121.845032
-22.0,50,2124.25703
-50.0,50,2127.056892
-50.0,50,2129.861245
-50.0,50,2132.8058
-50.0,50,2135.802253
-50.0,50,2138.321901
-50.0,50,2141.425654
-18.0,50,2144.032732
-50.0,50,2147.384072
-50.0,50,2150.433635
-50.0,50,2152.866114
-50.0,50,2155.176845
-50.0,50,2157.482845
-44.0,50,2159.741316
-45.0,50,2162.053416
-50.0,50,2164.364685
-50.0,50,2166.614735
-50.0,50,2168.923196
-50.0,50,2171.165202
-36.0,50,2173.465369
-50.0,50,2175.785959
-50.0,50,2178.063256
-50.0,50,2180.357641
-50.0,50,2182.609628
-47.0,50,2184.933547
-50.0,50,2187.228975
-42.0,50,2189.469456
-50.0,50,2191.724394
-50.0,50,2194.056511
-34.0,50,2196.473953
-50.0,50,2198.794014
-47.0,50,2201.502927
-50.0,50,2204.269011
-50.0,50,2206.957666
-50.0,50,2209.374402
-50.0,50,2211.786861
-50.0,50,2214.052105
-18.0,50,2216.454262
-15.0,50,2216.923186
-46.0,50,2217.347039
-43.0,50,2217.756979
-45.0,50,2218.198677
-50.0,50,2218.657506
-50.0,50,2219.081898
-45.0,50,2219.525867
-50.0,50,2219.934374
-39.0,50,2220.334187
-33.0,50,2220.851312
-50.0,50,2223.295706
-50.0,50,2225.623423
-50.0,50,2227.991905
-50.0,50,2230.503685
-50.0,50,2232.914869
-35.0,50,2235.222839
-50.0,50,2237.497721
-50.0,50,2240.019859
-40.0,50,2242.759339
-50.0,50,2245.392903
-50.0,50,2248.012551
-50.0,50,2250.625554
-45.0,50,2253.330365
-50.0,50,2255.940546
-50.0,50,2258.534094
-50.0,50,2261.155057
-50.0,50,2263.779991
-50.0,50,2266.392601
-45.0,50,2269.003791
-27.0,50,2271.636681
-50.0,50,2274.240815
-45.0,50,2276.834066
-33.0,50,2279.402274
-50.0,50,2282.009775
-50.0,50,2284.633939
-50.0,50,2287.235253
-50.0,50,2289.819964
-21.0,50,2292.456342
-39.0,50,2295.068219
-50.0,50,2297.654663
-50.0,50,2300.241288
-50.0,50,2302.837162
-47.0,50,2305.431648
-29.0,50,2308.056416
-32.0,50,2310.650752
-50.0,50,2313.221552
-50.0,50,2315.891244
-44.0,50,2318.531517
-50.0,50,2321.13243
-22.0,50,2323.768333
-50.0,50,2326.364516
-28.0,50,2329.011968
-50.0,50,2331.594306
-50.0,50,2334.209935
-45.0,50,2336.827067
-47.0,50,2339.411983
-50.0,50,2342.027359
-50.0,50,2344.611665
-50.0,50,2347.250256
-40.0,50,2349.881879
-50.0,50,2350.316916
-42.0,50,2350.769912
-50.0,50,2351.19117
-50.0,50,2351.628124
-50.0,50,2352.066293
-50.0,50,2352.48761
-49.0,50,2352.914073
-50.0,50,2353.337759
-6.0,50,2353.784547
-45.0,50,2354.38006
-50.0,50,2357.007649
-46.0,50,2359.614158
-33.0,50,2362.209998
-50.0,50,2364.821688
-50.0,50,2367.428276
-50.0,50,2370.040683
-50.0,50,2372.631472
-50.0,50,2375.214032
-46.0,50,2377.81179
-50.0,50,2380.392742
-50.0,50,2383.017467
-50.0,50,2385.622507
-47.0,50,2388.195358
-50.0,50,2390.755563
-50.0,50,2393.426055
-50.0,50,2396.034795
-50.0,50,2398.618362
-50.0,50,2401.219268
-50.0,50,2403.803895
-46.0,50,2406.386332
-46.0,50,2409.023262
-44.0,50,2411.632199
-50.0,50,2414.246414
-47.0,50,2416.866549
-46.0,50,2419.426087
-50.0,50,2422.018017
-44.0,50,2424.646216
-50.0,50,2427.26996
-34.0,50,2429.854023
-46.0,50,2432.469006
-50.0,50,2435.10002
-49.0,50,2437.699721
-50.0,50,2440.283157
-47.0,50,2442.881571
-42.0,50,2445.422667
-47.0,50,2448.08905
-44.0,50,2450.655577
-50.0,50,2453.278207
-50.0,50,2455.867957
-50.0,50,2458.446763
-50.0,50,2461.050071
-50.0,50,2463.639386
-50.0,50,2466.234614
-50.0,50,2468.833991
-50.0,50,2471.485912
-50.0,50,2474.044549
-33.0,50,2476.656141
-50.0,50,2479.296594
-50.0,50,2481.859748
-50.0,50,2484.488556
-50.0,50,2484.957174
-50.0,50,2485.389133
-50.0,50,2485.819459
-50.0,50,2486.237378
-30.0,50,2486.678499
-32.0,50,2487.121834
-50.0,50,2487.548514
-50.0,50,2488.001438
-24.0,50,2488.413495
-50.0,50,2488.875565
-45.0,50,2491.49753
-50.0,50,2494.11266
-50.0,50,2496.701433
-48.0,50,2499.27937
-36.0,50,2501.872755
-46.0,50,2504.504603
-37.0,50,2507.11149
-50.0,50,2509.659876
-50.0,50,2512.240292
-50.0,50,2514.88834
-50.0,50,2517.499252
-50.0,50,2520.122479
-50.0,50,2522.73068
-50.0,50,2525.284999
-50.0,50,2527.887996
-50.0,50,2530.49446
-50.0,50,2533.089881
-50.0,50,2535.700988
-50.0,50,2538.31276
-50.0,50,2540.904464
-48.0,50,2543.51583
-50.0,50,2546.107614
-50.0,50,2548.654977
-50.0,50,2551.258969
-50.0,50,2553.828247
-50.0,50,2556.439256
-44.0,50,2559.054522
-48.0,50,2561.686755
-50.0,50,2564.297541
-50.0,50,2566.887423
-50.0,50,2569.462851
-50.0,50,2572.062408
-50.0,50,2574.610573
-15.0,50,2577.222443
-50.0,50,2579.846373
-50.0,50,2582.448248
-47.0,50,2584.991428
-42.0,50,2587.636643
-50.0,50,2590.178161
-50.0,50,2592.824871
-50.0,50,2595.440874
-15.0,50,2598.000892
-46.0,50,2600.629999
-43.0,50,2603.196155
-50.0,50,2605.790591
-46.0,50,2608.388781
-44.0,50,2610.983306
-47.0,50,2613.602149
-23.0,50,2616.192674
-46.0,50,2618.818932
-50.0,50,2619.254451
-50.0,50,2619.715238
-25.0,50,2620.155673
-50.0,50,2620.56319
-16.0,50,2621.013283
-49.0,50,2621.467279
-50.0,50,2621.954188
-50.0,50,2622.359803
-50.0,50,2622.825179
-50.0,50,2623.300137
-50.0,50,2625.911747
-50.0,50,2628.505175
-50.0,50,2631.076159
-44.0,50,2633.729914
-50.0,50,2636.27925
-50.0,50,2638.86388
-32.0,50,2641.500346
-50.0,50,2644.130318
-50.0,50,2646.728076
-50.0,50,2649.281077
-50.0,50,2651.866827
-50.0,50,2654.493932
-50.0,50,2657.117406
-50.0,50,2659.677281
-49.0,50,2662.317977
-50.0,50,2664.894578
-49.0,50,2667.483503
-50.0,50,2670.115957
-46.0,50,2672.70261
-45.0,50,2675.277634
-50.0,50,2677.900365
-46.0,50,2680.4835
-50.0,50,2683.141091
-47.0,50,2685.689815
-50.0,50,2688.337495
-50.0,50,2690.897097
-50.0,50,2693.50006
-47.0,50,2696.085038
-45.0,50,2698.688763
-50.0,50,2701.275726
-50.0,50,2703.896093
-42.0,50,2706.448453
-49.0,50,2709.087519
-46.0,50,2711.662486
-9.0,50,2714.301751
-38.0,50,2716.890254
-50.0,50,2719.447068
-23.0,50,2722.064784
-46.0,50,2724.669207
-44.0,50,2727.259436
-46.0,50,2729.845387
-39.0,50,2732.471188
-26.0,50,2735.057352
-50.0,50,2737.647084
-50.0,50,2740.240494
-50.0,50,2742.954131
-50.0,50,2745.771904
-50.0,50,2748.489351
-50.0,50,2751.124944
-28.0,50,2753.695631
-36.0,50,2754.117016
-48.0,50,2754.519148
-28.0,50,2754.960097
-33.0,50,2755.39907
-50.0,50,2755.812118
-14.0,50,2756.266712
-50.0,50,2756.688063
-29.0,50,2757.095431
-36.0,50,2757.514327
-50.0,50,2758.071967
-43.0,50,2760.676808
-47.0,50,2763.305534
-50.0,50,2765.87471
-50.0,50,2768.443664
-50.0,50,2771.086139
-46.0,50,2773.699425
-43.0,50,2776.29247
-31.0,50,2778.895109
-43.0,50,2781.418887
-50.0,50,2784.050307
-50.0,50,2786.679897
-45.0,50,2789.257146
-50.0,50,2791.848529
-50.0,50,2794.43421
-33.0,50,2797.06318
-50.0,50,2799.625907
-50.0,50,2802.261704
-50.0,50,2804.855956
-50.0,50,2807.45866
-44.0,50,2810.058753
-50.0,50,2812.683546
-50.0,50,2815.289866
-31.0,50,2817.892901
-50.0,50,2820.479879
-26.0,50,2823.097571
-13.0,50,2825.69262
-50.0,50,2828.373407
-33.0,50,2830.95687
-50.0,50,2833.518793
-50.0,50,2836.174676
-50.0,50,2838.770846
-40.0,50,2841.355571
-41.0,50,2843.989118
-50.0,50,2846.550897
-28.0,50,2849.184597
-44.0,50,2851.744189
-50.0,50,2854.35631
-48.0,50,2856.966927
-50.0,50,2859.563651
-50.0,50,2862.127646
-31.0,50,2864.768011
-50.0,50,2867.350251
-48.0,50,2869.900388
-47.0,50,2872.551137
-42.0,50,2875.111614
-50.0,50,2877.698994
-50.0,50,2880.299879
-40.0,50,2882.890568
-43.0,50,2885.507225
-19.0,50,2888.118895
-50.0,50,2888.550365
-12.0,50,2888.97252
-45.0,50,2889.386483
-48.0,50,2889.807445
-48.0,50,2890.198503
-43.0,50,2890.643928
-50.0,50,2891.077466
-13.0,50,2891.482183
-50.0,50,2891.919191
-43.0,50,2892.539579
-29.0,50,2895.183614
-34.0,50,2897.734929
-50.0,50,2900.311256
-45.0,50,2902.919115
-50.0,50,2905.562961
-50.0,50,2908.158092
-50.0,50,2910.778591
-48.0,50,2913.408899
-45.0,50,2916.014924
-38.0,50,2918.590613
-50.0,50,2921.17912
-45.0,50,2923.761984
-50.0,50,2926.377514
-14.0,50,2928.971737
-25.0,50,2931.589638
-28.0,50,2934.176691
-43.0,50,2936.775545
-50.0,50,2939.366659
-50.0,50,2941.962032
-48.0,50,2944.596598
-41.0,50,2947.165649
-50.0,50,2949.781379
-45.0,50,2952.40012
-50.0,50,2954.964556
-50.0,50,2957.573793
-48.0,50,2960.161289
-50.0,50,2962.753829
-50.0,50,2965.341671
-39.0,50,2967.979348
-50.0,50,2970.563423
-50.0,50,2973.148203
-50.0,50,2975.762442
-48.0,50,2978.333288
-43.0,50,2980.941174
-50.0,50,2983.524995
-50.0,50,2986.132625
-50.0,50,2988.720612
-44.0,50,2991.305755
-47.0,50,2993.960384
-3.0,50,2996.53465
-50.0,50,2999.106928
-50.0,50,3001.679051
-50.0,50,3004.328671
-50.0,50,3006.920078
-45.0,50,3009.507498
-50.0,50,3012.112537
-50.0,50,3014.682099
-47.0,50,3017.340503
-50.0,50,3019.941127
-50.0,50,3022.507373
-50.0,50,3022.937092
-50.0,50,3023.371318
-27.0,50,3023.804904
-23.0,50,3024.207396
-35.0,50,3024.694545
-23.0,50,3025.154062
-50.0,50,3025.606508
-15.0,50,3026.031096
-43.0,50,3026.46114
-24.0,50,3026.988579
-47.0,50,3029.623511
-48.0,50,3032.192291
-50.0,50,3034.834648
-50.0,50,3037.425925
-50.0,50,3040.039057
-50.0,50,3042.596058
-43.0,50,3045.175354
-50.0,50,3047.778917
-46.0,50,3050.360383
-50.0,50,3052.985004
-49.0,50,3055.615515
-47.0,50,3058.229483
-27.0,50,3060.827441
-50.0,50,3063.439296
-50.0,50,3066.027942
-50.0,50,3068.630898
-37.0,50,3071.189694
-50.0,50,3073.808737
-28.0,50,3076.456273
-50.0,50,3079.028403
-50.0,50,3081.647139
-50.0,50,3084.211711
-47.0,50,3086.81137
-50.0,50,3089.412634
-50.0,50,3091.990489
-47.0,50,3094.602457
-50.0,50,3097.154194
-43.0,50,3099.814541
-50.0,50,3102.413369
-50.0,50,3104.973116
-50.0,50,3107.552359
-50.0,50,3110.144392
-50.0,50,3112.853361
-41.0,50,3115.51211
-39.0,50,3118.15881
-17.0,50,3120.883502
-31.0,50,3123.450817
-36.0,50,3125.772288
-45.0,50,3128.10184
-50.0,50,3130.732575
-47.0,50,3133.218662
-40.0,50,3135.865148
-47.0,50,3138.515622
-43.0,50,3141.221178
-50.0,50,3143.893091
-36.0,50,3146.722151
-44.0,50,3149.679066
-37.0,50,3152.639006
-50.0,50,3155.437268
-50.0,50,3158.056941
-44.0,50,3158.470623
-32.0,50,3158.862811
-33.0,50,3159.292039
-50.0,50,3159.698982
-10.0,50,3160.126559
-21.0,50,3160.536931
-21.0,50,3160.961764
-31.0,50,3161.343522
-50.0,50,3161.782296
-50.0,50,3162.361995
-50.0,50,3164.714101
-44.0,50,3167.142048
-24.0,50,3169.640496
-29.0,50,3172.056193
-50.0,50,3174.384274
-42.0,50,3176.812542
-40.0,50,3179.12748
-23.0,50,3181.454645
-45.0,50,3183.889348
-43.0,50,3186.179872
-50.0,50,3188.511629
-41.0,50,3190.874719
-50.0,50,3193.379236
-22.0,50,3195.818826
-50.0,50,3198.356491
-49.0,50,3200.774947
-31.0,50,3203.060421
-50.0,50,3205.459192
-36.0,50,3207.777545
-41.0,50,3210.033831
-46.0,50,3212.37774
-50.0,50,3214.72627
-32.0,50,3217.237885
-45.0,50,3219.733493
-40.0,50,3222.491127
-40.0,50,3225.017249
-50.0,50,3227.411795
-50.0,50,3230.064476
-50.0,50,3232.325354
-32.0,50,3234.624303
-16.0,50,3237.157517
-37.0,50,3239.525928
-46.0,50,3241.841547
-46.0,50,3244.413316
-50.0,50,3246.945932
-43.0,50,3249.303655
-45.0,50,3251.58456
-50.0,50,3253.840989
-50.0,50,3256.174497
-47.0,50,3258.512674
-50.0,50,3261.103762
-24.0,50,3263.61654
-45.0,50,3266.071169
-45.0,50,3268.600603
-49.0,50,3271.020579
-50.0,50,3273.364966
-50.0,50,3275.685914
-45.0,50,3278.152395
-40.0,50,3280.509557
-13.0,50,3282.78253
-24.0,50,3283.180417
-50.0,50,3283.605107
-12.0,50,3283.990394
-50.0,50,3284.421083
-50.0,50,3284.866436
-23.0,50,3285.281751
-50.0,50,3285.698492
-30.0,50,3286.114039
-50.0,50,3286.517991
-50.0,50,3286.9954
-37.0,50,3289.313138
-50.0,50,3291.628345
-50.0,50,3293.875866
-24.0,50,3296.339794
-34.0,50,3298.933305
-48.0,50,3301.34404
-50.0,50,3303.847693
-50.0,50,3306.18535
-46.0,50,3308.44084
-47.0,50,3310.743459
-49.0,50,3313.124523
-50.0,50,3315.839742
-25.0,50,3318.66373
-50.0,50,3321.1468
-50.0,50,3323.599283
-50.0,50,3326.803253
-50.0,50,3330.616591
-40.0,50,3333.625463
-50.0,50,3336.507546
-29.0,50,3339.435493
-50.0,50,3342.059509
-50.0,50,3345.193688
-50.0,50,3348.661968
-50.0,50,3352.11184
-33.0,50,3355.597572
-50.0,50,3359.030942
-50.0,50,3362.390292
-50.0,50,3365.813948
-50.0,50,3369.111306
-50.0,50,3372.544719
-47.0,50,3375.943417
-50.0,50,3379.356224
-43.0,50,3382.682601
-47.0,50,3385.981273
-29.0,50,3389.199934
-38.0,50,3392.466381
-32.0,50,3395.724209
-30.0,50,3398.930577
-50.0,50,3402.165072
-50.0,50,3405.500384
-50.0,50,3408.754644
-50.0,50,3411.937324
-25.0,50,3415.183389
-46.0,50,3418.407186
-50.0,50,3421.580719
-50.0,50,3424.843825
-24.0,50,3428.070781
-50.0,50,3431.316263
-43.0,50,3434.637582
-23.0,50,3437.82852
-19.0,50,3438.368092
-40.0,50,3438.875306
-39.0,50,3439.397896
-50.0,50,3439.842789
-28.0,50,3440.367834
-23.0,50,3440.912771
-46.0,50,3441.424915
-50.0,50,3441.927
-22.0,50,3442.364886
-50.0,50,3442.865214
-13.0,50,3446.477855
-43.0,50,3450.252455
-50.0,50,3453.209274
-50.0,50,3455.76
-39.0,50,3458.44567
-50.0,50,3461.446581
-49.0,50,3464.159481
-50.0,50,3466.617621
-31.0,50,3469.72765
-50.0,50,3473.495131
-50.0,50,3476.311683
-48.0,50,3479.588284
-37.0,50,3482.259468
-41.0,50,3485.575512
-18.0,50,3489.381275
-50.0,50,3492.729741
-38.0,50,3496.097095
-43.0,50,3499.45111
-50.0,50,3502.874526
-47.0,50,3506.131308
-50.0,50,3509.370854
-50.0,50,3512.588928
-42.0,50,3515.875677
-48.0,50,3519.107039
-46.0,50,3522.28423
-50.0,50,3525.627071
-43.0,50,3528.821673
-50.0,50,3532.040351
-42.0,50,3535.282306
-50.0,50,3538.542171
-50.0,50,3541.869662
-50.0,50,3545.123732
-46.0,50,3548.571759
-43.0,50,3551.904687
-44.0,50,3555.316124
-50.0,50,3558.691125
-37.0,50,3562.149589
-28.0,50,3565.536259
-50.0,50,3569.072145
-50.0,50,3572.785508
-48.0,50,3576.442161
-35.0,50,3580.068979
-47.0,50,3583.415937
-25.0,50,3586.69022
-46.0,50,3590.001678
-18.0,50,3593.32378
-39.0,50,3596.994465
-50.0,50,3600.355882
-47.0,50,3603.822693
-35.0,50,3607.364273
-27.0,50,3607.899191
-45.0,50,3608.44928
-41.0,50,3608.95697
-26.0,50,3609.480757
-25.0,50,3610.004908
-44.0,50,3610.530772
-23.0,50,3611.027424
-43.0,50,3611.567739
-50.0,50,3612.080469
-28.0,50,3612.591237
-50.0,50,3615.97311
-45.0,50,3619.59918
-43.0,50,3623.036427
-49.0,50,3626.476967
-44.0,50,3630.103559
-38.0,50,3633.692812
-50.0,50,3637.118004
-50.0,50,3640.547746
-50.0,50,3643.951182
-50.0,50,3647.164834
-49.0,50,3650.521477
-50.0,50,3654.010192
-50.0,50,3657.446909
-50.0,50,3660.801522
-50.0,50,3664.304988
-12.0,50,3667.777426
-41.0,50,3671.469455
-50.0,50,3674.910967
-13.0,50,3678.224842
-50.0,50,3681.542978
-50.0,50,3684.887352
-50.0,50,3688.110374
-48.0,50,3691.35797
-50.0,50,3694.65887
-50.0,50,3697.946543
-50.0,50,3701.125247
-50.0,50,3704.437904
-50.0,50,3707.645506
-48.0,50,3710.856389
-50.0,50,3714.114674
-50.0,50,3717.336339
-15.0,50,3720.643456
-50.0,50,3724.068012
-44.0,50,3727.585237
-50.0,50,3731.316586
-40.0,50,3734.972246
-46.0,50,3738.372252
-50.0,50,3741.70721
-45.0,50,3745.227999
-50.0,50,3748.630196
-44.0,50,3751.952499
-44.0,50,3755.393776
-29.0,50,3758.880789
-50.0,50,3762.277209
-50.0,50,3765.720551
-50.0,50,3769.063225
-50.0,50,3772.375488
-45.0,50,3775.829237
-44.0,50,3779.210049
-37.0,50,3782.647318
-12.0,50,3783.128138
-33.0,50,3783.695469
-29.0,50,3784.218453
-25.0,50,3784.731425
-19.0,50,3785.201452
-38.0,50,3785.70261
-22.0,50,3786.20882
-43.0,50,3786.691645
-20.0,50,3787.190763
-30.0,50,3787.703999
-50.0,50,3791.017905
-48.0,50,3794.404054
-50.0,50,3797.747395
-50.0,50,3801.164456
-50.0,50,3804.575089
-50.0,50,3807.979435
-44.0,50,3811.339501
-50.0,50,3814.708966
-22.0,50,3818.029772
-44.0,50,3821.419075
-50.0,50,3824.911562
-31.0,50,3828.252816
-50.0,50,3831.564841
-45.0,50,3835.009031
-50.0,50,3838.33521
-29.0,50,3841.680436
-50.0,50,3845.137004
-22.0,50,3848.576355
-43.0,50,3851.978651
-44.0,50,3855.391051
-36.0,50,3858.352046
-50.0,50,3861.546449
-50.0,50,3864.421438
-50.0,50,3867.03492
-50.0,50,3869.603757
-50.0,50,3872.183016
-50.0,50,3875.032542
-50.0,50,3877.825533
-50.0,50,3880.595138
-50.0,50,3882.904402
-40.0,50,3885.381808
-50.0,50,3888.133237
-50.0,50,3891.463818
-40.0,50,3894.098139
-50.0,50,3896.614918
-50.0,50,3899.024831
-47.0,50,3901.321862
-50.0,50,3903.637078
-50.0,50,3905.940803
-50.0,50,3909.031091
-22.0,50,3911.941679
-40.0,50,3914.540501
-50.0,50,3917.721691
-50.0,50,3920.616623
-50.0,50,3923.984334
-50.0,50,3926.546459
-50.0,50,3929.040961
-50.0,50,3931.515682
-30.0,50,3934.048436
-50.0,50,3937.624782
-24.0,50,3938.14608
-50.0,50,3938.616776
-28.0,50,3939.105736
-38.0,50,3939.538081
-50.0,50,3939.992913
-42.0,50,3940.437005
-50.0,50,3940.860175
-19.0,50,3941.322354
-47.0,50,3941.77125
-10.0,50,3942.308829
-50.0,50,3945.144295
-38.0,50,3947.608431
-16.0,50,3950.066564
-50.0,50,3952.465223
-50.0,50,3955.60662
-46.0,50,3958.442245
-27.0,50,3960.958672
-29.0,50,3964.214275
-50.0,50,3967.58707
-50.0,50,3970.114716
-50.0,50,3973.530408
-50.0,50,3975.884739
-44.0,50,3978.777598
-50.0,50,3982.272689
-24.0,50,3984.880772
-28.0,50,3987.720164
-50.0,50,3990.19713
-42.0,50,3992.612074
-45.0,50,3995.517019
-48.0,50,3998.750487
-36.0,50,4001.27636
-50.0,50,4004.237941
-50.0,50,4006.727385
-50.0,50,4009.590795
-41.0,50,4012.877319
-42.0,50,4015.374508
-50.0,50,4018.212405
-42.0,50,4020.554478
-50.0,50,4022.905455
-45.0,50,4025.82984
-46.0,50,4028.312069
-41.0,50,4031.134279
-45.0,50,4033.887144
-50.0,50,4036.343844
-50.0,50,4039.42922
-19.0,50,4042.051146
-50.0,50,4044.591546
-50.0,50,4046.909891
-50.0,50,4049.184997
-46.0,50,4051.539339
-50.0,50,4053.827132
-50.0,50,4056.145391
-50.0,50,4058.453549
-29.0,50,4060.816962
-50.0,50,4063.152465
-50.0,50,4065.666483
-45.0,50,4068.015038
-50.0,50,4071.170006
-48.0,50,4073.707345
-42.0,50,4076.862755
-33.0,50,4077.364359
-45.0,50,4078.234568
-24.0,50,4078.821811
-50.0,50,4079.385353
-27.0,50,4079.854825
-27.0,50,4080.312511
-50.0,50,4080.784666
-23.0,50,4081.212753
-38.0,50,4081.738089
-50.0,50,4082.210181
-50.0,50,4084.875542
-48.0,50,4088.421235
-37.0,50,4091.327702
-50.0,50,4093.957546
-50.0,50,4096.8156
-40.0,50,4099.369295
-50.0,50,4101.862197
-23.0,50,4104.312954
-45.0,50,4106.770125
-39.0,50,4109.121202
-50.0,50,4111.515416
-9.0,50,4113.85064
-50.0,50,4116.433482
-34.0,50,4119.369872
-39.0,50,4122.796035
-16.0,50,4125.390965
-50.0,50,4129.017337
-50.0,50,4131.963686
-50.0,50,4134.453606
-50.0,50,4137.278635
-50.0,50,4139.539513
-46.0,50,4142.371336
-47.0,50,4145.150738
-50.0,50,4149.087784
-47.0,50,4151.494521
-50.0,50,4154.325378
-2.0,50,4157.607421
-50.0,50,4160.165246
-47.0,50,4163.156394
-50.0,50,4166.397767
-50.0,50,4169.04327
-24.0,50,4172.374547
-45.0,50,4174.743713
-50.0,50,4177.497767
-39.0,50,4180.958017
-50.0,50,4183.620625
-50.0,50,4186.495787
-50.0,50,4189.745821
-12.0,50,4192.217585
-34.0,50,4195.000752
-46.0,50,4198.328543
-50.0,50,4201.036859
-50.0,50,4203.60169
-47.0,50,4206.398539
-35.0,50,4208.918717
-48.0,50,4212.192122
-37.0,50,4215.582477
-46.0,50,4218.043815
-46.0,50,4220.883214
-22.0,50,4223.436812
-31.0,50,4223.887034
-15.0,50,4224.344345
-37.0,50,4224.805779
-37.0,50,4225.24698
-50.0,50,4225.675186
-28.0,50,4226.147011
-50.0,50,4226.679861
-12.0,50,4227.205328
-13.0,50,4227.653337
-50.0,50,4228.143686
-50.0,50,4231.634753
-50.0,50,4234.1485
-45.0,50,4236.966084
-18.0,50,4239.332461
-42.0,50,4241.644183
-50.0,50,4244.22112
-50.0,50,4246.503734
-44.0,50,4248.952796
-50.0,50,4251.387767
-50.0,50,4253.80586
-50.0,50,4256.301788
-50.0,50,4258.665247
-45.0,50,4261.100397
-50.0,50,4263.439214
-50.0,50,4265.711893
-48.0,50,4268.037135
-50.0,50,4270.335054
-50.0,50,4273.194102
-50.0,50,4276.140273
-46.0,50,4281.455922
-50.0,50,4284.166732
-47.0,50,4286.751248
-50.0,50,4290.028963
-50.0,50,4292.61646
-50.0,50,4295.437551
-46.0,50,4297.808843
-40.0,50,4300.234122
-50.0,50,4302.701645
-50.0,50,4304.962298
-46.0,50,4307.340358
-46.0,50,4309.682994
-21.0,50,4312.221241
-50.0,50,4315.269988
-50.0,50,4318.591178
-50.0,50,4321.199756
-50.0,50,4324.382781
-50.0,50,4327.486507
-47.0,50,4331.377145
-50.0,50,4333.899209
-22.0,50,4336.431716
-45.0,50,4339.243335
-47.0,50,4341.681938
-50.0,50,4344.134782
-49.0,50,4346.50081
-50.0,50,4348.898607
-29.0,50,4351.25488
-45.0,50,4353.730439
-27.0,50,4356.640771
-50.0,50,4360.596314
-14.0,50,4362.989833
-26.0,50,4363.408311
-50.0,50,4363.840184
-30.0,50,4364.273395
-46.0,50,4364.705778
-31.0,50,4365.113405
-37.0,50,4365.521222
-18.0,50,4365.95534
-23.0,50,4366.377499
-33.0,50,4366.778907
-31.0,50,4367.378382
-50.0,50,4369.730372
-47.0,50,4372.027199
-42.0,50,4374.53234
-47.0,50,4377.013297
-50.0,50,4379.62408
-50.0,50,4382.002606
-50.0,50,4384.46191
-14.0,50,4386.762793
-43.0,50,4389.080178
-50.0,50,4391.59514
-25.0,50,4394.133895
-43.0,50,4396.532643
-50.0,50,4399.069093
-21.0,50,4401.71541
-25.0,50,4404.104114
-19.0,50,4406.640402
-46.0,50,4409.052881
-44.0,50,4411.481114
-45.0,50,4413.842207
-50.0,50,4416.281321
-50.0,50,4418.735328
-50.0,50,4421.024583
-50.0,50,4423.367553
-43.0,50,4425.724428
-50.0,50,4428.203727
-35.0,50,4430.843363
-27.0,50,4433.440061
-50.0,50,4435.815395
-50.0,50,4438.245881
-24.0,50,4440.85168
-20.0,50,4443.394276
-45.0,50,4445.805471
-50.0,50,4448.140754
-45.0,50,4450.735985
-36.0,50,4453.677241
-33.0,50,4456.107609
-26.0,50,4458.511065
-50.0,50,4460.954674
-50.0,50,4463.221156
-50.0,50,4465.501804
-50.0,50,4467.818084
-34.0,50,4470.087075
-50.0,50,4472.442074
-19.0,50,4474.708475
-50.0,50,4477.007708
-46.0,50,4479.303998
-50.0,50,4481.608135
-48.0,50,4483.861059
-40.0,50,4486.174288
-39.0,50,4488.468422
-42.0,50,4488.878222
-50.0,50,4489.296405
-50.0,50,4489.693845
-23.0,50,4490.08257
-50.0,50,4490.467216
-50.0,50,4490.864664
-10.0,50,4491.316216
-19.0,50,4491.759852
-16.0,50,4492.176144
