# {"t_start": 1582283643.2531893, "env_id": "FetchPickAndPlaceAir-v1"} 
r,l,t
-50.0,50,6.873527
-50.0,50,9.691212
-50.0,50,12.356592
-50.0,50,15.038303
-50.0,50,17.642533
-50.0,50,20.272112
-50.0,50,22.885396
-50.0,50,25.528083
-50.0,50,28.174729
-50.0,50,30.809432
-50.0,50,33.397336
-50.0,50,35.999936
-50.0,50,38.596231
-50.0,50,41.299221
-50.0,50,43.893364
-50.0,50,46.546847
-50.0,50,49.175986
-50.0,50,51.781809
-50.0,50,54.43681
-50.0,50,57.064849
-50.0,50,59.63112
-50.0,50,62.280881
-50.0,50,64.900088
-50.0,50,67.570752
-50.0,50,70.214514
-50.0,50,72.778715
-50.0,50,75.410472
-50.0,50,78.044545
-50.0,50,80.707264
-50.0,50,83.271351
-50.0,50,85.909923
-50.0,50,88.466277
-50.0,50,91.129486
-50.0,50,93.771176
-50.0,50,96.36852
-50.0,50,99.003959
-50.0,50,101.64214
-50.0,50,104.217209
-50.0,50,106.873435
-50.0,50,109.505021
-50.0,50,112.113272
-50.0,50,114.735445
-50.0,50,117.331823
-50.0,50,119.96318
-50.0,50,122.599182
-50.0,50,125.235021
-50.0,50,127.861223
-50.0,50,130.476579
-50.0,50,133.15581
-50.0,50,135.741357
-50.0,50,138.380091
-50.0,50,138.812118
-50.0,50,139.206059
-50.0,50,139.617015
-50.0,50,140.00521
-50.0,50,140.398094
-50.0,50,140.818827
-50.0,50,141.243613
-50.0,50,141.632216
-50.0,50,142.05087
-50.0,50,142.785855
-50.0,50,145.398965
-50.0,50,148.050325
-50.0,50,150.645676
-50.0,50,153.278986
-50.0,50,155.933465
-50.0,50,158.558069
-50.0,50,161.17878
-50.0,50,163.775757
-50.0,50,166.385195
-50.0,50,169.005139
-50.0,50,171.690669
-50.0,50,174.341755
-50.0,50,176.93214
-50.0,50,179.550309
-50.0,50,182.174068
-50.0,50,184.884995
-50.0,50,187.492889
-50.0,50,190.14272
-50.0,50,192.7323
-50.0,50,195.321543
-50.0,50,197.989885
-50.0,50,200.601643
-50.0,50,203.234685
-50.0,50,205.86191
-50.0,50,208.459242
-50.0,50,211.083843
-50.0,50,213.696556
-50.0,50,216.307804
-50.0,50,218.921372
-50.0,50,221.519967
-50.0,50,224.152335
-50.0,50,226.809084
-50.0,50,229.392933
-50.0,50,232.052596
-50.0,50,234.673502
-50.0,50,237.279783
-50.0,50,239.894643
-50.0,50,242.51226
-50.0,50,245.112868
-50.0,50,247.762177
-50.0,50,250.441208
-50.0,50,253.049917
-50.0,50,255.686026
-50.0,50,258.313943
-50.0,50,260.871769
-50.0,50,263.535251
-50.0,50,266.166283
-50.0,50,268.815082
-50.0,50,271.412488
-50.0,50,274.045433
-50.0,50,274.477112
-50.0,50,274.875642
-50.0,50,275.285019
-50.0,50,275.690563
-50.0,50,276.108727
-50.0,50,276.54335
-50.0,50,276.953237
-50.0,50,277.364226
-50.0,50,277.753731
-50.0,50,278.312856
-50.0,50,280.958743
-50.0,50,283.607234
-50.0,50,286.234296
-50.0,50,288.821816
-50.0,50,291.478665
-50.0,50,294.072334
-50.0,50,296.713875
-50.0,50,299.349541
-50.0,50,301.973826
-50.0,50,304.614822
-50.0,50,307.245499
-50.0,50,309.881369
-50.0,50,312.507313
-50.0,50,315.168237
-50.0,50,317.726525
-50.0,50,320.423057
-50.0,50,323.064997
-50.0,50,325.700405
-50.0,50,328.29421
-50.0,50,330.969702
-50.0,50,333.526774
-50.0,50,336.180567
-50.0,50,338.788143
-50.0,50,341.457009
-50.0,50,344.078709
-50.0,50,346.699307
-50.0,50,349.298429
-50.0,50,351.941712
-50.0,50,354.585303
-50.0,50,357.205116
-50.0,50,359.827508
-50.0,50,362.451586
-50.0,50,365.06514
-50.0,50,367.621156
-50.0,50,370.272611
-50.0,50,372.893652
-50.0,50,375.497412
-50.0,50,378.085045
-50.0,50,380.862194
-50.0,50,383.658713
-50.0,50,386.440318
-50.0,50,389.153597
-50.0,50,391.962497
-50.0,50,394.81617
-50.0,50,397.516976
-50.0,50,400.275985
-50.0,50,402.975385
-50.0,50,405.619869
-50.0,50,408.224105
-50.0,50,410.919216
-50.0,50,411.325801
-50.0,50,411.75972
-50.0,50,412.199259
-50.0,50,412.587316
-50.0,50,413.007205
-50.0,50,413.426383
-50.0,50,413.831923
-50.0,50,414.244798
-50.0,50,414.674186
-50.0,50,415.194357
-50.0,50,417.851391
-50.0,50,420.478392
-50.0,50,423.076857
-50.0,50,425.70206
-50.0,50,428.3153
-50.0,50,430.937746
-50.0,50,433.538379
-50.0,50,436.143003
-50.0,50,438.766555
-50.0,50,441.375139
-50.0,50,443.981987
-50.0,50,446.6175
-50.0,50,449.245014
-50.0,50,451.814024
-50.0,50,454.424079
-50.0,50,457.032821
-50.0,50,459.65105
-50.0,50,462.259141
-50.0,50,464.882903
-50.0,50,467.497739
-50.0,50,470.117215
-50.0,50,472.710593
-50.0,50,475.354342
-50.0,50,477.91572
-50.0,50,480.553924
-50.0,50,483.189707
-50.0,50,486.343026
-50.0,50,490.149397
-50.0,50,493.293818
-50.0,50,496.015069
-50.0,50,498.839957
-50.0,50,501.5252
-50.0,50,504.265769
-50.0,50,506.930405
-50.0,50,509.640483
-50.0,50,512.281816
-50.0,50,515.049564
-50.0,50,517.724471
-50.0,50,520.570942
-50.0,50,523.271833
-50.0,50,526.00642
-50.0,50,528.717057
-50.0,50,531.337516
-50.0,50,534.005428
-50.0,50,536.756567
-50.0,50,539.397647
-50.0,50,542.06603
-50.0,50,544.697075
-50.0,50,547.391999
-50.0,50,550.099293
-50.0,50,550.516907
-50.0,50,550.922748
-50.0,50,551.392642
-50.0,50,551.825258
-50.0,50,552.240818
-50.0,50,552.674606
-50.0,50,553.086356
-50.0,50,553.513967
-50.0,50,553.915215
-50.0,50,554.684905
-50.0,50,557.323239
-50.0,50,559.992536
-50.0,50,562.616659
-50.0,50,565.23244
-50.0,50,567.849689
-50.0,50,570.481632
-50.0,50,573.121712
-50.0,50,575.75037
-50.0,50,578.380713
-50.0,50,581.017461
-50.0,50,583.62587
-50.0,50,586.259739
-50.0,50,588.914723
-50.0,50,591.511094
-50.0,50,594.135414
-50.0,50,596.772115
-50.0,50,599.400217
-50.0,50,602.051385
-50.0,50,604.639101
-50.0,50,607.259037
-50.0,50,609.852282
-50.0,50,612.473955
-50.0,50,615.122586
-50.0,50,617.754472
-50.0,50,620.367626
-50.0,50,622.978938
-50.0,50,625.591521
-50.0,50,628.217163
-50.0,50,630.837139
-50.0,50,633.467098
-50.0,50,636.124368
-50.0,50,638.731061
-50.0,50,641.351677
-50.0,50,644.020554
-50.0,50,646.61844
-50.0,50,649.258881
-50.0,50,651.943446
-50.0,50,654.534252
-50.0,50,657.163688
-50.0,50,659.784422
-50.0,50,662.394107
-50.0,50,664.990927
-50.0,50,667.667594
-50.0,50,670.28546
-50.0,50,672.882541
-50.0,50,675.500095
-50.0,50,678.163152
-50.0,50,680.743133
-50.0,50,683.383339
-50.0,50,685.983976
-50.0,50,686.376374
-50.0,50,686.770378
-50.0,50,687.18748
-50.0,50,687.572704
-50.0,50,687.967653
-50.0,50,688.379021
-50.0,50,688.788026
-50.0,50,689.185249
-50.0,50,689.596388
-50.0,50,690.258924
-50.0,50,692.876893
-50.0,50,695.531892
-50.0,50,698.153066
-50.0,50,700.752073
-50.0,50,703.354679
-50.0,50,705.998831
-50.0,50,708.626396
-50.0,50,711.26911
-50.0,50,713.906466
-50.0,50,716.517532
-50.0,50,719.157641
-50.0,50,721.792199
-50.0,50,724.438742
-50.0,50,727.038559
-50.0,50,729.6691
-50.0,50,732.302041
-50.0,50,734.925992
-50.0,50,737.578015
-50.0,50,740.219723
-50.0,50,742.806963
-50.0,50,745.429967
-50.0,50,748.121678
-50.0,50,750.741322
-50.0,50,753.37624
-50.0,50,755.945558
-50.0,50,758.586907
-50.0,50,761.229851
-50.0,50,763.842485
-50.0,50,766.47497
-50.0,50,769.13681
-50.0,50,771.780071
-50.0,50,774.438202
-50.0,50,777.056916
-50.0,50,779.678127
-50.0,50,782.314796
-50.0,50,784.960892
-50.0,50,787.606322
-50.0,50,790.286987
-50.0,50,792.917953
-50.0,50,795.573526
-50.0,50,798.162539
-50.0,50,800.80637
-50.0,50,803.428288
-50.0,50,806.11023
-50.0,50,808.734183
-50.0,50,811.367284
-50.0,50,813.965542
-50.0,50,816.632864
-50.0,50,819.249556
-50.0,50,821.875937
-50.0,50,822.252987
-50.0,50,822.664349
-50.0,50,823.116125
-50.0,50,823.511293
-50.0,50,823.915207
-50.0,50,824.349046
-50.0,50,824.754974
-50.0,50,825.150331
-50.0,50,825.54246
-50.0,50,826.171933
-50.0,50,828.787993
-50.0,50,831.414708
-50.0,50,834.087042
-50.0,50,836.715287
-50.0,50,839.375947
-50.0,50,842.128352
-50.0,50,844.723569
-50.0,50,847.43033
-50.0,50,850.140795
-50.0,50,852.852432
-50.0,50,855.54131
-50.0,50,858.259615
-50.0,50,860.886628
-50.0,50,863.621146
-50.0,50,866.357517
-50.0,50,869.037929
-50.0,50,871.79542
-50.0,50,874.495058
-50.0,50,877.204984
-50.0,50,879.878015
-50.0,50,882.517457
-50.0,50,885.151542
-50.0,50,887.809796
-50.0,50,890.452094
-50.0,50,893.086876
-50.0,50,895.732306
-50.0,50,898.381636
-50.0,50,901.006533
-50.0,50,903.667734
-50.0,50,906.37117
-50.0,50,909.158074
-50.0,50,911.788382
-50.0,50,914.448698
-50.0,50,917.113273
-50.0,50,919.701402
-50.0,50,922.404014
-50.0,50,925.050688
-50.0,50,927.658711
-50.0,50,930.313442
-50.0,50,933.001802
-50.0,50,935.619968
-50.0,50,938.280082
-50.0,50,940.923634
-50.0,50,943.53348
-50.0,50,946.171913
-50.0,50,948.812271
-50.0,50,951.471569
-50.0,50,954.089647
-50.0,50,956.735345
-50.0,50,959.391755
-50.0,50,959.829412
-50.0,50,960.237286
-50.0,50,960.639812
-50.0,50,961.065827
-50.0,50,961.474745
-50.0,50,961.911498
-50.0,50,962.304207
-50.0,50,962.743508
-50.0,50,963.161071
-50.0,50,963.646951
-50.0,50,966.311666
-50.0,50,968.980133
-50.0,50,971.598845
-50.0,50,974.269893
-50.0,50,976.935656
-50.0,50,979.578823
-50.0,50,982.193641
-50.0,50,984.850298
-50.0,50,987.478262
-50.0,50,990.114954
-50.0,50,992.754369
-50.0,50,995.409605
-50.0,50,998.045076
-50.0,50,1000.717152
-50.0,50,1003.331548
-50.0,50,1006.017743
-50.0,50,1008.666694
-50.0,50,1011.375076
-50.0,50,1013.979699
-50.0,50,1016.673733
-50.0,50,1019.333353
-50.0,50,1021.993335
-50.0,50,1024.59097
-50.0,50,1027.265322
-50.0,50,1029.916173
-50.0,50,1032.593719
-50.0,50,1035.217476
-50.0,50,1038.047545
-50.0,50,1040.784536
-50.0,50,1043.488852
-50.0,50,1046.234495
-50.0,50,1048.951168
-50.0,50,1051.734109
-50.0,50,1054.522806
-50.0,50,1058.192542
-50.0,50,1061.501165
-50.0,50,1064.908749
-50.0,50,1068.582488
-50.0,50,1071.696395
-50.0,50,1074.750415
-50.0,50,1078.035611
-50.0,50,1081.011804
-50.0,50,1084.18887
-50.0,50,1087.793334
-50.0,50,1091.627319
-50.0,50,1094.939517
-50.0,50,1098.466908
-50.0,50,1101.719036
-50.0,50,1104.713762
-50.0,50,1108.222573
-50.0,50,1108.768466
-50.0,50,1109.299663
-50.0,50,1109.816241
-50.0,50,1110.358386
-50.0,50,1110.836281
-50.0,50,1111.369345
-50.0,50,1111.9446
-50.0,50,1112.416984
-50.0,50,1112.918785
-50.0,50,1113.515445
-50.0,50,1117.346587
-50.0,50,1120.848136
-50.0,50,1124.152502
-50.0,50,1127.768955
-50.0,50,1131.481511
-50.0,50,1135.101885
-50.0,50,1138.661619
-50.0,50,1141.612586
-50.0,50,1144.585563
-50.0,50,1147.483962
-50.0,50,1150.322113
-50.0,50,1153.129023
-50.0,50,1155.949723
-50.0,50,1158.719463
-50.0,50,1161.445481
-50.0,50,1164.255681
-50.0,50,1167.112333
-50.0,50,1169.95352
-50.0,50,1172.76431
-50.0,50,1175.514929
-50.0,50,1178.352976
-50.0,50,1181.157424
-50.0,50,1183.968367
-50.0,50,1186.753147
-50.0,50,1189.451204
-50.0,50,1192.351895
-50.0,50,1195.179488
-50.0,50,1197.995872
-50.0,50,1200.887268
-50.0,50,1203.582445
-50.0,50,1206.407503
-50.0,50,1209.201474
-50.0,50,1211.999022
-50.0,50,1214.8654
-50.0,50,1217.665326
-50.0,50,1220.421505
-50.0,50,1223.244594
-50.0,50,1226.055592
-50.0,50,1228.855201
-50.0,50,1231.623925
-50.0,50,1234.44707
-50.0,50,1237.296961
-50.0,50,1240.138315
-50.0,50,1242.969486
-50.0,50,1245.681144
-50.0,50,1248.510495
-50.0,50,1251.331984
-50.0,50,1254.179519
-50.0,50,1256.988895
-50.0,50,1259.801489
-50.0,50,1260.243973
-50.0,50,1260.699771
-50.0,50,1261.133251
-50.0,50,1261.563599
-50.0,50,1261.981617
-50.0,50,1262.4365
-50.0,50,1262.84826
-50.0,50,1263.34697
-50.0,50,1263.786643
-50.0,50,1264.220623
-50.0,50,1267.019577
-50.0,50,1269.751117
-50.0,50,1272.616472
-50.0,50,1275.46441
-50.0,50,1278.312314
-50.0,50,1281.094904
-50.0,50,1283.809507
-50.0,50,1286.586108
-50.0,50,1289.460173
-50.0,50,1292.259522
-50.0,50,1295.100974
-50.0,50,1297.80096
-50.0,50,1300.649937
-50.0,50,1303.428209
-50.0,50,1306.259082
-50.0,50,1309.053752
-50.0,50,1311.798815
-50.0,50,1314.668891
-50.0,50,1317.47813
-50.0,50,1320.308587
-50.0,50,1323.052453
-50.0,50,1325.81172
-50.0,50,1328.569769
-50.0,50,1331.446887
-50.0,50,1334.262124
-50.0,50,1337.030659
-50.0,50,1339.755577
-50.0,50,1342.54966
-50.0,50,1345.37923
-50.0,50,1348.179639
-50.0,50,1350.958139
-50.0,50,1353.72551
-50.0,50,1356.570802
-50.0,50,1359.380391
-50.0,50,1362.220495
-50.0,50,1365.022379
-50.0,50,1367.785775
-50.0,50,1370.576235
-50.0,50,1373.42618
-50.0,50,1376.23144
-50.0,50,1379.007255
-50.0,50,1381.720638
-50.0,50,1384.556626
-50.0,50,1387.393269
-50.0,50,1390.218071
-50.0,50,1392.99998
-50.0,50,1395.729681
-50.0,50,1398.544077
-50.0,50,1401.386088
-50.0,50,1404.178951
-50.0,50,1404.57647
-50.0,50,1405.021536
-50.0,50,1405.459777
-50.0,50,1405.879441
-50.0,50,1406.299417
-50.0,50,1406.728294
-50.0,50,1407.181686
-50.0,50,1407.596449
-50.0,50,1408.008482
-50.0,50,1408.578562
-50.0,50,1411.431501
-50.0,50,1414.258638
-50.0,50,1417.023699
-50.0,50,1419.822953
-50.0,50,1422.634596
-50.0,50,1425.492008
-50.0,50,1428.314072
-50.0,50,1430.996835
-50.0,50,1433.890276
-50.0,50,1436.66605
-50.0,50,1439.572595
-50.0,50,1442.368934
-50.0,50,1445.133116
-50.0,50,1447.917481
-50.0,50,1450.767755
-50.0,50,1453.600607
-50.0,50,1456.449779
-50.0,50,1459.185613
-50.0,50,1461.993599
-50.0,50,1464.838348
-50.0,50,1467.653887
-50.0,50,1470.486135
-50.0,50,1473.273189
-50.0,50,1476.025485
-50.0,50,1478.869495
-50.0,50,1481.699795
-50.0,50,1484.504024
-50.0,50,1487.305887
-50.0,50,1490.074322
-50.0,50,1492.898318
-50.0,50,1495.70147
-50.0,50,1498.524681
-50.0,50,1501.346805
-50.0,50,1504.148509
-50.0,50,1506.954581
-50.0,50,1509.809904
-50.0,50,1512.619005
-50.0,50,1515.4985
-50.0,50,1518.271586
-50.0,50,1521.270648
-50.0,50,1525.057611
-50.0,50,1528.530602
-50.0,50,1531.786721
-50.0,50,1535.289247
-50.0,50,1538.387273
-50.0,50,1541.904495
-50.0,50,1544.582507
-50.0,50,1547.545853
-50.0,50,1550.748724
-50.0,50,1553.415429
-50.0,50,1553.815914
-50.0,50,1554.201957
-50.0,50,1554.622009
-50.0,50,1555.049731
-50.0,50,1555.467815
-50.0,50,1555.893855
-50.0,50,1556.321867
-50.0,50,1556.736313
-50.0,50,1557.179081
-50.0,50,1557.743106
-50.0,50,1560.654674
-50.0,50,1563.898289
-50.0,50,1566.541722
-50.0,50,1569.203571
-50.0,50,1571.881019
-50.0,50,1575.488634
-50.0,50,1579.697594
-50.0,50,1583.892087
-50.0,50,1587.971785
-50.0,50,1592.057744
-50.0,50,1596.402101
-50.0,50,1600.718492
-50.0,50,1605.113585
-50.0,50,1609.281803
-50.0,50,1613.446692
-50.0,50,1617.467386
-50.0,50,1621.560457
-50.0,50,1625.419707
-50.0,50,1629.6371
-50.0,50,1633.404102
-50.0,50,1637.834191
-50.0,50,1642.040898
-50.0,50,1646.314333
-50.0,50,1649.965802
-50.0,50,1652.932937
-50.0,50,1656.07163
-50.0,50,1658.961999
-50.0,50,1662.348365
-50.0,50,1665.232734
-50.0,50,1667.945878
-50.0,50,1670.741694
-50.0,50,1673.46776
-50.0,50,1676.185772
-50.0,50,1678.851655
-50.0,50,1681.454365
-50.0,50,1684.113268
-50.0,50,1686.71402
-50.0,50,1689.332681
-50.0,50,1691.923605
-50.0,50,1694.549271
-50.0,50,1697.170297
-50.0,50,1699.787416
-50.0,50,1702.376503
-50.0,50,1704.961573
-50.0,50,1707.589726
-50.0,50,1710.173265
-50.0,50,1712.767325
-50.0,50,1715.423215
-50.0,50,1718.051929
-50.0,50,1720.622451
-50.0,50,1721.028049
-50.0,50,1721.436375
-50.0,50,1721.838545
-50.0,50,1722.261423
-50.0,50,1722.647813
-50.0,50,1723.062556
-50.0,50,1723.468119
-50.0,50,1723.880302
-50.0,50,1724.30286
-50.0,50,1724.765151
-50.0,50,1727.359193
-50.0,50,1729.94329
-50.0,50,1732.595009
-50.0,50,1735.171303
-50.0,50,1737.752173
-50.0,50,1740.359527
-50.0,50,1742.978351
-50.0,50,1745.58407
-50.0,50,1748.218354
-50.0,50,1750.800936
-50.0,50,1753.421717
-50.0,50,1755.996637
-50.0,50,1758.569346
-50.0,50,1761.17704
-50.0,50,1763.784374
-50.0,50,1766.398337
-50.0,50,1768.994607
-50.0,50,1771.625574
-50.0,50,1774.240621
-50.0,50,1776.845249
-50.0,50,1779.492275
-50.0,50,1782.11776
-50.0,50,1784.687594
-50.0,50,1787.253071
-50.0,50,1789.864521
-50.0,50,1792.505686
-50.0,50,1795.08636
-50.0,50,1797.710768
-50.0,50,1800.309322
-50.0,50,1802.901332
-50.0,50,1805.544809
-50.0,50,1808.14839
-50.0,50,1810.74653
-50.0,50,1813.347648
-50.0,50,1815.919418
-50.0,50,1818.527151
-50.0,50,1821.096376
-50.0,50,1823.71832
-50.0,50,1826.353975
-50.0,50,1828.969571
-50.0,50,1831.596583
-50.0,50,1834.168863
-50.0,50,1836.767705
-50.0,50,1839.394949
-50.0,50,1842.005536
-50.0,50,1844.597685
-50.0,50,1847.207342
-50.0,50,1849.827377
-50.0,50,1852.429515
-50.0,50,1855.005759
-50.0,50,1855.437306
-50.0,50,1855.835365
-50.0,50,1856.230462
-50.0,50,1856.638856
-50.0,50,1857.046235
-50.0,50,1857.447731
-50.0,50,1857.878053
-50.0,50,1858.256353
-50.0,50,1858.673142
-50.0,50,1859.204023
-50.0,50,1861.795463
-50.0,50,1864.370293
-50.0,50,1866.98473
-50.0,50,1869.57293
-50.0,50,1872.163185
-50.0,50,1874.786519
-50.0,50,1877.400795
-50.0,50,1880.029676
-50.0,50,1882.633541
-50.0,50,1885.273829
-50.0,50,1887.870918
-50.0,50,1890.481812
-50.0,50,1893.092031
-50.0,50,1895.690889
-50.0,50,1898.288126
-50.0,50,1900.879688
-50.0,50,1903.515038
-50.0,50,1906.111241
-50.0,50,1908.681797
-50.0,50,1911.300464
-50.0,50,1913.881535
-50.0,50,1916.486424
-50.0,50,1919.116235
-50.0,50,1921.730242
-50.0,50,1924.317926
-50.0,50,1926.985437
-50.0,50,1929.581074
-50.0,50,1932.187348
-50.0,50,1934.822744
-50.0,50,1937.429119
-50.0,50,1940.076588
-50.0,50,1942.690943
-50.0,50,1945.299456
-50.0,50,1947.907973
-50.0,50,1950.540822
-50.0,50,1953.173727
-50.0,50,1955.789932
-50.0,50,1958.399556
-50.0,50,1961.019468
-50.0,50,1963.650116
-50.0,50,1966.27306
-50.0,50,1968.884156
-50.0,50,1971.48641
-50.0,50,1974.151252
-50.0,50,1976.793617
-50.0,50,1979.397024
-50.0,50,1982.029779
-50.0,50,1984.638571
-50.0,50,1987.215204
-50.0,50,1989.853394
-50.0,50,1990.256938
-50.0,50,1990.678718
-50.0,50,1991.082931
-50.0,50,1991.492235
-50.0,50,1991.896327
-50.0,50,1992.311955
-50.0,50,1992.719625
-50.0,50,1993.12906
-50.0,50,1993.517487
-50.0,50,1994.001103
-50.0,50,1996.585918
-50.0,50,1999.261748
-50.0,50,2001.845155
-50.0,50,2004.453516
-50.0,50,2007.086973
-50.0,50,2009.754305
-50.0,50,2012.345545
-50.0,50,2014.980506
-50.0,50,2017.603285
-50.0,50,2020.186848
-50.0,50,2022.840397
-50.0,50,2025.456067
-50.0,50,2028.116244
-50.0,50,2030.715516
-50.0,50,2033.34349
-50.0,50,2035.95266
-50.0,50,2038.582958
-50.0,50,2041.143021
-50.0,50,2043.805631
-50.0,50,2046.397274
-50.0,50,2049.02597
-50.0,50,2051.691348
-50.0,50,2054.315224
-50.0,50,2056.929952
-50.0,50,2059.522975
-50.0,50,2062.182492
-50.0,50,2064.772967
-50.0,50,2067.405334
-50.0,50,2070.016226
-50.0,50,2072.624905
-50.0,50,2075.257017
-50.0,50,2077.87809
-50.0,50,2080.538803
-50.0,50,2083.279944
-50.0,50,2085.990034
-50.0,50,2088.70466
-50.0,50,2091.435372
-50.0,50,2094.075295
-50.0,50,2096.765872
-50.0,50,2099.454597
-50.0,50,2102.132997
-50.0,50,2104.769482
-50.0,50,2107.422565
-50.0,50,2110.000251
-50.0,50,2112.671318
-50.0,50,2115.397234
-50.0,50,2118.036115
-50.0,50,2120.681659
-50.0,50,2123.275012
-50.0,50,2125.89346
-50.0,50,2126.328586
-50.0,50,2126.742984
-50.0,50,2127.140996
-50.0,50,2127.541006
-50.0,50,2127.943202
-50.0,50,2128.381364
-50.0,50,2128.810688
-50.0,50,2129.238356
-50.0,50,2129.635863
-50.0,50,2130.028304
-50.0,50,2132.68447
-50.0,50,2135.262536
-50.0,50,2137.89413
-50.0,50,2140.501515
-50.0,50,2143.114855
-50.0,50,2145.718291
-50.0,50,2148.334598
-50.0,50,2150.912716
-50.0,50,2153.541335
-50.0,50,2156.124081
-50.0,50,2158.754848
-50.0,50,2161.374571
-50.0,50,2163.984399
-50.0,50,2166.577656
-50.0,50,2169.199964
-50.0,50,2171.885644
-50.0,50,2174.484136
-50.0,50,2177.119549
-50.0,50,2179.743824
-50.0,50,2182.407862
-50.0,50,2184.994829
-50.0,50,2187.627908
-50.0,50,2190.268306
-50.0,50,2192.849521
-50.0,50,2195.472603
-50.0,50,2198.108869
-50.0,50,2200.751368
-50.0,50,2203.320436
-50.0,50,2205.917612
-50.0,50,2208.499776
-50.0,50,2211.150881
-50.0,50,2213.7781
-50.0,50,2216.370052
-50.0,50,2218.98471
-50.0,50,2221.611473
-50.0,50,2224.208157
-50.0,50,2226.816446
-50.0,50,2229.470159
-50.0,50,2232.052198
-50.0,50,2234.648598
-50.0,50,2237.301283
-50.0,50,2239.9042
-50.0,50,2242.55128
-50.0,50,2245.173534
-50.0,50,2247.772339
-50.0,50,2250.352618
-50.0,50,2252.980096
-50.0,50,2255.584468
-50.0,50,2258.179594
-50.0,50,2260.800554
-50.0,50,2261.216115
-50.0,50,2261.618716
-50.0,50,2262.027998
-50.0,50,2262.452982
-50.0,50,2262.838471
-50.0,50,2263.232988
-50.0,50,2263.64599
-50.0,50,2264.082475
-50.0,50,2264.472125
-50.0,50,2264.94502
-50.0,50,2267.581091
-50.0,50,2270.214529
-50.0,50,2272.824325
-50.0,50,2275.401304
-50.0,50,2278.015541
-50.0,50,2280.621991
-50.0,50,2283.218902
-50.0,50,2285.866216
-50.0,50,2288.47501
-50.0,50,2291.095425
-50.0,50,2293.728464
-50.0,50,2296.355294
-50.0,50,2298.970466
-50.0,50,2301.56265
-50.0,50,2304.193545
-50.0,50,2306.794498
-50.0,50,2309.454752
-50.0,50,2312.05161
-50.0,50,2314.680826
-50.0,50,2317.280417
-50.0,50,2319.900816
-50.0,50,2322.506024
-50.0,50,2325.124051
-50.0,50,2327.737485
-50.0,50,2330.345981
-50.0,50,2332.994418
-50.0,50,2335.602428
-50.0,50,2338.230074
-50.0,50,2340.834709
-50.0,50,2343.470204
-50.0,50,2346.109656
-50.0,50,2348.721808
-50.0,50,2351.327473
-50.0,50,2353.954765
-50.0,50,2356.577336
-50.0,50,2359.189366
-50.0,50,2361.800103
-50.0,50,2364.380715
-50.0,50,2367.023689
-50.0,50,2369.627898
-50.0,50,2372.226143
-50.0,50,2374.832614
-50.0,50,2377.433353
-50.0,50,2380.040568
-50.0,50,2382.644689
-50.0,50,2385.201205
-50.0,50,2387.879378
-50.0,50,2390.490339
-50.0,50,2393.07132
-50.0,50,2395.685521
-50.0,50,2396.10879
-50.0,50,2396.520479
-50.0,50,2396.961338
-50.0,50,2397.377726
-50.0,50,2397.798576
-50.0,50,2398.205415
-50.0,50,2398.624448
-50.0,50,2399.013164
-50.0,50,2399.411418
-50.0,50,2399.848867
-50.0,50,2402.485933
-50.0,50,2405.126356
-50.0,50,2407.729355
-50.0,50,2410.326064
-50.0,50,2412.905768
-50.0,50,2415.538313
-50.0,50,2418.205
-50.0,50,2420.823999
-50.0,50,2423.385732
-50.0,50,2426.00737
-50.0,50,2428.63263
-50.0,50,2431.285987
-50.0,50,2433.907701
-50.0,50,2436.514992
-50.0,50,2439.136491
-50.0,50,2441.757638
-50.0,50,2444.384949
-50.0,50,2446.979791
-50.0,50,2449.645091
-50.0,50,2452.238686
-50.0,50,2454.818539
-50.0,50,2457.440177
-50.0,50,2460.058691
-50.0,50,2462.701162
-50.0,50,2465.302631
-50.0,50,2467.941805
-50.0,50,2470.5544
-50.0,50,2473.173701
-50.0,50,2475.783214
-50.0,50,2478.446729
-50.0,50,2481.040205
-50.0,50,2483.683811
-50.0,50,2486.29617
-50.0,50,2488.929034
-50.0,50,2491.547355
-50.0,50,2494.17786
-50.0,50,2496.806425
-50.0,50,2499.428634
-50.0,50,2502.025448
-50.0,50,2504.663457
-50.0,50,2507.318208
-50.0,50,2509.901152
-50.0,50,2512.562224
-50.0,50,2515.17826
-50.0,50,2517.788726
-50.0,50,2520.472069
-50.0,50,2523.103629
-50.0,50,2525.687285
-50.0,50,2528.333875
-50.0,50,2530.944296
-50.0,50,2531.352526
-50.0,50,2531.748921
-50.0,50,2532.15176
-50.0,50,2532.554677
-50.0,50,2532.938687
-50.0,50,2533.352755
-50.0,50,2533.747041
-50.0,50,2534.140476
-50.0,50,2534.537668
-50.0,50,2535.173504
-50.0,50,2537.745187
-50.0,50,2540.40467
-50.0,50,2543.031341
-50.0,50,2545.726607
-50.0,50,2548.361944
-50.0,50,2550.993973
-50.0,50,2553.618873
-50.0,50,2556.240135
-50.0,50,2558.911435
-50.0,50,2561.547403
-50.0,50,2564.141919
-50.0,50,2566.776868
-50.0,50,2569.371987
-50.0,50,2572.064758
-50.0,50,2574.705025
-50.0,50,2577.391357
-50.0,50,2579.989723
-50.0,50,2582.594842
-50.0,50,2585.21455
-50.0,50,2587.810244
-50.0,50,2590.489908
-50.0,50,2593.10746
-50.0,50,2595.729564
-50.0,50,2598.325503
-50.0,50,2600.96712
-50.0,50,2603.591
-50.0,50,2606.229422
-50.0,50,2608.88213
-50.0,50,2611.452576
-50.0,50,2614.177994
-50.0,50,2616.812226
-50.0,50,2619.402547
-50.0,50,2622.012482
-50.0,50,2624.686938
-50.0,50,2627.277235
-50.0,50,2629.953384
-50.0,50,2632.551531
-50.0,50,2635.165273
-50.0,50,2637.768529
-50.0,50,2640.432294
-50.0,50,2643.05087
-50.0,50,2645.685616
-50.0,50,2648.320086
-50.0,50,2650.915433
-50.0,50,2653.568486
-50.0,50,2656.168933
-50.0,50,2658.779237
-50.0,50,2661.472253
-50.0,50,2664.058074
-50.0,50,2666.695873
-50.0,50,2667.097776
-50.0,50,2667.515216
-50.0,50,2667.969092
-50.0,50,2668.355609
-50.0,50,2668.755118
-50.0,50,2669.170573
-50.0,50,2669.582694
-50.0,50,2670.006931
-50.0,50,2670.386815
-50.0,50,2670.861106
-50.0,50,2673.468005
-50.0,50,2676.070898
-50.0,50,2678.683189
-50.0,50,2681.278573
-50.0,50,2683.949656
-50.0,50,2686.553331
-50.0,50,2689.178281
-50.0,50,2691.866392
-50.0,50,2694.465063
-50.0,50,2697.08368
-50.0,50,2699.746248
-50.0,50,2702.349841
-50.0,50,2704.947689
-50.0,50,2707.596712
-50.0,50,2710.194069
-50.0,50,2712.870224
-50.0,50,2715.484593
-50.0,50,2718.152249
-50.0,50,2720.775666
-50.0,50,2723.42244
-50.0,50,2726.049575
-50.0,50,2728.670989
-50.0,50,2731.299202
-50.0,50,2733.947612
-50.0,50,2736.567168
-50.0,50,2739.243972
-50.0,50,2741.855701
-50.0,50,2744.492068
-50.0,50,2747.09535
-50.0,50,2749.709819
-50.0,50,2752.330512
-50.0,50,2754.946956
-50.0,50,2757.626433
-50.0,50,2760.235389
-50.0,50,2762.855326
-50.0,50,2765.451162
-50.0,50,2768.053145
-50.0,50,2770.674743
-50.0,50,2773.302454
-50.0,50,2775.965726
-50.0,50,2778.540485
-50.0,50,2781.217777
-50.0,50,2783.828041
-50.0,50,2786.443013
-50.0,50,2789.101883
-50.0,50,2791.767036
-50.0,50,2794.375911
-50.0,50,2796.978389
-50.0,50,2799.644946
-50.0,50,2802.234803
-50.0,50,2802.641386
-50.0,50,2803.032366
-50.0,50,2803.455825
-50.0,50,2803.870934
-50.0,50,2804.298055
-50.0,50,2804.692564
-50.0,50,2805.130808
-50.0,50,2805.573755
-50.0,50,2805.986289
-50.0,50,2806.41415
-50.0,50,2809.034615
-50.0,50,2811.680227
-50.0,50,2814.295707
-50.0,50,2816.965532
-50.0,50,2819.583741
-50.0,50,2822.242386
-50.0,50,2824.84281
-50.0,50,2827.48354
-50.0,50,2830.136329
-50.0,50,2832.772644
-50.0,50,2835.417519
-50.0,50,2838.06971
-50.0,50,2840.698369
-50.0,50,2843.34113
-50.0,50,2845.956206
-50.0,50,2848.565314
-50.0,50,2851.21783
-50.0,50,2853.86679
-50.0,50,2856.479722
-50.0,50,2859.081582
-50.0,50,2861.733382
-50.0,50,2864.407806
-50.0,50,2867.029017
-50.0,50,2869.626325
-50.0,50,2872.288226
-50.0,50,2874.888843
-50.0,50,2877.582732
-50.0,50,2880.257718
-50.0,50,2882.898261
-50.0,50,2885.501792
-50.0,50,2888.123871
-50.0,50,2890.750371
-50.0,50,2893.397961
-50.0,50,2896.012424
-50.0,50,2898.633473
-50.0,50,2901.249418
-50.0,50,2903.865175
-50.0,50,2906.486831
-50.0,50,2909.161785
-50.0,50,2911.785443
-50.0,50,2914.387005
-50.0,50,2917.021051
-50.0,50,2919.638134
-50.0,50,2922.222945
-50.0,50,2924.896917
-50.0,50,2927.498409
-50.0,50,2930.166196
-50.0,50,2932.785088
-50.0,50,2935.39587
-50.0,50,2938.032929
-50.0,50,2938.462805
-50.0,50,2938.863008
-50.0,50,2939.265807
-50.0,50,2939.664503
-50.0,50,2940.052441
-50.0,50,2940.464134
-50.0,50,2940.884384
-50.0,50,2941.291782
-50.0,50,2941.704027
-50.0,50,2942.189844
-50.0,50,2944.813189
-50.0,50,2947.44249
-50.0,50,2950.095678
-50.0,50,2952.691363
-50.0,50,2955.292951
-50.0,50,2957.965122
-50.0,50,2960.593742
-50.0,50,2963.210577
-50.0,50,2965.808022
-50.0,50,2968.430501
-50.0,50,2971.05498
-50.0,50,2973.670786
-50.0,50,2976.297807
-50.0,50,2978.901174
-50.0,50,2981.526095
-50.0,50,2984.175031
-50.0,50,2986.807358
-50.0,50,2989.428969
-50.0,50,2992.051718
-50.0,50,2994.662532
-50.0,50,2997.260157
-50.0,50,2999.900972
-50.0,50,3002.577624
-50.0,50,3005.180758
-50.0,50,3007.805637
-50.0,50,3010.445293
-50.0,50,3013.077018
-50.0,50,3015.700904
-50.0,50,3018.326525
-50.0,50,3020.99633
-50.0,50,3023.633409
-50.0,50,3026.307021
-50.0,50,3028.942715
-50.0,50,3031.568043
-50.0,50,3034.197233
-50.0,50,3036.839164
-50.0,50,3039.452245
-50.0,50,3042.086642
-50.0,50,3044.721921
-50.0,50,3047.367959
-50.0,50,3050.030923
-50.0,50,3052.642699
-50.0,50,3055.227942
-50.0,50,3057.88726
-50.0,50,3060.57194
-50.0,50,3063.220674
-50.0,50,3065.838198
-50.0,50,3068.459021
-50.0,50,3071.08752
-50.0,50,3073.726494
-50.0,50,3074.143488
-50.0,50,3074.553303
-50.0,50,3074.942787
-50.0,50,3075.326669
-50.0,50,3075.733329
-50.0,50,3076.158277
-50.0,50,3076.557338
-50.0,50,3076.944825
-50.0,50,3077.352525
-50.0,50,3077.84825
-50.0,50,3080.485823
-50.0,50,3083.07127
-50.0,50,3085.721184
-50.0,50,3088.343584
-50.0,50,3090.955078
-50.0,50,3093.611304
-50.0,50,3096.192888
-50.0,50,3098.83704
-50.0,50,3101.44012
-50.0,50,3104.096463
-50.0,50,3106.691772
-50.0,50,3109.343664
-50.0,50,3111.965711
-50.0,50,3114.604188
-50.0,50,3117.183399
-50.0,50,3119.847148
-50.0,50,3122.461668
-50.0,50,3125.111534
-50.0,50,3127.760077
-50.0,50,3130.37205
-50.0,50,3133.010222
-50.0,50,3135.650254
-50.0,50,3138.315053
-50.0,50,3140.907992
-50.0,50,3143.561666
-50.0,50,3146.204234
-50.0,50,3148.856252
-50.0,50,3151.466707
-50.0,50,3154.112388
-50.0,50,3156.761394
-50.0,50,3159.424619
-50.0,50,3162.066469
-50.0,50,3164.683512
-50.0,50,3167.320772
-50.0,50,3169.949711
-50.0,50,3172.576577
-50.0,50,3175.21209
-50.0,50,3177.829663
-50.0,50,3180.469978
-50.0,50,3183.117518
-50.0,50,3185.757691
-50.0,50,3188.351375
-50.0,50,3190.98273
-50.0,50,3193.609977
-50.0,50,3196.202754
-50.0,50,3198.897057
-50.0,50,3201.514208
-50.0,50,3204.158973
-50.0,50,3206.803916
-50.0,50,3209.443414
-50.0,50,3209.871915
-50.0,50,3210.273024
-50.0,50,3210.657216
-50.0,50,3211.046459
-50.0,50,3211.462132
-50.0,50,3211.863209
-50.0,50,3212.261218
-50.0,50,3212.681022
-50.0,50,3213.075608
-50.0,50,3213.621671
-50.0,50,3216.238839
-50.0,50,3218.853107
-50.0,50,3221.478723
-50.0,50,3224.07868
-50.0,50,3226.717524
-50.0,50,3229.353127
-50.0,50,3231.996292
-50.0,50,3234.622302
-50.0,50,3237.23019
-50.0,50,3239.844411
-50.0,50,3242.467625
-50.0,50,3245.146693
-50.0,50,3247.744796
-50.0,50,3250.394145
-50.0,50,3253.035366
-50.0,50,3255.673873
-50.0,50,3258.302116
-50.0,50,3260.93956
-50.0,50,3263.567611
-50.0,50,3266.19754
-50.0,50,3268.868054
-50.0,50,3271.535938
-50.0,50,3274.22905
-50.0,50,3276.83347
-50.0,50,3279.456517
-50.0,50,3282.072143
-50.0,50,3284.714688
-50.0,50,3287.363261
-50.0,50,3290.020768
-50.0,50,3292.650899
-50.0,50,3295.290173
-50.0,50,3297.904871
-50.0,50,3300.55203
-50.0,50,3303.196064
-50.0,50,3305.824684
-50.0,50,3308.461926
-50.0,50,3311.138075
-50.0,50,3313.771905
-50.0,50,3316.363434
-50.0,50,3319.003097
-50.0,50,3321.644036
-50.0,50,3324.29307
-50.0,50,3326.96934
-50.0,50,3329.603345
-50.0,50,3332.206607
-50.0,50,3334.854311
-50.0,50,3337.502295
-50.0,50,3340.105832
-50.0,50,3342.744287
-50.0,50,3345.365957
-50.0,50,3345.762504
-50.0,50,3346.154794
-50.0,50,3346.569822
-50.0,50,3346.945251
-50.0,50,3347.335202
-50.0,50,3347.748348
-50.0,50,3348.117366
-50.0,50,3348.51794
-50.0,50,3348.926188
-50.0,50,3349.490308
-50.0,50,3352.112339
-50.0,50,3354.741183
-50.0,50,3357.409149
-50.0,50,3360.042917
-50.0,50,3362.663159
-50.0,50,3365.262363
-50.0,50,3367.894786
-50.0,50,3370.512787
-50.0,50,3373.163292
-50.0,50,3375.816476
-50.0,50,3378.456483
-50.0,50,3381.033051
-50.0,50,3383.692474
-50.0,50,3386.365776
-50.0,50,3388.974008
-50.0,50,3391.60161
-50.0,50,3394.244812
-50.0,50,3396.860579
-50.0,50,3399.521138
-50.0,50,3402.151146
-50.0,50,3404.805261
-50.0,50,3407.39818
-50.0,50,3410.042921
-50.0,50,3412.695545
-50.0,50,3415.340411
-50.0,50,3417.986626
-50.0,50,3420.625108
-50.0,50,3423.265444
-50.0,50,3425.908985
-50.0,50,3428.573406
-50.0,50,3431.180032
-50.0,50,3433.807122
-50.0,50,3436.417145
-50.0,50,3439.046359
-50.0,50,3441.708209
-50.0,50,3444.348334
-50.0,50,3446.994104
-50.0,50,3449.6679
-50.0,50,3452.283055
-50.0,50,3454.888968
-50.0,50,3457.445848
-50.0,50,3460.102425
-50.0,50,3462.737731
-50.0,50,3465.388902
-50.0,50,3468.027675
-50.0,50,3470.666685
-50.0,50,3473.288795
-50.0,50,3475.934062
-50.0,50,3478.576882
-50.0,50,3481.229634
-50.0,50,3481.61543
-50.0,50,3482.038689
-50.0,50,3482.460225
-50.0,50,3482.855646
-50.0,50,3483.263969
-50.0,50,3483.656024
-50.0,50,3484.075275
-50.0,50,3484.474836
-50.0,50,3484.940382
-50.0,50,3485.431403
-50.0,50,3488.047508
-50.0,50,3490.718709
-50.0,50,3493.391972
-50.0,50,3496.033019
-50.0,50,3498.690302
-50.0,50,3501.301414
-50.0,50,3503.984968
-50.0,50,3506.62138
-50.0,50,3509.255813
-50.0,50,3511.89358
-50.0,50,3514.535827
-50.0,50,3517.152353
-50.0,50,3519.794434
-50.0,50,3522.45954
-50.0,50,3525.144581
-50.0,50,3527.787769
-50.0,50,3530.413764
-50.0,50,3533.03589
-50.0,50,3535.747216
-50.0,50,3538.362875
-50.0,50,3540.979464
-50.0,50,3543.612393
-50.0,50,3546.281018
-50.0,50,3548.896122
-50.0,50,3551.546708
-50.0,50,3554.152517
-50.0,50,3556.762551
-50.0,50,3559.391361
-50.0,50,3562.067197
-50.0,50,3564.695909
-50.0,50,3567.331047
-50.0,50,3569.943337
-50.0,50,3572.573856
-50.0,50,3575.163589
-50.0,50,3577.886551
-50.0,50,3580.48543
-50.0,50,3583.207367
-50.0,50,3585.848591
-50.0,50,3588.50579
-50.0,50,3591.12455
-50.0,50,3593.778341
-50.0,50,3596.431266
-50.0,50,3599.07163
-50.0,50,3601.727202
-50.0,50,3604.321143
-50.0,50,3606.977292
-50.0,50,3609.615596
-50.0,50,3612.28537
-50.0,50,3614.885539
-50.0,50,3617.488232
-50.0,50,3617.895931
-50.0,50,3618.293378
-50.0,50,3618.670098
-50.0,50,3619.091962
-50.0,50,3619.536315
-50.0,50,3619.941036
-50.0,50,3620.345037
-50.0,50,3620.74249
-50.0,50,3621.178451
-50.0,50,3621.664894
-50.0,50,3624.273947
-50.0,50,3626.905383
-50.0,50,3629.551125
-50.0,50,3632.150771
-50.0,50,3634.795907
-50.0,50,3637.457965
-50.0,50,3640.108022
-50.0,50,3642.727334
-50.0,50,3645.359189
-50.0,50,3648.043911
-50.0,50,3650.690741
-50.0,50,3653.300393
-50.0,50,3655.943912
-50.0,50,3658.588729
-50.0,50,3661.208189
-50.0,50,3663.880579
-50.0,50,3666.470785
-50.0,50,3669.118656
-50.0,50,3671.73163
-50.0,50,3674.315227
-50.0,50,3676.973346
-50.0,50,3679.619935
-50.0,50,3682.285443
-50.0,50,3684.907815
-50.0,50,3687.526976
-50.0,50,3690.158799
-50.0,50,3692.808358
-50.0,50,3695.436207
-50.0,50,3698.052158
-50.0,50,3700.689403
-50.0,50,3703.316214
-50.0,50,3705.962541
-50.0,50,3708.61571
-50.0,50,3711.201477
-50.0,50,3713.823848
-50.0,50,3716.480355
-50.0,50,3719.145234
-50.0,50,3721.734658
-50.0,50,3724.41303
-50.0,50,3727.043755
-50.0,50,3729.69702
-50.0,50,3732.30704
-50.0,50,3734.937055
-50.0,50,3737.60369
-50.0,50,3740.235382
-50.0,50,3742.841769
-50.0,50,3745.476689
-50.0,50,3748.099248
-50.0,50,3750.767676
-50.0,50,3753.376842
-50.0,50,3753.779805
-50.0,50,3754.221504
-50.0,50,3754.626949
-50.0,50,3755.052386
-50.0,50,3755.436531
-50.0,50,3755.855063
-50.0,50,3756.309773
-50.0,50,3756.712905
-50.0,50,3757.136305
-50.0,50,3757.555337
-50.0,50,3760.177154
-50.0,50,3762.865407
-50.0,50,3765.426913
-50.0,50,3768.093739
-50.0,50,3770.741127
-50.0,50,3773.359415
-50.0,50,3775.991985
-50.0,50,3778.607648
-50.0,50,3781.275978
-50.0,50,3783.897633
-50.0,50,3786.571915
-50.0,50,3789.194759
-50.0,50,3791.885062
-50.0,50,3794.534719
-50.0,50,3797.134661
-50.0,50,3799.767246
-50.0,50,3802.451204
-50.0,50,3805.137507
-50.0,50,3807.748361
-50.0,50,3810.40736
-50.0,50,3813.042725
-50.0,50,3815.71026
-50.0,50,3818.325669
-50.0,50,3820.974618
-50.0,50,3823.627417
-50.0,50,3826.294036
-50.0,50,3828.932526
-50.0,50,3831.598226
-50.0,50,3834.28845
-50.0,50,3836.916908
-50.0,50,3839.579422
-50.0,50,3842.186005
-50.0,50,3844.825351
-50.0,50,3847.480592
-50.0,50,3850.101284
-50.0,50,3852.701968
-50.0,50,3855.348619
-50.0,50,3857.993856
-50.0,50,3860.616332
-50.0,50,3863.275888
-50.0,50,3865.877776
-50.0,50,3868.526474
-50.0,50,3871.159973
-50.0,50,3873.814102
-50.0,50,3876.405974
-50.0,50,3879.029327
-50.0,50,3881.635874
-50.0,50,3884.252309
-50.0,50,3886.92996
-50.0,50,3889.567576
-50.0,50,3889.973895
-50.0,50,3890.380495
-50.0,50,3890.784437
-50.0,50,3891.179571
-50.0,50,3891.580023
-50.0,50,3891.961067
-50.0,50,3892.344719
-50.0,50,3892.741079
-50.0,50,3893.137675
-50.0,50,3893.685775
-50.0,50,3896.340176
-50.0,50,3898.997289
-50.0,50,3901.601498
-50.0,50,3904.267643
-50.0,50,3906.900576
-50.0,50,3909.535151
-50.0,50,3912.230689
-50.0,50,3914.827171
-50.0,50,3917.799184
-50.0,50,3920.779612
-50.0,50,3923.752045
-50.0,50,3926.644154
-50.0,50,3929.3639
-50.0,50,3932.031716
-50.0,50,3934.638899
-50.0,50,3937.250708
-50.0,50,3939.877968
-50.0,50,3942.506029
-50.0,50,3945.151072
-50.0,50,3947.783189
-50.0,50,3950.439418
-50.0,50,3953.060347
-50.0,50,3955.703223
-50.0,50,3958.323424
-50.0,50,3960.966615
-50.0,50,3963.656516
-50.0,50,3966.35288
-50.0,50,3969.275344
-50.0,50,3971.990517
-50.0,50,3975.165575
-50.0,50,3977.933018
-50.0,50,3981.613541
-50.0,50,3986.147643
-50.0,50,3989.915154
-50.0,50,3993.474064
-50.0,50,3996.573159
-50.0,50,3999.764814
-50.0,50,4003.74689
-50.0,50,4006.751012
-50.0,50,4010.086809
-50.0,50,4013.679027
-50.0,50,4017.372237
-50.0,50,4020.996097
-50.0,50,4024.703861
-50.0,50,4028.38361
-50.0,50,4032.069175
-50.0,50,4035.754974
-50.0,50,4039.448628
-50.0,50,4043.495829
-50.0,50,4047.532207
-50.0,50,4048.018827
-50.0,50,4048.476066
-50.0,50,4048.969249
-50.0,50,4049.449946
-50.0,50,4049.916613
-50.0,50,4050.354761
-50.0,50,4050.832589
-50.0,50,4051.32479
-50.0,50,4051.836992
-50.0,50,4052.462845
-50.0,50,4056.193097
-50.0,50,4059.88778
-50.0,50,4063.428972
-50.0,50,4067.072086
-50.0,50,4070.791896
-50.0,50,4074.464844
-50.0,50,4078.051083
-50.0,50,4081.835112
-50.0,50,4085.433323
-50.0,50,4089.097984
-50.0,50,4092.791883
-50.0,50,4096.382465
-50.0,50,4100.007871
-50.0,50,4103.642369
-50.0,50,4107.28498
-50.0,50,4110.927909
-50.0,50,4114.546613
-50.0,50,4118.137142
-50.0,50,4121.907428
-50.0,50,4125.615897
-50.0,50,4129.230418
-50.0,50,4132.925453
-50.0,50,4136.681555
-50.0,50,4140.115519
-50.0,50,4144.224648
-50.0,50,4148.074108
-50.0,50,4151.956133
-50.0,50,4155.851458
-50.0,50,4159.663709
-50.0,50,4163.491747
-50.0,50,4167.327954
-50.0,50,4171.20618
-50.0,50,4175.079827
-50.0,50,4178.922081
-50.0,50,4182.763774
-50.0,50,4186.666438
-50.0,50,4190.51676
-50.0,50,4194.300453
-50.0,50,4198.041732
-50.0,50,4201.823056
-50.0,50,4205.714935
-50.0,50,4209.578664
-50.0,50,4213.435539
-50.0,50,4217.265736
-50.0,50,4221.129313
-50.0,50,4224.911626
-50.0,50,4228.758974
-50.0,50,4232.480062
-50.0,50,4236.394086
-50.0,50,4240.214681
-50.0,50,4240.723763
-50.0,50,4241.226834
-50.0,50,4241.697457
-50.0,50,4242.175963
-50.0,50,4242.682636
-50.0,50,4243.226307
-50.0,50,4243.732927
-50.0,50,4244.236657
-50.0,50,4244.7338
