# {"env_id": "FetchSlideball-v4", "t_start": 1580668952.4502745} 
r,l,t
-100.0,100,6.805837
-100.0,100,10.328283
-100.0,100,13.552905
-100.0,100,16.845077
-100.0,100,20.435334
-100.0,100,24.093737
-100.0,100,27.638113
-100.0,100,31.16217
-100.0,100,34.760737
-100.0,100,38.363239
-100.0,100,41.996657
-100.0,100,45.526993
-100.0,100,49.112388
-100.0,100,52.644882
-100.0,100,56.202858
-100.0,100,59.788728
-100.0,100,63.356871
-100.0,100,66.856771
-100.0,100,70.388007
-100.0,100,74.039282
-100.0,100,77.609023
-100.0,100,81.155756
-100.0,100,84.734941
-100.0,100,88.268598
-100.0,100,92.291434
-100.0,100,96.287894
-100.0,100,100.566854
-100.0,100,104.903981
-100.0,100,109.330039
-100.0,100,113.666675
-100.0,100,117.904357
-100.0,100,122.217325
-100.0,100,126.445861
-100.0,100,130.842558
-100.0,100,135.182697
-100.0,100,139.435746
-100.0,100,143.649889
-100.0,100,148.11664
-100.0,100,152.411349
-100.0,100,156.634738
-100.0,100,160.950749
-100.0,100,165.387967
-100.0,100,169.597473
-100.0,100,173.865511
-100.0,100,178.199323
-100.0,100,182.546869
-100.0,100,186.867152
-100.0,100,191.202447
-100.0,100,195.438506
-100.0,100,199.725254
-100.0,100,204.151596
-100.0,100,205.240649
-100.0,100,206.275704
-100.0,100,207.451899
-100.0,100,208.569459
-100.0,100,209.762137
-100.0,100,210.915285
-100.0,100,212.029129
-100.0,100,213.1337
-100.0,100,214.229134
-100.0,100,215.743028
-100.0,100,219.403949
-100.0,100,223.237109
-100.0,100,226.845412
-100.0,100,230.113504
-100.0,100,233.253904
-100.0,100,236.458902
-100.0,100,240.485508
-100.0,100,244.084513
-100.0,100,247.523209
-100.0,100,250.665653
-100.0,100,253.826518
-100.0,100,256.960398
-100.0,100,260.222527
-100.0,100,263.702299
-100.0,100,267.318766
-100.0,100,271.240234
-100.0,100,274.781543
-100.0,100,278.64283
-100.0,100,282.093873
-100.0,100,285.944814
-100.0,100,289.611261
-100.0,100,293.638541
-100.0,100,297.98958
-100.0,100,301.297532
-100.0,100,304.955496
-100.0,100,308.189198
-100.0,100,311.774166
-100.0,100,316.833563
-100.0,100,321.80039
-100.0,100,324.982401
-100.0,100,328.730975
-100.0,100,331.927877
-100.0,100,335.956346
-100.0,100,339.737304
-100.0,100,343.246854
-100.0,100,347.05588
-100.0,100,350.594486
-100.0,100,353.994073
-100.0,100,358.178403
-100.0,100,361.547462
-100.0,100,365.509828
-100.0,100,369.246429
-100.0,100,372.713658
-100.0,100,376.305753
-100.0,100,380.071755
-100.0,100,383.585343
-100.0,100,387.2398
-100.0,100,390.814751
-100.0,100,395.262288
-100.0,100,398.714303
-100.0,100,399.726389
-100.0,100,400.787483
-100.0,100,401.77674
-100.0,100,402.768957
-100.0,100,403.79342
-100.0,100,404.787151
-100.0,100,405.82525
-100.0,100,406.804995
-100.0,100,407.834442
-100.0,100,409.000815
-100.0,100,412.603319
-100.0,100,416.435464
-100.0,100,420.069234
-100.0,100,423.970634
-100.0,100,427.632256
-100.0,100,431.473431
-100.0,100,435.261946
-100.0,100,439.054976
-100.0,100,442.877212
-100.0,100,446.509152
-100.0,100,450.017922
-100.0,100,453.577888
-100.0,100,457.128614
-100.0,100,460.670629
-100.0,100,464.244934
-100.0,100,467.818434
-100.0,100,471.263054
-100.0,100,474.743454
-100.0,100,478.345846
-100.0,100,482.10644
-100.0,100,485.763025
-100.0,100,489.490406
-100.0,100,493.049409
-100.0,100,496.569956
-100.0,100,500.115384
-100.0,100,503.634827
-100.0,100,507.14874
-100.0,100,510.695917
-100.0,100,514.106522
-100.0,100,517.824516
-100.0,100,521.372413
-100.0,100,524.816784
-100.0,100,528.638957
-100.0,100,532.150074
-100.0,100,535.628747
-100.0,100,539.209355
-100.0,100,542.627386
-100.0,100,546.285572
-100.0,100,549.763795
-100.0,100,553.246433
-100.0,100,556.943372
-100.0,100,560.509748
-100.0,100,564.177674
-100.0,100,567.610928
-100.0,100,571.127006
-100.0,100,574.763403
-100.0,100,578.247101
-100.0,100,581.762658
-100.0,100,585.250223
-100.0,100,588.933889
-100.0,100,589.959794
-100.0,100,590.971431
-100.0,100,592.023444
-100.0,100,593.145655
-100.0,100,594.170834
-100.0,100,595.26112
-100.0,100,596.316179
-100.0,100,597.394568
-100.0,100,598.443343
-100.0,100,599.484123
-100.0,100,603.02627
-100.0,100,606.545259
-100.0,100,610.141942
-100.0,100,613.539463
-100.0,100,617.052572
-100.0,100,620.617258
-100.0,100,624.263242
-100.0,100,627.714275
-100.0,100,631.253257
-100.0,100,634.814864
-100.0,100,638.345322
-100.0,100,641.781851
-100.0,100,645.321866
-100.0,100,648.885446
-100.0,100,652.344923
-100.0,100,655.867998
-100.0,100,659.357108
-100.0,100,662.907817
-100.0,100,666.435003
-100.0,100,669.928996
-100.0,100,673.486621
-100.0,100,677.010197
-100.0,100,680.47981
-100.0,100,684.079996
-100.0,100,687.616812
-100.0,100,691.140317
-100.0,100,694.656194
-100.0,100,698.166406
-100.0,100,701.761143
-100.0,100,705.252908
-100.0,100,708.816927
-100.0,100,712.301351
-100.0,100,715.933247
-100.0,100,719.467408
-100.0,100,722.968712
-100.0,100,726.471111
-100.0,100,730.021733
-100.0,100,733.532172
-100.0,100,737.086388
-100.0,100,740.644563
-100.0,100,744.17696
-100.0,100,747.69195
-100.0,100,751.11155
-100.0,100,754.619428
-100.0,100,758.128433
-100.0,100,761.684686
-100.0,100,765.233037
-100.0,100,768.751893
-100.0,100,772.285742
-100.0,100,775.802637
-100.0,100,776.827053
-100.0,100,777.835295
-100.0,100,778.905035
-100.0,100,779.878032
-100.0,100,780.886503
-100.0,100,782.002546
-100.0,100,783.024841
-100.0,100,784.06374
-100.0,100,785.160311
-100.0,100,786.226742
-100.0,100,789.692666
-100.0,100,793.200568
-100.0,100,796.700721
-100.0,100,800.308746
-100.0,100,803.778221
-100.0,100,807.339138
-100.0,100,811.060581
-100.0,100,814.689415
-100.0,100,818.304623
-100.0,100,821.858932
-100.0,100,825.431115
-100.0,100,828.932029
-100.0,100,832.51298
-100.0,100,835.968461
-100.0,100,839.564123
-100.0,100,843.102016
-100.0,100,846.637617
-100.0,100,850.373032
-100.0,100,854.111327
-100.0,100,857.600853
-100.0,100,861.204043
-100.0,100,864.700792
-100.0,100,868.356576
-100.0,100,871.808533
-100.0,100,875.351632
-100.0,100,878.900304
-100.0,100,882.356993
-100.0,100,885.856327
-100.0,100,889.466427
-100.0,100,892.983387
-100.0,100,896.501111
-100.0,100,900.044488
-100.0,100,903.510026
-100.0,100,907.09443
-100.0,100,910.696217
-100.0,100,914.748814
-100.0,100,918.387883
-100.0,100,921.925868
-100.0,100,925.52046
-100.0,100,929.058783
-100.0,100,932.553875
-100.0,100,936.098015
-100.0,100,939.540401
-100.0,100,943.108171
-100.0,100,946.611951
-100.0,100,950.116768
-100.0,100,953.691024
-100.0,100,957.198303
-100.0,100,960.731937
-100.0,100,964.274075
-100.0,100,965.259967
-100.0,100,966.261848
-100.0,100,967.320319
-100.0,100,968.32541
-100.0,100,969.2691
-100.0,100,970.272872
-100.0,100,971.260689
-100.0,100,972.255658
-100.0,100,973.224612
-100.0,100,974.628174
-100.0,100,978.174104
-100.0,100,981.704738
-100.0,100,985.245088
-100.0,100,988.824689
-100.0,100,992.328146
-100.0,100,995.746799
-100.0,100,999.313736
-100.0,100,1002.877682
-100.0,100,1007.094432
-100.0,100,1010.790162
-100.0,100,1014.660269
-100.0,100,1018.215045
-100.0,100,1021.975912
-100.0,100,1025.671973
-100.0,100,1029.26484
-100.0,100,1032.958647
-100.0,100,1036.576947
-100.0,100,1040.285549
-100.0,100,1043.911412
-100.0,100,1047.573426
-100.0,100,1051.212775
-100.0,100,1054.794324
-100.0,100,1058.557904
-100.0,100,1062.125956
-100.0,100,1065.88912
-100.0,100,1069.500127
-100.0,100,1073.231168
-100.0,100,1076.782889
-100.0,100,1080.468776
-100.0,100,1084.089702
-100.0,100,1087.757201
-100.0,100,1091.369614
-100.0,100,1094.942025
-100.0,100,1098.620791
-100.0,100,1102.299614
-100.0,100,1105.951075
-100.0,100,1109.552224
-100.0,100,1113.498081
-100.0,100,1117.557647
-100.0,100,1121.068741
-100.0,100,1124.698652
-100.0,100,1128.43362
-100.0,100,1132.032485
-100.0,100,1135.635965
-100.0,100,1139.276389
-100.0,100,1142.9075
-100.0,100,1146.561623
-100.0,100,1150.231095
-100.0,100,1153.838508
-100.0,100,1157.463199
-100.0,100,1158.497292
-100.0,100,1159.591147
-100.0,100,1160.545138
-100.0,100,1161.597183
-100.0,100,1162.626285
-100.0,100,1163.683132
-100.0,100,1164.759878
-100.0,100,1165.770538
-100.0,100,1166.814698
-100.0,100,1167.999988
-100.0,100,1171.635719
-100.0,100,1175.218378
-100.0,100,1178.907313
-100.0,100,1182.573445
-100.0,100,1186.434147
-100.0,100,1190.185016
-100.0,100,1193.750799
-100.0,100,1197.463394
-100.0,100,1201.060345
-100.0,100,1204.679041
-100.0,100,1208.327462
-100.0,100,1211.946742
-100.0,100,1215.565474
-100.0,100,1219.189468
-100.0,100,1222.795731
-100.0,100,1226.378043
-100.0,100,1230.022296
-100.0,100,1233.596954
-100.0,100,1237.258663
-100.0,100,1240.921611
-100.0,100,1244.600388
-100.0,100,1248.251808
-100.0,100,1251.8948
-100.0,100,1255.67935
-100.0,100,1259.290652
-100.0,100,1263.042999
-100.0,100,1266.739282
-100.0,100,1270.345309
-100.0,100,1273.968748
-100.0,100,1277.569017
-100.0,100,1281.256547
-100.0,100,1284.911109
-100.0,100,1288.595394
-100.0,100,1292.165022
-100.0,100,1295.854661
-100.0,100,1299.459943
-100.0,100,1303.177319
-100.0,100,1306.723071
-100.0,100,1310.359797
-100.0,100,1313.953955
-100.0,100,1317.640065
-100.0,100,1321.193898
-100.0,100,1324.878754
-100.0,100,1328.535339
-100.0,100,1332.074761
-100.0,100,1335.82665
-100.0,100,1339.432278
-100.0,100,1343.033034
-100.0,100,1346.757511
-100.0,100,1350.37079
-100.0,100,1351.467737
-100.0,100,1352.518729
-100.0,100,1353.567656
-100.0,100,1354.665217
-100.0,100,1355.737697
-100.0,100,1356.771199
-100.0,100,1357.812805
-100.0,100,1358.804217
-100.0,100,1359.856259
-100.0,100,1360.928236
-100.0,100,1364.567375
-100.0,100,1368.120485
-100.0,100,1371.77593
-100.0,100,1375.489628
-100.0,100,1379.102308
-100.0,100,1382.685338
-100.0,100,1386.341788
-100.0,100,1390.02078
-100.0,100,1393.601302
-100.0,100,1397.256685
-100.0,100,1400.963408
-100.0,100,1404.524099
-100.0,100,1408.106323
-100.0,100,1411.739791
-100.0,100,1415.436138
-100.0,100,1419.123239
-100.0,100,1422.669046
-100.0,100,1426.353441
-100.0,100,1429.985564
-100.0,100,1433.551481
-100.0,100,1437.23444
-100.0,100,1440.849716
-100.0,100,1444.533718
-100.0,100,1448.099198
-100.0,100,1451.749261
-100.0,100,1455.440035
-100.0,100,1459.00089
-100.0,100,1462.715644
-100.0,100,1466.362793
-100.0,100,1469.971783
-100.0,100,1473.655727
-100.0,100,1477.323676
-100.0,100,1480.840161
-100.0,100,1484.500732
-100.0,100,1488.140451
-100.0,100,1491.904017
-100.0,100,1495.550165
-100.0,100,1499.310256
-100.0,100,1503.175386
-100.0,100,1507.362018
-100.0,100,1511.170623
-100.0,100,1514.967703
-100.0,100,1518.768492
-100.0,100,1522.744232
-100.0,100,1526.306613
-100.0,100,1530.442301
-100.0,100,1535.904332
-100.0,100,1539.989097
-100.0,100,1543.957868
-100.0,100,1548.041529
-100.0,100,1549.091655
-100.0,100,1550.202253
-100.0,100,1551.267525
-100.0,100,1552.474116
-100.0,100,1553.593204
-100.0,100,1554.725261
-100.0,100,1555.776356
-100.0,100,1556.784767
-100.0,100,1557.796275
-100.0,100,1559.133767
-100.0,100,1562.890075
-100.0,100,1566.680142
-100.0,100,1570.453105
-100.0,100,1574.163491
-100.0,100,1578.081521
-100.0,100,1581.682543
-100.0,100,1585.230621
-100.0,100,1589.052244
-100.0,100,1593.096189
-100.0,100,1596.885354
-100.0,100,1600.567781
-100.0,100,1604.159162
-100.0,100,1607.85172
-100.0,100,1611.477094
-100.0,100,1615.122062
-100.0,100,1618.830421
-100.0,100,1622.408362
-100.0,100,1626.137768
-100.0,100,1629.635626
-100.0,100,1633.363809
-100.0,100,1636.911801
-100.0,100,1640.666152
-100.0,100,1644.200798
-100.0,100,1647.888412
-100.0,100,1651.514495
-100.0,100,1655.194723
-100.0,100,1658.90945
-100.0,100,1662.584032
-100.0,100,1666.26625
-100.0,100,1669.876738
-100.0,100,1673.469102
-100.0,100,1677.177941
-100.0,100,1680.868311
-100.0,100,1684.441523
-100.0,100,1688.164206
-100.0,100,1691.822392
-100.0,100,1695.397751
-100.0,100,1699.022812
-100.0,100,1702.766622
-100.0,100,1706.390153
-100.0,100,1709.982327
-100.0,100,1713.654767
-100.0,100,1717.279779
-100.0,100,1720.904119
-100.0,100,1724.483824
-100.0,100,1728.161386
-100.0,100,1731.890098
-100.0,100,1735.493113
-100.0,100,1739.164296
-100.0,100,1742.78398
-100.0,100,1743.80901
-100.0,100,1744.848593
-100.0,100,1745.868746
-100.0,100,1746.945744
-100.0,100,1748.024344
-100.0,100,1749.087302
-100.0,100,1750.169113
-100.0,100,1751.27007
-100.0,100,1752.40329
-100.0,100,1753.691581
-100.0,100,1757.394129
-100.0,100,1761.022303
-100.0,100,1764.694216
-100.0,100,1768.485665
-100.0,100,1772.033577
-100.0,100,1775.680679
-100.0,100,1779.276098
-100.0,100,1782.867508
-100.0,100,1786.576409
-100.0,100,1790.189232
-100.0,100,1793.835888
-100.0,100,1797.503743
-100.0,100,1801.121378
-100.0,100,1804.770498
-100.0,100,1808.457095
-100.0,100,1812.001375
-100.0,100,1815.681303
-100.0,100,1819.34531
-100.0,100,1822.930418
-100.0,100,1826.569551
-100.0,100,1830.18548
-100.0,100,1833.837346
-100.0,100,1837.504482
-100.0,100,1841.044779
-100.0,100,1844.750946
-100.0,100,1848.447176
-100.0,100,1852.161247
-100.0,100,1855.740412
-100.0,100,1859.403412
-100.0,100,1863.098721
-100.0,100,1866.83214
-100.0,100,1870.499895
-100.0,100,1874.172019
-100.0,100,1877.962394
-100.0,100,1881.529502
-100.0,100,1885.108352
-100.0,100,1888.798193
-100.0,100,1892.442484
-100.0,100,1896.061956
-100.0,100,1899.722467
-100.0,100,1903.332905
-100.0,100,1907.068662
-100.0,100,1910.646305
-100.0,100,1914.281837
-100.0,100,1917.923147
-100.0,100,1921.622051
-100.0,100,1925.228718
-100.0,100,1928.816939
-100.0,100,1932.570295
-100.0,100,1936.164913
-100.0,100,1937.230012
-100.0,100,1938.305922
-100.0,100,1939.33576
-100.0,100,1940.405845
-100.0,100,1941.499327
-100.0,100,1942.553875
-100.0,100,1943.571139
-100.0,100,1944.654929
-100.0,100,1945.699201
-100.0,100,1946.812105
-100.0,100,1950.44784
-100.0,100,1954.128206
-100.0,100,1957.74555
-100.0,100,1961.460336
-100.0,100,1965.133525
-100.0,100,1968.715149
-100.0,100,1972.360427
-100.0,100,1976.005373
-100.0,100,1979.640951
-100.0,100,1983.294201
-100.0,100,1986.934093
-100.0,100,1990.54258
-100.0,100,1994.195216
-100.0,100,1997.833007
-100.0,100,2001.49642
-100.0,100,2005.100936
-100.0,100,2008.86254
-100.0,100,2012.562418
-100.0,100,2016.239323
-100.0,100,2019.924876
-100.0,100,2023.676643
-100.0,100,2027.50433
-100.0,100,2031.141708
-100.0,100,2034.870106
-100.0,100,2038.967838
-100.0,100,2043.934787
-100.0,100,2048.968128
-100.0,100,2054.534218
-100.0,100,2058.546471
-100.0,100,2062.078361
-100.0,100,2065.282928
-100.0,100,2068.471236
-100.0,100,2071.63238
-100.0,100,2074.827975
-100.0,100,2077.937318
-100.0,100,2081.246903
-100.0,100,2084.392643
-100.0,100,2087.575981
-100.0,100,2090.713472
-100.0,100,2093.864614
-100.0,100,2097.264825
-100.0,100,2100.532064
-100.0,100,2103.902325
-100.0,100,2107.18227
-100.0,100,2110.404581
-100.0,100,2113.724771
-100.0,100,2117.123036
-100.0,100,2120.345561
-100.0,100,2123.555595
-100.0,100,2127.051261
-100.0,100,2128.006227
-100.0,100,2129.015004
-100.0,100,2130.01616
-100.0,100,2131.08304
-100.0,100,2132.062038
-100.0,100,2133.073541
-100.0,100,2134.166494
-100.0,100,2135.15647
-100.0,100,2136.185683
-100.0,100,2137.375832
-100.0,100,2140.636425
-100.0,100,2143.900277
-100.0,100,2147.400045
-100.0,100,2150.801099
-100.0,100,2154.083137
-100.0,100,2157.454221
-100.0,100,2160.715087
-100.0,100,2164.012372
-100.0,100,2167.380011
-100.0,100,2170.807731
-100.0,100,2174.274841
-100.0,100,2177.608295
-100.0,100,2181.041278
-100.0,100,2184.355881
-100.0,100,2187.610152
-100.0,100,2190.986245
-100.0,100,2194.259014
-100.0,100,2197.921191
-100.0,100,2201.323423
-100.0,100,2204.691987
-100.0,100,2208.221666
-100.0,100,2211.442512
-100.0,100,2214.884824
-100.0,100,2218.22583
-100.0,100,2221.7371
-100.0,100,2225.109152
-100.0,100,2228.51008
-100.0,100,2232.152233
-100.0,100,2236.078412
-100.0,100,2240.269637
-100.0,100,2244.368973
-100.0,100,2248.338702
-100.0,100,2252.464219
-100.0,100,2256.610637
-100.0,100,2260.69043
-100.0,100,2264.754888
-100.0,100,2268.819122
-100.0,100,2272.978827
-100.0,100,2276.979178
-100.0,100,2281.133574
-100.0,100,2285.267114
-100.0,100,2289.269036
-100.0,100,2293.472483
-100.0,100,2297.545268
-100.0,100,2301.626964
-100.0,100,2305.817043
-100.0,100,2309.936407
-100.0,100,2314.022181
-100.0,100,2318.07911
-100.0,100,2322.210401
-100.0,100,2323.305642
-100.0,100,2324.458777
-100.0,100,2325.56901
-100.0,100,2326.672485
-100.0,100,2327.780179
-100.0,100,2328.910352
-100.0,100,2329.964839
-100.0,100,2331.099273
-100.0,100,2332.222884
-100.0,100,2333.476875
-100.0,100,2337.459384
-100.0,100,2341.622188
-100.0,100,2345.706455
-100.0,100,2349.870821
-100.0,100,2353.880868
-100.0,100,2357.812594
-100.0,100,2361.946935
-100.0,100,2366.130548
-100.0,100,2369.834706
-100.0,100,2373.464754
-100.0,100,2377.19185
-100.0,100,2381.069814
-100.0,100,2384.869115
-100.0,100,2388.713004
-100.0,100,2392.378856
-100.0,100,2396.140322
-100.0,100,2399.784267
-100.0,100,2403.382183
-100.0,100,2406.989682
-100.0,100,2410.564354
-100.0,100,2414.310282
-100.0,100,2417.91828
-100.0,100,2421.603211
-100.0,100,2425.342072
-100.0,100,2428.979641
-100.0,100,2432.544125
-100.0,100,2436.277206
-100.0,100,2439.893294
-100.0,100,2443.535086
-100.0,100,2447.172248
-100.0,100,2451.027356
-100.0,100,2454.74547
-100.0,100,2459.194653
-100.0,100,2463.952858
-100.0,100,2469.356098
-100.0,100,2473.484637
-100.0,100,2477.38044
-100.0,100,2481.166669
-100.0,100,2485.70441
-100.0,100,2489.768966
-100.0,100,2493.0785
-100.0,100,2496.272227
-100.0,100,2499.400615
-100.0,100,2502.602349
-100.0,100,2505.858917
-100.0,100,2509.033349
-100.0,100,2512.107581
-100.0,100,2515.303902
-100.0,100,2518.386777
-100.0,100,2521.615428
-100.0,100,2522.62584
-100.0,100,2523.599674
-100.0,100,2524.535415
-100.0,100,2525.55798
-100.0,100,2526.568188
-100.0,100,2527.63015
-100.0,100,2528.715907
-100.0,100,2529.812387
-100.0,100,2530.911464
-100.0,100,2532.445813
-100.0,100,2536.17023
-100.0,100,2539.810818
-100.0,100,2543.113718
-100.0,100,2546.669082
-100.0,100,2550.261629
-100.0,100,2553.506226
-100.0,100,2556.953851
-100.0,100,2560.256037
-100.0,100,2564.031863
-100.0,100,2567.293825
-100.0,100,2570.7958
-100.0,100,2574.102863
-100.0,100,2577.449579
-100.0,100,2580.804647
-100.0,100,2584.214599
-100.0,100,2587.467956
-100.0,100,2590.80671
-100.0,100,2593.882266
-100.0,100,2596.665956
-100.0,100,2599.508851
-100.0,100,2602.469981
-100.0,100,2605.304152
-100.0,100,2608.371694
-100.0,100,2611.91973
-100.0,100,2615.474293
-100.0,100,2618.663535
-100.0,100,2621.865035
-100.0,100,2624.826401
-100.0,100,2627.722909
-100.0,100,2630.766441
-100.0,100,2633.493237
-100.0,100,2636.521126
-100.0,100,2639.44841
-100.0,100,2642.897806
-100.0,100,2646.302306
-100.0,100,2649.539563
-100.0,100,2652.563727
-100.0,100,2655.38347
-100.0,100,2658.308697
-100.0,100,2661.223575
-100.0,100,2664.115296
-100.0,100,2666.98213
-100.0,100,2669.848451
-100.0,100,2672.721313
-100.0,100,2675.612867
-100.0,100,2678.472842
-100.0,100,2681.343199
-100.0,100,2684.091879
-100.0,100,2686.904525
-100.0,100,2689.950273
-100.0,100,2690.80283
-100.0,100,2691.693349
-100.0,100,2692.608312
-100.0,100,2693.478518
-100.0,100,2694.297125
-100.0,100,2695.100399
-100.0,100,2696.007765
-100.0,100,2696.860954
-100.0,100,2697.723541
-100.0,100,2698.880035
-100.0,100,2701.64401
-100.0,100,2704.618449
-100.0,100,2707.512383
-100.0,100,2710.358316
-100.0,100,2713.198672
-100.0,100,2716.069599
-100.0,100,2718.852593
-100.0,100,2721.82009
-100.0,100,2724.694502
-100.0,100,2727.534124
-100.0,100,2730.316345
-100.0,100,2733.092399
-100.0,100,2735.888703
-100.0,100,2738.64842
-100.0,100,2741.624778
-100.0,100,2744.424197
-100.0,100,2747.259269
-100.0,100,2750.012635
-100.0,100,2752.890753
-100.0,100,2755.744887
-100.0,100,2758.672511
-100.0,100,2761.538206
-100.0,100,2764.321417
-100.0,100,2767.187891
-100.0,100,2770.003663
-100.0,100,2772.800778
-100.0,100,2775.607265
-100.0,100,2778.407548
-100.0,100,2781.231925
-100.0,100,2784.052458
-100.0,100,2786.831058
-100.0,100,2789.721146
-100.0,100,2792.429907
-100.0,100,2795.34425
-100.0,100,2798.945343
-100.0,100,2802.029541
-100.0,100,2805.557557
-100.0,100,2808.403404
-100.0,100,2811.342334
-100.0,100,2814.302685
-100.0,100,2817.233786
-100.0,100,2820.133131
-100.0,100,2822.968777
-100.0,100,2825.830623
-100.0,100,2828.81512
-100.0,100,2831.713056
-100.0,100,2834.513668
-100.0,100,2837.256679
-100.0,100,2840.13033
-100.0,100,2842.999027
-100.0,100,2843.832093
-100.0,100,2844.664341
-100.0,100,2845.470863
-100.0,100,2846.280838
-100.0,100,2847.134811
-100.0,100,2847.979255
-100.0,100,2848.832284
-100.0,100,2849.681292
-100.0,100,2850.527995
-100.0,100,2851.793658
-100.0,100,2854.551462
-100.0,100,2857.354908
-100.0,100,2860.131304
-100.0,100,2862.905137
-100.0,100,2865.750281
-100.0,100,2868.580652
-100.0,100,2871.387828
-100.0,100,2874.152893
-100.0,100,2877.052954
-100.0,100,2879.996736
-100.0,100,2882.791551
-100.0,100,2885.644833
-100.0,100,2888.38223
-100.0,100,2891.269416
-100.0,100,2894.092695
-100.0,100,2896.967115
-100.0,100,2899.844891
-100.0,100,2902.598727
-100.0,100,2905.471577
-100.0,100,2908.366896
-100.0,100,2911.238403
-100.0,100,2914.122645
-100.0,100,2917.087273
-100.0,100,2919.88957
-100.0,100,2922.738425
-100.0,100,2925.610104
-100.0,100,2928.434135
-100.0,100,2931.247436
-100.0,100,2934.072399
-100.0,100,2936.899333
-100.0,100,2939.672743
-100.0,100,2942.490969
-100.0,100,2945.294335
-100.0,100,2948.142576
-100.0,100,2951.060166
-100.0,100,2953.932296
-100.0,100,2956.743051
-100.0,100,2959.545113
-100.0,100,2962.386215
-100.0,100,2965.261091
-100.0,100,2968.13976
-100.0,100,2970.908515
-100.0,100,2973.672125
-100.0,100,2976.440414
-100.0,100,2979.888244
-100.0,100,2983.360559
-100.0,100,2986.696167
-100.0,100,2989.572331
-100.0,100,2992.514807
-100.0,100,2995.810772
-100.0,100,2996.672484
-100.0,100,2997.576852
-100.0,100,2998.451256
-100.0,100,2999.310934
-100.0,100,3000.143733
-100.0,100,3001.00852
-100.0,100,3001.950988
-100.0,100,3002.818836
-100.0,100,3003.690873
-100.0,100,3004.669837
-100.0,100,3007.615242
-100.0,100,3010.438215
-100.0,100,3013.240717
-100.0,100,3016.14483
-100.0,100,3018.972663
-100.0,100,3021.837819
-100.0,100,3024.614358
-100.0,100,3027.447626
-100.0,100,3030.274973
-100.0,100,3033.233188
-100.0,100,3036.062458
-100.0,100,3038.909002
-100.0,100,3041.778793
-100.0,100,3044.561937
-100.0,100,3047.395748
-100.0,100,3050.242308
-100.0,100,3053.0458
-100.0,100,3055.92549
-100.0,100,3058.688369
-100.0,100,3061.468023
-100.0,100,3064.375021
-100.0,100,3067.101411
-100.0,100,3070.036261
-100.0,100,3072.920834
-100.0,100,3075.775738
-100.0,100,3078.603187
-100.0,100,3081.468789
-100.0,100,3084.405952
-100.0,100,3087.190015
-100.0,100,3090.014529
-100.0,100,3092.856565
-100.0,100,3095.609482
-100.0,100,3098.480076
-100.0,100,3101.251055
-100.0,100,3104.052335
-100.0,100,3106.906424
-100.0,100,3109.824658
-100.0,100,3112.603083
-100.0,100,3115.449689
-100.0,100,3118.274056
-100.0,100,3121.06271
-100.0,100,3123.818965
-100.0,100,3126.56812
-100.0,100,3129.581394
-100.0,100,3132.418692
-100.0,100,3135.15273
-100.0,100,3137.930077
-100.0,100,3141.133312
-100.0,100,3144.825434
-100.0,100,3148.231503
-100.0,100,3149.184201
-100.0,100,3150.114213
-100.0,100,3150.993056
-100.0,100,3151.858991
-100.0,100,3152.723293
-100.0,100,3153.568966
-100.0,100,3154.396301
-100.0,100,3155.215439
-100.0,100,3156.054941
-100.0,100,3156.952112
-100.0,100,3159.737967
-100.0,100,3162.605232
-100.0,100,3165.329647
-100.0,100,3168.171503
-100.0,100,3171.108676
-100.0,100,3173.955746
-100.0,100,3176.877483
-100.0,100,3179.69516
-100.0,100,3182.560967
-100.0,100,3185.337699
-100.0,100,3188.358592
-100.0,100,3191.188876
-100.0,100,3194.126728
-100.0,100,3196.930243
-100.0,100,3199.818513
-100.0,100,3202.530022
-100.0,100,3205.341488
-100.0,100,3208.159978
-100.0,100,3210.971083
-100.0,100,3213.916906
-100.0,100,3216.823104
-100.0,100,3219.77638
-100.0,100,3222.630614
-100.0,100,3225.429375
-100.0,100,3228.298147
-100.0,100,3231.277538
-100.0,100,3234.104244
-100.0,100,3236.978878
-100.0,100,3239.815535
-100.0,100,3242.789585
-100.0,100,3245.586164
-100.0,100,3248.446533
-100.0,100,3251.313933
-100.0,100,3254.159475
-100.0,100,3256.973049
-100.0,100,3259.875479
-100.0,100,3262.681925
-100.0,100,3265.541428
-100.0,100,3268.356928
-100.0,100,3271.385577
-100.0,100,3274.253446
-100.0,100,3277.130632
-100.0,100,3280.077801
-100.0,100,3282.981019
-100.0,100,3285.914613
-100.0,100,3288.819539
-100.0,100,3291.566463
-100.0,100,3294.418467
-100.0,100,3297.274447
-100.0,100,3300.206611
-100.0,100,3301.08884
-100.0,100,3301.996155
-100.0,100,3302.889322
-100.0,100,3303.766754
-100.0,100,3304.65639
-100.0,100,3305.502889
-100.0,100,3306.409386
-100.0,100,3307.226639
-100.0,100,3308.066258
-100.0,100,3309.052323
-100.0,100,3311.825384
-100.0,100,3314.586551
-100.0,100,3317.401083
-100.0,100,3320.247314
-100.0,100,3323.05953
-100.0,100,3325.87803
-100.0,100,3329.165058
-100.0,100,3333.019846
-100.0,100,3336.870218
-100.0,100,3340.260411
-100.0,100,3343.802282
-100.0,100,3347.291312
-100.0,100,3350.804045
-100.0,100,3354.24373
-100.0,100,3357.728816
-100.0,100,3361.187484
-100.0,100,3364.64382
-100.0,100,3368.006181
-100.0,100,3370.843801
-100.0,100,3373.664838
-100.0,100,3376.441477
-100.0,100,3379.46701
-100.0,100,3382.40171
-100.0,100,3385.345791
-100.0,100,3388.263459
-100.0,100,3391.259307
-100.0,100,3394.390955
-100.0,100,3397.508275
-100.0,100,3400.381233
-100.0,100,3403.202494
-100.0,100,3406.028301
-100.0,100,3408.860249
-100.0,100,3411.662743
-100.0,100,3414.501126
-100.0,100,3417.31057
-100.0,100,3420.279967
-100.0,100,3423.311796
-100.0,100,3426.348386
-100.0,100,3429.230859
-100.0,100,3431.950138
-100.0,100,3434.789953
-100.0,100,3437.566063
-100.0,100,3440.633478
-100.0,100,3443.458747
-100.0,100,3446.328404
-100.0,100,3449.132361
-100.0,100,3451.905837
-100.0,100,3454.677874
-100.0,100,3457.661403
-100.0,100,3460.497292
-100.0,100,3461.37311
-100.0,100,3462.216891
-100.0,100,3463.123178
-100.0,100,3464.026162
-100.0,100,3464.881288
-100.0,100,3465.788898
-100.0,100,3466.625395
-100.0,100,3467.506409
-100.0,100,3468.334569
-100.0,100,3469.183268
-100.0,100,3472.176637
-100.0,100,3474.91773
-100.0,100,3477.805266
-100.0,100,3480.563989
-100.0,100,3483.36798
-100.0,100,3486.130868
-100.0,100,3488.958675
-100.0,100,3491.709799
-100.0,100,3494.541083
-100.0,100,3497.309275
-100.0,100,3500.087736
-100.0,100,3502.895634
-100.0,100,3505.724893
-100.0,100,3508.533267
-100.0,100,3511.306383
-100.0,100,3514.115125
-100.0,100,3516.860927
-100.0,100,3519.789727
-100.0,100,3522.520639
-100.0,100,3525.353106
-100.0,100,3528.194603
-100.0,100,3530.951711
-100.0,100,3533.776624
-100.0,100,3536.813884
-100.0,100,3539.601295
-100.0,100,3542.480023
-100.0,100,3545.495905
-100.0,100,3548.547541
-100.0,100,3551.382002
-100.0,100,3554.178349
-100.0,100,3557.028398
-100.0,100,3559.818304
-100.0,100,3562.647118
-100.0,100,3565.449949
-100.0,100,3568.233126
-100.0,100,3571.065431
-100.0,100,3573.852066
-100.0,100,3576.694525
-100.0,100,3579.480424
-100.0,100,3582.33048
-100.0,100,3585.182614
-100.0,100,3587.92412
-100.0,100,3590.772695
-100.0,100,3593.578539
-100.0,100,3596.371814
-100.0,100,3599.19947
-100.0,100,3602.031197
-100.0,100,3605.063654
-100.0,100,3607.9407
-100.0,100,3610.741585
-100.0,100,3611.63659
-100.0,100,3612.492438
-100.0,100,3613.345155
-100.0,100,3614.248581
-100.0,100,3615.150817
-100.0,100,3616.063171
-100.0,100,3616.894244
-100.0,100,3617.724612
-100.0,100,3618.58431
-100.0,100,3619.645821
-100.0,100,3622.486352
-100.0,100,3625.375357
-100.0,100,3628.188682
-100.0,100,3630.986764
-100.0,100,3633.78331
-100.0,100,3636.610667
-100.0,100,3639.448083
-100.0,100,3642.416529
-100.0,100,3645.213611
-100.0,100,3648.095454
-100.0,100,3650.863032
-100.0,100,3653.776791
-100.0,100,3656.628484
-100.0,100,3659.508387
-100.0,100,3662.325323
-100.0,100,3665.148489
-100.0,100,3667.984839
-100.0,100,3670.784445
-100.0,100,3673.729238
-100.0,100,3676.51623
-100.0,100,3679.378302
-100.0,100,3682.178178
-100.0,100,3685.014049
-100.0,100,3687.974247
-100.0,100,3690.822364
-100.0,100,3693.656774
-100.0,100,3696.591191
-100.0,100,3699.62749
-100.0,100,3702.631577
-100.0,100,3705.718525
-100.0,100,3708.566667
-100.0,100,3711.348708
-100.0,100,3714.277097
-100.0,100,3717.109456
-100.0,100,3719.952031
-100.0,100,3722.782655
-100.0,100,3725.646773
-100.0,100,3728.509037
-100.0,100,3731.26434
-100.0,100,3734.038977
-100.0,100,3737.025556
-100.0,100,3739.802681
-100.0,100,3742.694785
-100.0,100,3745.462866
-100.0,100,3748.28036
-100.0,100,3751.367444
-100.0,100,3754.231902
-100.0,100,3757.096239
-100.0,100,3759.953099
-100.0,100,3762.827826
-100.0,100,3763.73566
-100.0,100,3764.662142
-100.0,100,3765.631311
-100.0,100,3766.53416
-100.0,100,3767.470638
-100.0,100,3768.436215
-100.0,100,3769.371038
-100.0,100,3770.346475
-100.0,100,3771.157485
-100.0,100,3772.381358
-100.0,100,3775.195006
-100.0,100,3778.045174
-100.0,100,3780.857195
-100.0,100,3783.715548
-100.0,100,3786.664167
-100.0,100,3789.47901
-100.0,100,3792.368957
-100.0,100,3795.135195
-100.0,100,3797.967018
-100.0,100,3800.843999
-100.0,100,3803.709208
-100.0,100,3806.656628
-100.0,100,3809.59878
-100.0,100,3812.462332
-100.0,100,3815.329868
-100.0,100,3818.253636
-100.0,100,3821.240855
-100.0,100,3824.147511
-100.0,100,3827.050532
-100.0,100,3829.79077
-100.0,100,3832.721988
-100.0,100,3835.568984
-100.0,100,3838.444087
-100.0,100,3841.346744
-100.0,100,3844.238874
-100.0,100,3847.084152
-100.0,100,3850.225484
-100.0,100,3853.15449
-100.0,100,3856.060321
-100.0,100,3859.139227
-100.0,100,3862.011317
-100.0,100,3865.202868
-100.0,100,3868.210405
-100.0,100,3871.074134
-100.0,100,3873.935749
-100.0,100,3876.756621
-100.0,100,3879.546568
-100.0,100,3882.479016
-100.0,100,3885.309909
-100.0,100,3888.242732
-100.0,100,3891.047916
-100.0,100,3893.88456
-100.0,100,3896.762114
-100.0,100,3899.618722
-100.0,100,3902.543915
-100.0,100,3905.503602
-100.0,100,3908.351925
-100.0,100,3911.158912
-100.0,100,3914.0443
-100.0,100,3916.974554
-100.0,100,3918.096464
-100.0,100,3919.091364
-100.0,100,3919.993522
-100.0,100,3920.951764
-100.0,100,3921.875509
-100.0,100,3922.824454
-100.0,100,3923.780494
-100.0,100,3924.665883
-100.0,100,3925.663121
-100.0,100,3926.725828
-100.0,100,3929.536204
-100.0,100,3932.489774
-100.0,100,3936.036018
-100.0,100,3939.289046
-100.0,100,3942.611084
-100.0,100,3945.857072
-100.0,100,3949.144943
-100.0,100,3952.400716
-100.0,100,3955.745794
-100.0,100,3959.012846
-100.0,100,3962.191027
-100.0,100,3965.46592
-100.0,100,3968.798757
-100.0,100,3972.040395
-100.0,100,3975.372887
-100.0,100,3978.735947
-100.0,100,3982.002134
-100.0,100,3985.288688
-100.0,100,3988.466409
-100.0,100,3991.732903
-100.0,100,3995.032606
-100.0,100,3998.391283
-100.0,100,4001.545315
-100.0,100,4004.931465
-100.0,100,4008.238866
-100.0,100,4011.444692
-100.0,100,4014.778995
-100.0,100,4018.088488
-100.0,100,4021.223948
-100.0,100,4024.555531
-100.0,100,4027.886909
-100.0,100,4031.111434
-100.0,100,4034.329739
-100.0,100,4037.534913
-100.0,100,4040.831083
-100.0,100,4044.147259
-100.0,100,4047.473742
-100.0,100,4050.752344
-100.0,100,4053.941442
-100.0,100,4057.28615
-100.0,100,4060.601638
-100.0,100,4063.884708
-100.0,100,4067.347646
-100.0,100,4070.607227
-100.0,100,4073.790058
-100.0,100,4076.694888
-100.0,100,4079.54173
-100.0,100,4082.480892
-100.0,100,4085.363674
-100.0,100,4088.309772
-100.0,100,4089.295068
-100.0,100,4090.28671
-100.0,100,4091.326312
-100.0,100,4092.311483
-100.0,100,4093.307475
-100.0,100,4094.272489
-100.0,100,4095.276337
-100.0,100,4096.269758
-100.0,100,4097.205754
-100.0,100,4098.147896
-100.0,100,4101.032534
-100.0,100,4103.883883
-100.0,100,4106.693358
-100.0,100,4109.563673
-100.0,100,4112.392477
-100.0,100,4115.336859
-100.0,100,4118.150421
-100.0,100,4121.101546
-100.0,100,4123.908521
-100.0,100,4126.806553
-100.0,100,4129.665789
-100.0,100,4132.502745
-100.0,100,4135.391435
-100.0,100,4138.266293
-100.0,100,4141.176235
-100.0,100,4143.995777
-100.0,100,4146.911425
-100.0,100,4149.840669
-100.0,100,4152.611753
-100.0,100,4155.509419
-100.0,100,4158.531231
-100.0,100,4161.766548
-100.0,100,4164.88601
-100.0,100,4167.873781
-100.0,100,4170.928404
-100.0,100,4173.994143
-100.0,100,4177.202554
-100.0,100,4180.318673
-100.0,100,4183.211058
-100.0,100,4186.176345
-100.0,100,4189.280322
-100.0,100,4192.403587
-100.0,100,4195.259717
-100.0,100,4198.17548
-100.0,100,4201.025571
-100.0,100,4203.87146
-100.0,100,4206.817334
-100.0,100,4209.632566
-100.0,100,4212.485078
-100.0,100,4215.335506
-100.0,100,4218.155215
-100.0,100,4221.040636
-100.0,100,4223.98069
-100.0,100,4226.822654
-100.0,100,4229.698995
-100.0,100,4232.533013
-100.0,100,4235.392067
-100.0,100,4238.178239
-100.0,100,4241.029114
-100.0,100,4243.959338
-100.0,100,4244.866953
-100.0,100,4245.739439
-100.0,100,4246.676233
-100.0,100,4247.618199
-100.0,100,4248.552792
-100.0,100,4249.490995
-100.0,100,4250.450327
-100.0,100,4251.380142
-100.0,100,4252.314097
-100.0,100,4253.494423
-100.0,100,4256.403024
-100.0,100,4259.249052
-100.0,100,4262.077082
-100.0,100,4264.952491
-100.0,100,4267.827501
-100.0,100,4270.70935
-100.0,100,4273.589774
-100.0,100,4276.490826
-100.0,100,4279.310528
-100.0,100,4282.125209
-100.0,100,4285.041581
-100.0,100,4287.888656
-100.0,100,4290.764981
-100.0,100,4293.533046
-100.0,100,4296.408691
-100.0,100,4299.2809
-100.0,100,4302.122652
-100.0,100,4305.010968
-100.0,100,4307.899359
-100.0,100,4310.700755
-100.0,100,4313.581225
-100.0,100,4316.42142
-100.0,100,4319.278423
-100.0,100,4322.127308
-100.0,100,4324.980242
-100.0,100,4327.877684
-100.0,100,4330.639881
-100.0,100,4333.520674
-100.0,100,4336.658934
-100.0,100,4339.509321
-100.0,100,4342.313501
-100.0,100,4345.599386
-100.0,100,4348.944665
-100.0,100,4351.866771
-100.0,100,4354.706938
-100.0,100,4357.497976
-100.0,100,4360.435477
-100.0,100,4363.263308
-100.0,100,4366.265023
-100.0,100,4369.036212
-100.0,100,4371.981896
-100.0,100,4374.808107
-100.0,100,4377.733704
-100.0,100,4380.604321
-100.0,100,4383.462329
-100.0,100,4386.255224
-100.0,100,4389.134464
-100.0,100,4391.935146
-100.0,100,4394.79266
-100.0,100,4397.707089
-100.0,100,4398.619836
-100.0,100,4399.525227
-100.0,100,4400.429114
-100.0,100,4401.366925
-100.0,100,4402.306622
-100.0,100,4403.268224
-100.0,100,4404.174678
-100.0,100,4405.15627
-100.0,100,4406.051615
