# {"t_start": 1580305580.9884956, "env_id": "FetchPickAndPlace-v1"} 
r,l,t
-50.0,50,5.507964
-50.0,50,8.341684
-50.0,50,11.021311
-50.0,50,13.670933
-50.0,50,16.272534
-50.0,50,18.86339
-50.0,50,21.479309
-50.0,50,24.049479
-50.0,50,26.690413
-50.0,50,29.48034
-50.0,50,32.238797
-50.0,50,34.908206
-50.0,50,37.901171
-50.0,50,40.868762
-50.0,50,43.635241
-50.0,50,46.180156
-50.0,50,48.80206
-50.0,50,51.356738
-50.0,50,54.02153
-50.0,50,56.56496
-50.0,50,59.137553
-50.0,50,61.698305
-50.0,50,64.264729
-50.0,50,66.868926
-50.0,50,69.399164
-50.0,50,71.989004
-50.0,50,74.537039
-50.0,50,77.089577
-50.0,50,79.671086
-50.0,50,82.216275
-50.0,50,84.799476
-50.0,50,87.385743
-50.0,50,89.907984
-50.0,50,92.527746
-50.0,50,95.047523
-50.0,50,97.626352
-50.0,50,100.20129
-50.0,50,102.746846
-50.0,50,105.366409
-50.0,50,107.921549
-50.0,50,110.478437
-50.0,50,113.032965
-50.0,50,115.595664
-50.0,50,118.177913
-50.0,50,120.761154
-50.0,50,123.300092
-50.0,50,125.848903
-50.0,50,128.453376
-50.0,50,130.999365
0.0,50,133.528249
-50.0,50,136.128102
-50.0,50,136.551946
-50.0,50,136.962028
-50.0,50,137.411133
-50.0,50,137.814993
-50.0,50,138.209815
-50.0,50,138.625713
-50.0,50,139.04527
-50.0,50,139.472689
-50.0,50,139.86662
-50.0,50,140.342039
-50.0,50,142.883757
-50.0,50,145.413395
0.0,50,148.009255
-50.0,50,150.579935
-50.0,50,153.108222
-50.0,50,155.655197
-50.0,50,158.236703
-50.0,50,160.82131
-50.0,50,163.399351
-50.0,50,165.967744
-50.0,50,168.502762
-50.0,50,171.073892
-50.0,50,173.658229
-50.0,50,176.183563
-50.0,50,178.760495
-50.0,50,181.320702
-50.0,50,183.915486
-50.0,50,186.434087
-50.0,50,189.007101
-50.0,50,191.612661
-50.0,50,194.162827
-50.0,50,196.721628
-50.0,50,199.262655
-50.0,50,201.870465
0.0,50,204.410093
-50.0,50,206.947672
-50.0,50,209.566612
-50.0,50,212.106331
-50.0,50,214.701361
-50.0,50,217.25553
-50.0,50,219.837271
-50.0,50,222.392154
-50.0,50,224.942419
-50.0,50,227.522948
-50.0,50,230.068051
-50.0,50,232.625209
-50.0,50,235.171135
-50.0,50,237.701346
-50.0,50,240.267098
-50.0,50,242.840918
-50.0,50,245.404506
-50.0,50,247.96065
-50.0,50,250.537997
-50.0,50,253.108568
-50.0,50,255.659402
-50.0,50,258.240681
-50.0,50,260.806757
-50.0,50,263.35251
-50.0,50,265.937576
-50.0,50,268.462301
-50.0,50,268.89235
-45.0,50,269.32886
-50.0,50,269.75946
-50.0,50,270.183116
-50.0,50,270.592127
-50.0,50,271.013873
-50.0,50,271.404423
-50.0,50,271.839062
-50.0,50,272.261337
-50.0,50,272.709836
-50.0,50,275.291064
-50.0,50,277.851519
-50.0,50,280.401251
-50.0,50,282.960277
-50.0,50,285.546768
-50.0,50,288.048887
-50.0,50,290.65983
-50.0,50,293.220188
-50.0,50,295.755378
-50.0,50,298.297967
-50.0,50,300.887808
-50.0,50,303.440332
-50.0,50,306.019829
-50.0,50,308.57789
-50.0,50,311.122492
-50.0,50,313.673116
-50.0,50,316.211227
-50.0,50,318.783629
-50.0,50,321.342395
0.0,50,323.918158
-50.0,50,326.454944
0.0,50,329.029217
-50.0,50,331.571019
-50.0,50,334.144882
-50.0,50,336.700201
-50.0,50,339.300001
-50.0,50,341.871725
-50.0,50,344.471931
-50.0,50,347.052556
-50.0,50,349.649698
0.0,50,352.260649
-50.0,50,354.795137
-50.0,50,357.402266
-50.0,50,360.000082
-50.0,50,362.568922
-50.0,50,365.145888
-50.0,50,367.734808
-50.0,50,370.317003
-50.0,50,372.877135
-50.0,50,375.436956
-50.0,50,378.079628
-50.0,50,380.62564
-50.0,50,383.200066
-50.0,50,385.746337
-50.0,50,388.348955
-50.0,50,390.90238
-50.0,50,393.457853
-50.0,50,396.005002
-50.0,50,398.602931
-50.0,50,401.135226
-50.0,50,401.532393
-50.0,50,401.943013
-50.0,50,402.354316
-50.0,50,402.764334
-50.0,50,403.18693
-50.0,50,403.613934
-50.0,50,404.023426
-50.0,50,404.432643
-50.0,50,404.848447
-50.0,50,405.339006
-50.0,50,407.911138
-50.0,50,410.454103
-50.0,50,412.997166
-50.0,50,415.566717
-50.0,50,418.117254
-50.0,50,420.640316
-50.0,50,423.259048
-50.0,50,425.826036
-50.0,50,428.371303
-50.0,50,430.949716
-50.0,50,433.530084
-50.0,50,436.118338
-50.0,50,438.66696
-50.0,50,441.252112
-50.0,50,443.851702
-50.0,50,446.44788
-50.0,50,449.068512
-50.0,50,451.606913
-50.0,50,454.202723
-50.0,50,456.82523
-50.0,50,459.41052
-50.0,50,461.98826
-50.0,50,464.554762
-50.0,50,467.111205
-50.0,50,469.661758
-50.0,50,472.240286
-50.0,50,474.864985
-50.0,50,477.420914
-50.0,50,479.976736
-50.0,50,482.584811
-50.0,50,485.163892
-50.0,50,487.719377
-50.0,50,490.3149
-50.0,50,492.846483
-50.0,50,495.492087
-50.0,50,498.085035
-50.0,50,500.688416
-50.0,50,503.261308
-50.0,50,505.840653
-50.0,50,508.457207
-50.0,50,511.026615
-50.0,50,513.568966
-50.0,50,516.166563
-50.0,50,518.710426
-50.0,50,521.313937
-50.0,50,523.878875
-50.0,50,526.478591
-50.0,50,529.056659
-50.0,50,531.640494
-50.0,50,534.195621
-50.0,50,534.613651
-50.0,50,535.028093
-50.0,50,535.440324
-50.0,50,535.837909
-50.0,50,536.247214
-50.0,50,536.669534
-50.0,50,537.113069
-50.0,50,537.485705
-50.0,50,537.899075
-50.0,50,538.354161
-50.0,50,540.958583
-50.0,50,543.530713
-50.0,50,546.123399
-50.0,50,548.695307
-50.0,50,551.272568
-50.0,50,553.888788
-50.0,50,556.449522
-50.0,50,559.007752
-50.0,50,561.568261
-50.0,50,564.134351
-50.0,50,566.712241
-50.0,50,569.346723
-50.0,50,571.914088
-50.0,50,574.498699
-50.0,50,577.062728
-50.0,50,579.585615
-50.0,50,582.17515
-50.0,50,584.774546
-50.0,50,587.347473
-50.0,50,589.969386
-50.0,50,592.551526
-50.0,50,595.124024
-50.0,50,597.684524
-50.0,50,600.267956
-50.0,50,602.86049
-50.0,50,605.389706
-50.0,50,607.954293
-50.0,50,610.523574
-50.0,50,613.152555
-50.0,50,615.703884
-50.0,50,618.245084
-50.0,50,620.82389
-50.0,50,623.404199
-50.0,50,625.95603
-50.0,50,628.538295
-50.0,50,631.125901
-50.0,50,633.67766
-50.0,50,636.284199
-50.0,50,638.863747
-50.0,50,641.471213
-50.0,50,643.979007
-50.0,50,646.585721
-50.0,50,649.138314
-50.0,50,651.7806
-50.0,50,654.348122
-50.0,50,656.937752
-50.0,50,659.494211
-50.0,50,662.120744
-50.0,50,664.667313
-50.0,50,667.281028
-50.0,50,667.715612
-50.0,50,668.119969
-50.0,50,668.511204
-50.0,50,668.909321
-50.0,50,669.34959
-50.0,50,669.754396
-50.0,50,670.190495
-50.0,50,670.608279
-50.0,50,671.008863
-50.0,50,671.447597
-50.0,50,673.992195
-50.0,50,676.585806
-50.0,50,679.180519
-50.0,50,681.736462
-50.0,50,684.324695
-50.0,50,686.904089
-50.0,50,689.450813
-50.0,50,692.087036
-50.0,50,694.645796
-50.0,50,697.213526
-50.0,50,699.787123
-50.0,50,702.334086
-50.0,50,704.953596
-50.0,50,707.529618
-50.0,50,710.116908
-50.0,50,712.739621
-50.0,50,715.253255
-50.0,50,717.838125
-50.0,50,720.449168
-50.0,50,723.038551
-50.0,50,725.600571
-50.0,50,728.159653
-50.0,50,730.786103
-50.0,50,733.340738
-50.0,50,735.933325
-50.0,50,738.506738
-50.0,50,741.055528
-50.0,50,743.640603
-50.0,50,746.201753
-50.0,50,748.802701
-50.0,50,751.358011
-50.0,50,753.933241
-50.0,50,756.493838
-50.0,50,759.034286
0.0,50,761.627192
-50.0,50,764.219681
-50.0,50,766.785472
-50.0,50,769.38348
-50.0,50,771.966878
-50.0,50,774.511963
-50.0,50,777.05801
-50.0,50,779.609082
-50.0,50,782.194466
-50.0,50,784.734403
-50.0,50,787.31679
-50.0,50,789.85293
-50.0,50,792.475367
-50.0,50,795.052292
-50.0,50,797.615439
0.0,50,800.200458
-50.0,50,800.615174
-50.0,50,801.054829
-50.0,50,801.486116
-50.0,50,801.923287
-50.0,50,802.3311
-50.0,50,802.734233
-50.0,50,803.155553
-50.0,50,803.561908
-50.0,50,803.985518
-50.0,50,804.48993
-50.0,50,807.040546
-50.0,50,809.638034
-50.0,50,812.242604
-50.0,50,814.822333
-50.0,50,817.388093
-50.0,50,819.996946
-50.0,50,822.577105
-50.0,50,825.143599
-50.0,50,827.730141
-50.0,50,830.310793
-50.0,50,832.859863
-50.0,50,835.398533
-50.0,50,837.981908
-50.0,50,840.579698
-50.0,50,843.149955
-50.0,50,845.728173
-50.0,50,848.271265
-50.0,50,850.893542
-50.0,50,853.50168
-50.0,50,856.092425
-50.0,50,858.648793
-50.0,50,861.186796
-50.0,50,863.822254
0.0,50,866.369505
-50.0,50,868.941297
-50.0,50,871.542489
-50.0,50,874.11474
-50.0,50,876.669644
-50.0,50,879.269136
-50.0,50,881.89491
-50.0,50,884.463701
-50.0,50,887.070806
-50.0,50,889.598984
-50.0,50,892.15435
-50.0,50,894.764424
-50.0,50,897.366509
-50.0,50,899.965146
-50.0,50,902.499151
-50.0,50,905.064713
-50.0,50,907.690571
-50.0,50,910.284062
-50.0,50,912.857465
-50.0,50,915.433689
-50.0,50,917.982988
-50.0,50,920.569801
-50.0,50,923.154258
-50.0,50,925.74435
-22.0,50,928.33051
-45.0,50,930.931127
-50.0,50,933.52415
-50.0,50,933.95549
-50.0,50,934.35342
-50.0,50,934.757287
-50.0,50,935.16772
-50.0,50,935.558715
-50.0,50,935.958416
-50.0,50,936.373645
-50.0,50,936.772355
-50.0,50,937.168305
-50.0,50,937.802663
-50.0,50,940.387551
-50.0,50,942.958882
-50.0,50,945.562382
-50.0,50,948.119461
-50.0,50,950.657021
0.0,50,953.266919
-50.0,50,955.805146
-50.0,50,958.429723
-50.0,50,960.980416
-50.0,50,963.536592
-50.0,50,966.145517
-50.0,50,968.770438
-50.0,50,971.364718
-50.0,50,973.953975
-50.0,50,976.52821
-50.0,50,979.080298
-30.0,50,981.691751
-50.0,50,984.251101
-50.0,50,986.81162
0.0,50,989.42039
-50.0,50,992.038922
-50.0,50,994.576029
-50.0,50,997.183604
-15.0,50,999.792675
-50.0,50,1002.36255
-50.0,50,1004.936351
-50.0,50,1007.501931
-50.0,50,1010.127872
-50.0,50,1012.714201
-50.0,50,1015.341315
-50.0,50,1017.92301
-9.0,50,1020.504337
-50.0,50,1023.116955
-50.0,50,1025.684344
-50.0,50,1028.287338
-50.0,50,1030.875442
-50.0,50,1033.480471
-50.0,50,1036.075797
-50.0,50,1038.624926
-50.0,50,1041.2177
-29.0,50,1043.80003
0.0,50,1046.364374
-50.0,50,1048.937072
-50.0,50,1051.528348
-50.0,50,1054.102667
-50.0,50,1056.688073
-50.0,50,1059.275723
-50.0,50,1061.859123
-50.0,50,1064.459149
-50.0,50,1067.00084
-50.0,50,1067.440891
-50.0,50,1067.86503
-50.0,50,1068.277721
-50.0,50,1068.700703
-50.0,50,1069.115464
-50.0,50,1069.59812
-50.0,50,1070.021945
-50.0,50,1070.44115
-50.0,50,1070.882916
-50.0,50,1071.297406
-50.0,50,1073.875772
-50.0,50,1076.514618
0.0,50,1079.149177
-50.0,50,1081.703225
-50.0,50,1084.306411
0.0,50,1086.881398
-50.0,50,1089.489638
-50.0,50,1092.034503
-50.0,50,1094.665991
-34.0,50,1097.270869
-50.0,50,1099.82204
-50.0,50,1102.43469
-50.0,50,1104.998114
-50.0,50,1107.630671
-50.0,50,1110.168623
-50.0,50,1112.713146
-50.0,50,1115.34919
-50.0,50,1117.909597
-50.0,50,1120.488504
-50.0,50,1123.073448
-50.0,50,1125.654487
-50.0,50,1128.219693
-50.0,50,1130.794646
-50.0,50,1133.339916
-50.0,50,1135.96046
-50.0,50,1138.533007
-50.0,50,1141.082778
-50.0,50,1143.657799
-50.0,50,1146.265127
-13.0,50,1148.830252
-50.0,50,1151.421536
-50.0,50,1154.005547
-50.0,50,1156.584671
-50.0,50,1159.161754
-50.0,50,1161.794425
0.0,50,1164.392377
-50.0,50,1167.000082
-50.0,50,1169.630611
-50.0,50,1172.183288
-50.0,50,1174.787006
-50.0,50,1177.341939
-50.0,50,1179.919212
-50.0,50,1182.470122
-50.0,50,1185.092383
-50.0,50,1187.672583
-47.0,50,1190.268655
-50.0,50,1192.88992
-50.0,50,1195.408
-11.0,50,1198.023885
-50.0,50,1200.652165
-50.0,50,1201.072013
-50.0,50,1201.473961
-50.0,50,1201.939293
-48.0,50,1202.363695
-50.0,50,1202.763698
-50.0,50,1203.184567
-50.0,50,1203.614723
-50.0,50,1204.056656
-50.0,50,1204.47357
-50.0,50,1204.972114
-50.0,50,1207.584425
-50.0,50,1210.172604
-50.0,50,1212.779774
-50.0,50,1215.324849
-50.0,50,1217.918451
-50.0,50,1220.536432
-50.0,50,1223.096525
-50.0,50,1225.685811
-50.0,50,1228.275318
-50.0,50,1230.879767
-49.0,50,1233.536718
-50.0,50,1236.134086
-50.0,50,1238.694902
-50.0,50,1241.308769
-50.0,50,1243.901327
-50.0,50,1246.476825
-50.0,50,1249.099693
-29.0,50,1251.647771
-50.0,50,1254.217903
-43.0,50,1256.779219
-50.0,50,1259.405501
-50.0,50,1261.982942
-50.0,50,1264.569179
-50.0,50,1267.144739
-50.0,50,1269.742557
-50.0,50,1272.306806
-50.0,50,1274.877358
-50.0,50,1277.487098
-41.0,50,1280.03029
0.0,50,1282.647255
0.0,50,1285.231886
-50.0,50,1287.824722
-50.0,50,1290.396261
-50.0,50,1292.999613
-50.0,50,1295.573117
-50.0,50,1298.173764
-50.0,50,1300.701859
-50.0,50,1303.310438
-50.0,50,1305.867727
-50.0,50,1308.470528
-44.0,50,1311.122374
-47.0,50,1313.647867
-21.0,50,1316.305655
-50.0,50,1318.891413
-50.0,50,1321.490084
-50.0,50,1324.044395
-20.0,50,1326.652563
-22.0,50,1329.217115
-50.0,50,1331.771713
0.0,50,1334.388574
-12.0,50,1334.851594
-50.0,50,1335.269813
-50.0,50,1335.679858
-50.0,50,1336.090888
-8.0,50,1336.535298
-9.0,50,1336.968591
-50.0,50,1337.355829
-50.0,50,1337.788719
-13.0,50,1338.245358
-17.0,50,1338.712711
-50.0,50,1341.30855
-9.0,50,1343.923434
-50.0,50,1346.520102
-42.0,50,1349.097468
-43.0,50,1351.714043
-50.0,50,1354.333608
-50.0,50,1356.867811
-50.0,50,1359.474785
-50.0,50,1362.064842
-50.0,50,1364.670988
-48.0,50,1367.24687
0.0,50,1369.809568
-50.0,50,1372.384892
-45.0,50,1375.034294
-50.0,50,1377.584867
-15.0,50,1380.217287
-50.0,50,1382.789347
-50.0,50,1385.389642
-19.0,50,1388.002057
-50.0,50,1390.565201
-50.0,50,1393.182383
-50.0,50,1395.753117
-50.0,50,1398.329992
-36.0,50,1400.906855
-50.0,50,1403.514143
-50.0,50,1406.124032
-50.0,50,1408.738217
-48.0,50,1411.273232
0.0,50,1413.91206
-11.0,50,1416.531042
-50.0,50,1419.170481
-50.0,50,1421.72362
-42.0,50,1424.378802
-50.0,50,1426.956967
-50.0,50,1429.512442
-12.0,50,1432.107851
-48.0,50,1434.741326
-42.0,50,1437.360649
0.0,50,1439.946778
-50.0,50,1442.520305
-48.0,50,1445.136381
-50.0,50,1447.71
-29.0,50,1450.31059
-50.0,50,1452.891056
-50.0,50,1455.427918
-19.0,50,1458.091729
-47.0,50,1460.673646
-50.0,50,1463.262222
-50.0,50,1465.898019
-6.0,50,1468.539992
-20.0,50,1468.994791
-50.0,50,1469.42065
-50.0,50,1469.908231
-14.0,50,1470.386379
-50.0,50,1470.854459
-50.0,50,1471.287913
-50.0,50,1471.700527
-40.0,50,1472.139125
-50.0,50,1472.523735
-18.0,50,1472.980232
-20.0,50,1475.5676
-48.0,50,1478.139258
-15.0,50,1480.72275
-50.0,50,1483.36026
-47.0,50,1485.933743
-15.0,50,1488.521275
-20.0,50,1491.144479
-50.0,50,1493.702976
-50.0,50,1496.321264
-7.0,50,1498.922395
0.0,50,1501.509095
-50.0,50,1504.152479
0.0,50,1506.732654
-50.0,50,1509.325263
-50.0,50,1511.884446
-27.0,50,1514.48583
-50.0,50,1517.059534
-50.0,50,1519.655691
-50.0,50,1522.276352
-50.0,50,1524.826801
-50.0,50,1527.468331
-50.0,50,1530.009967
-50.0,50,1532.573811
-42.0,50,1535.1894
-50.0,50,1537.746398
-50.0,50,1540.321865
-50.0,50,1542.931037
-17.0,50,1545.476692
-18.0,50,1548.05679
0.0,50,1550.604084
-50.0,50,1553.206896
-11.0,50,1555.784213
-50.0,50,1558.386732
-15.0,50,1560.971325
-50.0,50,1563.524529
-50.0,50,1566.112448
-50.0,50,1568.718455
-50.0,50,1571.314675
-50.0,50,1573.882095
-24.0,50,1576.476514
-50.0,50,1579.069273
-48.0,50,1581.630151
-50.0,50,1584.205699
-50.0,50,1586.760478
-16.0,50,1589.36125
-50.0,50,1591.941701
-50.0,50,1594.505364
-49.0,50,1597.115015
-16.0,50,1599.754316
-10.0,50,1602.347762
-50.0,50,1602.797595
-11.0,50,1603.24659
-8.0,50,1603.697958
-50.0,50,1604.145782
-50.0,50,1604.573203
-50.0,50,1605.026119
-50.0,50,1605.474357
-13.0,50,1605.900227
-50.0,50,1606.326822
-50.0,50,1606.777728
-48.0,50,1609.373675
-50.0,50,1611.973502
-50.0,50,1614.607329
-50.0,50,1617.196122
-50.0,50,1619.790512
-43.0,50,1622.394773
-50.0,50,1624.964039
-50.0,50,1627.591774
-41.0,50,1630.171654
-50.0,50,1632.774635
-25.0,50,1635.30941
-36.0,50,1637.938478
-27.0,50,1640.561984
-50.0,50,1643.116721
-45.0,50,1645.672156
-50.0,50,1648.240082
-50.0,50,1650.852051
-50.0,50,1653.429247
-38.0,50,1656.012128
-50.0,50,1658.592847
0.0,50,1661.205913
-38.0,50,1663.791248
-50.0,50,1666.363272
-17.0,50,1668.948486
-50.0,50,1671.564991
-50.0,50,1674.166695
-26.0,50,1676.754814
-50.0,50,1679.362286
-25.0,50,1681.942388
-50.0,50,1684.507001
-42.0,50,1687.10831
-50.0,50,1689.699347
-38.0,50,1692.314752
-50.0,50,1694.889721
-10.0,50,1697.479921
-50.0,50,1700.08351
-50.0,50,1702.649499
-7.0,50,1705.268236
0.0,50,1707.839275
-26.0,50,1710.445674
-50.0,50,1713.029844
-14.0,50,1715.609924
-40.0,50,1718.205393
-15.0,50,1720.828144
-23.0,50,1723.403765
-50.0,50,1726.010571
-50.0,50,1728.590717
-31.0,50,1731.161857
-50.0,50,1733.777661
-9.0,50,1736.367722
-7.0,50,1736.845958
-10.0,50,1737.29375
-50.0,50,1737.706961
-50.0,50,1738.128083
-50.0,50,1738.585619
-30.0,50,1739.019027
-50.0,50,1739.445778
-50.0,50,1739.896681
-45.0,50,1740.378546
-46.0,50,1740.918762
-50.0,50,1743.500928
-50.0,50,1746.116313
-50.0,50,1748.700739
-40.0,50,1751.296257
-50.0,50,1753.871586
-50.0,50,1756.503303
-50.0,50,1759.117333
-8.0,50,1761.707386
-31.0,50,1764.272026
-35.0,50,1766.921999
-2.0,50,1769.506222
-50.0,50,1772.107421
-50.0,50,1774.672482
-46.0,50,1777.29996
-17.0,50,1779.914841
-50.0,50,1782.458226
-19.0,50,1785.038329
-34.0,50,1787.645118
-45.0,50,1790.215442
-50.0,50,1792.797958
-50.0,50,1795.389958
-50.0,50,1798.009635
-15.0,50,1800.589487
-50.0,50,1803.203962
-50.0,50,1805.77805
-50.0,50,1808.386023
-41.0,50,1811.054289
-1.0,50,1813.65194
0.0,50,1816.221552
-10.0,50,1818.813514
-19.0,50,1821.413536
-23.0,50,1823.986799
-44.0,50,1826.600489
-15.0,50,1829.148737
-21.0,50,1831.827567
-50.0,50,1834.437072
-50.0,50,1837.023324
-33.0,50,1839.627128
-43.0,50,1842.230074
-26.0,50,1844.847178
-29.0,50,1847.418944
-50.0,50,1850.035357
-50.0,50,1852.612893
0.0,50,1855.178273
-39.0,50,1857.810086
-46.0,50,1860.42037
0.0,50,1862.975775
-47.0,50,1865.606454
-50.0,50,1868.192261
0.0,50,1870.786737
-50.0,50,1871.23894
-6.0,50,1871.700545
-50.0,50,1872.144766
-50.0,50,1872.568189
-6.0,50,1873.000331
-50.0,50,1873.421074
-50.0,50,1873.835892
0.0,50,1874.301491
-9.0,50,1874.73485
-50.0,50,1875.358455
-42.0,50,1877.962942
-50.0,50,1880.536062
-15.0,50,1883.190861
-50.0,50,1885.774885
-20.0,50,1888.377535
-50.0,50,1890.95468
-23.0,50,1893.579897
-47.0,50,1896.152988
-50.0,50,1898.79951
-32.0,50,1901.348392
-18.0,50,1903.95009
-50.0,50,1906.50716
-50.0,50,1909.184032
-50.0,50,1911.756241
-34.0,50,1914.39891
-43.0,50,1916.993602
-16.0,50,1919.609724
-50.0,50,1922.252928
-9.0,50,1924.817108
-13.0,50,1927.396049
-42.0,50,1930.008562
-50.0,50,1932.584508
-50.0,50,1935.212902
-13.0,50,1937.825613
-22.0,50,1940.419588
-16.0,50,1943.021212
-50.0,50,1945.617852
-50.0,50,1948.227426
-50.0,50,1950.759061
-50.0,50,1953.391867
0.0,50,1955.980914
-18.0,50,1958.556097
-50.0,50,1961.175084
-6.0,50,1963.77498
-50.0,50,1966.340236
-50.0,50,1968.926885
-23.0,50,1971.570531
-50.0,50,1974.190127
-50.0,50,1976.757224
-50.0,50,1979.365908
-50.0,50,1981.920109
-10.0,50,1984.529636
-50.0,50,1987.096851
-32.0,50,1989.715356
-43.0,50,1992.339088
-45.0,50,1994.968064
-50.0,50,1997.605816
-50.0,50,2000.189504
-13.0,50,2002.833392
-10.0,50,2005.443262
-7.0,50,2005.903685
0.0,50,2006.334101
-50.0,50,2006.74986
-9.0,50,2007.198424
-8.0,50,2007.645072
-12.0,50,2008.115227
-13.0,50,2008.550449
-14.0,50,2009.002324
-5.0,50,2009.425905
-41.0,50,2010.025141
-8.0,50,2012.574835
-50.0,50,2015.202996
-37.0,50,2017.843579
-36.0,50,2020.506679
-25.0,50,2023.117243
-18.0,50,2025.663555
-8.0,50,2028.256256
-48.0,50,2030.86417
-50.0,50,2033.468149
-50.0,50,2036.080963
-15.0,50,2038.670949
-15.0,50,2041.31536
-50.0,50,2043.922311
-10.0,50,2046.510431
-10.0,50,2049.109143
-33.0,50,2051.760774
0.0,50,2054.314601
-50.0,50,2056.945551
0.0,50,2059.512379
-49.0,50,2062.0935
-50.0,50,2064.724694
-50.0,50,2067.337974
-37.0,50,2070.0144
-47.0,50,2072.581407
-12.0,50,2075.14409
-44.0,50,2077.807473
-6.0,50,2080.408293
-50.0,50,2082.995727
-48.0,50,2085.6339
-13.0,50,2088.234947
-50.0,50,2090.839364
-25.0,50,2093.42618
0.0,50,2096.073165
-50.0,50,2098.664463
-42.0,50,2101.276209
-13.0,50,2103.8679
-50.0,50,2106.446002
-32.0,50,2109.070124
-50.0,50,2111.621889
-50.0,50,2114.324329
-10.0,50,2116.899255
-34.0,50,2119.509336
-21.0,50,2122.129635
-50.0,50,2124.731738
-21.0,50,2127.292308
-50.0,50,2129.878721
-39.0,50,2132.499573
-14.0,50,2135.121471
-50.0,50,2137.681341
-11.0,50,2140.319146
-50.0,50,2140.79264
-50.0,50,2141.233669
-50.0,50,2141.668328
-8.0,50,2142.107356
-9.0,50,2142.557663
-9.0,50,2143.013104
-7.0,50,2143.463644
-50.0,50,2143.878592
-15.0,50,2144.332598
-50.0,50,2144.971275
-12.0,50,2147.583036
-50.0,50,2150.150928
-16.0,50,2152.760526
-20.0,50,2155.466132
-50.0,50,2158.04022
-50.0,50,2160.620544
-50.0,50,2163.275139
-18.0,50,2165.861503
-50.0,50,2168.408607
-34.0,50,2171.053964
-16.0,50,2173.674529
-50.0,50,2176.330555
-50.0,50,2178.868581
-50.0,50,2181.538312
-40.0,50,2184.110751
-5.0,50,2186.681441
-20.0,50,2189.292792
-49.0,50,2191.91145
-10.0,50,2194.460935
-50.0,50,2197.093706
-17.0,50,2199.755777
-9.0,50,2202.338016
-16.0,50,2204.926598
-50.0,50,2207.511244
-50.0,50,2210.125833
-32.0,50,2212.716917
-11.0,50,2215.272931
-20.0,50,2217.909256
-50.0,50,2220.497827
-50.0,50,2223.127877
-50.0,50,2225.678937
-50.0,50,2228.295011
-50.0,50,2230.949162
-17.0,50,2233.550071
-50.0,50,2236.095627
-50.0,50,2238.742025
-12.0,50,2241.319887
-28.0,50,2243.983628
-50.0,50,2246.572747
-29.0,50,2249.157644
-5.0,50,2251.768995
-7.0,50,2254.367169
-9.0,50,2257.011857
-19.0,50,2259.666481
-48.0,50,2262.231187
-21.0,50,2264.85749
-19.0,50,2267.440312
-50.0,50,2270.025419
-18.0,50,2272.648483
-5.0,50,2275.273901
-11.0,50,2275.75106
-11.0,50,2276.211166
-5.0,50,2276.705254
-50.0,50,2277.132836
-12.0,50,2277.587197
-12.0,50,2278.012425
-10.0,50,2278.483742
-11.0,50,2278.967151
-45.0,50,2279.400762
-50.0,50,2279.929451
-14.0,50,2282.522828
-50.0,50,2285.143455
-50.0,50,2287.750958
-14.0,50,2290.30385
-18.0,50,2292.95567
-50.0,50,2295.593129
-9.0,50,2298.170244
-14.0,50,2300.801249
-30.0,50,2303.363266
-23.0,50,2306.015425
-19.0,50,2308.613666
-39.0,50,2311.239758
-27.0,50,2313.826715
-50.0,50,2316.428401
-50.0,50,2319.070584
-12.0,50,2321.650972
-13.0,50,2324.231884
-11.0,50,2326.904522
-19.0,50,2329.512596
-50.0,50,2332.086349
-38.0,50,2334.733384
-30.0,50,2337.332479
-28.0,50,2339.961025
-8.0,50,2342.546309
-18.0,50,2345.104716
-50.0,50,2347.73722
-48.0,50,2350.335274
-39.0,50,2352.970794
-21.0,50,2355.542897
-50.0,50,2358.187821
-23.0,50,2360.775367
-36.0,50,2363.360249
-8.0,50,2366.000319
-40.0,50,2368.591608
-39.0,50,2371.174221
-50.0,50,2373.806947
-9.0,50,2376.431898
-50.0,50,2379.062106
-39.0,50,2381.652619
-24.0,50,2384.270043
-50.0,50,2386.904464
-50.0,50,2389.49143
-2.0,50,2392.148916
-21.0,50,2394.73562
-50.0,50,2397.358194
-19.0,50,2399.986462
-30.0,50,2402.623602
-50.0,50,2405.189514
-50.0,50,2407.819331
-42.0,50,2410.52968
-6.0,50,2410.990119
-50.0,50,2411.447269
0.0,50,2411.878512
-9.0,50,2412.396817
-8.0,50,2412.856706
-2.0,50,2413.296999
-14.0,50,2413.771225
-11.0,50,2414.272219
-39.0,50,2414.759424
-3.0,50,2415.30953
-10.0,50,2417.995569
-21.0,50,2420.634736
-50.0,50,2423.282233
-42.0,50,2425.852526
-50.0,50,2428.50738
-50.0,50,2431.104314
-50.0,50,2433.716871
-25.0,50,2436.334506
-37.0,50,2438.90807
-19.0,50,2441.560359
-19.0,50,2444.207012
-50.0,50,2446.830402
-20.0,50,2449.432445
-44.0,50,2452.034039
-22.0,50,2454.611973
-29.0,50,2457.253221
-50.0,50,2459.81125
-26.0,50,2462.469335
-50.0,50,2465.025359
-32.0,50,2467.65032
-50.0,50,2470.277199
-20.0,50,2472.854593
-46.0,50,2475.49723
-50.0,50,2478.096458
-46.0,50,2480.685336
-48.0,50,2483.293294
-50.0,50,2485.908848
-37.0,50,2488.541465
-12.0,50,2491.152369
-11.0,50,2493.712645
-48.0,50,2496.339794
-39.0,50,2498.929822
-16.0,50,2501.57665
-14.0,50,2504.154907
0.0,50,2506.768315
-43.0,50,2509.393898
-50.0,50,2511.957326
-18.0,50,2514.574665
-26.0,50,2517.197463
-50.0,50,2519.766541
-20.0,50,2522.389941
-12.0,50,2525.008719
-50.0,50,2527.578155
-50.0,50,2530.235532
-33.0,50,2532.883158
-31.0,50,2535.484204
-47.0,50,2538.110368
0.0,50,2540.713269
-44.0,50,2543.360918
-10.0,50,2545.998677
-9.0,50,2546.497906
-50.0,50,2546.911215
-13.0,50,2547.365324
-11.0,50,2547.850749
-5.0,50,2548.304311
-6.0,50,2548.782381
-7.0,50,2549.215211
-10.0,50,2549.703146
-10.0,50,2550.177603
-20.0,50,2550.646499
-42.0,50,2553.304158
-20.0,50,2555.889909
-18.0,50,2558.553449
-1.0,50,2561.133168
-48.0,50,2563.746304
-25.0,50,2566.338692
-26.0,50,2568.95108
-13.0,50,2571.553639
-45.0,50,2574.18152
-50.0,50,2576.838816
-49.0,50,2579.432325
-8.0,50,2582.029375
-43.0,50,2584.583906
-12.0,50,2587.213878
-39.0,50,2589.83547
-10.0,50,2592.429871
-19.0,50,2595.081989
-50.0,50,2597.683172
-12.0,50,2600.241783
-50.0,50,2602.921235
-12.0,50,2605.52777
-10.0,50,2608.149478
-50.0,50,2610.788083
-50.0,50,2613.412424
-32.0,50,2615.964844
-50.0,50,2618.617907
-9.0,50,2621.195991
-20.0,50,2623.799563
-47.0,50,2626.393078
-18.0,50,2629.022099
-46.0,50,2631.642922
-23.0,50,2634.230318
-11.0,50,2636.81809
-18.0,50,2639.481236
-50.0,50,2642.068542
-9.0,50,2644.631878
-9.0,50,2647.286315
-30.0,50,2649.902544
-38.0,50,2652.546095
-34.0,50,2655.109961
-28.0,50,2657.752398
-36.0,50,2660.366249
-24.0,50,2662.946243
-47.0,50,2665.526505
-28.0,50,2668.097483
-13.0,50,2670.745536
-33.0,50,2673.356993
-19.0,50,2676.000809
-20.0,50,2678.598014
-4.0,50,2681.235381
-8.0,50,2681.694254
-5.0,50,2682.133835
-7.0,50,2682.584698
-9.0,50,2683.08083
-8.0,50,2683.515095
-7.0,50,2683.975566
-12.0,50,2684.464623
-9.0,50,2684.947975
-7.0,50,2685.404359
-18.0,50,2685.832597
-30.0,50,2688.477143
-15.0,50,2691.081699
-18.0,50,2693.714407
-29.0,50,2696.385076
-19.0,50,2698.98294
-50.0,50,2701.582041
-22.0,50,2704.222012
-50.0,50,2706.808824
-50.0,50,2709.452076
-37.0,50,2712.05761
-15.0,50,2714.669798
-30.0,50,2717.303849
-41.0,50,2719.886393
-7.0,50,2722.504518
-50.0,50,2725.179045
-50.0,50,2727.836228
-44.0,50,2730.451356
-13.0,50,2733.065323
-30.0,50,2735.669053
-50.0,50,2738.306057
-5.0,50,2740.917338
-50.0,50,2743.481041
-50.0,50,2746.14765
-43.0,50,2748.770629
-10.0,50,2751.387074
-50.0,50,2754.014297
-16.0,50,2756.636036
-9.0,50,2759.206056
-34.0,50,2761.815506
-12.0,50,2764.424917
-15.0,50,2766.994498
-14.0,50,2769.63633
-5.0,50,2772.26599
-11.0,50,2774.868254
-14.0,50,2777.494639
-19.0,50,2780.107866
-38.0,50,2782.722292
-50.0,50,2785.35975
-26.0,50,2787.974829
-23.0,50,2790.625444
-50.0,50,2793.228253
-14.0,50,2795.791153
0.0,50,2798.395553
-50.0,50,2801.028273
-48.0,50,2803.645477
-14.0,50,2806.224458
-43.0,50,2808.831739
-20.0,50,2811.433275
-14.0,50,2814.043837
-9.0,50,2816.686121
-9.0,50,2817.163058
-11.0,50,2817.582036
-7.0,50,2818.050489
-7.0,50,2818.500831
-37.0,50,2818.905429
-10.0,50,2819.404652
-5.0,50,2819.876903
-6.0,50,2820.310736
-8.0,50,2820.774813
-43.0,50,2821.355711
-50.0,50,2823.94126
-14.0,50,2826.573213
-16.0,50,2829.19961
-19.0,50,2831.829203
-10.0,50,2834.503791
-21.0,50,2837.09411
-50.0,50,2839.679602
-17.0,50,2842.300983
-33.0,50,2844.940699
-11.0,50,2847.498724
-25.0,50,2850.105345
-50.0,50,2852.669616
-50.0,50,2855.286881
-28.0,50,2857.895659
-16.0,50,2860.48424
-24.0,50,2863.108727
-12.0,50,2865.674504
-32.0,50,2868.309911
-28.0,50,2870.91572
-8.0,50,2873.478059
-38.0,50,2876.058008
-11.0,50,2878.686394
-14.0,50,2881.335865
-31.0,50,2883.975542
-50.0,50,2886.576767
-21.0,50,2889.178329
-36.0,50,2891.769883
-50.0,50,2894.37114
-11.0,50,2896.920801
-19.0,50,2899.547393
-50.0,50,2902.13153
-12.0,50,2904.759185
-20.0,50,2907.316946
-50.0,50,2909.971651
-33.0,50,2912.546242
-50.0,50,2915.169305
-28.0,50,2917.804658
-21.0,50,2920.398486
-22.0,50,2922.993572
-47.0,50,2925.609012
-35.0,50,2928.213917
-22.0,50,2930.829561
-6.0,50,2933.439434
-50.0,50,2936.042557
-50.0,50,2938.6803
0.0,50,2941.266849
-7.0,50,2943.936152
-50.0,50,2946.554022
-9.0,50,2949.209348
-7.0,50,2951.883369
-12.0,50,2952.346583
-9.0,50,2952.786763
-16.0,50,2953.257286
-10.0,50,2953.709979
-50.0,50,2954.168407
-8.0,50,2954.657518
-9.0,50,2955.159588
-9.0,50,2955.61764
-8.0,50,2956.114057
-50.0,50,2956.67257
-50.0,50,2959.238327
-44.0,50,2961.903531
-8.0,50,2964.492507
-11.0,50,2967.091794
-43.0,50,2969.669757
-25.0,50,2972.297304
-50.0,50,2974.901393
-44.0,50,2977.54433
-22.0,50,2980.134812
-31.0,50,2982.70072
-16.0,50,2985.337197
-14.0,50,2987.93833
-26.0,50,2990.506403
-22.0,50,2993.124155
0.0,50,2995.688296
-24.0,50,2998.327173
-41.0,50,3000.945038
-23.0,50,3003.528788
-50.0,50,3006.124977
-49.0,50,3008.775597
-15.0,50,3011.379938
-19.0,50,3013.93617
-50.0,50,3016.563291
-32.0,50,3019.183492
-20.0,50,3021.744119
-29.0,50,3024.377964
-25.0,50,3026.930825
-18.0,50,3029.533758
-38.0,50,3032.105314
-26.0,50,3034.699674
-22.0,50,3037.363205
-50.0,50,3039.948472
-23.0,50,3042.526885
-50.0,50,3045.182359
-50.0,50,3047.76545
-50.0,50,3050.435885
-27.0,50,3053.048077
-29.0,50,3055.683233
-47.0,50,3058.254548
-50.0,50,3060.887126
-50.0,50,3063.536428
-49.0,50,3066.141098
-11.0,50,3068.748007
-9.0,50,3071.351536
-50.0,50,3073.951298
-50.0,50,3076.547847
-12.0,50,3079.103884
-40.0,50,3081.687248
-50.0,50,3084.306898
-5.0,50,3086.921889
-9.0,50,3087.408057
-8.0,50,3087.888167
-9.0,50,3088.330666
-10.0,50,3088.784996
-50.0,50,3089.23851
-10.0,50,3089.683352
-7.0,50,3090.153478
-8.0,50,3090.605704
-11.0,50,3091.074255
-22.0,50,3091.57511
-36.0,50,3094.190571
-44.0,50,3096.747636
-50.0,50,3099.407603
-50.0,50,3102.00315
-34.0,50,3104.592303
-39.0,50,3107.182618
-13.0,50,3109.755141
-28.0,50,3112.44038
-16.0,50,3115.033545
-50.0,50,3117.668609
-12.0,50,3120.236014
-17.0,50,3122.879359
-50.0,50,3125.496331
-21.0,50,3128.132891
-35.0,50,3130.717699
-50.0,50,3133.306581
-50.0,50,3135.903388
-21.0,50,3138.504498
-14.0,50,3141.05781
-26.0,50,3143.708019
-11.0,50,3146.30957
-45.0,50,3148.95468
-9.0,50,3151.549
-46.0,50,3154.182346
-25.0,50,3156.790479
-23.0,50,3159.358531
-48.0,50,3162.020913
-50.0,50,3164.628841
-14.0,50,3167.283443
-17.0,50,3169.823109
-50.0,50,3172.397297
-50.0,50,3175.071701
-42.0,50,3177.646165
-12.0,50,3180.248777
-50.0,50,3182.854747
-20.0,50,3185.519231
-24.0,50,3188.108488
-16.0,50,3190.701255
-47.0,50,3193.362537
-50.0,50,3195.936541
-20.0,50,3198.540287
-37.0,50,3201.177783
-50.0,50,3203.769028
-35.0,50,3206.356389
-50.0,50,3209.010185
-27.0,50,3211.58795
-35.0,50,3214.20439
-14.0,50,3216.765512
-17.0,50,3219.417427
-5.0,50,3222.086498
-8.0,50,3222.545921
-5.0,50,3223.024385
-4.0,50,3223.499621
-12.0,50,3223.953822
-13.0,50,3224.423807
-8.0,50,3224.917248
-49.0,50,3225.414462
-46.0,50,3225.883048
-8.0,50,3226.328918
-50.0,50,3226.796991
-44.0,50,3229.378693
-15.0,50,3232.026556
0.0,50,3234.630912
-28.0,50,3237.217669
-50.0,50,3239.7949
-12.0,50,3242.357587
-6.0,50,3244.931064
-12.0,50,3247.581358
-15.0,50,3250.179725
-50.0,50,3252.777422
-38.0,50,3255.403448
-14.0,50,3257.985815
-19.0,50,3260.570645
-9.0,50,3263.193163
-42.0,50,3265.810813
-50.0,50,3268.440119
-9.0,50,3271.044548
-19.0,50,3273.669333
-19.0,50,3276.23863
-26.0,50,3278.866425
-31.0,50,3281.494196
-42.0,50,3284.111819
-6.0,50,3286.744739
-9.0,50,3289.363351
-13.0,50,3291.908094
-48.0,50,3294.505838
-14.0,50,3297.107435
-9.0,50,3299.688311
-20.0,50,3302.273916
-34.0,50,3304.873874
-30.0,50,3307.484084
-50.0,50,3310.09454
-7.0,50,3312.661521
-5.0,50,3315.26686
-10.0,50,3317.850703
-26.0,50,3320.461549
-21.0,50,3323.081709
-36.0,50,3325.713655
-22.0,50,3328.304226
-24.0,50,3330.901185
-39.0,50,3333.494978
-39.0,50,3336.084539
-50.0,50,3338.736065
-50.0,50,3341.374125
-45.0,50,3343.971231
-50.0,50,3346.569678
-35.0,50,3349.151383
-21.0,50,3351.732563
-50.0,50,3354.407554
-15.0,50,3357.078831
-12.0,50,3357.517
-8.0,50,3357.973373
-13.0,50,3358.462035
-50.0,50,3358.894347
-12.0,50,3359.372452
-7.0,50,3359.866192
-8.0,50,3360.335219
-7.0,50,3360.782107
-11.0,50,3361.253881
-14.0,50,3361.707814
-49.0,50,3364.296372
-50.0,50,3366.938472
-30.0,50,3369.614044
-50.0,50,3372.243562
-50.0,50,3374.824881
-23.0,50,3377.462865
-24.0,50,3380.077627
-28.0,50,3382.676404
-16.0,50,3385.261801
-12.0,50,3387.873574
-17.0,50,3390.526135
-27.0,50,3393.130868
-22.0,50,3395.70104
-40.0,50,3398.312452
-45.0,50,3400.957659
-50.0,50,3403.535985
-7.0,50,3406.165286
-7.0,50,3408.783939
-50.0,50,3411.485275
-26.0,50,3414.071937
-50.0,50,3416.669807
-14.0,50,3419.248988
-33.0,50,3421.842139
-50.0,50,3424.472259
-8.0,50,3427.104143
-19.0,50,3429.709197
-27.0,50,3432.259371
-47.0,50,3434.862468
-43.0,50,3437.551868
-8.0,50,3440.187052
-50.0,50,3442.793141
-40.0,50,3445.422318
-44.0,50,3447.975566
-44.0,50,3450.577549
-5.0,50,3453.164896
-42.0,50,3455.791232
-15.0,50,3458.410219
-49.0,50,3461.035785
-29.0,50,3463.627687
-9.0,50,3466.201331
-50.0,50,3468.817655
-9.0,50,3471.451252
-22.0,50,3474.021411
-35.0,50,3476.57757
-24.0,50,3479.203129
-9.0,50,3481.812067
-15.0,50,3484.387398
-45.0,50,3486.971483
-41.0,50,3489.599775
-14.0,50,3492.219577
-17.0,50,3492.667399
-11.0,50,3493.148767
-11.0,50,3493.630401
-10.0,50,3494.108564
-9.0,50,3494.589854
-6.0,50,3495.069339
-8.0,50,3495.543276
-42.0,50,3495.994958
-15.0,50,3496.420118
-15.0,50,3496.86802
-13.0,50,3499.510147
-21.0,50,3502.126916
-10.0,50,3504.718666
-31.0,50,3507.390849
-50.0,50,3509.95529
-50.0,50,3512.54015
-27.0,50,3515.197249
-43.0,50,3517.76966
-34.0,50,3520.410104
-50.0,50,3523.002798
-39.0,50,3525.616619
-50.0,50,3528.223178
-50.0,50,3530.814311
-42.0,50,3533.398543
-9.0,50,3536.042717
0.0,50,3538.632504
-50.0,50,3541.286985
-16.0,50,3543.875306
-22.0,50,3546.521749
-50.0,50,3549.154129
0.0,50,3551.717894
-30.0,50,3554.310204
-23.0,50,3556.937357
-19.0,50,3559.548188
-50.0,50,3562.139242
-50.0,50,3564.740788
-19.0,50,3567.331702
-23.0,50,3569.96669
-22.0,50,3572.538676
-50.0,50,3575.119141
-23.0,50,3577.767634
-37.0,50,3580.3713
-19.0,50,3582.976944
-8.0,50,3585.605316
-50.0,50,3588.161216
-36.0,50,3590.74165
-17.0,50,3593.379321
-50.0,50,3595.940946
0.0,50,3598.478927
-13.0,50,3601.124142
-50.0,50,3603.737104
-50.0,50,3606.324507
-32.0,50,3608.906304
0.0,50,3611.5198
-3.0,50,3614.10134
-7.0,50,3616.716431
-48.0,50,3619.282648
-14.0,50,3621.894639
-44.0,50,3624.537786
-8.0,50,3627.181309
-10.0,50,3627.664863
-12.0,50,3628.168621
-8.0,50,3628.615417
-11.0,50,3629.086547
-17.0,50,3629.542174
-4.0,50,3630.004486
-14.0,50,3630.466609
-11.0,50,3630.959127
-9.0,50,3631.432158
-43.0,50,3631.847511
-34.0,50,3634.484801
-50.0,50,3637.092395
-46.0,50,3639.706873
-46.0,50,3642.30274
-14.0,50,3644.888827
-12.0,50,3647.459929
-48.0,50,3650.076705
-43.0,50,3652.692388
0.0,50,3655.294858
-11.0,50,3657.863143
-37.0,50,3660.52595
-37.0,50,3663.104375
-13.0,50,3665.663653
-50.0,50,3668.302426
-47.0,50,3670.89274
-18.0,50,3673.481169
-13.0,50,3676.070256
-19.0,50,3678.701312
-50.0,50,3681.251636
-40.0,50,3683.867661
-21.0,50,3686.49464
-47.0,50,3689.123091
-47.0,50,3691.724856
-50.0,50,3694.308141
-13.0,50,3696.92786
-14.0,50,3699.548354
-29.0,50,3702.158327
-41.0,50,3704.738553
-21.0,50,3707.381986
-30.0,50,3709.92568
-18.0,50,3712.552583
-36.0,50,3715.210087
-36.0,50,3717.798934
-21.0,50,3720.439106
-19.0,50,3723.070788
-39.0,50,3725.629303
-35.0,50,3728.229295
-16.0,50,3730.854427
0.0,50,3733.432364
-13.0,50,3736.051932
-24.0,50,3738.635463
-50.0,50,3741.259611
-50.0,50,3743.82477
-21.0,50,3746.465007
-16.0,50,3749.065277
-50.0,50,3751.636346
-24.0,50,3754.272243
-10.0,50,3756.879854
-50.0,50,3759.456859
-7.0,50,3762.093772
-15.0,50,3762.562793
-8.0,50,3763.037396
-4.0,50,3763.461643
-9.0,50,3763.934912
-28.0,50,3764.394799
-16.0,50,3764.888097
-11.0,50,3765.376314
-50.0,50,3765.81115
-16.0,50,3766.260921
-50.0,50,3766.803578
-50.0,50,3769.421332
-43.0,50,3772.081803
-50.0,50,3774.644407
-42.0,50,3777.188553
-50.0,50,3779.834497
-6.0,50,3782.448366
0.0,50,3785.007982
-50.0,50,3787.637758
-8.0,50,3790.233756
-8.0,50,3792.804553
0.0,50,3795.488125
-23.0,50,3798.07118
-44.0,50,3800.703968
-5.0,50,3803.318855
-22.0,50,3805.87927
-11.0,50,3808.489219
-14.0,50,3811.123857
-37.0,50,3813.687107
-40.0,50,3816.322143
-50.0,50,3818.929091
-38.0,50,3821.535131
-36.0,50,3824.109589
-15.0,50,3826.726536
-31.0,50,3829.289208
-50.0,50,3831.878553
-49.0,50,3834.520297
-39.0,50,3837.114836
-36.0,50,3839.710498
-50.0,50,3842.37958
-11.0,50,3844.923237
-37.0,50,3847.595885
-17.0,50,3850.271051
-8.0,50,3852.901949
-33.0,50,3855.498358
-35.0,50,3858.088821
-9.0,50,3860.683007
-13.0,50,3863.239573
-50.0,50,3865.867442
-50.0,50,3868.470505
-50.0,50,3871.054028
-41.0,50,3873.713671
-50.0,50,3876.296053
-38.0,50,3878.879943
-4.0,50,3881.485502
-50.0,50,3884.140332
-8.0,50,3886.703127
-41.0,50,3889.321863
0.0,50,3891.903616
-25.0,50,3894.562841
-6.0,50,3897.198618
-12.0,50,3897.652408
-7.0,50,3898.147643
-41.0,50,3898.597475
-14.0,50,3899.085805
-11.0,50,3899.561725
-4.0,50,3900.00944
-7.0,50,3900.471267
-8.0,50,3900.960771
-9.0,50,3901.417102
-50.0,50,3901.894815
-30.0,50,3904.504801
-40.0,50,3907.119664
-11.0,50,3909.710461
-50.0,50,3912.326016
-15.0,50,3914.842394
-36.0,50,3917.507347
-50.0,50,3920.114501
-20.0,50,3922.723305
-43.0,50,3925.347579
0.0,50,3927.98006
-40.0,50,3930.57383
0.0,50,3933.196028
-27.0,50,3935.782326
-45.0,50,3938.406427
-50.0,50,3941.04017
-19.0,50,3943.664583
-50.0,50,3946.284339
-43.0,50,3948.907502
-50.0,50,3951.522153
-50.0,50,3954.148908
-41.0,50,3956.707126
-50.0,50,3959.337134
-24.0,50,3961.95167
-26.0,50,3964.540341
-31.0,50,3967.176285
-18.0,50,3969.759873
-50.0,50,3972.401406
-38.0,50,3974.97465
-25.0,50,3977.589551
-22.0,50,3980.175087
-48.0,50,3982.812777
-31.0,50,3985.393463
-32.0,50,3988.014096
-47.0,50,3990.612863
-30.0,50,3993.185986
-11.0,50,3995.830037
-49.0,50,3998.450752
-30.0,50,4001.058297
-50.0,50,4003.699699
-7.0,50,4006.307842
-50.0,50,4008.881888
-50.0,50,4011.531547
-47.0,50,4014.159686
-36.0,50,4016.766439
-50.0,50,4019.379716
-48.0,50,4021.970793
-44.0,50,4024.601932
-10.0,50,4027.1634
-44.0,50,4029.783459
-12.0,50,4032.42496
-9.0,50,4032.869954
-8.0,50,4033.313636
-16.0,50,4033.749553
-8.0,50,4034.217529
-12.0,50,4034.668446
-12.0,50,4035.134609
-14.0,50,4035.651742
-13.0,50,4036.096824
0.0,50,4036.549428
-28.0,50,4037.216428
-50.0,50,4039.799657
-26.0,50,4042.423715
-18.0,50,4044.98473
-24.0,50,4047.657599
-22.0,50,4050.2475
-40.0,50,4052.886452
-50.0,50,4055.459985
-50.0,50,4058.075305
-9.0,50,4060.626217
-46.0,50,4063.261212
0.0,50,4065.887339
-40.0,50,4068.484318
-18.0,50,4071.083707
-47.0,50,4073.667325
-40.0,50,4076.322665
-30.0,50,4078.935392
-42.0,50,4081.509793
-19.0,50,4084.11529
-40.0,50,4086.720313
-19.0,50,4089.281911
-32.0,50,4091.958237
-19.0,50,4094.555519
-16.0,50,4097.150011
-14.0,50,4099.74908
-11.0,50,4102.372432
-31.0,50,4104.984826
-12.0,50,4107.597491
-45.0,50,4110.197422
-38.0,50,4112.785755
-24.0,50,4115.391792
-47.0,50,4117.999714
-10.0,50,4120.559425
-43.0,50,4123.228496
-12.0,50,4125.805124
-50.0,50,4128.4591
-21.0,50,4131.058451
-12.0,50,4133.682347
-9.0,50,4136.306416
-46.0,50,4138.913515
-34.0,50,4141.505036
-34.0,50,4144.110905
-50.0,50,4146.707958
-50.0,50,4149.350437
-32.0,50,4151.937074
-3.0,50,4154.584573
-50.0,50,4157.173853
-8.0,50,4159.759448
-44.0,50,4162.399003
-41.0,50,4164.987749
-9.0,50,4167.622151
-9.0,50,4168.105386
-6.0,50,4168.54394
-6.0,50,4168.988103
-14.0,50,4169.432576
-20.0,50,4169.887704
-9.0,50,4170.356
0.0,50,4170.780007
-7.0,50,4171.254988
-15.0,50,4171.7198
-50.0,50,4172.248227
-50.0,50,4174.855097
-6.0,50,4177.438044
-32.0,50,4180.090817
-11.0,50,4182.673695
-50.0,50,4185.255458
0.0,50,4187.839604
-46.0,50,4190.457292
-50.0,50,4193.042837
-28.0,50,4195.642083
-47.0,50,4198.245865
-23.0,50,4200.884339
-50.0,50,4203.456511
-40.0,50,4206.040434
-50.0,50,4208.697078
-43.0,50,4211.270751
-50.0,50,4213.88995
-9.0,50,4216.53202
-30.0,50,4219.182845
-50.0,50,4221.81372
-14.0,50,4224.416038
-15.0,50,4227.019154
-40.0,50,4229.676109
-46.0,50,4232.246561
-12.0,50,4234.854865
-36.0,50,4237.475806
-12.0,50,4240.092617
-17.0,50,4242.699516
-30.0,50,4245.314358
-50.0,50,4247.920226
-48.0,50,4250.514025
-50.0,50,4253.098722
-20.0,50,4255.681539
-13.0,50,4258.325593
-44.0,50,4260.928487
-50.0,50,4263.567294
-41.0,50,4266.178555
-38.0,50,4268.745625
-45.0,50,4271.367342
-45.0,50,4273.961106
-43.0,50,4276.587687
-47.0,50,4279.200053
-46.0,50,4281.79699
-30.0,50,4284.39496
-50.0,50,4287.00862
-50.0,50,4289.58438
-28.0,50,4292.193268
-50.0,50,4294.769714
-14.0,50,4297.351003
-32.0,50,4299.977063
-9.0,50,4302.573237
-4.0,50,4303.042613
-14.0,50,4303.513803
-12.0,50,4304.01488
-9.0,50,4304.48362
-11.0,50,4304.931352
-4.0,50,4305.389961
-4.0,50,4305.863797
-11.0,50,4306.324384
-12.0,50,4306.759323
-50.0,50,4307.255241
-50.0,50,4309.878363
-50.0,50,4312.49613
-13.0,50,4315.057564
-14.0,50,4317.642877
-24.0,50,4320.266398
-35.0,50,4322.875089
-9.0,50,4325.467286
-33.0,50,4328.052576
-18.0,50,4330.645933
-50.0,50,4333.289522
-45.0,50,4335.883491
-19.0,50,4338.498397
-20.0,50,4341.054763
-13.0,50,4343.68123
-12.0,50,4346.306269
-45.0,50,4348.853892
-7.0,50,4351.495108
-21.0,50,4354.065405
-40.0,50,4356.748104
-8.0,50,4359.329154
-42.0,50,4361.936139
-50.0,50,4364.494666
-21.0,50,4367.15376
-24.0,50,4369.751041
-7.0,50,4372.321009
-9.0,50,4374.944382
-17.0,50,4377.53462
-27.0,50,4380.167761
-50.0,50,4382.759175
-18.0,50,4385.364017
0.0,50,4388.018755
-39.0,50,4390.609471
-38.0,50,4393.183445
-41.0,50,4395.81345
-44.0,50,4398.397397
-30.0,50,4400.985769
-23.0,50,4403.58589
-43.0,50,4406.197716
-35.0,50,4408.861674
-11.0,50,4411.476578
-30.0,50,4414.033774
-13.0,50,4416.659952
-13.0,50,4419.276301
-35.0,50,4421.888657
-14.0,50,4424.497516
-24.0,50,4427.095582
-50.0,50,4429.70041
-50.0,50,4432.283399
-19.0,50,4434.838535
-9.0,50,4437.448427
-13.0,50,4437.93315
-12.0,50,4438.404359
-7.0,50,4438.854224
-13.0,50,4439.332999
-14.0,50,4439.756496
-6.0,50,4440.236183
-6.0,50,4440.701515
-6.0,50,4441.141617
-5.0,50,4441.612566
-50.0,50,4442.194256
-50.0,50,4444.819226
-9.0,50,4447.408921
-10.0,50,4449.9727
-12.0,50,4452.605765
-48.0,50,4455.228849
-50.0,50,4457.837949
-50.0,50,4460.408713
-18.0,50,4463.065355
-19.0,50,4465.694706
-16.0,50,4468.276116
-45.0,50,4470.877867
-50.0,50,4473.465852
-22.0,50,4476.062888
-9.0,50,4478.603113
-39.0,50,4481.223525
-50.0,50,4483.847184
-33.0,50,4486.437623
0.0,50,4489.002714
-11.0,50,4491.595283
-17.0,50,4494.22563
-50.0,50,4496.866135
-9.0,50,4499.456135
-19.0,50,4502.086072
-43.0,50,4504.701618
-44.0,50,4507.292594
-4.0,50,4509.903632
-22.0,50,4512.520868
-29.0,50,4515.100836
-12.0,50,4517.694502
-50.0,50,4520.347441
-18.0,50,4522.945718
-11.0,50,4525.512345
0.0,50,4528.084115
-50.0,50,4530.785208
-47.0,50,4533.34473
-49.0,50,4535.946299
-43.0,50,4538.560284
-27.0,50,4541.17654
-25.0,50,4543.797621
-10.0,50,4546.373799
-50.0,50,4548.965818
-10.0,50,4551.571764
-40.0,50,4554.21642
-49.0,50,4556.842721
-46.0,50,4559.426451
-33.0,50,4562.050184
-50.0,50,4564.621706
0.0,50,4567.221943
-20.0,50,4569.831789
-16.0,50,4572.441157
-6.0,50,4572.943342
-12.0,50,4573.3847
-10.0,50,4573.900603
-15.0,50,4574.335715
-10.0,50,4574.832404
-17.0,50,4575.282032
-7.0,50,4575.74197
-17.0,50,4576.206203
-10.0,50,4576.668508
-14.0,50,4577.285578
-49.0,50,4579.906756
-33.0,50,4582.547729
-36.0,50,4585.140952
-30.0,50,4587.739456
-42.0,50,4590.339651
-42.0,50,4592.946827
-7.0,50,4595.584783
-23.0,50,4598.200545
-31.0,50,4600.839807
-12.0,50,4603.437444
-50.0,50,4606.037923
-33.0,50,4608.673641
-37.0,50,4611.268137
-19.0,50,4613.897304
-29.0,50,4616.502933
-24.0,50,4619.137255
-40.0,50,4621.696865
-50.0,50,4624.29003
-30.0,50,4626.932312
-18.0,50,4629.487328
-50.0,50,4632.128519
-50.0,50,4634.744673
-38.0,50,4637.362469
-20.0,50,4639.94869
-50.0,50,4642.542487
-45.0,50,4645.114313
-46.0,50,4647.735542
-40.0,50,4650.331585
-13.0,50,4652.91284
-17.0,50,4655.5709
-8.0,50,4658.207659
-19.0,50,4660.790214
-24.0,50,4663.377953
-15.0,50,4665.975039
-30.0,50,4668.573904
-32.0,50,4671.181457
-50.0,50,4673.819472
-46.0,50,4676.469538
-22.0,50,4679.023721
-50.0,50,4681.621838
-31.0,50,4684.236932
-34.0,50,4686.863041
-46.0,50,4689.476011
0.0,50,4692.029848
-46.0,50,4694.674558
0.0,50,4697.245346
-50.0,50,4699.880836
-34.0,50,4702.531107
-22.0,50,4705.116493
-10.0,50,4707.694824
-8.0,50,4708.156701
-12.0,50,4708.631682
-8.0,50,4709.061848
-8.0,50,4709.50158
-13.0,50,4709.969241
-5.0,50,4710.4223
-5.0,50,4710.850421
-11.0,50,4711.295837
-15.0,50,4711.752576
-26.0,50,4712.442901
-16.0,50,4715.03285
-37.0,50,4717.638305
-20.0,50,4720.258357
-43.0,50,4722.844537
-50.0,50,4725.462123
-50.0,50,4728.091647
-12.0,50,4730.704979
-17.0,50,4733.334074
-42.0,50,4735.936667
-16.0,50,4738.54902
-13.0,50,4741.170737
-39.0,50,4743.759859
-50.0,50,4746.36986
-48.0,50,4748.94695
-26.0,50,4751.506591
-42.0,50,4754.134718
-9.0,50,4756.779294
-50.0,50,4759.378971
-14.0,50,4761.944827
-25.0,50,4764.585453
-19.0,50,4767.178839
-23.0,50,4769.757325
-47.0,50,4772.389903
-19.0,50,4774.999481
-50.0,50,4777.562222
-15.0,50,4780.163625
-29.0,50,4782.768547
-30.0,50,4785.355624
-28.0,50,4788.025792
-50.0,50,4790.597593
-11.0,50,4793.19394
-35.0,50,4795.816254
-42.0,50,4798.441303
-16.0,50,4801.046764
-15.0,50,4803.647426
-25.0,50,4806.252949
-34.0,50,4808.848532
-18.0,50,4811.430977
-20.0,50,4814.035234
-47.0,50,4816.680225
-30.0,50,4819.288207
-14.0,50,4821.867748
-21.0,50,4824.459728
-24.0,50,4827.093822
-50.0,50,4829.706163
-9.0,50,4832.302714
-50.0,50,4834.937009
-50.0,50,4837.535879
-26.0,50,4840.111068
-9.0,50,4842.709308
-12.0,50,4843.128133
-7.0,50,4843.609898
-13.0,50,4844.072195
-10.0,50,4844.521653
-12.0,50,4844.979139
-20.0,50,4845.443287
-7.0,50,4845.89527
-9.0,50,4846.393338
-8.0,50,4846.856888
-3.0,50,4847.392439
-39.0,50,4850.042071
-15.0,50,4852.617639
-34.0,50,4855.240621
-41.0,50,4857.880404
-11.0,50,4860.442762
-14.0,50,4863.043551
-49.0,50,4865.691099
-18.0,50,4868.303803
-20.0,50,4870.899922
-50.0,50,4873.505847
-50.0,50,4876.092908
-12.0,50,4878.725253
-24.0,50,4881.366767
-48.0,50,4883.990803
-5.0,50,4886.568599
-13.0,50,4889.190114
-14.0,50,4891.799993
-17.0,50,4894.425834
-29.0,50,4896.986126
-46.0,50,4899.644281
-50.0,50,4902.226038
-16.0,50,4904.823578
-50.0,50,4907.45882
-36.0,50,4910.061823
-30.0,50,4912.661472
-41.0,50,4915.26567
-4.0,50,4917.873213
-16.0,50,4920.445268
0.0,50,4923.044311
-37.0,50,4925.650412
-48.0,50,4928.283675
-50.0,50,4930.916512
-46.0,50,4933.498812
-7.0,50,4936.13655
-49.0,50,4938.76102
-11.0,50,4941.343697
-50.0,50,4943.926938
-22.0,50,4946.56165
-35.0,50,4949.167715
-50.0,50,4951.730988
-24.0,50,4954.340366
-50.0,50,4956.941015
-5.0,50,4959.585387
-50.0,50,4962.190263
-24.0,50,4964.811206
-47.0,50,4967.430567
-17.0,50,4970.025465
-27.0,50,4972.655905
-21.0,50,4975.250101
-4.0,50,4977.913108
-8.0,50,4978.369706
-10.0,50,4978.825712
-16.0,50,4979.313284
-12.0,50,4979.793994
-8.0,50,4980.279372
-10.0,50,4980.756432
-13.0,50,4981.19187
-10.0,50,4981.659423
-41.0,50,4982.124454
-30.0,50,4982.566133
-47.0,50,4985.193977
-10.0,50,4987.821578
-50.0,50,4990.395438
-22.0,50,4993.019156
-25.0,50,4995.624477
-25.0,50,4998.230485
-13.0,50,5000.815543
-45.0,50,5003.450789
-48.0,50,5006.054176
-38.0,50,5008.67247
-39.0,50,5011.268627
-41.0,50,5013.862944
-50.0,50,5016.517375
-50.0,50,5019.076428
-14.0,50,5021.69411
-40.0,50,5024.327602
-50.0,50,5026.915979
-49.0,50,5029.521066
-29.0,50,5032.161706
-50.0,50,5034.707017
-22.0,50,5037.32563
-11.0,50,5039.897915
-29.0,50,5042.531132
-21.0,50,5045.148847
-39.0,50,5047.763948
-16.0,50,5050.357666
-50.0,50,5053.012295
-36.0,50,5055.54389
-16.0,50,5058.163499
-50.0,50,5060.825377
-50.0,50,5063.400904
-48.0,50,5066.003021
-43.0,50,5068.58184
0.0,50,5071.184129
-16.0,50,5073.781105
-50.0,50,5076.377207
-19.0,50,5079.000646
-50.0,50,5081.616841
-3.0,50,5084.18078
-33.0,50,5086.794089
-14.0,50,5089.420205
-37.0,50,5092.023408
-11.0,50,5094.56563
-28.0,50,5097.224351
-12.0,50,5099.810084
-27.0,50,5102.44517
-25.0,50,5105.005792
-16.0,50,5107.704857
-7.0,50,5110.320473
-9.0,50,5112.968088
-7.0,50,5113.422258
0.0,50,5113.858711
-14.0,50,5114.329495
-7.0,50,5114.771896
-7.0,50,5115.213587
-8.0,50,5115.663535
-7.0,50,5116.132256
-5.0,50,5116.58708
-10.0,50,5117.027743
-50.0,50,5117.588204
-3.0,50,5120.179242
-29.0,50,5122.819174
0.0,50,5125.461186
-48.0,50,5128.081829
-50.0,50,5130.711766
-32.0,50,5133.308254
-18.0,50,5135.89685
-43.0,50,5138.487252
-47.0,50,5141.117763
-50.0,50,5143.723074
-50.0,50,5146.373413
-46.0,50,5148.952758
-50.0,50,5151.554281
-20.0,50,5154.179772
-11.0,50,5156.824166
-32.0,50,5159.449621
-50.0,50,5162.018897
-23.0,50,5164.641224
-19.0,50,5167.229273
-50.0,50,5169.839226
-38.0,50,5172.44049
-43.0,50,5175.07849
0.0,50,5177.683107
-15.0,50,5180.331625
-7.0,50,5182.912276
-35.0,50,5185.534586
-46.0,50,5188.133788
-16.0,50,5190.770883
-18.0,50,5193.3761
-14.0,50,5195.96347
-20.0,50,5198.571367
-18.0,50,5201.200885
-27.0,50,5203.754125
-50.0,50,5206.345556
-20.0,50,5209.003204
-11.0,50,5211.649832
-41.0,50,5214.234912
-6.0,50,5216.863684
-24.0,50,5219.459709
-22.0,50,5222.056332
-45.0,50,5224.679097
-45.0,50,5227.275993
-32.0,50,5229.835621
-9.0,50,5232.483282
-50.0,50,5235.04422
-38.0,50,5237.681203
-20.0,50,5240.269371
-47.0,50,5242.906216
-17.0,50,5245.506232
-4.0,50,5248.115153
-17.0,50,5248.603911
-7.0,50,5249.065473
-13.0,50,5249.552538
-5.0,50,5250.001354
-7.0,50,5250.465666
-11.0,50,5250.920343
-9.0,50,5251.364907
-6.0,50,5251.851496
-6.0,50,5252.294362
-50.0,50,5252.817166
-50.0,50,5255.392507
-19.0,50,5258.002257
-36.0,50,5260.638419
-44.0,50,5263.234266
0.0,50,5265.864173
-50.0,50,5268.40667
0.0,50,5271.029635
-18.0,50,5273.648782
-15.0,50,5276.249923
-48.0,50,5278.830719
-50.0,50,5281.487588
-50.0,50,5284.050043
-10.0,50,5286.674101
-46.0,50,5289.274662
-14.0,50,5291.887797
-50.0,50,5294.510291
-50.0,50,5297.117622
-18.0,50,5299.735609
-15.0,50,5302.313739
-13.0,50,5304.928908
-49.0,50,5307.53978
-11.0,50,5310.202501
-17.0,50,5312.767581
-50.0,50,5315.393168
-39.0,50,5317.966233
-15.0,50,5320.562963
-10.0,50,5323.148729
-28.0,50,5325.764147
-50.0,50,5328.377667
-50.0,50,5330.989406
-39.0,50,5333.593595
-50.0,50,5336.223716
-33.0,50,5338.806327
-39.0,50,5341.451964
-29.0,50,5344.083795
-38.0,50,5346.665315
-47.0,50,5349.225309
-50.0,50,5351.851417
-17.0,50,5354.461415
-20.0,50,5357.066804
-6.0,50,5359.648698
-50.0,50,5362.241178
-27.0,50,5364.895303
-19.0,50,5367.484985
-5.0,50,5370.133923
-44.0,50,5372.769133
-28.0,50,5375.331381
-50.0,50,5377.974227
-45.0,50,5380.539082
-7.0,50,5383.180416
-14.0,50,5383.624692
-12.0,50,5384.075762
-7.0,50,5384.562436
-6.0,50,5385.033347
-9.0,50,5385.52577
-9.0,50,5385.985659
-11.0,50,5386.424228
-45.0,50,5386.898189
-4.0,50,5387.364175
-33.0,50,5387.87449
-50.0,50,5390.463038
-50.0,50,5393.064723
-9.0,50,5395.641046
-50.0,50,5398.291239
-15.0,50,5400.898444
-50.0,50,5403.496596
-50.0,50,5406.054643
-10.0,50,5408.716573
-19.0,50,5411.366335
-26.0,50,5413.949233
-50.0,50,5416.563744
-45.0,50,5419.186373
-10.0,50,5421.793028
-10.0,50,5424.421645
-11.0,50,5427.002729
-41.0,50,5429.582761
-21.0,50,5432.189287
-35.0,50,5434.813576
-50.0,50,5437.408055
-50.0,50,5440.033645
-11.0,50,5442.63069
-32.0,50,5445.242342
-43.0,50,5447.831987
-50.0,50,5450.416321
-45.0,50,5453.032111
-50.0,50,5455.647949
-9.0,50,5458.278755
-29.0,50,5460.854849
-4.0,50,5463.47346
0.0,50,5466.04452
-33.0,50,5468.667233
-50.0,50,5471.265534
-45.0,50,5473.851319
-18.0,50,5476.430049
-37.0,50,5479.098055
-50.0,50,5481.675807
-35.0,50,5484.300482
-50.0,50,5486.892373
-44.0,50,5489.506725
-19.0,50,5492.086434
-47.0,50,5494.686461
-50.0,50,5497.273916
-19.0,50,5499.842687
-9.0,50,5502.43317
-13.0,50,5505.05208
-50.0,50,5507.663192
-29.0,50,5510.253554
-50.0,50,5512.827802
-24.0,50,5515.46267
-10.0,50,5518.115185
-6.0,50,5518.574465
-8.0,50,5519.049669
-9.0,50,5519.494596
-10.0,50,5519.9904
-9.0,50,5520.457846
-8.0,50,5520.936401
-4.0,50,5521.432811
-10.0,50,5521.912578
-6.0,50,5522.349665
-49.0,50,5522.824681
-47.0,50,5525.45602
-19.0,50,5528.061719
-9.0,50,5530.692131
-48.0,50,5533.284184
-46.0,50,5535.911284
-16.0,50,5538.529948
-47.0,50,5541.092782
-50.0,50,5543.680912
-20.0,50,5546.329014
-22.0,50,5548.934582
-50.0,50,5551.554565
-24.0,50,5554.168871
-15.0,50,5556.747658
-3.0,50,5559.3374
-50.0,50,5561.96268
-44.0,50,5564.550175
-50.0,50,5567.12768
-8.0,50,5569.724217
-50.0,50,5572.325968
-50.0,50,5574.939877
-33.0,50,5577.591512
0.0,50,5580.149811
-15.0,50,5582.819944
-35.0,50,5585.399517
-9.0,50,5588.023056
-50.0,50,5590.618109
-37.0,50,5593.202075
-23.0,50,5595.783906
-50.0,50,5598.354348
-38.0,50,5601.016859
-50.0,50,5603.617813
-48.0,50,5606.181826
-18.0,50,5608.803773
-44.0,50,5611.403275
-23.0,50,5614.070369
-46.0,50,5616.660572
-22.0,50,5619.258955
-22.0,50,5621.894059
-15.0,50,5624.444448
-42.0,50,5627.091616
-25.0,50,5629.670094
-17.0,50,5632.312468
-36.0,50,5634.868042
-45.0,50,5637.497633
-18.0,50,5640.111572
-36.0,50,5642.675754
-12.0,50,5645.268622
-48.0,50,5647.877872
-25.0,50,5650.467428
-5.0,50,5653.108246
-8.0,50,5653.544476
-6.0,50,5654.006781
-5.0,50,5654.486369
-16.0,50,5654.984347
-10.0,50,5655.442557
-7.0,50,5655.895942
-17.0,50,5656.354522
-13.0,50,5656.841764
-9.0,50,5657.297846
-49.0,50,5657.849335
-42.0,50,5660.440696
-15.0,50,5663.092348
-31.0,50,5665.743989
-37.0,50,5668.351406
-9.0,50,5670.97583
-4.0,50,5673.654699
-15.0,50,5676.242468
-30.0,50,5678.867593
-43.0,50,5681.437625
-50.0,50,5684.055632
-44.0,50,5686.690327
-50.0,50,5689.287446
-39.0,50,5691.885193
-50.0,50,5694.485576
-50.0,50,5697.058158
-24.0,50,5699.659306
-23.0,50,5702.286878
-44.0,50,5704.885399
0.0,50,5707.501027
-50.0,50,5710.11302
-31.0,50,5712.754075
-50.0,50,5715.334351
-39.0,50,5717.977962
-15.0,50,5720.560095
-50.0,50,5723.171357
-39.0,50,5725.801137
-24.0,50,5728.410024
0.0,50,5730.999919
-39.0,50,5733.571618
-50.0,50,5736.168874
-50.0,50,5738.766559
-17.0,50,5741.35925
-2.0,50,5743.967042
-12.0,50,5746.581655
-15.0,50,5749.17855
-22.0,50,5751.799872
-50.0,50,5754.347772
-10.0,50,5756.997464
-45.0,50,5759.549613
-50.0,50,5762.201947
-37.0,50,5764.815134
-11.0,50,5767.367178
-44.0,50,5769.976495
-16.0,50,5772.574257
-50.0,50,5775.152132
-50.0,50,5777.761122
-17.0,50,5780.402071
-17.0,50,5783.002734
-50.0,50,5785.623754
-10.0,50,5788.296655
-46.0,50,5788.787783
-9.0,50,5789.274966
-46.0,50,5789.731776
-8.0,50,5790.157
-10.0,50,5790.612753
-9.0,50,5791.086638
-5.0,50,5791.541761
-5.0,50,5791.980363
-8.0,50,5792.415161
-43.0,50,5792.931824
-12.0,50,5795.560572
-25.0,50,5798.154704
-42.0,50,5800.745381
-44.0,50,5803.34214
-10.0,50,5805.919039
-33.0,50,5808.540313
-26.0,50,5811.138498
-20.0,50,5813.751155
-50.0,50,5816.365121
-50.0,50,5818.91828
-45.0,50,5821.457761
-38.0,50,5824.129133
-8.0,50,5826.723911
-50.0,50,5829.327863
-31.0,50,5831.975754
-50.0,50,5834.602722
-13.0,50,5837.196397
-6.0,50,5839.777982
-50.0,50,5842.390537
-46.0,50,5845.018384
-46.0,50,5847.588893
-47.0,50,5850.209969
-34.0,50,5852.812792
-20.0,50,5855.369838
-29.0,50,5858.038937
-50.0,50,5860.656324
-8.0,50,5863.258211
-14.0,50,5865.827057
0.0,50,5868.438107
-49.0,50,5871.034533
-5.0,50,5873.696026
-24.0,50,5876.269263
-14.0,50,5878.847981
-50.0,50,5881.490745
-10.0,50,5884.035419
-39.0,50,5886.651192
-25.0,50,5889.260831
-15.0,50,5891.82288
-23.0,50,5894.445602
-45.0,50,5897.042474
-9.0,50,5899.623405
-50.0,50,5902.267003
-11.0,50,5904.890753
-24.0,50,5907.487754
-28.0,50,5910.10519
-50.0,50,5912.685306
-10.0,50,5915.292882
-11.0,50,5917.928565
0.0,50,5920.53912
-7.0,50,5923.20064
-5.0,50,5923.684376
-10.0,50,5924.114998
-7.0,50,5924.575299
-34.0,50,5925.047749
-9.0,50,5925.481847
-13.0,50,5925.953528
-9.0,50,5926.346721
-14.0,50,5926.811346
-13.0,50,5927.267558
-7.0,50,5927.916616
-50.0,50,5930.55562
-50.0,50,5933.126065
-15.0,50,5935.751542
-50.0,50,5938.324076
-50.0,50,5940.952998
-40.0,50,5943.530976
-50.0,50,5946.16855
-19.0,50,5948.757
-50.0,50,5951.365966
-7.0,50,5953.936314
-50.0,50,5956.586564
-14.0,50,5959.165717
-6.0,50,5961.788651
-39.0,50,5964.421841
-13.0,50,5967.049419
-50.0,50,5969.627059
-11.0,50,5972.249007
-44.0,50,5974.875894
-27.0,50,5977.457895
-50.0,50,5980.047579
-26.0,50,5982.655943
-48.0,50,5985.298002
-38.0,50,5987.903429
-9.0,50,5990.489573
0.0,50,5993.064411
-50.0,50,5995.666382
-15.0,50,5998.307288
-11.0,50,6000.900175
-30.0,50,6003.483646
-36.0,50,6006.075376
-12.0,50,6008.670348
-28.0,50,6011.291143
-22.0,50,6013.871768
-46.0,50,6016.46303
-50.0,50,6019.103712
-50.0,50,6021.73176
-40.0,50,6024.327926
-50.0,50,6026.893757
-50.0,50,6029.514475
-11.0,50,6032.170041
-8.0,50,6034.753707
0.0,50,6037.351931
-49.0,50,6039.960982
-41.0,50,6042.575111
-24.0,50,6045.158936
-48.0,50,6047.77159
-46.0,50,6050.411676
-28.0,50,6053.007728
-27.0,50,6055.613009
-5.0,50,6058.21643
-8.0,50,6058.659766
-3.0,50,6059.130949
-13.0,50,6059.56916
-12.0,50,6060.03217
-17.0,50,6060.491828
-8.0,50,6060.930164
-16.0,50,6061.373274
-10.0,50,6061.852218
-19.0,50,6062.320403
-12.0,50,6062.872573
-22.0,50,6065.510548
-47.0,50,6068.152773
-44.0,50,6070.770367
-47.0,50,6073.389304
-50.0,50,6076.023084
-50.0,50,6078.6048
-47.0,50,6081.27317
-48.0,50,6083.846536
-50.0,50,6086.43708
-50.0,50,6089.064115
-37.0,50,6091.700815
-8.0,50,6094.307016
-43.0,50,6096.876534
-46.0,50,6099.4853
-21.0,50,6102.052356
-17.0,50,6104.685762
-45.0,50,6107.272083
-49.0,50,6109.861309
-16.0,50,6112.499142
-50.0,50,6115.080747
-11.0,50,6117.719347
-41.0,50,6120.305713
-13.0,50,6122.890319
-24.0,50,6125.466467
-50.0,50,6128.089394
-43.0,50,6130.689611
-41.0,50,6133.333379
-25.0,50,6135.956652
-24.0,50,6138.564472
-47.0,50,6141.171241
-14.0,50,6143.739344
-17.0,50,6146.346454
-42.0,50,6148.966745
-45.0,50,6151.54957
-9.0,50,6154.161421
-8.0,50,6156.755923
-22.0,50,6159.400262
-50.0,50,6162.055977
0.0,50,6164.64066
-50.0,50,6167.205351
-50.0,50,6169.835507
-33.0,50,6172.483888
-7.0,50,6175.062928
-50.0,50,6177.666978
-9.0,50,6180.272873
-45.0,50,6182.851923
-7.0,50,6185.500786
-22.0,50,6188.097877
-20.0,50,6190.662196
-7.0,50,6193.291806
-15.0,50,6193.786886
-8.0,50,6194.243177
0.0,50,6194.654617
-7.0,50,6195.122301
-10.0,50,6195.583307
-7.0,50,6196.058267
-12.0,50,6196.507457
-9.0,50,6196.957242
-3.0,50,6197.417486
-23.0,50,6197.876609
-24.0,50,6200.47342
-28.0,50,6203.110183
-43.0,50,6205.743291
-45.0,50,6208.328609
-50.0,50,6210.863618
-8.0,50,6213.52309
-50.0,50,6216.094899
-16.0,50,6218.676538
-26.0,50,6221.259857
-18.0,50,6223.904139
-50.0,50,6226.489658
-18.0,50,6229.09251
-46.0,50,6231.694876
-40.0,50,6234.320724
-18.0,50,6236.885584
-16.0,50,6239.546199
-35.0,50,6242.120896
-46.0,50,6244.739165
-50.0,50,6247.442016
-50.0,50,6250.140568
-46.0,50,6252.83114
-50.0,50,6255.517561
-50.0,50,6258.20209
0.0,50,6260.803979
0.0,50,6263.463292
-50.0,50,6266.033748
-46.0,50,6268.634193
-28.0,50,6271.219607
0.0,50,6273.787457
-17.0,50,6276.445262
0.0,50,6279.064748
-15.0,50,6281.692189
-46.0,50,6284.300696
-26.0,50,6286.912439
-18.0,50,6289.461479
-43.0,50,6292.076322
-36.0,50,6294.646397
-45.0,50,6297.239284
-40.0,50,6299.761746
-16.0,50,6302.380259
-48.0,50,6304.998165
-37.0,50,6307.535161
-18.0,50,6310.187843
-6.0,50,6312.785171
-20.0,50,6315.350173
-27.0,50,6317.957977
-33.0,50,6320.563794
-50.0,50,6323.199028
-15.0,50,6325.772946
-9.0,50,6328.38455
0.0,50,6328.824399
-9.0,50,6329.302516
-16.0,50,6329.804177
-9.0,50,6330.264601
-11.0,50,6330.711018
-14.0,50,6331.176667
-13.0,50,6331.625755
-7.0,50,6332.086983
-8.0,50,6332.525469
-3.0,50,6333.040831
-16.0,50,6335.645832
-50.0,50,6338.266747
-12.0,50,6340.84269
-41.0,50,6343.447343
-50.0,50,6346.044673
-20.0,50,6348.62605
-22.0,50,6351.211806
-49.0,50,6353.85189
-15.0,50,6356.415946
-47.0,50,6359.041541
-50.0,50,6361.612674
-26.0,50,6364.234495
-4.0,50,6366.847089
-49.0,50,6369.380989
-10.0,50,6372.046749
-24.0,50,6374.626635
-26.0,50,6377.206531
-46.0,50,6379.780285
-17.0,50,6382.366561
-31.0,50,6384.943883
-23.0,50,6387.532813
-28.0,50,6390.129378
-42.0,50,6392.686301
-50.0,50,6395.337527
-22.0,50,6397.881972
-38.0,50,6400.47822
0.0,50,6403.098022
-25.0,50,6405.685658
-50.0,50,6408.281932
-50.0,50,6410.856311
-45.0,50,6413.482952
-26.0,50,6416.052302
-19.0,50,6418.625935
-49.0,50,6421.273616
-16.0,50,6423.801905
-17.0,50,6426.473065
-33.0,50,6429.060252
-27.0,50,6431.663979
-16.0,50,6434.194658
-18.0,50,6436.841225
-48.0,50,6439.3888
-22.0,50,6441.9987
-24.0,50,6444.571959
-50.0,50,6447.19329
-45.0,50,6449.806599
-50.0,50,6452.387551
-50.0,50,6454.983573
0.0,50,6457.579843
-47.0,50,6460.179549
0.0,50,6462.775933
-8.0,50,6463.222465
-7.0,50,6463.718259
-4.0,50,6464.17385
-5.0,50,6464.585502
-6.0,50,6465.018575
-10.0,50,6465.462232
-4.0,50,6465.92104
-15.0,50,6466.447595
-7.0,50,6466.91046
-50.0,50,6467.40348
-50.0,50,6470.045388
-42.0,50,6472.63316
-18.0,50,6475.243573
-30.0,50,6477.855803
-50.0,50,6480.439582
-34.0,50,6483.069189
-45.0,50,6485.641533
-34.0,50,6488.253729
-19.0,50,6490.796379
-50.0,50,6493.425602
0.0,50,6495.978579
-33.0,50,6498.600314
-19.0,50,6501.187322
-32.0,50,6503.799163
-44.0,50,6506.407924
-17.0,50,6509.008683
-14.0,50,6511.62831
-45.0,50,6514.245318
-22.0,50,6516.852325
-22.0,50,6519.471084
-5.0,50,6522.04437
-17.0,50,6524.657343
-41.0,50,6527.283567
-50.0,50,6529.94703
-9.0,50,6532.536326
-50.0,50,6535.175544
-39.0,50,6537.7697
-9.0,50,6540.371186
-22.0,50,6543.019917
-40.0,50,6545.59522
-50.0,50,6548.194443
-37.0,50,6550.793155
-50.0,50,6553.44706
-20.0,50,6556.034859
-39.0,50,6558.637822
-50.0,50,6561.242467
-29.0,50,6563.800466
-14.0,50,6566.443069
-21.0,50,6569.032678
-15.0,50,6571.612674
-17.0,50,6574.269572
-50.0,50,6576.870365
-50.0,50,6579.450958
-48.0,50,6582.092625
-40.0,50,6584.653247
-46.0,50,6587.265069
-50.0,50,6589.898309
-23.0,50,6592.515672
-9.0,50,6595.145173
-7.0,50,6597.790805
-10.0,50,6598.300047
-9.0,50,6598.739717
-16.0,50,6599.195705
-5.0,50,6599.634224
-5.0,50,6600.105917
-4.0,50,6600.570643
-5.0,50,6601.050505
-3.0,50,6601.511611
-7.0,50,6601.964073
-23.0,50,6602.445291
-14.0,50,6605.086341
-40.0,50,6607.716571
-50.0,50,6610.318205
-18.0,50,6612.906276
0.0,50,6615.473158
-35.0,50,6618.082676
-50.0,50,6620.652663
-22.0,50,6623.257251
-22.0,50,6625.834811
-50.0,50,6628.480809
-38.0,50,6631.06172
-9.0,50,6633.695551
-13.0,50,6636.312549
-50.0,50,6638.913895
-50.0,50,6641.503789
-46.0,50,6644.121409
-46.0,50,6646.739064
-8.0,50,6649.300691
-19.0,50,6651.942406
-50.0,50,6654.508654
-11.0,50,6657.124364
-40.0,50,6659.745662
-47.0,50,6662.373043
-16.0,50,6664.998958
-9.0,50,6667.587843
-18.0,50,6670.244249
-7.0,50,6672.815419
-50.0,50,6675.439206
-45.0,50,6678.05085
-48.0,50,6680.664609
-32.0,50,6683.251624
-50.0,50,6685.837228
-48.0,50,6688.444206
-11.0,50,6691.073381
-11.0,50,6693.631036
-50.0,50,6696.217091
-16.0,50,6698.872246
-11.0,50,6701.45884
-32.0,50,6704.065458
-10.0,50,6706.656458
-26.0,50,6709.31338
-9.0,50,6711.877563
-13.0,50,6714.501849
-50.0,50,6717.092331
-6.0,50,6719.664835
-3.0,50,6722.296794
-41.0,50,6724.94623
-24.0,50,6727.583654
-45.0,50,6730.170908
-9.0,50,6732.842233
-8.0,50,6733.280303
-7.0,50,6733.747388
-7.0,50,6734.20142
-6.0,50,6734.699951
-9.0,50,6735.165721
-6.0,50,6735.653155
-8.0,50,6736.16383
-9.0,50,6736.609768
-12.0,50,6737.070814
