# {"env_id": "FetchSlideball-v2", "t_start": 1576834337.3300686} 
r,l,t
-50.0,50,10.380502
-50.0,50,13.739911
-50.0,50,18.710534
-50.0,50,21.346341
-50.0,50,23.917402
-50.0,50,26.580251
-50.0,50,30.448523
-50.0,50,34.290217
-50.0,50,36.876936
-50.0,50,39.518616
-50.0,50,43.172523
-50.0,50,46.228155
-50.0,50,50.149861
-50.0,50,52.768239
-50.0,50,55.365903
-50.0,50,59.737804
-50.0,50,63.11462
-50.0,50,65.724694
-50.0,50,69.567786
-50.0,50,72.272762
-50.0,50,74.8713
-50.0,50,77.490568
-50.0,50,80.152212
-50.0,50,83.181031
-50.0,50,87.811377
-50.0,50,90.483118
-50.0,50,93.161703
-50.0,50,95.774774
-50.0,50,102.029624
-50.0,50,104.645546
-50.0,50,107.231462
-50.0,50,111.603347
-50.0,50,114.20603
-50.0,50,119.16777
-50.0,50,121.712981
-50.0,50,126.196217
-50.0,50,129.477799
-50.0,50,132.097752
-50.0,50,134.744556
-50.0,50,137.352905
-50.0,50,142.330858
-50.0,50,145.184772
-50.0,50,149.678005
-50.0,50,152.965211
-50.0,50,156.675611
-50.0,50,159.429429
-50.0,50,164.450921
-50.0,50,167.091028
-50.0,50,172.022328
-50.0,50,174.842657
-50.0,50,178.717231
-50.0,50,179.214311
-50.0,50,179.650042
-50.0,50,180.06427
-50.0,50,180.486955
-50.0,50,180.921219
-50.0,50,181.354836
-50.0,50,181.828155
-50.0,50,182.3157
-50.0,50,182.734054
-50.0,50,183.266261
-50.0,50,188.242031
-50.0,50,190.821252
-50.0,50,193.432703
-50.0,50,198.466491
-50.0,50,201.132919
-50.0,50,203.768584
-50.0,50,206.375574
-50.0,50,209.000602
-50.0,50,212.863476
-50.0,50,216.780082
-50.0,50,219.399005
-50.0,50,223.560558
-50.0,50,227.159208
-50.0,50,231.930306
-50.0,50,234.947391
-50.0,50,238.844215
-50.0,50,241.454309
-50.0,50,246.267967
-50.0,50,249.256582
-50.0,50,251.874098
-50.0,50,256.896176
-50.0,50,259.509808
-50.0,50,262.107863
-50.0,50,265.968846
-50.0,50,268.628585
-50.0,50,271.200244
-50.0,50,276.178429
-50.0,50,278.741493
-50.0,50,281.323403
-50.0,50,283.909415
-50.0,50,289.494616
-50.0,50,292.839456
-50.0,50,295.500239
-50.0,50,298.117573
-50.0,50,300.754984
-50.0,50,305.894705
-50.0,50,308.541227
-50.0,50,311.212383
-50.0,50,313.738281
-50.0,50,318.741477
-50.0,50,321.356781
-50.0,50,323.997326
-50.0,50,327.008064
-50.0,50,330.49575
-50.0,50,333.142737
-50.0,50,335.759459
-50.0,50,339.667774
-50.0,50,343.500088
-50.0,50,346.151789
-50.0,50,350.035215
-50.0,50,350.496472
-50.0,50,350.941532
-50.0,50,351.419124
-50.0,50,351.882508
-50.0,50,352.31257
-50.0,50,352.775716
-50.0,50,353.181827
-50.0,50,353.601274
-50.0,50,354.028651
-50.0,50,354.605617
-50.0,50,359.589648
-50.0,50,362.231446
-50.0,50,364.878404
-50.0,50,367.512362
-50.0,50,371.46651
-50.0,50,374.087917
-50.0,50,377.067721
-50.0,50,381.703716
-50.0,50,384.31656
-50.0,50,386.926962
-50.0,50,390.922512
-50.0,50,393.533902
-50.0,50,396.990658
-50.0,50,402.5276
-50.0,50,405.236329
-50.0,50,407.853623
-50.0,50,411.201559
-50.0,50,414.452189
-50.0,50,417.075373
-50.0,50,420.531741
-50.0,50,424.863942
-50.0,50,427.410275
-50.0,50,432.388605
-50.0,50,435.010787
-50.0,50,437.627861
-50.0,50,442.615779
-50.0,50,445.412759
-50.0,50,448.003031
-50.0,50,451.802357
-50.0,50,454.443035
-50.0,50,456.99399
-50.0,50,461.983979
-50.0,50,465.340812
-50.0,50,469.70985
-50.0,50,472.425659
-50.0,50,476.287591
-50.0,50,479.835655
-50.0,50,484.092687
-50.0,50,488.419391
-50.0,50,492.017627
-50.0,50,495.992569
-50.0,50,498.61921
-50.0,50,503.431059
-50.0,50,506.429352
-50.0,50,511.527488
-50.0,50,514.143454
-50.0,50,518.626183
-50.0,50,521.281151
-50.0,50,523.875033
-50.0,50,526.482987
-50.0,50,527.816659
-50.0,50,529.275854
-50.0,50,530.683702
-50.0,50,531.131424
-50.0,50,531.559837
-50.0,50,532.000657
-50.0,50,532.433815
-50.0,50,532.866776
-50.0,50,533.321869
-50.0,50,533.86052
-50.0,50,538.953918
-50.0,50,541.534208
-50.0,50,546.464223
-50.0,50,549.404433
-50.0,50,554.447353
-50.0,50,557.093379
-50.0,50,559.665214
-50.0,50,562.237245
-50.0,50,566.03389
-50.0,50,568.643168
-50.0,50,571.300033
-50.0,50,574.922968
-50.0,50,579.070485
-50.0,50,581.847326
-50.0,50,585.508835
-50.0,50,588.219606
-50.0,50,591.067555
-50.0,50,595.943639
-50.0,50,598.545435
-50.0,50,603.576644
-50.0,50,606.14166
-50.0,50,611.282412
-50.0,50,613.909359
-50.0,50,617.040916
-50.0,50,621.614682
-50.0,50,624.212007
-50.0,50,628.062807
-50.0,50,630.617331
-50.0,50,635.990046
-50.0,50,639.575734
-50.0,50,642.15809
-50.0,50,644.851435
-50.0,50,647.409067
-50.0,50,650.048368
-50.0,50,653.942462
-50.0,50,657.877382
-50.0,50,660.430615
-50.0,50,665.491421
-50.0,50,668.090205
-50.0,50,670.72348
-50.0,50,673.391152
-50.0,50,676.007311
-50.0,50,679.047464
-50.0,50,683.762479
-50.0,50,686.373112
-50.0,50,688.957021
-50.0,50,692.893423
-50.0,50,695.4491
-50.0,50,698.737312
-50.0,50,703.178668
-50.0,50,703.599106
-50.0,50,704.044166
-50.0,50,704.501357
-50.0,50,704.943865
-50.0,50,705.409363
-50.0,50,705.845576
-50.0,50,706.908149
-50.0,50,708.110569
-50.0,50,708.544806
-50.0,50,709.188218
-50.0,50,711.807622
-50.0,50,714.410189
-50.0,50,717.032191
-50.0,50,723.371794
-50.0,50,725.965833
-50.0,50,728.592014
-50.0,50,731.162693
-50.0,50,733.779289
-50.0,50,737.928538
-50.0,50,741.543983
-50.0,50,746.465604
-50.0,50,749.30167
-50.0,50,753.123759
-50.0,50,755.704154
-50.0,50,760.575578
-50.0,50,763.500523
-50.0,50,766.090538
-50.0,50,771.075982
-50.0,50,773.73956
-50.0,50,777.563412
-50.0,50,780.210867
-50.0,50,785.374604
-50.0,50,788.055002
-50.0,50,792.580313
-50.0,50,795.249107
-50.0,50,798.36892
-50.0,50,801.716397
-50.0,50,804.2719
-50.0,50,809.285913
-50.0,50,811.881051
-50.0,50,814.474847
-50.0,50,817.227006
-50.0,50,820.885169
-50.0,50,823.477088
-50.0,50,826.167635
-50.0,50,831.145374
-50.0,50,833.775125
-50.0,50,836.346392
-50.0,50,840.186138
-50.0,50,843.460029
-50.0,50,847.926841
-50.0,50,850.51557
-50.0,50,854.912806
-50.0,50,857.521694
-50.0,50,861.363163
-50.0,50,863.919057
-50.0,50,866.525297
-50.0,50,871.147747
-50.0,50,874.31439
-50.0,50,876.946096
-50.0,50,877.416811
-50.0,50,877.892991
-50.0,50,878.318844
-50.0,50,878.741721
-50.0,50,879.179103
-50.0,50,880.644145
-50.0,50,881.583421
-50.0,50,882.004115
-50.0,50,882.430188
-50.0,50,882.951769
-50.0,50,886.028471
-50.0,50,890.64511
-50.0,50,894.833326
-50.0,50,898.433395
-50.0,50,901.889751
-50.0,50,905.011917
-50.0,50,909.356488
-50.0,50,912.855509
-50.0,50,915.461023
-50.0,50,918.18548
-50.0,50,923.150883
-50.0,50,925.741977
-50.0,50,928.727293
-50.0,50,933.389776
-50.0,50,937.328744
-50.0,50,941.214124
-50.0,50,944.626426
-50.0,50,947.815535
-50.0,50,951.931541
-50.0,50,955.64062
-50.0,50,958.254774
-50.0,50,961.040794
-50.0,50,965.916098
-50.0,50,968.547438
-50.0,50,971.423837
-50.0,50,976.181241
-50.0,50,980.168883
-50.0,50,983.995052
-50.0,50,987.307124
-50.0,50,991.132832
-50.0,50,996.121109
-50.0,50,998.954863
-50.0,50,1004.010203
-50.0,50,1006.622993
-50.0,50,1009.269034
-50.0,50,1011.848115
-50.0,50,1015.726422
-50.0,50,1018.363231
-50.0,50,1020.9216
-50.0,50,1025.95968
-50.0,50,1028.566389
-50.0,50,1031.152872
-50.0,50,1034.988298
-50.0,50,1037.658805
-50.0,50,1040.292131
-50.0,50,1045.309129
-50.0,50,1047.978818
-50.0,50,1050.6111
-50.0,50,1054.259178
-50.0,50,1058.006366
-50.0,50,1059.575948
-50.0,50,1060.927812
-50.0,50,1061.356598
-50.0,50,1061.785788
-50.0,50,1062.24046
-50.0,50,1062.710742
-50.0,50,1063.175668
-50.0,50,1063.611733
-50.0,50,1064.419852
-50.0,50,1066.266912
-50.0,50,1069.930623
-50.0,50,1073.596015
-50.0,50,1076.561253
-50.0,50,1081.076826
-50.0,50,1084.419367
-50.0,50,1089.622448
-50.0,50,1092.233123
-50.0,50,1097.05818
-50.0,50,1099.993788
-50.0,50,1102.577076
-50.0,50,1108.929868
-50.0,50,1111.572242
-50.0,50,1116.423583
-50.0,50,1119.41651
-50.0,50,1123.766895
-50.0,50,1127.234421
-50.0,50,1132.424772
-50.0,50,1135.037929
-50.0,50,1138.88827
-50.0,50,1141.461127
-50.0,50,1146.683129
-50.0,50,1149.265551
-50.0,50,1152.396844
-50.0,50,1157.116948
-50.0,50,1159.784023
-50.0,50,1163.412085
-50.0,50,1166.424773
-50.0,50,1169.063534
-50.0,50,1172.947868
-50.0,50,1176.954836
-50.0,50,1180.023145
-50.0,50,1183.516719
-50.0,50,1187.436641
-50.0,50,1191.289585
-50.0,50,1196.227963
-50.0,50,1199.242264
-50.0,50,1203.830456
-50.0,50,1207.083692
-50.0,50,1209.804042
-50.0,50,1213.037371
-50.0,50,1217.596635
-50.0,50,1220.185333
-50.0,50,1223.860505
-50.0,50,1226.863333
-50.0,50,1231.366432
-50.0,50,1234.747081
-50.0,50,1237.357023
-50.0,50,1242.380706
-50.0,50,1245.124739
-50.0,50,1249.0102
-50.0,50,1249.44167
-50.0,50,1249.862441
-50.0,50,1250.330975
-50.0,50,1250.81707
-50.0,50,1251.29027
-50.0,50,1251.770983
-50.0,50,1252.248682
-50.0,50,1252.710919
-50.0,50,1253.630836
-50.0,50,1255.247637
-50.0,50,1260.23336
-50.0,50,1262.869812
-50.0,50,1265.544555
-50.0,50,1269.426059
-50.0,50,1272.032388
-50.0,50,1275.060926
-50.0,50,1279.750421
-50.0,50,1282.462854
-50.0,50,1286.119296
-50.0,50,1289.051255
-50.0,50,1293.039005
-50.0,50,1295.648445
-50.0,50,1298.278122
-50.0,50,1300.877194
-50.0,50,1305.964554
-50.0,50,1308.714225
-50.0,50,1312.563585
-50.0,50,1316.966805
-50.0,50,1320.392988
-50.0,50,1325.58358
-50.0,50,1328.230572
-50.0,50,1330.875703
-50.0,50,1333.520595
-50.0,50,1336.246536
-50.0,50,1339.047451
-50.0,50,1345.255919
-50.0,50,1347.896534
-50.0,50,1350.554109
-50.0,50,1353.554064
-50.0,50,1357.180507
-50.0,50,1361.014987
-50.0,50,1365.050866
-50.0,50,1367.635342
-50.0,50,1372.759216
-50.0,50,1375.333773
-50.0,50,1379.150774
-50.0,50,1381.831975
-50.0,50,1385.997853
-50.0,50,1389.635288
-50.0,50,1392.324346
-50.0,50,1396.860919
-50.0,50,1400.171073
-50.0,50,1402.818448
-50.0,50,1409.238235
-50.0,50,1411.812874
-50.0,50,1414.473357
-50.0,50,1417.095831
-50.0,50,1419.705218
-50.0,50,1424.175388
-50.0,50,1427.543128
-50.0,50,1427.997611
-50.0,50,1428.471538
-50.0,50,1429.86744
-50.0,50,1431.621638
-50.0,50,1432.816228
-50.0,50,1433.277102
-50.0,50,1433.739508
-50.0,50,1434.161894
-50.0,50,1434.616896
-50.0,50,1435.160246
-50.0,50,1439.050391
-50.0,50,1441.699591
-50.0,50,1446.928795
-50.0,50,1449.504627
-50.0,50,1454.126844
-50.0,50,1457.330939
-50.0,50,1459.972297
-50.0,50,1462.655779
-50.0,50,1468.692286
-50.0,50,1471.737819
-50.0,50,1474.367441
-50.0,50,1477.012323
-50.0,50,1479.94631
-50.0,50,1483.57676
-50.0,50,1486.226434
-50.0,50,1488.850489
-50.0,50,1492.920427
-50.0,50,1496.711229
-50.0,50,1500.380095
-50.0,50,1504.532511
-50.0,50,1507.272573
-50.0,50,1509.853805
-50.0,50,1512.544846
-50.0,50,1515.213916
-50.0,50,1520.367119
-50.0,50,1523.059387
-50.0,50,1526.888181
-50.0,50,1529.613894
-50.0,50,1532.213388
-50.0,50,1537.029213
-50.0,50,1540.076612
-50.0,50,1544.032638
-50.0,50,1546.672803
-50.0,50,1550.524935
-50.0,50,1553.223214
-50.0,50,1557.469326
-50.0,50,1561.06978
-50.0,50,1564.803869
-50.0,50,1568.936812
-50.0,50,1571.989955
-50.0,50,1576.669986
-50.0,50,1579.368582
-50.0,50,1581.996833
-50.0,50,1584.930921
-50.0,50,1589.755201
-50.0,50,1592.44747
-50.0,50,1595.092848
-50.0,50,1597.774875
-50.0,50,1602.780622
-50.0,50,1605.536029
-50.0,50,1606.017627
-50.0,50,1606.476305
-50.0,50,1606.919342
-50.0,50,1607.40497
-50.0,50,1607.871888
-50.0,50,1609.125168
-50.0,50,1610.796856
-50.0,50,1612.162343
-50.0,50,1612.600481
-50.0,50,1613.116085
-50.0,50,1615.744239
-50.0,50,1618.388807
-50.0,50,1621.027092
-50.0,50,1624.635901
-50.0,50,1628.896017
-50.0,50,1631.866299
-50.0,50,1635.419765
-50.0,50,1638.06179
-50.0,50,1643.119456
-50.0,50,1645.696055
-50.0,50,1648.368606
-50.0,50,1651.024567
-50.0,50,1654.989711
-50.0,50,1657.6294
-50.0,50,1660.891412
-50.0,50,1665.357064
-50.0,50,1668.008956
-50.0,50,1671.860426
-50.0,50,1675.918773
-50.0,50,1678.538149
-50.0,50,1681.187012
-50.0,50,1687.575424
-50.0,50,1690.304009
-50.0,50,1692.904194
-50.0,50,1695.576987
-50.0,50,1699.315448
-50.0,50,1702.207227
-50.0,50,1704.898082
-50.0,50,1709.928254
-50.0,50,1712.626592
-50.0,50,1715.958123
-50.0,50,1719.844994
-50.0,50,1722.500177
-50.0,50,1725.139935
-50.0,50,1727.847224
-50.0,50,1732.553246
-50.0,50,1735.704581
-50.0,50,1738.338386
-50.0,50,1742.004946
-50.0,50,1744.915643
-50.0,50,1747.593905
-50.0,50,1752.712335
-50.0,50,1755.355754
-50.0,50,1758.000157
-50.0,50,1761.934688
-50.0,50,1764.664998
-50.0,50,1767.289551
-50.0,50,1770.008447
-50.0,50,1772.687505
-50.0,50,1777.776574
-50.0,50,1778.236739
-50.0,50,1778.679096
-50.0,50,1779.19061
-50.0,50,1779.671666
-50.0,50,1780.13627
-50.0,50,1780.639083
-50.0,50,1781.107321
-50.0,50,1782.57842
-50.0,50,1783.46151
-50.0,50,1783.941337
-50.0,50,1786.594656
-50.0,50,1789.248789
-50.0,50,1794.471101
-50.0,50,1797.088489
-50.0,50,1801.836321
-50.0,50,1804.940638
-50.0,50,1810.719427
-50.0,50,1814.095804
-50.0,50,1817.04572
-50.0,50,1820.950739
-50.0,50,1824.172542
-50.0,50,1828.526086
-50.0,50,1831.163683
-50.0,50,1835.552365
-50.0,50,1838.154807
-50.0,50,1842.533829
-50.0,50,1846.325715
-50.0,50,1849.657292
-50.0,50,1852.336599
-50.0,50,1856.78639
-50.0,50,1859.424138
-50.0,50,1863.806097
-50.0,50,1866.46051
-50.0,50,1869.055358
-50.0,50,1874.704843
-50.0,50,1878.079933
-50.0,50,1881.384987
-50.0,50,1884.858887
-50.0,50,1889.284786
-50.0,50,1892.65767
-50.0,50,1897.615309
-50.0,50,1901.237872
-50.0,50,1904.313494
-50.0,50,1906.937562
-50.0,50,1909.59673
-50.0,50,1912.238325
-50.0,50,1914.875477
-50.0,50,1917.51153
-50.0,50,1920.20685
-50.0,50,1922.86269
-50.0,50,1925.588655
-50.0,50,1928.233286
-50.0,50,1930.925473
-50.0,50,1933.547965
-50.0,50,1936.191616
-50.0,50,1938.846947
-50.0,50,1941.503101
-50.0,50,1944.126096
-50.0,50,1946.790513
-50.0,50,1949.482082
-50.0,50,1949.9879
-50.0,50,1950.504716
-50.0,50,1951.053591
-50.0,50,1951.566491
-50.0,50,1952.062093
-50.0,50,1952.606622
-50.0,50,1953.121831
-50.0,50,1953.619438
-50.0,50,1954.11552
-50.0,50,1954.732059
-50.0,50,1957.373996
-50.0,50,1959.984216
-50.0,50,1962.620386
-50.0,50,1965.341437
-50.0,50,1967.947857
-50.0,50,1970.633354
-50.0,50,1973.267917
-50.0,50,1975.96098
-50.0,50,1978.618913
-50.0,50,1981.320865
-50.0,50,1983.972803
-50.0,50,1986.639185
-50.0,50,1989.267451
-50.0,50,1991.946865
-50.0,50,1994.605584
-50.0,50,1997.236233
-50.0,50,1999.880465
-50.0,50,2002.5003
-50.0,50,2005.201823
-50.0,50,2007.849786
-50.0,50,2010.521465
-50.0,50,2013.122398
-50.0,50,2015.801859
-50.0,50,2018.44393
-50.0,50,2021.060215
-50.0,50,2023.689144
-50.0,50,2026.369379
-50.0,50,2029.028708
-50.0,50,2031.669468
-50.0,50,2034.34549
-50.0,50,2036.975451
-50.0,50,2039.587071
-50.0,50,2042.256699
-50.0,50,2044.907444
-50.0,50,2047.576665
-50.0,50,2050.219566
-50.0,50,2052.898797
-50.0,50,2055.547735
-50.0,50,2058.204465
-50.0,50,2060.882425
-50.0,50,2063.603149
-50.0,50,2066.243927
-50.0,50,2068.918799
-50.0,50,2071.571094
-50.0,50,2074.165487
-50.0,50,2076.830156
-50.0,50,2079.493773
-50.0,50,2082.161493
-50.0,50,2084.750347
-50.0,50,2087.516055
-50.0,50,2088.026463
-50.0,50,2088.505526
-50.0,50,2088.957686
-50.0,50,2089.497505
-50.0,50,2090.028701
-50.0,50,2090.507392
-50.0,50,2091.012019
-50.0,50,2091.48059
-50.0,50,2091.976072
-50.0,50,2092.506732
-50.0,50,2095.16633
-50.0,50,2097.84005
-50.0,50,2100.572944
-50.0,50,2103.352475
-50.0,50,2106.064941
-50.0,50,2108.730471
-50.0,50,2111.361613
-50.0,50,2114.051625
-50.0,50,2116.801927
-50.0,50,2119.480183
-50.0,50,2122.265897
-50.0,50,2125.015908
-50.0,50,2127.922642
-50.0,50,2131.285292
-50.0,50,2133.985426
-50.0,50,2136.840198
-50.0,50,2139.524771
-50.0,50,2142.297399
-50.0,50,2144.947488
-50.0,50,2147.686095
-50.0,50,2150.376413
-50.0,50,2153.02869
-50.0,50,2155.694535
-50.0,50,2158.325958
-50.0,50,2161.026417
-50.0,50,2163.658124
-50.0,50,2166.383421
-50.0,50,2169.056685
-50.0,50,2171.689414
-50.0,50,2174.460684
-50.0,50,2177.231759
-50.0,50,2180.370008
-50.0,50,2183.378335
-50.0,50,2186.107983
-50.0,50,2188.743199
-50.0,50,2191.454959
-50.0,50,2194.122922
-50.0,50,2196.845914
-50.0,50,2199.546365
-50.0,50,2202.334028
-50.0,50,2205.022114
-50.0,50,2207.788559
-50.0,50,2210.53324
-50.0,50,2213.286221
-50.0,50,2215.97479
-50.0,50,2218.698451
-50.0,50,2221.430873
-50.0,50,2224.104056
-50.0,50,2226.808113
-50.0,50,2229.478824
-50.0,50,2229.967542
-50.0,50,2230.453403
-50.0,50,2230.911128
-50.0,50,2231.393361
-50.0,50,2231.870318
-50.0,50,2232.368417
-50.0,50,2232.866247
-50.0,50,2233.352071
-50.0,50,2233.820749
-50.0,50,2234.393281
-50.0,50,2237.027634
-50.0,50,2239.698991
-50.0,50,2242.348126
-50.0,50,2245.007739
-50.0,50,2247.6208
-50.0,50,2250.25133
-50.0,50,2252.895337
-50.0,50,2255.578075
-50.0,50,2258.164345
-50.0,50,2260.806989
-50.0,50,2263.46954
-50.0,50,2266.15645
-50.0,50,2268.808564
-50.0,50,2271.48649
-50.0,50,2274.092667
-50.0,50,2276.758032
-50.0,50,2279.359164
-50.0,50,2282.028152
-50.0,50,2284.69046
-50.0,50,2287.335318
-50.0,50,2290.009661
-50.0,50,2292.65355
-50.0,50,2295.272305
-50.0,50,2297.914148
-50.0,50,2300.559328
-50.0,50,2303.196673
-50.0,50,2305.872764
-50.0,50,2308.453084
-50.0,50,2311.120214
-50.0,50,2313.760821
-50.0,50,2316.422656
-50.0,50,2319.085042
-50.0,50,2321.712021
-50.0,50,2324.367846
-50.0,50,2327.045025
-50.0,50,2329.652708
-50.0,50,2332.317138
-50.0,50,2334.999448
-50.0,50,2337.638157
-50.0,50,2340.293847
-50.0,50,2342.92611
-50.0,50,2345.543853
-50.0,50,2348.206509
-50.0,50,2350.830991
-50.0,50,2353.511272
-50.0,50,2356.144652
-50.0,50,2358.823716
-50.0,50,2361.508351
-50.0,50,2364.128203
-50.0,50,2366.803351
-50.0,50,2367.301818
-50.0,50,2367.771083
-50.0,50,2368.261952
-50.0,50,2368.765622
-50.0,50,2369.258215
-50.0,50,2369.70907
-50.0,50,2370.206594
-50.0,50,2370.662146
-50.0,50,2371.13747
-50.0,50,2371.772714
-50.0,50,2374.421127
-50.0,50,2377.094995
-50.0,50,2379.73329
-50.0,50,2382.398727
-50.0,50,2385.036885
-50.0,50,2387.680875
-50.0,50,2390.344435
-50.0,50,2392.983092
-50.0,50,2395.632586
-50.0,50,2398.271008
-50.0,50,2400.919231
-50.0,50,2403.568083
-50.0,50,2406.201919
-50.0,50,2408.881523
-50.0,50,2411.555635
-50.0,50,2414.186876
-50.0,50,2416.864946
-50.0,50,2419.503097
-50.0,50,2422.133882
-50.0,50,2424.736226
-50.0,50,2427.467165
-50.0,50,2430.097717
-50.0,50,2432.762531
-50.0,50,2435.454536
-50.0,50,2438.161345
-50.0,50,2440.823784
-50.0,50,2443.446737
-50.0,50,2446.155695
-50.0,50,2448.797233
-50.0,50,2451.450388
-50.0,50,2454.121488
-50.0,50,2456.774415
-50.0,50,2459.439446
-50.0,50,2462.081124
-50.0,50,2464.736768
-50.0,50,2467.360278
-50.0,50,2470.063237
-50.0,50,2472.666857
-50.0,50,2475.349155
-50.0,50,2478.011912
-50.0,50,2480.686902
-50.0,50,2483.360726
-50.0,50,2486.022679
-50.0,50,2488.664448
-50.0,50,2491.32532
-50.0,50,2493.97762
-50.0,50,2496.593714
-50.0,50,2499.21475
-50.0,50,2501.878916
-50.0,50,2504.61814
-50.0,50,2505.125441
-50.0,50,2505.615613
-50.0,50,2506.092399
-50.0,50,2506.602999
-50.0,50,2507.102328
-50.0,50,2507.615138
-50.0,50,2508.11117
-50.0,50,2508.658534
-50.0,50,2509.153051
-50.0,50,2509.661055
-50.0,50,2512.332989
-50.0,50,2515.041673
-50.0,50,2517.70324
-50.0,50,2520.312252
-50.0,50,2522.981905
-50.0,50,2525.621334
-50.0,50,2528.327769
-50.0,50,2530.941139
-50.0,50,2533.641163
-50.0,50,2536.258527
-50.0,50,2538.907492
-50.0,50,2541.574408
-50.0,50,2544.213244
-50.0,50,2546.8734
-50.0,50,2549.529187
-50.0,50,2552.209197
-50.0,50,2554.8375
-50.0,50,2557.487449
-50.0,50,2560.130805
-50.0,50,2562.800354
-50.0,50,2565.492363
-50.0,50,2568.116633
-50.0,50,2570.817883
-50.0,50,2573.460282
-50.0,50,2576.075445
-50.0,50,2578.773299
-50.0,50,2581.407009
-50.0,50,2584.051649
-50.0,50,2586.7124
-50.0,50,2589.372539
-50.0,50,2592.019848
-50.0,50,2594.667242
-50.0,50,2597.339432
-50.0,50,2599.948415
-50.0,50,2602.612203
-50.0,50,2605.279534
-50.0,50,2607.968066
-50.0,50,2610.628308
-50.0,50,2613.234298
-50.0,50,2615.814172
-50.0,50,2618.512759
-50.0,50,2621.152761
-50.0,50,2623.814909
-50.0,50,2626.447461
-50.0,50,2629.10921
-50.0,50,2631.765666
-50.0,50,2634.437421
-50.0,50,2637.087436
-50.0,50,2639.764082
-50.0,50,2642.392041
-50.0,50,2642.904571
-50.0,50,2643.373308
-50.0,50,2643.834579
-50.0,50,2644.330852
-50.0,50,2644.808197
-50.0,50,2645.307832
-50.0,50,2645.793265
-50.0,50,2646.258881
-50.0,50,2646.74661
-50.0,50,2647.312453
-50.0,50,2649.906121
-50.0,50,2652.568461
-50.0,50,2655.273189
-50.0,50,2657.958519
-50.0,50,2660.613226
-50.0,50,2663.276808
-50.0,50,2665.901222
-50.0,50,2668.564656
-50.0,50,2671.176896
-50.0,50,2673.87341
-50.0,50,2676.536222
-50.0,50,2679.161908
-50.0,50,2681.855155
-50.0,50,2684.536582
-50.0,50,2687.177511
-50.0,50,2689.863705
-50.0,50,2692.510391
-50.0,50,2695.140122
-50.0,50,2697.807877
-50.0,50,2700.456073
-50.0,50,2703.118647
-50.0,50,2705.8008
-50.0,50,2708.423423
-50.0,50,2711.108493
-50.0,50,2713.784627
-50.0,50,2716.413024
-50.0,50,2719.110746
-50.0,50,2721.791032
-50.0,50,2724.425968
-50.0,50,2727.104508
-50.0,50,2729.762504
-50.0,50,2732.41849
-50.0,50,2735.074495
-50.0,50,2737.711229
-50.0,50,2740.382013
-50.0,50,2743.046777
-50.0,50,2745.674652
-50.0,50,2748.35053
-50.0,50,2750.997098
-50.0,50,2753.705247
-50.0,50,2756.312636
-50.0,50,2758.961372
-50.0,50,2761.650122
-50.0,50,2764.305656
-50.0,50,2766.957494
-50.0,50,2769.64272
-50.0,50,2772.350197
-50.0,50,2775.028481
-50.0,50,2777.687044
-50.0,50,2780.407916
-50.0,50,2780.890227
-50.0,50,2781.36702
-50.0,50,2781.874628
-50.0,50,2782.353836
-50.0,50,2782.810726
-50.0,50,2783.243315
-50.0,50,2783.718147
-50.0,50,2784.181188
-50.0,50,2784.663218
-50.0,50,2785.270124
-50.0,50,2787.961309
-50.0,50,2790.624273
-50.0,50,2793.34228
-50.0,50,2796.01992
-50.0,50,2798.648294
-50.0,50,2801.388058
-50.0,50,2804.028889
-50.0,50,2806.701088
-50.0,50,2809.294797
-50.0,50,2812.016597
-50.0,50,2814.686984
-50.0,50,2817.325071
-50.0,50,2819.975262
-50.0,50,2822.678131
-50.0,50,2825.306336
-50.0,50,2827.919914
-50.0,50,2830.561401
-50.0,50,2833.311515
-50.0,50,2835.957072
-50.0,50,2838.640021
-50.0,50,2841.369874
-50.0,50,2844.013302
-50.0,50,2846.660792
-50.0,50,2849.34214
-50.0,50,2852.005462
-50.0,50,2854.678488
-50.0,50,2857.341539
-50.0,50,2860.024977
-50.0,50,2862.67422
-50.0,50,2865.335298
-50.0,50,2868.030396
-50.0,50,2870.655102
-50.0,50,2873.32467
-50.0,50,2875.996405
-50.0,50,2878.67893
-50.0,50,2881.316658
-50.0,50,2884.012093
-50.0,50,2886.680602
-50.0,50,2889.377889
-50.0,50,2892.011001
-50.0,50,2894.681524
-50.0,50,2897.347196
-50.0,50,2900.023993
-50.0,50,2902.694406
-50.0,50,2905.338007
-50.0,50,2908.014892
-50.0,50,2910.661342
-50.0,50,2913.303087
-50.0,50,2915.998524
-50.0,50,2918.718016
-50.0,50,2919.173454
-50.0,50,2919.631151
-50.0,50,2920.113878
-50.0,50,2920.558549
-50.0,50,2921.057917
-50.0,50,2921.499401
-50.0,50,2922.00871
-50.0,50,2922.504525
-50.0,50,2922.96348
-50.0,50,2923.588855
-50.0,50,2926.27914
-50.0,50,2928.932962
-50.0,50,2931.602589
-50.0,50,2934.240784
-50.0,50,2936.88035
-50.0,50,2939.5664
-50.0,50,2942.234967
-50.0,50,2944.918606
-50.0,50,2947.584905
-50.0,50,2950.257852
-50.0,50,2952.885395
-50.0,50,2955.623459
-50.0,50,2958.277883
-50.0,50,2960.921878
-50.0,50,2963.604059
-50.0,50,2966.208755
-50.0,50,2968.880782
-50.0,50,2971.536082
-50.0,50,2974.22277
-50.0,50,2976.881521
-50.0,50,2979.50517
-50.0,50,2982.163866
-50.0,50,2984.848864
-50.0,50,2987.496692
-50.0,50,2990.155923
-50.0,50,2992.78006
-50.0,50,2995.475014
-50.0,50,2998.187441
-50.0,50,3000.868303
-50.0,50,3003.510807
-50.0,50,3006.241681
-50.0,50,3008.887074
-50.0,50,3011.578061
-50.0,50,3014.205243
-50.0,50,3016.918103
-50.0,50,3019.591052
-50.0,50,3022.277411
-50.0,50,3024.942763
-50.0,50,3027.595799
-50.0,50,3030.233933
-50.0,50,3032.92731
-50.0,50,3035.550488
-50.0,50,3038.231062
-50.0,50,3040.91789
-50.0,50,3043.56953
-50.0,50,3046.243397
-50.0,50,3048.928325
-50.0,50,3051.557739
-50.0,50,3054.214923
-50.0,50,3056.890434
-50.0,50,3057.349962
-50.0,50,3057.81192
-50.0,50,3058.270869
-50.0,50,3058.772029
-50.0,50,3059.273286
-50.0,50,3059.72529
-50.0,50,3060.185528
-50.0,50,3060.65598
-50.0,50,3061.143597
-50.0,50,3061.676186
-50.0,50,3064.3459
-50.0,50,3067.021575
-50.0,50,3069.722792
-50.0,50,3072.363002
-50.0,50,3075.03165
-50.0,50,3077.700975
-50.0,50,3080.366564
-50.0,50,3083.046307
-50.0,50,3085.711668
-50.0,50,3088.349184
-50.0,50,3091.002881
-50.0,50,3093.69759
-50.0,50,3096.360241
-50.0,50,3099.052262
-50.0,50,3101.699256
-50.0,50,3104.386
-50.0,50,3107.026947
-50.0,50,3109.723407
-50.0,50,3112.404035
-50.0,50,3115.079846
-50.0,50,3117.730345
-50.0,50,3120.392641
-50.0,50,3123.102155
-50.0,50,3125.758708
-50.0,50,3128.435384
-50.0,50,3131.05615
-50.0,50,3133.687006
-50.0,50,3136.407745
-50.0,50,3139.028843
-50.0,50,3141.684946
-50.0,50,3144.388547
-50.0,50,3147.034703
-50.0,50,3149.671412
-50.0,50,3152.343259
-50.0,50,3155.064183
-50.0,50,3157.707178
-50.0,50,3160.370325
-50.0,50,3163.017242
-50.0,50,3165.684684
-50.0,50,3168.400211
-50.0,50,3171.03809
-50.0,50,3173.713866
-50.0,50,3176.368134
-50.0,50,3179.054959
-50.0,50,3181.733417
-50.0,50,3184.368458
-50.0,50,3187.024482
-50.0,50,3189.69158
-50.0,50,3192.32783
-50.0,50,3194.992852
-50.0,50,3195.482989
-50.0,50,3195.998725
-50.0,50,3196.462407
-50.0,50,3196.969003
-50.0,50,3197.440175
-50.0,50,3197.919552
-50.0,50,3198.377631
-50.0,50,3198.835454
-50.0,50,3199.345518
