# {"env_id": "FetchToss-v1", "t_start": 1580777378.3561008} 
r,l,t
-50.0,50,8.075341
-50.0,50,10.830052
-50.0,50,13.46272
-50.0,50,16.012416
-50.0,50,18.555507
-50.0,50,21.124556
-50.0,50,23.722196
-50.0,50,26.259667
-50.0,50,28.843584
-50.0,50,31.425138
-50.0,50,33.924656
-50.0,50,36.472828
-50.0,50,39.023916
-50.0,50,41.561466
-50.0,50,44.119182
-50.0,50,46.670128
-50.0,50,49.231338
-50.0,50,51.778342
-50.0,50,54.357799
-50.0,50,56.875344
-50.0,50,59.447864
-50.0,50,62.006228
-50.0,50,64.58754
-50.0,50,67.164685
-50.0,50,69.715316
-50.0,50,72.294544
-50.0,50,74.813256
-50.0,50,77.425622
-50.0,50,79.953008
-50.0,50,82.519952
-50.0,50,85.122127
-50.0,50,87.643777
-50.0,50,90.227053
-50.0,50,92.807374
-50.0,50,95.372562
-50.0,50,97.942692
-50.0,50,100.50104
-50.0,50,103.050857
-50.0,50,105.611489
-50.0,50,108.198517
-50.0,50,110.718269
-50.0,50,113.29826
-50.0,50,115.857252
-50.0,50,118.462883
-50.0,50,121.031883
-50.0,50,123.591828
-50.0,50,126.142252
-50.0,50,128.686757
-50.0,50,131.282724
-50.0,50,133.837885
-50.0,50,136.474343
-50.0,50,136.863083
-50.0,50,137.260295
-50.0,50,137.668709
-50.0,50,138.0535
-50.0,50,138.456597
-50.0,50,138.864264
-50.0,50,139.260306
-50.0,50,139.669949
-50.0,50,140.070153
-50.0,50,140.537112
-50.0,50,143.10413
-50.0,50,145.69922
-50.0,50,148.262741
-50.0,50,150.833489
-50.0,50,153.461254
-50.0,50,156.684482
-50.0,50,159.341587
-50.0,50,161.960154
-50.0,50,164.648432
-50.0,50,167.187274
-50.0,50,169.750856
-50.0,50,172.341799
-50.0,50,174.882515
-50.0,50,177.475595
-50.0,50,180.002446
-50.0,50,182.536463
-50.0,50,185.123859
-50.0,50,187.690035
-50.0,50,190.209275
-50.0,50,192.790017
-50.0,50,195.372576
-50.0,50,197.930466
-50.0,50,200.472619
-50.0,50,203.030015
-50.0,50,205.579221
-50.0,50,208.115325
-50.0,50,210.690491
-50.0,50,213.22268
-50.0,50,215.744325
-50.0,50,218.288456
-50.0,50,220.848395
-50.0,50,223.373647
-50.0,50,225.952847
-50.0,50,228.51293
-50.0,50,231.054164
-50.0,50,233.59325
-50.0,50,236.171504
-50.0,50,238.705118
-50.0,50,241.27361
-50.0,50,243.796703
-50.0,50,246.372829
-50.0,50,248.866812
-50.0,50,251.422871
-50.0,50,254.014015
-50.0,50,256.517659
-50.0,50,259.089195
-50.0,50,261.632102
-50.0,50,264.141358
-50.0,50,266.755394
-50.0,50,269.284606
-50.0,50,269.696414
-50.0,50,270.109154
-50.0,50,270.517383
-50.0,50,270.923982
-50.0,50,271.323099
-50.0,50,271.701079
-50.0,50,272.126241
-50.0,50,272.512653
-50.0,50,272.894258
-50.0,50,273.313435
-50.0,50,275.855283
-50.0,50,278.390921
-50.0,50,280.937935
-50.0,50,283.513999
-50.0,50,286.043401
-50.0,50,288.592636
-50.0,50,291.150954
-50.0,50,293.650865
-50.0,50,296.212625
-50.0,50,298.807214
-50.0,50,301.317894
-50.0,50,303.897762
-50.0,50,306.454118
-50.0,50,308.975418
-50.0,50,311.512159
-50.0,50,314.067007
-50.0,50,316.583809
-50.0,50,319.147028
-50.0,50,321.71043
-50.0,50,324.256615
-50.0,50,326.81106
-50.0,50,329.317236
-50.0,50,331.9018
-50.0,50,334.403469
-50.0,50,336.967826
-50.0,50,339.560383
-50.0,50,342.079137
-50.0,50,344.66587
-50.0,50,347.226979
-50.0,50,349.773319
-50.0,50,352.282059
-50.0,50,354.841455
-50.0,50,357.407813
-50.0,50,359.985242
-50.0,50,362.507008
-50.0,50,365.057043
-50.0,50,367.595364
-50.0,50,370.143412
-50.0,50,372.695206
-50.0,50,375.229857
-50.0,50,377.802016
-50.0,50,380.340109
-50.0,50,382.893796
-50.0,50,385.434184
-50.0,50,387.979087
-50.0,50,390.559558
-50.0,50,393.041827
-50.0,50,395.606276
-50.0,50,398.17559
-50.0,50,400.768214
-50.0,50,401.150795
-50.0,50,401.540647
-50.0,50,401.947541
-50.0,50,402.340441
-50.0,50,402.734874
-50.0,50,403.156109
-50.0,50,403.549836
-50.0,50,403.965222
-50.0,50,404.338566
-50.0,50,404.747154
-50.0,50,407.306111
-50.0,50,409.824555
-50.0,50,412.405056
-50.0,50,414.962552
-50.0,50,417.516808
-50.0,50,420.060524
-50.0,50,422.598284
-50.0,50,425.152885
-50.0,50,427.722448
-50.0,50,430.278402
-50.0,50,432.799553
-50.0,50,435.371486
-50.0,50,437.960639
-50.0,50,440.511685
-50.0,50,443.026647
-50.0,50,445.607369
-50.0,50,448.115136
-50.0,50,450.673634
-50.0,50,453.247105
-50.0,50,455.772659
-50.0,50,458.312415
-50.0,50,460.821274
-50.0,50,463.379701
-50.0,50,465.953601
-50.0,50,468.527544
-50.0,50,471.089637
-50.0,50,473.632791
-50.0,50,476.186011
-50.0,50,478.768639
-50.0,50,481.338514
-50.0,50,483.840977
-50.0,50,486.427833
-50.0,50,488.988904
-50.0,50,491.52565
-50.0,50,494.107789
-50.0,50,496.643156
-50.0,50,499.197534
-50.0,50,501.772355
-50.0,50,504.307155
-50.0,50,506.90356
-50.0,50,509.590797
-50.0,50,512.123677
-50.0,50,514.68519
-50.0,50,517.261444
-50.0,50,519.775131
-50.0,50,522.319127
-50.0,50,524.875557
-50.0,50,527.434493
-50.0,50,530.003177
-50.0,50,532.578593
-50.0,50,532.998525
-50.0,50,533.393704
-50.0,50,533.777041
-50.0,50,534.157624
-50.0,50,534.552209
-50.0,50,534.965764
-50.0,50,535.397143
-50.0,50,535.819209
-50.0,50,536.205653
-50.0,50,536.618561
-50.0,50,539.172165
-50.0,50,541.711621
-50.0,50,544.302798
-50.0,50,546.839318
-50.0,50,549.370242
-50.0,50,551.929485
-50.0,50,554.559477
-50.0,50,557.118824
-50.0,50,559.663042
-50.0,50,562.344431
-50.0,50,564.885731
-50.0,50,567.461818
-50.0,50,570.057081
-50.0,50,572.677297
-50.0,50,575.379722
-50.0,50,578.188598
-50.0,50,580.982193
-50.0,50,583.822342
-50.0,50,586.759676
-50.0,50,590.291974
-50.0,50,593.138541
-50.0,50,595.75513
-50.0,50,600.048145
-50.0,50,604.207638
-50.0,50,610.077312
-50.0,50,614.474903
-50.0,50,618.245374
-50.0,50,621.962214
-50.0,50,625.611486
-50.0,50,629.220805
-50.0,50,632.808447
-50.0,50,636.377208
-50.0,50,639.935261
-50.0,50,643.551755
-50.0,50,647.164829
-50.0,50,650.706051
-50.0,50,654.21636
-50.0,50,657.991125
-50.0,50,661.874232
-50.0,50,665.749716
-50.0,50,669.356123
-50.0,50,672.908706
-50.0,50,676.565293
-50.0,50,680.184256
-50.0,50,683.788456
-50.0,50,687.3833
-50.0,50,690.923713
-50.0,50,694.42355
-50.0,50,698.036619
-50.0,50,701.621844
-50.0,50,702.078421
-50.0,50,702.560843
-50.0,50,703.011894
-50.0,50,703.496884
-50.0,50,703.994483
-50.0,50,704.484164
-50.0,50,704.931874
-50.0,50,705.394798
-50.0,50,705.850403
-50.0,50,706.526187
-50.0,50,710.104157
-50.0,50,713.775626
-50.0,50,717.257375
-50.0,50,720.890222
-50.0,50,724.518037
-50.0,50,728.144874
-50.0,50,731.745113
-50.0,50,735.326203
-50.0,50,738.976794
-50.0,50,742.520686
-50.0,50,746.140663
-50.0,50,749.489196
-50.0,50,753.607029
-50.0,50,757.007171
-50.0,50,760.670422
-50.0,50,764.352813
-50.0,50,767.975549
-50.0,50,771.612061
-50.0,50,775.209784
-50.0,50,778.825017
-50.0,50,782.429601
-50.0,50,786.007914
-50.0,50,789.609837
-50.0,50,793.231984
-50.0,50,796.864393
-50.0,50,800.544189
-50.0,50,804.187916
-50.0,50,807.838619
-50.0,50,811.453237
-50.0,50,815.112825
-50.0,50,818.858252
-50.0,50,822.595818
-50.0,50,826.344873
-50.0,50,830.080431
-50.0,50,833.867964
-50.0,50,837.693041
-50.0,50,841.470108
-50.0,50,845.290694
-50.0,50,848.964639
-50.0,50,852.779484
-50.0,50,856.618513
-50.0,50,860.445674
-50.0,50,863.550863
-50.0,50,866.213752
-50.0,50,869.539031
-50.0,50,873.692833
-50.0,50,877.919811
-50.0,50,882.173769
-50.0,50,886.745726
-50.0,50,890.431889
-50.0,50,890.850187
-50.0,50,891.270353
-50.0,50,891.725851
-50.0,50,892.110259
-50.0,50,892.523009
-50.0,50,892.915434
-50.0,50,893.30918
-50.0,50,893.728557
-50.0,50,894.158571
-50.0,50,894.664203
-50.0,50,898.089123
-50.0,50,901.495604
-50.0,50,904.214758
-50.0,50,906.77031
-50.0,50,909.341494
-50.0,50,911.949305
-50.0,50,914.530389
-50.0,50,917.110745
-50.0,50,919.685499
-50.0,50,922.279791
-50.0,50,924.859618
-50.0,50,927.444923
-50.0,50,930.037696
-50.0,50,932.612725
-50.0,50,935.194204
-50.0,50,937.785349
-50.0,50,940.345318
-50.0,50,942.904756
-50.0,50,945.521977
-50.0,50,948.131247
-50.0,50,950.707542
-50.0,50,953.33975
-50.0,50,955.880515
-50.0,50,958.505112
-50.0,50,961.013838
-50.0,50,963.671321
-50.0,50,966.231479
-50.0,50,968.822034
-50.0,50,971.41567
-50.0,50,973.977469
-50.0,50,976.588591
-50.0,50,979.154228
-50.0,50,981.74267
-50.0,50,984.349615
-50.0,50,986.926652
-50.0,50,989.47619
-50.0,50,992.102791
-50.0,50,994.627315
-50.0,50,997.266538
-50.0,50,999.88549
-50.0,50,1002.475275
-50.0,50,1005.049817
-50.0,50,1007.63489
-50.0,50,1010.250456
-50.0,50,1012.80059
-50.0,50,1015.418782
-50.0,50,1017.993761
-50.0,50,1020.652265
-50.0,50,1023.211622
-50.0,50,1025.770082
-50.0,50,1026.179876
-50.0,50,1026.570908
-50.0,50,1026.956851
-50.0,50,1027.334227
-50.0,50,1027.708035
-50.0,50,1028.104611
-50.0,50,1028.503765
-50.0,50,1028.895788
-50.0,50,1029.289326
-50.0,50,1029.820901
-50.0,50,1032.419733
-50.0,50,1034.982878
-50.0,50,1037.602173
-50.0,50,1040.162002
-50.0,50,1042.746106
-50.0,50,1045.335272
-50.0,50,1047.930604
-50.0,50,1050.534054
-50.0,50,1053.105402
-50.0,50,1055.706723
-50.0,50,1058.298216
-50.0,50,1060.947859
-50.0,50,1063.552664
-50.0,50,1066.131688
-50.0,50,1068.716729
-50.0,50,1071.34048
-50.0,50,1074.023206
-50.0,50,1076.70869
-50.0,50,1079.413219
-50.0,50,1082.26381
-50.0,50,1084.967186
-50.0,50,1087.684203
-50.0,50,1090.350836
-50.0,50,1092.984342
-50.0,50,1095.57297
-50.0,50,1098.183807
-50.0,50,1100.812315
-50.0,50,1103.367377
-50.0,50,1105.991555
-50.0,50,1108.594616
-50.0,50,1111.171765
-50.0,50,1113.769041
-50.0,50,1116.407091
-50.0,50,1118.982834
-50.0,50,1121.553224
-50.0,50,1124.146072
-50.0,50,1126.733552
-50.0,50,1129.34741
-50.0,50,1131.931579
-50.0,50,1134.538334
-50.0,50,1137.134465
-50.0,50,1139.742652
-50.0,50,1142.306353
-50.0,50,1144.911147
-50.0,50,1147.442719
-50.0,50,1150.080153
-50.0,50,1152.675229
-50.0,50,1155.273488
-50.0,50,1157.873112
-50.0,50,1160.504585
-50.0,50,1160.899393
-50.0,50,1161.285911
-50.0,50,1161.667908
-50.0,50,1162.077625
-50.0,50,1162.465984
-50.0,50,1162.883543
-50.0,50,1163.3081
-50.0,50,1163.712741
-50.0,50,1164.089012
-50.0,50,1164.523173
-50.0,50,1167.1102
-50.0,50,1169.708221
-50.0,50,1172.305888
-50.0,50,1174.922188
-50.0,50,1177.495521
-50.0,50,1180.127789
-50.0,50,1182.757056
-50.0,50,1185.354619
-50.0,50,1187.958658
-50.0,50,1190.559029
-50.0,50,1193.143864
-50.0,50,1195.774846
-50.0,50,1198.366588
-50.0,50,1200.986141
-50.0,50,1203.573326
-50.0,50,1206.162082
-50.0,50,1208.741257
-50.0,50,1211.327529
-50.0,50,1213.950805
-50.0,50,1216.502774
-50.0,50,1219.118954
-50.0,50,1221.757875
-50.0,50,1224.333517
-50.0,50,1226.944117
-50.0,50,1229.545497
-50.0,50,1232.14502
-50.0,50,1234.743219
-50.0,50,1237.379346
-50.0,50,1240.025429
-50.0,50,1242.613872
-50.0,50,1245.216093
-50.0,50,1247.821507
-50.0,50,1250.454271
-50.0,50,1253.030695
-50.0,50,1255.592437
-50.0,50,1258.241648
-50.0,50,1260.796193
-50.0,50,1263.359592
-50.0,50,1266.00884
-50.0,50,1268.577157
-50.0,50,1271.220379
-50.0,50,1273.805722
-50.0,50,1276.440435
-50.0,50,1279.04111
-50.0,50,1281.627187
-50.0,50,1284.244614
-50.0,50,1286.893501
-50.0,50,1289.500392
-50.0,50,1292.085391
-50.0,50,1294.72433
-50.0,50,1295.107867
-50.0,50,1295.516695
-50.0,50,1295.944622
-50.0,50,1296.345478
-50.0,50,1296.731728
-50.0,50,1297.103759
-50.0,50,1297.503469
-50.0,50,1297.92313
-50.0,50,1298.330157
-50.0,50,1298.727475
-50.0,50,1301.37737
-50.0,50,1303.981429
-50.0,50,1306.553437
-50.0,50,1309.192528
-50.0,50,1311.814558
-50.0,50,1314.396944
-50.0,50,1316.995241
-50.0,50,1319.661909
-50.0,50,1322.252721
-50.0,50,1324.842922
-50.0,50,1327.506614
-50.0,50,1330.119017
-50.0,50,1332.702816
-50.0,50,1335.330004
-50.0,50,1337.908313
-50.0,50,1340.533221
-50.0,50,1343.107543
-50.0,50,1345.752571
-50.0,50,1348.330205
-50.0,50,1350.908553
-50.0,50,1353.488605
-50.0,50,1356.123755
-50.0,50,1358.718007
-50.0,50,1361.3315
-50.0,50,1363.928985
-50.0,50,1366.511558
-50.0,50,1369.093233
-50.0,50,1371.755226
-50.0,50,1374.351413
-50.0,50,1377.044488
-50.0,50,1379.643344
-50.0,50,1382.229353
-50.0,50,1384.835182
-50.0,50,1387.404541
-50.0,50,1390.052612
-50.0,50,1392.655254
-50.0,50,1395.263399
-50.0,50,1397.869179
-50.0,50,1400.478879
-50.0,50,1403.087841
-50.0,50,1405.670927
-50.0,50,1408.278811
-50.0,50,1410.900992
-50.0,50,1413.499634
-50.0,50,1416.119389
-50.0,50,1418.703513
-50.0,50,1421.341043
-50.0,50,1423.925168
-50.0,50,1426.55818
-50.0,50,1429.136707
-50.0,50,1429.519516
-50.0,50,1429.937935
-50.0,50,1430.31409
-50.0,50,1430.701293
-50.0,50,1431.100415
-50.0,50,1431.509362
-50.0,50,1431.901408
-50.0,50,1432.280245
-50.0,50,1432.69528
-50.0,50,1433.161933
-50.0,50,1435.775878
-50.0,50,1438.387816
-50.0,50,1441.001458
-50.0,50,1443.605639
-50.0,50,1446.198149
-50.0,50,1448.820497
-50.0,50,1451.439979
-50.0,50,1453.99574
-50.0,50,1456.607705
-50.0,50,1459.23378
-50.0,50,1461.844952
-50.0,50,1464.467159
-50.0,50,1467.11675
-50.0,50,1469.706504
-50.0,50,1472.35377
-50.0,50,1474.9692
-50.0,50,1477.567886
-50.0,50,1480.190524
-50.0,50,1482.830464
-50.0,50,1485.468662
-50.0,50,1488.080483
-50.0,50,1490.681771
-50.0,50,1493.28766
-50.0,50,1495.942127
-50.0,50,1498.53651
-50.0,50,1501.147549
-50.0,50,1503.748604
-50.0,50,1506.396358
-50.0,50,1509.021885
-50.0,50,1511.6296
-50.0,50,1514.220443
-50.0,50,1516.816368
-50.0,50,1519.423806
-50.0,50,1522.031142
-50.0,50,1524.624065
-50.0,50,1527.27142
-50.0,50,1529.891788
-50.0,50,1532.50974
-50.0,50,1535.1011
-50.0,50,1537.706658
-50.0,50,1540.388954
-50.0,50,1542.989472
-50.0,50,1545.571731
-50.0,50,1548.212683
-50.0,50,1550.794089
-50.0,50,1553.462153
-50.0,50,1556.06369
-50.0,50,1558.687639
-50.0,50,1561.317601
-50.0,50,1563.894998
-50.0,50,1564.302732
-50.0,50,1564.710586
-50.0,50,1565.132579
-50.0,50,1565.522527
-50.0,50,1565.926444
-50.0,50,1566.337154
-50.0,50,1566.730924
-50.0,50,1567.136943
-50.0,50,1567.524101
-50.0,50,1567.919502
-50.0,50,1570.52358
-50.0,50,1573.138834
-50.0,50,1575.721185
-50.0,50,1578.357978
-50.0,50,1580.967379
-50.0,50,1583.606691
-50.0,50,1586.224086
-50.0,50,1588.829882
-50.0,50,1591.448683
-50.0,50,1594.045354
-50.0,50,1596.646896
-50.0,50,1599.273424
-50.0,50,1601.868246
-50.0,50,1604.48146
-50.0,50,1607.111745
-50.0,50,1609.713607
-50.0,50,1612.330781
-50.0,50,1614.957771
-50.0,50,1617.556288
-50.0,50,1620.155061
-50.0,50,1622.769631
-50.0,50,1625.393951
-50.0,50,1627.994776
-50.0,50,1630.668831
-50.0,50,1633.26823
-50.0,50,1635.885379
-50.0,50,1638.458151
-50.0,50,1641.108156
-50.0,50,1643.716433
-50.0,50,1646.331503
-50.0,50,1648.972478
-50.0,50,1651.56242
-50.0,50,1654.230651
-50.0,50,1656.82097
-50.0,50,1659.435861
-50.0,50,1662.040729
-50.0,50,1664.663618
-50.0,50,1667.31246
-50.0,50,1669.916543
-50.0,50,1672.526999
-50.0,50,1675.130442
-50.0,50,1677.737068
-50.0,50,1680.351421
-50.0,50,1682.961758
-50.0,50,1685.565195
-50.0,50,1688.249079
-50.0,50,1690.8795
-50.0,50,1693.468015
-50.0,50,1696.087336
-50.0,50,1698.74033
-50.0,50,1699.159194
-50.0,50,1699.540397
-50.0,50,1699.922312
-50.0,50,1700.320633
-50.0,50,1700.686708
-50.0,50,1701.053992
-50.0,50,1701.438876
-50.0,50,1701.836636
-50.0,50,1702.237525
-50.0,50,1702.77259
-50.0,50,1705.398761
-50.0,50,1708.035842
-50.0,50,1710.6596
-50.0,50,1713.274328
-50.0,50,1715.886105
-50.0,50,1718.513807
-50.0,50,1721.100489
-50.0,50,1723.728728
-50.0,50,1726.27492
-50.0,50,1728.94943
-50.0,50,1731.60784
-50.0,50,1734.202133
-50.0,50,1736.800976
-50.0,50,1739.412448
-50.0,50,1742.061014
-50.0,50,1744.675417
-50.0,50,1747.276897
-50.0,50,1749.934534
-50.0,50,1752.577577
-50.0,50,1755.201989
-50.0,50,1757.802423
-50.0,50,1760.43177
-50.0,50,1763.039284
-50.0,50,1765.637687
-50.0,50,1768.29051
-50.0,50,1770.918235
-50.0,50,1773.541252
-50.0,50,1776.166981
-50.0,50,1778.753865
-50.0,50,1781.404589
-50.0,50,1784.016474
-50.0,50,1786.627121
-50.0,50,1789.291473
-50.0,50,1791.862833
-50.0,50,1794.478827
-50.0,50,1797.150497
-50.0,50,1799.807687
-50.0,50,1802.428208
-50.0,50,1805.009333
-50.0,50,1807.653859
-50.0,50,1810.299754
-50.0,50,1812.903472
-50.0,50,1815.507255
-50.0,50,1818.13649
-50.0,50,1820.80187
-50.0,50,1823.394331
-50.0,50,1826.043075
-50.0,50,1828.702693
-50.0,50,1831.312639
-50.0,50,1833.956596
-50.0,50,1834.375799
-50.0,50,1834.774477
-50.0,50,1835.155125
-50.0,50,1835.565495
-50.0,50,1835.961133
-50.0,50,1836.357104
-50.0,50,1836.740657
-50.0,50,1837.139485
-50.0,50,1837.565238
-50.0,50,1837.972373
-50.0,50,1840.615444
-50.0,50,1843.223947
-50.0,50,1845.867396
-50.0,50,1848.688074
-50.0,50,1851.427206
-50.0,50,1854.044973
-50.0,50,1856.749079
-50.0,50,1859.40241
-50.0,50,1862.078304
-50.0,50,1864.716693
-50.0,50,1867.342092
-50.0,50,1870.024586
-50.0,50,1872.651068
-50.0,50,1875.288751
-50.0,50,1877.955905
-50.0,50,1880.588493
-50.0,50,1883.192247
-50.0,50,1885.846519
-50.0,50,1888.466742
-50.0,50,1891.166722
-50.0,50,1893.850131
-50.0,50,1896.485043
-50.0,50,1899.111572
-50.0,50,1901.746949
-50.0,50,1904.409627
-50.0,50,1907.06934
-50.0,50,1909.697352
-50.0,50,1912.3758
-50.0,50,1914.964424
-50.0,50,1917.642091
-50.0,50,1920.276265
-50.0,50,1922.892805
-50.0,50,1925.566616
-50.0,50,1928.394084
-50.0,50,1931.346008
-50.0,50,1934.191318
-50.0,50,1937.11797
-50.0,50,1940.511993
-50.0,50,1944.194195
-50.0,50,1947.449147
-50.0,50,1950.618672
-50.0,50,1953.961179
-50.0,50,1957.143558
-50.0,50,1960.45348
-50.0,50,1963.731603
-50.0,50,1966.924152
-50.0,50,1970.201143
-50.0,50,1973.493802
-50.0,50,1976.70138
-50.0,50,1979.914284
-50.0,50,1980.399475
-50.0,50,1980.893512
-50.0,50,1981.40103
-50.0,50,1981.885
-50.0,50,1982.375302
-50.0,50,1982.852543
-50.0,50,1983.295748
-50.0,50,1983.74693
-50.0,50,1984.23064
-50.0,50,1984.918756
-50.0,50,1988.155135
-50.0,50,1991.391848
-50.0,50,1994.229384
-50.0,50,1996.910399
-50.0,50,1999.594625
-50.0,50,2002.271307
-50.0,50,2004.893024
-50.0,50,2007.533449
-50.0,50,2010.160855
-50.0,50,2012.78181
-50.0,50,2015.428763
-50.0,50,2018.107859
-50.0,50,2020.787906
-50.0,50,2023.393413
-50.0,50,2026.010982
-50.0,50,2028.618869
-50.0,50,2031.231851
-50.0,50,2033.886704
-50.0,50,2036.53953
-50.0,50,2039.139526
-50.0,50,2041.761397
-50.0,50,2044.400093
-50.0,50,2047.059064
-50.0,50,2049.648881
-50.0,50,2052.232086
-50.0,50,2054.901684
-50.0,50,2057.495542
-50.0,50,2060.121249
-50.0,50,2062.749813
-50.0,50,2065.435409
-50.0,50,2068.056909
-50.0,50,2070.714293
-50.0,50,2073.318691
-50.0,50,2075.956993
-50.0,50,2078.558741
-50.0,50,2081.198902
-50.0,50,2083.816828
-50.0,50,2086.472187
-50.0,50,2089.043223
-50.0,50,2091.690245
-50.0,50,2094.346252
-50.0,50,2096.996641
-50.0,50,2099.602104
-50.0,50,2102.28569
-50.0,50,2104.883139
-50.0,50,2107.504663
-50.0,50,2110.149122
-50.0,50,2112.767827
-50.0,50,2115.380829
-50.0,50,2118.049246
-50.0,50,2118.434601
-50.0,50,2118.797803
-50.0,50,2119.190457
-50.0,50,2119.573205
-50.0,50,2119.973394
-50.0,50,2120.378958
-50.0,50,2120.79067
-50.0,50,2121.188646
-50.0,50,2121.574734
-50.0,50,2122.106189
-50.0,50,2124.703236
-50.0,50,2127.393364
-50.0,50,2129.988042
-50.0,50,2132.633823
-50.0,50,2135.252247
-50.0,50,2137.883735
-50.0,50,2140.505098
-50.0,50,2143.146014
-50.0,50,2145.748144
-50.0,50,2148.403022
-50.0,50,2151.027289
-50.0,50,2153.65643
-50.0,50,2156.316004
-50.0,50,2158.941657
-50.0,50,2161.56716
-50.0,50,2164.174694
-50.0,50,2166.840037
-50.0,50,2169.551525
-50.0,50,2172.220854
-50.0,50,2174.827828
-50.0,50,2177.428474
-50.0,50,2180.062271
-50.0,50,2182.690845
-50.0,50,2185.30019
-50.0,50,2187.950474
-50.0,50,2190.594216
-50.0,50,2193.223777
-50.0,50,2195.84438
-50.0,50,2198.527126
-50.0,50,2201.144494
-50.0,50,2203.78924
-50.0,50,2206.375986
-50.0,50,2209.025421
-50.0,50,2211.654767
-50.0,50,2214.281679
-50.0,50,2216.942991
-50.0,50,2219.569321
-50.0,50,2222.174314
-50.0,50,2224.857385
-50.0,50,2227.498146
-50.0,50,2230.108204
-50.0,50,2232.756294
-50.0,50,2235.434171
-50.0,50,2238.058974
-50.0,50,2240.701389
-50.0,50,2243.336641
-50.0,50,2245.947537
-50.0,50,2248.597134
-50.0,50,2251.213706
-50.0,50,2253.862376
-50.0,50,2254.2559
-50.0,50,2254.671956
-50.0,50,2255.076865
-50.0,50,2255.469197
-50.0,50,2255.887945
-50.0,50,2256.28952
-50.0,50,2256.654857
-50.0,50,2257.060252
-50.0,50,2257.45533
-50.0,50,2257.918461
-50.0,50,2260.538666
-50.0,50,2263.158339
-50.0,50,2265.838257
-50.0,50,2268.471085
-50.0,50,2271.065973
-50.0,50,2273.697569
-50.0,50,2276.396433
-50.0,50,2279.03424
-50.0,50,2281.67236
-50.0,50,2284.333738
-50.0,50,2286.978853
-50.0,50,2289.608706
-50.0,50,2292.224305
-50.0,50,2294.851033
-50.0,50,2297.501587
-50.0,50,2300.121641
-50.0,50,2302.757534
-50.0,50,2305.404604
-50.0,50,2307.991435
-50.0,50,2310.628569
-50.0,50,2313.304068
-50.0,50,2315.945333
-50.0,50,2318.586157
-50.0,50,2321.218412
-50.0,50,2323.825372
-50.0,50,2326.444558
-50.0,50,2329.08393
-50.0,50,2331.699701
-50.0,50,2334.338059
-50.0,50,2336.969657
-50.0,50,2339.61384
-50.0,50,2342.208366
-50.0,50,2344.850075
-50.0,50,2347.458354
-50.0,50,2350.087199
-50.0,50,2352.696228
-50.0,50,2355.349967
-50.0,50,2358.019526
-50.0,50,2360.697437
-50.0,50,2363.317957
-50.0,50,2365.961765
-50.0,50,2368.574696
-50.0,50,2371.245037
-50.0,50,2373.915796
-50.0,50,2376.575206
-50.0,50,2379.224006
-50.0,50,2381.848241
-50.0,50,2384.495578
-50.0,50,2387.113545
-50.0,50,2389.751231
-50.0,50,2390.153719
-50.0,50,2390.539455
-50.0,50,2390.940799
-50.0,50,2391.34658
-50.0,50,2391.715638
-50.0,50,2392.145772
-50.0,50,2392.528312
-50.0,50,2392.927753
-50.0,50,2393.299542
-50.0,50,2393.768464
-50.0,50,2396.400631
-50.0,50,2399.049868
-50.0,50,2401.748185
-50.0,50,2404.374773
-50.0,50,2407.037458
-50.0,50,2409.669616
-50.0,50,2412.309605
-50.0,50,2415.016438
-50.0,50,2417.614578
-50.0,50,2420.214339
-50.0,50,2422.951918
-50.0,50,2425.542587
-50.0,50,2428.175314
-50.0,50,2430.815835
-50.0,50,2433.482594
-50.0,50,2436.100377
-50.0,50,2438.742536
-50.0,50,2441.368279
-50.0,50,2443.980737
-50.0,50,2446.65179
-50.0,50,2449.292109
-50.0,50,2451.948671
-50.0,50,2454.535395
-50.0,50,2457.166795
-50.0,50,2459.799757
-50.0,50,2462.401695
-50.0,50,2465.070543
-50.0,50,2467.706728
-50.0,50,2470.379335
-50.0,50,2472.992255
-50.0,50,2475.664679
-50.0,50,2478.310451
-50.0,50,2480.940013
-50.0,50,2483.566477
-50.0,50,2486.260175
-50.0,50,2488.872996
-50.0,50,2491.478663
-50.0,50,2494.129307
-50.0,50,2496.78949
-50.0,50,2499.430017
-50.0,50,2502.111859
-50.0,50,2504.716957
-50.0,50,2507.396654
-50.0,50,2510.0259
-50.0,50,2512.650749
-50.0,50,2515.299727
-50.0,50,2517.943768
-50.0,50,2520.5565
-50.0,50,2523.207147
-50.0,50,2525.830397
-50.0,50,2526.2186
-50.0,50,2526.603711
-50.0,50,2526.986922
-50.0,50,2527.394561
-50.0,50,2527.794738
-50.0,50,2528.216252
-50.0,50,2528.635158
-50.0,50,2529.010293
-50.0,50,2529.402627
-50.0,50,2529.887391
-50.0,50,2532.517961
-50.0,50,2535.146172
-50.0,50,2537.768071
-50.0,50,2540.409148
-50.0,50,2543.095894
-50.0,50,2545.690912
-50.0,50,2548.360826
-50.0,50,2551.008189
-50.0,50,2553.655089
-50.0,50,2556.325284
-50.0,50,2558.961272
-50.0,50,2561.588779
-50.0,50,2564.240943
-50.0,50,2566.86594
-50.0,50,2569.497676
-50.0,50,2572.148206
-50.0,50,2574.808094
-50.0,50,2577.431535
-50.0,50,2580.085368
-50.0,50,2582.763219
-50.0,50,2585.411208
-50.0,50,2588.028278
-50.0,50,2590.663739
-50.0,50,2593.301722
-50.0,50,2595.904824
-50.0,50,2598.558697
-50.0,50,2601.169339
-50.0,50,2603.846245
-50.0,50,2606.462923
-50.0,50,2609.107024
-50.0,50,2611.73175
-50.0,50,2614.357549
-50.0,50,2617.044713
-50.0,50,2619.66449
-50.0,50,2622.307682
-50.0,50,2624.987815
-50.0,50,2627.624958
-50.0,50,2630.279381
-50.0,50,2632.950018
-50.0,50,2635.600017
-50.0,50,2638.225977
-50.0,50,2640.873785
-50.0,50,2643.530711
-50.0,50,2646.179781
-50.0,50,2648.824719
-50.0,50,2651.466156
-50.0,50,2654.083733
-50.0,50,2656.76056
-50.0,50,2659.364133
-50.0,50,2662.017917
-50.0,50,2662.433271
-50.0,50,2662.804896
-50.0,50,2663.201729
-50.0,50,2663.57972
-50.0,50,2663.968262
-50.0,50,2664.355427
-50.0,50,2664.754525
-50.0,50,2665.150159
-50.0,50,2665.520434
-50.0,50,2666.052305
-50.0,50,2668.67896
-50.0,50,2671.363841
-50.0,50,2674.005504
-50.0,50,2676.685667
-50.0,50,2679.296874
-50.0,50,2681.947598
-50.0,50,2684.564465
-50.0,50,2687.254601
-50.0,50,2689.860616
-50.0,50,2692.488679
-50.0,50,2695.162383
-50.0,50,2697.822355
-50.0,50,2700.424555
-50.0,50,2703.086425
-50.0,50,2705.70202
-50.0,50,2708.345477
-50.0,50,2710.990483
-50.0,50,2713.668272
-50.0,50,2716.340003
-50.0,50,2718.918965
-50.0,50,2721.59376
-50.0,50,2724.193777
-50.0,50,2726.843543
-50.0,50,2729.468362
-50.0,50,2732.175732
-50.0,50,2734.81649
-50.0,50,2737.462255
-50.0,50,2740.123518
-50.0,50,2742.744501
-50.0,50,2745.335916
-50.0,50,2747.979836
-50.0,50,2750.614567
-50.0,50,2753.323695
-50.0,50,2755.918029
-50.0,50,2758.572059
-50.0,50,2761.184925
-50.0,50,2763.777852
-50.0,50,2766.446751
-50.0,50,2769.050596
-50.0,50,2771.695076
-50.0,50,2774.331422
-50.0,50,2776.9859
-50.0,50,2779.601228
-50.0,50,2782.22815
-50.0,50,2784.897367
-50.0,50,2787.554478
-50.0,50,2790.185895
-50.0,50,2792.867706
-50.0,50,2795.467086
-50.0,50,2798.101771
-50.0,50,2798.523755
-50.0,50,2798.922922
-50.0,50,2799.324733
-50.0,50,2799.715755
-50.0,50,2800.135797
-50.0,50,2800.5352
-50.0,50,2800.94417
-50.0,50,2801.343177
-50.0,50,2801.740745
-50.0,50,2802.160079
-50.0,50,2804.825514
-50.0,50,2807.477662
-50.0,50,2810.130008
-50.0,50,2812.776442
-50.0,50,2815.418096
-50.0,50,2818.069208
-50.0,50,2820.693124
-50.0,50,2823.34872
-50.0,50,2825.986594
-50.0,50,2828.57194
-50.0,50,2831.264519
-50.0,50,2833.887533
-50.0,50,2836.534503
-50.0,50,2839.170985
-50.0,50,2841.801375
-50.0,50,2844.459105
-50.0,50,2847.05595
-50.0,50,2849.70746
-50.0,50,2852.328061
-50.0,50,2854.972217
-50.0,50,2857.630173
-50.0,50,2860.242963
-50.0,50,2862.921826
-50.0,50,2865.513206
-50.0,50,2868.161249
-50.0,50,2870.817719
-50.0,50,2873.481966
-50.0,50,2876.106451
-50.0,50,2878.749253
-50.0,50,2881.406005
-50.0,50,2884.032759
-50.0,50,2886.643927
-50.0,50,2889.360166
-50.0,50,2891.936498
-50.0,50,2894.62783
-50.0,50,2897.315794
-50.0,50,2900.005223
-50.0,50,2902.660606
-50.0,50,2905.300732
-50.0,50,2907.963276
-50.0,50,2910.55371
-50.0,50,2913.258453
-50.0,50,2915.849345
-50.0,50,2918.506364
-50.0,50,2921.149892
-50.0,50,2923.811113
-50.0,50,2926.451417
-50.0,50,2929.081173
-50.0,50,2931.716534
-50.0,50,2934.396001
-50.0,50,2934.796754
-50.0,50,2935.201677
-50.0,50,2935.575964
-50.0,50,2935.959267
-50.0,50,2936.348209
-50.0,50,2936.743845
-50.0,50,2937.167948
-50.0,50,2937.555682
-50.0,50,2937.9467
-50.0,50,2938.400813
-50.0,50,2941.083496
-50.0,50,2943.752642
-50.0,50,2946.397015
-50.0,50,2949.046494
-50.0,50,2951.702485
-50.0,50,2954.381011
-50.0,50,2957.025882
-50.0,50,2959.691723
-50.0,50,2962.298801
-50.0,50,2964.942247
-50.0,50,2967.620329
-50.0,50,2970.247614
-50.0,50,2972.909039
-50.0,50,2975.517937
-50.0,50,2978.187688
-50.0,50,2980.91468
-50.0,50,2983.494738
-50.0,50,2986.15346
-50.0,50,2988.810581
-50.0,50,2991.440437
-50.0,50,2994.145665
-50.0,50,2996.787262
-50.0,50,2999.474406
-50.0,50,3002.111009
-50.0,50,3004.741321
-50.0,50,3007.38568
-50.0,50,3010.027596
-50.0,50,3012.64444
-50.0,50,3015.335923
-50.0,50,3017.98379
-50.0,50,3020.613113
-50.0,50,3023.271558
-50.0,50,3025.925465
-50.0,50,3028.595697
-50.0,50,3031.24513
-50.0,50,3033.87005
-50.0,50,3036.546843
-50.0,50,3039.199788
-50.0,50,3041.867551
-50.0,50,3044.485456
-50.0,50,3047.179239
-50.0,50,3049.837179
-50.0,50,3052.491993
-50.0,50,3055.200561
-50.0,50,3057.813493
-50.0,50,3060.457788
-50.0,50,3063.122629
-50.0,50,3065.755809
-50.0,50,3068.447209
-50.0,50,3071.079052
-50.0,50,3071.470781
-50.0,50,3071.894081
-50.0,50,3072.283194
-50.0,50,3072.657704
-50.0,50,3073.061691
-50.0,50,3073.449964
-50.0,50,3073.8315
-50.0,50,3074.220497
-50.0,50,3074.62794
-50.0,50,3075.051049
-50.0,50,3077.737667
-50.0,50,3080.360239
-50.0,50,3083.025729
-50.0,50,3085.706752
-50.0,50,3088.338477
-50.0,50,3090.98464
-50.0,50,3093.566775
-50.0,50,3096.258599
-50.0,50,3098.91725
-50.0,50,3101.542137
-50.0,50,3104.173976
-50.0,50,3106.817713
-50.0,50,3109.45912
-50.0,50,3112.096269
-50.0,50,3114.733577
-50.0,50,3117.38088
-50.0,50,3120.042194
-50.0,50,3122.694657
-50.0,50,3125.350034
-50.0,50,3128.015234
-50.0,50,3130.607746
-50.0,50,3133.240431
-50.0,50,3135.921358
-50.0,50,3138.564057
-50.0,50,3141.204291
-50.0,50,3143.882031
-50.0,50,3146.522012
-50.0,50,3149.158952
-50.0,50,3151.81561
-50.0,50,3154.475131
-50.0,50,3157.105086
-50.0,50,3159.762979
-50.0,50,3162.408776
-50.0,50,3165.047999
-50.0,50,3167.701142
-50.0,50,3170.332314
-50.0,50,3172.959248
-50.0,50,3175.601837
-50.0,50,3178.279036
-50.0,50,3180.952575
-50.0,50,3183.639045
-50.0,50,3186.291964
-50.0,50,3188.913919
-50.0,50,3191.574432
-50.0,50,3194.228306
-50.0,50,3196.883442
-50.0,50,3199.541592
-50.0,50,3202.17425
-50.0,50,3204.828156
-50.0,50,3207.47778
-50.0,50,3207.865267
-50.0,50,3208.259577
-50.0,50,3208.654857
-50.0,50,3209.04248
-50.0,50,3209.428549
-50.0,50,3209.814132
-50.0,50,3210.217088
-50.0,50,3210.634994
-50.0,50,3211.02598
-50.0,50,3211.455029
-50.0,50,3214.157903
-50.0,50,3216.846091
-50.0,50,3219.493786
-50.0,50,3222.103128
-50.0,50,3224.731834
-50.0,50,3227.4108
-50.0,50,3230.032206
-50.0,50,3232.62731
-50.0,50,3235.274203
-50.0,50,3237.937309
-50.0,50,3240.589339
-50.0,50,3243.213987
-50.0,50,3245.902019
-50.0,50,3248.565593
-50.0,50,3251.228307
-50.0,50,3253.841056
-50.0,50,3256.491693
-50.0,50,3259.135947
-50.0,50,3261.79754
-50.0,50,3264.440142
-50.0,50,3267.115971
-50.0,50,3269.765938
-50.0,50,3272.473507
-50.0,50,3275.09693
-50.0,50,3277.730321
-50.0,50,3280.405819
-50.0,50,3283.005047
-50.0,50,3285.66169
-50.0,50,3288.325823
-50.0,50,3291.021742
-50.0,50,3293.724707
-50.0,50,3296.330455
-50.0,50,3298.973557
-50.0,50,3301.607033
-50.0,50,3304.242617
-50.0,50,3306.901344
-50.0,50,3309.550136
-50.0,50,3312.219639
-50.0,50,3314.85201
-50.0,50,3317.475832
-50.0,50,3320.157198
-50.0,50,3322.813461
-50.0,50,3325.436768
-50.0,50,3328.088788
-50.0,50,3330.720356
-50.0,50,3333.431088
-50.0,50,3336.033199
-50.0,50,3338.716262
-50.0,50,3341.375486
-50.0,50,3344.062311
-50.0,50,3344.440816
-50.0,50,3344.832024
-50.0,50,3345.229852
-50.0,50,3345.624545
-50.0,50,3346.015691
-50.0,50,3346.417878
-50.0,50,3346.826094
-50.0,50,3347.231122
-50.0,50,3347.613545
-50.0,50,3348.111412
-50.0,50,3350.747284
-50.0,50,3353.374853
-50.0,50,3356.041632
-50.0,50,3358.678286
-50.0,50,3361.363898
-50.0,50,3363.967251
-50.0,50,3366.63077
-50.0,50,3369.271293
-50.0,50,3371.894077
-50.0,50,3374.574595
-50.0,50,3377.203751
-50.0,50,3379.83534
-50.0,50,3382.49987
-50.0,50,3385.154989
-50.0,50,3387.799772
-50.0,50,3390.427046
-50.0,50,3393.055888
-50.0,50,3395.755663
-50.0,50,3398.396155
-50.0,50,3401.041389
-50.0,50,3403.702266
-50.0,50,3406.356429
-50.0,50,3408.999099
-50.0,50,3411.647982
-50.0,50,3414.277657
-50.0,50,3416.968792
-50.0,50,3419.562524
-50.0,50,3422.237282
-50.0,50,3424.894126
-50.0,50,3427.543264
-50.0,50,3430.131261
-50.0,50,3432.811057
-50.0,50,3435.475043
-50.0,50,3438.131504
-50.0,50,3440.838653
-50.0,50,3443.469854
-50.0,50,3446.105832
-50.0,50,3448.811032
-50.0,50,3451.404192
-50.0,50,3454.092791
-50.0,50,3456.74207
-50.0,50,3459.380456
-50.0,50,3462.033775
-50.0,50,3464.662683
-50.0,50,3467.313718
-50.0,50,3469.957892
-50.0,50,3472.629987
-50.0,50,3475.28338
-50.0,50,3477.921401
-50.0,50,3480.564377
-50.0,50,3480.948951
-50.0,50,3481.360119
-50.0,50,3481.755101
-50.0,50,3482.160361
-50.0,50,3482.563898
-50.0,50,3482.994884
-50.0,50,3483.376403
-50.0,50,3483.765702
-50.0,50,3484.172667
-50.0,50,3484.622284
-50.0,50,3487.259276
-50.0,50,3489.904887
-50.0,50,3492.550397
-50.0,50,3495.228109
-50.0,50,3497.876465
-50.0,50,3500.542776
-50.0,50,3503.162481
-50.0,50,3505.811389
-50.0,50,3508.429866
-50.0,50,3511.104921
-50.0,50,3513.732135
-50.0,50,3516.38511
-50.0,50,3519.001769
-50.0,50,3521.672951
-50.0,50,3524.298006
-50.0,50,3526.999872
-50.0,50,3529.648587
-50.0,50,3532.334455
-50.0,50,3534.945309
-50.0,50,3537.644782
-50.0,50,3540.301629
-50.0,50,3542.975298
-50.0,50,3545.628018
-50.0,50,3548.272015
-50.0,50,3550.94442
-50.0,50,3553.568846
-50.0,50,3556.214055
-50.0,50,3558.886277
-50.0,50,3561.545182
-50.0,50,3564.1962
-50.0,50,3566.87576
-50.0,50,3569.489613
-50.0,50,3572.144303
-50.0,50,3574.778707
-50.0,50,3577.473974
-50.0,50,3580.134669
-50.0,50,3582.748042
-50.0,50,3585.387068
-50.0,50,3588.077103
-50.0,50,3590.715269
-50.0,50,3593.394692
-50.0,50,3596.061905
-50.0,50,3598.722564
-50.0,50,3601.386993
-50.0,50,3604.022155
-50.0,50,3606.674614
-50.0,50,3609.330899
-50.0,50,3611.962779
-50.0,50,3614.574944
-50.0,50,3617.257468
-50.0,50,3617.627235
-50.0,50,3618.04068
-50.0,50,3618.427935
-50.0,50,3618.826462
-50.0,50,3619.218602
-50.0,50,3619.581489
-50.0,50,3619.989393
-50.0,50,3620.377111
-50.0,50,3620.784106
-50.0,50,3621.332251
-50.0,50,3623.951167
-50.0,50,3626.595714
-50.0,50,3629.2715
-50.0,50,3631.943584
-50.0,50,3634.645229
-50.0,50,3637.304354
-50.0,50,3639.922366
-50.0,50,3642.609371
-50.0,50,3645.258308
-50.0,50,3647.871601
-50.0,50,3650.560384
-50.0,50,3653.185334
-50.0,50,3655.899395
-50.0,50,3658.50841
-50.0,50,3661.158748
-50.0,50,3663.815653
-50.0,50,3666.461253
-50.0,50,3669.182679
-50.0,50,3671.832421
-50.0,50,3674.492214
-50.0,50,3677.154332
-50.0,50,3679.787346
-50.0,50,3682.478448
-50.0,50,3685.111345
-50.0,50,3687.790718
-50.0,50,3690.486621
-50.0,50,3693.145314
-50.0,50,3695.810052
-50.0,50,3698.502504
-50.0,50,3701.145806
-50.0,50,3703.788014
-50.0,50,3706.482808
-50.0,50,3709.102065
-50.0,50,3711.776279
-50.0,50,3714.416843
-50.0,50,3717.06547
-50.0,50,3719.718387
-50.0,50,3722.378299
-50.0,50,3724.982074
-50.0,50,3727.694324
-50.0,50,3730.354199
-50.0,50,3732.984363
-50.0,50,3735.62431
-50.0,50,3738.309968
-50.0,50,3740.989112
-50.0,50,3743.650074
-50.0,50,3746.271852
-50.0,50,3748.96622
-50.0,50,3751.587608
-50.0,50,3754.272897
-50.0,50,3754.647157
-50.0,50,3755.066015
-50.0,50,3755.449258
-50.0,50,3755.83877
-50.0,50,3756.241322
-50.0,50,3756.636261
-50.0,50,3757.053582
-50.0,50,3757.455631
-50.0,50,3757.861599
-50.0,50,3758.286508
-50.0,50,3760.988429
-50.0,50,3763.665158
-50.0,50,3766.302918
-50.0,50,3768.965961
-50.0,50,3771.629553
-50.0,50,3774.307262
-50.0,50,3776.937437
-50.0,50,3779.645362
-50.0,50,3782.311297
-50.0,50,3784.97573
-50.0,50,3787.60487
-50.0,50,3790.314121
-50.0,50,3792.955109
-50.0,50,3795.61818
-50.0,50,3798.303483
-50.0,50,3800.940223
-50.0,50,3803.576837
-50.0,50,3806.293245
-50.0,50,3808.935671
-50.0,50,3811.584054
-50.0,50,3814.260387
-50.0,50,3816.979503
-50.0,50,3819.614497
-50.0,50,3822.319888
-50.0,50,3824.98157
-50.0,50,3827.6051
-50.0,50,3830.246798
-50.0,50,3832.875465
-50.0,50,3835.573508
-50.0,50,3838.198604
-50.0,50,3840.917098
-50.0,50,3843.569359
-50.0,50,3846.219764
-50.0,50,3848.883168
-50.0,50,3851.522712
-50.0,50,3854.188492
-50.0,50,3856.895337
-50.0,50,3859.55864
-50.0,50,3862.209932
-50.0,50,3864.824126
-50.0,50,3867.5193
-50.0,50,3870.206076
-50.0,50,3872.884729
-50.0,50,3875.54448
-50.0,50,3878.19552
-50.0,50,3880.891394
-50.0,50,3883.51844
-50.0,50,3886.178753
-50.0,50,3888.826578
-50.0,50,3891.492315
-50.0,50,3891.896325
-50.0,50,3892.27474
-50.0,50,3892.679156
-50.0,50,3893.078004
-50.0,50,3893.4887
-50.0,50,3893.893268
-50.0,50,3894.279915
-50.0,50,3894.693472
-50.0,50,3895.068113
-50.0,50,3895.55536
-50.0,50,3898.226264
-50.0,50,3900.893878
-50.0,50,3903.561814
-50.0,50,3906.162921
-50.0,50,3908.856456
-50.0,50,3911.509858
-50.0,50,3914.207145
-50.0,50,3916.878336
-50.0,50,3919.484624
-50.0,50,3922.115516
-50.0,50,3924.764934
-50.0,50,3927.425204
-50.0,50,3930.09445
-50.0,50,3932.774713
-50.0,50,3935.407326
-50.0,50,3938.065882
-50.0,50,3940.719214
-50.0,50,3943.425544
-50.0,50,3946.056569
-50.0,50,3948.865773
-50.0,50,3951.649348
-50.0,50,3954.363925
-50.0,50,3956.99618
-50.0,50,3959.714148
-50.0,50,3962.329546
-50.0,50,3964.967918
-50.0,50,3967.599083
-50.0,50,3970.285764
-50.0,50,3972.926174
-50.0,50,3975.549125
-50.0,50,3978.219391
-50.0,50,3980.873619
-50.0,50,3983.523079
-50.0,50,3986.194595
-50.0,50,3988.823468
-50.0,50,3991.485169
-50.0,50,3994.161662
-50.0,50,3996.796185
-50.0,50,3999.450744
-50.0,50,4002.115449
-50.0,50,4004.747126
-50.0,50,4007.41875
-50.0,50,4010.06344
-50.0,50,4012.811243
-50.0,50,4015.473011
-50.0,50,4018.170188
-50.0,50,4020.775434
-50.0,50,4023.451559
-50.0,50,4026.079728
-50.0,50,4028.762806
-50.0,50,4029.189974
-50.0,50,4029.63252
-50.0,50,4030.07979
-50.0,50,4030.512585
-50.0,50,4030.956395
-50.0,50,4031.368265
-50.0,50,4031.777532
-50.0,50,4032.187529
-50.0,50,4032.607506
-50.0,50,4033.068007
-50.0,50,4035.704064
-50.0,50,4038.373052
-50.0,50,4041.061383
-50.0,50,4043.699631
-50.0,50,4046.33091
-50.0,50,4049.004578
-50.0,50,4051.653522
-50.0,50,4054.295879
-50.0,50,4056.91939
-50.0,50,4059.593676
-50.0,50,4062.235424
-50.0,50,4064.916701
-50.0,50,4067.559125
-50.0,50,4070.225631
-50.0,50,4072.855783
-50.0,50,4075.48631
-50.0,50,4078.139779
-50.0,50,4080.76992
-50.0,50,4083.419462
-50.0,50,4086.09795
-50.0,50,4088.731605
-50.0,50,4091.371285
-50.0,50,4093.985069
-50.0,50,4096.660737
-50.0,50,4099.308929
-50.0,50,4101.983125
-50.0,50,4104.597247
-50.0,50,4107.246342
-50.0,50,4109.902424
-50.0,50,4112.548073
-50.0,50,4115.211152
-50.0,50,4117.818066
-50.0,50,4120.501168
-50.0,50,4123.165854
-50.0,50,4125.780714
-50.0,50,4128.416981
-50.0,50,4131.055616
-50.0,50,4133.747905
-50.0,50,4136.366999
-50.0,50,4139.005503
-50.0,50,4141.647786
-50.0,50,4144.316202
-50.0,50,4146.972679
-50.0,50,4149.646746
-50.0,50,4152.284078
-50.0,50,4154.92929
-50.0,50,4157.605069
-50.0,50,4160.221286
-50.0,50,4162.875375
-50.0,50,4165.503022
-50.0,50,4165.914053
-50.0,50,4166.300653
-50.0,50,4166.697326
-50.0,50,4167.094156
-50.0,50,4167.487383
-50.0,50,4167.854533
-50.0,50,4168.259318
-50.0,50,4168.671577
-50.0,50,4169.066224
-50.0,50,4169.504372
-50.0,50,4172.212842
-50.0,50,4174.864572
-50.0,50,4177.494542
-50.0,50,4180.18137
-50.0,50,4182.800899
-50.0,50,4185.456594
-50.0,50,4188.08038
-50.0,50,4190.764883
-50.0,50,4193.404256
-50.0,50,4196.061886
-50.0,50,4198.692016
-50.0,50,4201.366651
-50.0,50,4204.001057
-50.0,50,4206.653527
-50.0,50,4209.331801
-50.0,50,4211.950162
-50.0,50,4214.621491
-50.0,50,4217.247525
-50.0,50,4219.911832
-50.0,50,4222.565596
-50.0,50,4225.205815
-50.0,50,4227.877738
-50.0,50,4230.523292
-50.0,50,4233.184771
-50.0,50,4235.807731
-50.0,50,4238.46485
-50.0,50,4241.117449
-50.0,50,4243.767352
-50.0,50,4246.447328
-50.0,50,4249.117268
-50.0,50,4251.788806
-50.0,50,4254.423217
-50.0,50,4257.071593
-50.0,50,4259.717031
-50.0,50,4262.357101
-50.0,50,4265.043066
-50.0,50,4267.671099
-50.0,50,4270.310896
-50.0,50,4273.010228
-50.0,50,4275.69116
-50.0,50,4278.337238
-50.0,50,4280.961607
-50.0,50,4283.650581
-50.0,50,4286.29203
-50.0,50,4288.949343
-50.0,50,4291.6579
-50.0,50,4294.266914
-50.0,50,4296.9764
-50.0,50,4299.62751
-50.0,50,4302.284235
-50.0,50,4302.684397
-50.0,50,4303.089761
-50.0,50,4303.485255
-50.0,50,4303.888204
-50.0,50,4304.290403
-50.0,50,4304.695748
-50.0,50,4305.096345
-50.0,50,4305.502759
-50.0,50,4305.887839
-50.0,50,4306.304052
-50.0,50,4308.968045
-50.0,50,4311.656926
-50.0,50,4314.31662
-50.0,50,4316.998059
-50.0,50,4319.641136
-50.0,50,4322.278878
-50.0,50,4324.948242
-50.0,50,4327.617424
-50.0,50,4330.269064
-50.0,50,4332.938946
-50.0,50,4335.587094
-50.0,50,4338.23117
-50.0,50,4340.893345
-50.0,50,4343.544445
-50.0,50,4346.18676
-50.0,50,4348.868606
-50.0,50,4351.501032
-50.0,50,4354.127951
-50.0,50,4356.80732
-50.0,50,4359.462729
-50.0,50,4362.111748
-50.0,50,4364.771094
-50.0,50,4367.426399
-50.0,50,4370.070901
-50.0,50,4372.742414
-50.0,50,4375.412324
-50.0,50,4378.036283
-50.0,50,4380.701998
-50.0,50,4383.321427
-50.0,50,4386.012156
-50.0,50,4388.657806
-50.0,50,4391.320963
-50.0,50,4393.961316
-50.0,50,4396.571034
-50.0,50,4399.230627
-50.0,50,4401.904203
-50.0,50,4404.585278
-50.0,50,4407.250136
-50.0,50,4409.895928
-50.0,50,4412.5883
-50.0,50,4415.210661
-50.0,50,4417.88965
-50.0,50,4420.544396
-50.0,50,4423.208875
-50.0,50,4425.866271
-50.0,50,4428.523138
-50.0,50,4431.156554
-50.0,50,4433.843014
-50.0,50,4436.515562
-50.0,50,4439.156624
-50.0,50,4439.551476
-50.0,50,4439.930271
-50.0,50,4440.335547
-50.0,50,4440.728715
-50.0,50,4441.143448
-50.0,50,4441.548944
-50.0,50,4441.953861
-50.0,50,4442.3505
-50.0,50,4442.743244
-50.0,50,4443.262468
-50.0,50,4445.909489
-50.0,50,4448.582715
-50.0,50,4451.276693
-50.0,50,4453.902696
-50.0,50,4456.543439
-50.0,50,4459.211985
-50.0,50,4461.859245
-50.0,50,4464.543413
-50.0,50,4467.177691
-50.0,50,4469.841153
-50.0,50,4472.507558
-50.0,50,4475.150516
-50.0,50,4477.829634
-50.0,50,4480.473187
-50.0,50,4483.138404
-50.0,50,4485.806422
-50.0,50,4488.449502
-50.0,50,4491.094141
-50.0,50,4493.777986
-50.0,50,4496.444787
-50.0,50,4499.116886
-50.0,50,4501.788024
-50.0,50,4504.428169
-50.0,50,4507.071886
-50.0,50,4509.75304
-50.0,50,4512.396868
-50.0,50,4515.047142
-50.0,50,4517.686254
-50.0,50,4520.371231
-50.0,50,4523.048985
-50.0,50,4525.723176
-50.0,50,4528.394095
-50.0,50,4531.017987
-50.0,50,4533.65038
-50.0,50,4536.345864
-50.0,50,4538.954927
-50.0,50,4541.59904
-50.0,50,4544.299599
-50.0,50,4546.959682
-50.0,50,4549.602301
-50.0,50,4552.188598
-50.0,50,4554.885251
-50.0,50,4557.497216
-50.0,50,4560.158842
-50.0,50,4562.846349
-50.0,50,4565.492263
-50.0,50,4568.176859
-50.0,50,4570.813325
-50.0,50,4573.42671
-50.0,50,4576.110652
-50.0,50,4576.487225
-50.0,50,4576.882313
-50.0,50,4577.279908
-50.0,50,4577.689648
-50.0,50,4578.076003
-50.0,50,4578.45659
-50.0,50,4578.842219
-50.0,50,4579.239945
-50.0,50,4579.63201
-50.0,50,4580.174676
-50.0,50,4582.816956
-50.0,50,4585.471119
-50.0,50,4588.129971
-50.0,50,4590.784214
-50.0,50,4593.475768
-50.0,50,4596.093496
-50.0,50,4598.776074
-50.0,50,4601.420421
-50.0,50,4604.086732
-50.0,50,4606.709085
-50.0,50,4609.419968
-50.0,50,4612.042993
-50.0,50,4614.716462
-50.0,50,4617.386449
-50.0,50,4620.036806
-50.0,50,4622.704527
-50.0,50,4625.334909
-50.0,50,4628.000826
-50.0,50,4630.642765
-50.0,50,4633.283959
-50.0,50,4635.943426
-50.0,50,4638.617807
-50.0,50,4641.28648
-50.0,50,4643.959335
-50.0,50,4646.586173
-50.0,50,4649.278266
-50.0,50,4651.949338
-50.0,50,4654.596847
-50.0,50,4657.275829
-50.0,50,4659.93292
-50.0,50,4662.579304
-50.0,50,4665.240337
-50.0,50,4667.861589
-50.0,50,4670.559486
-50.0,50,4673.224859
-50.0,50,4675.911583
-50.0,50,4678.548542
-50.0,50,4681.20271
-50.0,50,4683.901656
-50.0,50,4686.558552
-50.0,50,4689.250249
-50.0,50,4691.895152
-50.0,50,4694.578259
-50.0,50,4697.19151
-50.0,50,4699.839533
-50.0,50,4702.50771
-50.0,50,4705.130571
-50.0,50,4707.814075
-50.0,50,4710.461348
-50.0,50,4713.110065
-50.0,50,4713.511934
-50.0,50,4713.933355
-50.0,50,4714.339696
-50.0,50,4714.73971
-50.0,50,4715.155402
-50.0,50,4715.564735
-50.0,50,4715.981103
-50.0,50,4716.377418
-50.0,50,4716.757542
-50.0,50,4717.182259
-50.0,50,4719.893509
-50.0,50,4722.541536
-50.0,50,4725.224637
-50.0,50,4727.892857
-50.0,50,4730.529001
-50.0,50,4733.181021
-50.0,50,4735.866375
-50.0,50,4738.467804
-50.0,50,4741.169214
-50.0,50,4743.851272
-50.0,50,4746.507607
-50.0,50,4749.157191
-50.0,50,4751.820086
-50.0,50,4754.499368
-50.0,50,4757.161956
-50.0,50,4759.810588
-50.0,50,4762.471791
-50.0,50,4765.1062
-50.0,50,4767.761904
-50.0,50,4770.433611
-50.0,50,4773.093944
-50.0,50,4775.739366
-50.0,50,4778.409579
-50.0,50,4781.101179
-50.0,50,4783.807902
-50.0,50,4786.474346
-50.0,50,4789.110273
-50.0,50,4791.804336
-50.0,50,4794.452093
-50.0,50,4797.115527
-50.0,50,4799.751549
-50.0,50,4802.407933
-50.0,50,4805.075644
-50.0,50,4807.762618
-50.0,50,4810.465107
-50.0,50,4813.154238
-50.0,50,4815.79107
-50.0,50,4818.470639
-50.0,50,4821.107009
-50.0,50,4823.781884
-50.0,50,4826.420436
-50.0,50,4829.114732
-50.0,50,4831.760366
-50.0,50,4834.465122
-50.0,50,4837.150363
-50.0,50,4839.796669
-50.0,50,4842.48004
-50.0,50,4845.15666
-50.0,50,4847.86088
-50.0,50,4850.484936
-50.0,50,4850.862577
-50.0,50,4851.289328
-50.0,50,4851.678445
-50.0,50,4852.073706
-50.0,50,4852.455968
-50.0,50,4852.861391
-50.0,50,4853.265996
-50.0,50,4853.663836
-50.0,50,4854.079295
-50.0,50,4854.560698
-50.0,50,4857.230013
-50.0,50,4859.899222
-50.0,50,4862.574003
-50.0,50,4865.218769
-50.0,50,4867.886676
-50.0,50,4870.584118
-50.0,50,4873.255076
-50.0,50,4875.92194
-50.0,50,4878.538922
-50.0,50,4881.206284
-50.0,50,4883.908048
-50.0,50,4886.582164
-50.0,50,4889.228341
-50.0,50,4891.885104
-50.0,50,4894.58276
-50.0,50,4897.280192
-50.0,50,4899.965035
-50.0,50,4902.629481
-50.0,50,4905.254779
-50.0,50,4907.987402
-50.0,50,4910.676568
-50.0,50,4913.311627
-50.0,50,4915.962395
-50.0,50,4918.630841
-50.0,50,4921.303814
-50.0,50,4923.957947
-50.0,50,4926.642264
-50.0,50,4929.29762
-50.0,50,4931.996602
-50.0,50,4934.710772
-50.0,50,4937.38152
-50.0,50,4940.072374
-50.0,50,4942.727113
-50.0,50,4945.428149
-50.0,50,4948.085742
-50.0,50,4950.803908
-50.0,50,4953.481665
-50.0,50,4956.16519
-50.0,50,4958.792471
-50.0,50,4961.502184
-50.0,50,4964.148618
-50.0,50,4966.847914
-50.0,50,4969.497106
-50.0,50,4972.203829
-50.0,50,4974.832155
-50.0,50,4977.495502
-50.0,50,4980.156275
-50.0,50,4982.790936
-50.0,50,4985.448097
-50.0,50,4988.130199
-50.0,50,4988.544084
-50.0,50,4988.938079
-50.0,50,4989.329249
-50.0,50,4989.718855
-50.0,50,4990.121793
-50.0,50,4990.540522
-50.0,50,4990.939126
-50.0,50,4991.331855
-50.0,50,4991.741553
-50.0,50,4992.172904
-50.0,50,4994.879093
-50.0,50,4997.567257
-50.0,50,5000.216609
-50.0,50,5002.929102
-50.0,50,5005.584958
-50.0,50,5008.29096
-50.0,50,5011.015465
-50.0,50,5013.68074
-50.0,50,5016.431674
-50.0,50,5019.141181
-50.0,50,5021.811848
-50.0,50,5024.494999
-50.0,50,5027.12633
-50.0,50,5029.797152
-50.0,50,5032.481523
-50.0,50,5035.148384
-50.0,50,5037.850164
-50.0,50,5040.469997
-50.0,50,5043.156609
-50.0,50,5045.90255
-50.0,50,5048.563349
-50.0,50,5051.177196
-50.0,50,5053.917587
-50.0,50,5056.587851
-50.0,50,5059.233019
-50.0,50,5061.945622
-50.0,50,5064.642668
-50.0,50,5067.330339
-50.0,50,5070.020959
-50.0,50,5072.680044
-50.0,50,5075.35726
-50.0,50,5078.032357
-50.0,50,5080.707693
-50.0,50,5083.38579
-50.0,50,5086.093898
-50.0,50,5088.783428
-50.0,50,5091.417718
-50.0,50,5094.166022
-50.0,50,5096.823349
-50.0,50,5099.521871
-50.0,50,5102.18215
-50.0,50,5104.893376
-50.0,50,5107.564271
-50.0,50,5110.278414
-50.0,50,5112.948087
-50.0,50,5115.609023
-50.0,50,5118.301557
-50.0,50,5121.007589
-50.0,50,5123.737563
-50.0,50,5126.427527
-50.0,50,5126.82115
-50.0,50,5127.214479
-50.0,50,5127.604805
-50.0,50,5128.015213
-50.0,50,5128.410117
-50.0,50,5128.795703
-50.0,50,5129.229134
-50.0,50,5129.626366
-50.0,50,5130.014357
-50.0,50,5130.481519
-50.0,50,5133.162395
-50.0,50,5135.806546
-50.0,50,5138.504481
-50.0,50,5141.190388
-50.0,50,5143.928572
-50.0,50,5146.584126
-50.0,50,5149.270959
-50.0,50,5151.959536
-50.0,50,5154.703498
-50.0,50,5157.375763
-50.0,50,5160.06066
-50.0,50,5162.729062
-50.0,50,5165.372655
-50.0,50,5168.107465
-50.0,50,5170.775537
-50.0,50,5173.485132
-50.0,50,5176.161979
-50.0,50,5178.890758
-50.0,50,5181.576385
-50.0,50,5184.249726
-50.0,50,5186.956843
-50.0,50,5189.644948
-50.0,50,5192.364027
-50.0,50,5195.057908
-50.0,50,5197.711368
-50.0,50,5200.407958
-50.0,50,5203.08954
-50.0,50,5205.82209
-50.0,50,5208.539927
-50.0,50,5211.228587
-50.0,50,5213.918635
-50.0,50,5216.630276
-50.0,50,5219.293885
-50.0,50,5222.051841
-50.0,50,5224.773468
-50.0,50,5227.466536
-50.0,50,5230.174471
-50.0,50,5232.901207
-50.0,50,5235.652524
-50.0,50,5238.360388
-50.0,50,5241.084696
-50.0,50,5243.811433
-50.0,50,5246.508295
-50.0,50,5249.231049
-50.0,50,5251.960257
-50.0,50,5254.708368
-50.0,50,5257.476935
-50.0,50,5260.12113
-50.0,50,5262.880931
-50.0,50,5265.581829
-50.0,50,5265.981662
-50.0,50,5266.364798
-50.0,50,5266.76323
-50.0,50,5267.156777
-50.0,50,5267.581773
-50.0,50,5267.998789
-50.0,50,5268.399777
-50.0,50,5268.821766
-50.0,50,5269.22953
-50.0,50,5269.739745
-50.0,50,5272.454357
-50.0,50,5275.142608
-50.0,50,5277.891384
-50.0,50,5280.600229
-50.0,50,5283.318964
-50.0,50,5286.03249
-50.0,50,5288.760599
-50.0,50,5291.47245
-50.0,50,5294.260552
-50.0,50,5296.965126
-50.0,50,5299.661182
-50.0,50,5302.344825
-50.0,50,5305.082511
-50.0,50,5307.785223
-50.0,50,5310.485681
-50.0,50,5313.212049
-50.0,50,5315.910417
-50.0,50,5318.701758
-50.0,50,5321.409119
-50.0,50,5324.08078
-50.0,50,5326.85895
-50.0,50,5329.609919
-50.0,50,5332.315024
-50.0,50,5335.004926
-50.0,50,5337.723188
-50.0,50,5340.462468
-50.0,50,5343.191657
-50.0,50,5345.925453
-50.0,50,5348.610665
-50.0,50,5351.336485
-50.0,50,5354.089969
-50.0,50,5356.848548
-50.0,50,5359.571833
-50.0,50,5362.29431
-50.0,50,5365.081075
-50.0,50,5367.824983
-50.0,50,5370.499806
-50.0,50,5373.24422
-50.0,50,5376.004111
-50.0,50,5378.730804
-50.0,50,5381.501728
-50.0,50,5384.210273
-50.0,50,5386.900581
-50.0,50,5389.611731
-50.0,50,5392.338384
-50.0,50,5395.026465
-50.0,50,5397.780211
-50.0,50,5400.464449
-50.0,50,5403.25133
-50.0,50,5406.02671
-50.0,50,5406.447765
-50.0,50,5406.915441
-50.0,50,5407.310425
-50.0,50,5407.714327
-50.0,50,5408.147591
-50.0,50,5408.523436
-50.0,50,5408.93391
-50.0,50,5409.324025
-50.0,50,5409.711846
-50.0,50,5410.112817
-50.0,50,5412.855736
-50.0,50,5415.602324
-50.0,50,5418.362766
-50.0,50,5421.054506
-50.0,50,5423.781446
-50.0,50,5426.492588
-50.0,50,5429.218652
-50.0,50,5431.978493
-50.0,50,5434.678338
-50.0,50,5437.403675
-50.0,50,5440.166708
-50.0,50,5442.900981
-50.0,50,5445.650778
-50.0,50,5448.355512
-50.0,50,5451.144879
-50.0,50,5453.845931
-50.0,50,5456.619645
-50.0,50,5459.303936
-50.0,50,5462.071628
-50.0,50,5464.823827
-50.0,50,5467.543831
-50.0,50,5470.26844
-50.0,50,5473.034915
-50.0,50,5475.784135
-50.0,50,5478.491973
-50.0,50,5481.214275
-50.0,50,5483.93632
-50.0,50,5486.613627
-50.0,50,5489.394741
-50.0,50,5492.100155
-50.0,50,5494.844749
-50.0,50,5497.613491
-50.0,50,5500.326615
-50.0,50,5503.049133
-50.0,50,5505.808622
-50.0,50,5508.574706
-50.0,50,5511.262037
-50.0,50,5514.032161
-50.0,50,5516.785204
-50.0,50,5519.568876
-50.0,50,5522.299951
-50.0,50,5524.985821
-50.0,50,5527.73682
-50.0,50,5530.421761
-50.0,50,5533.19889
-50.0,50,5535.946017
-50.0,50,5538.734459
-50.0,50,5541.437837
-50.0,50,5544.148553
-50.0,50,5546.92346
-50.0,50,5547.306781
-50.0,50,5547.724608
-50.0,50,5548.147524
-50.0,50,5548.573252
-50.0,50,5548.979433
-50.0,50,5549.428352
-50.0,50,5549.85539
-50.0,50,5550.24204
-50.0,50,5550.646416
-50.0,50,5551.243528
-50.0,50,5554.00265
-50.0,50,5556.7595
-50.0,50,5559.513932
-50.0,50,5562.267004
-50.0,50,5564.994888
-50.0,50,5567.747496
-50.0,50,5570.457685
-50.0,50,5573.20125
-50.0,50,5575.938873
-50.0,50,5578.684108
-50.0,50,5581.409879
-50.0,50,5584.111922
-50.0,50,5586.880027
-50.0,50,5589.654494
-50.0,50,5592.409689
-50.0,50,5595.183828
-50.0,50,5597.893026
-50.0,50,5600.601847
-50.0,50,5603.363675
-50.0,50,5606.140171
-50.0,50,5608.879695
-50.0,50,5611.602971
-50.0,50,5614.357439
-50.0,50,5617.093178
-50.0,50,5619.80026
-50.0,50,5622.555581
-50.0,50,5625.362853
-50.0,50,5628.070064
-50.0,50,5630.793086
-50.0,50,5633.492567
-50.0,50,5636.224596
-50.0,50,5638.934295
-50.0,50,5641.697857
-50.0,50,5644.464047
-50.0,50,5647.210398
-50.0,50,5649.968794
-50.0,50,5652.668132
-50.0,50,5655.436793
-50.0,50,5658.178782
-50.0,50,5660.898173
-50.0,50,5663.676139
-50.0,50,5666.41996
-50.0,50,5669.133809
-50.0,50,5671.862969
-50.0,50,5674.649637
-50.0,50,5677.348426
-50.0,50,5680.111191
-50.0,50,5682.829111
-50.0,50,5685.625889
-50.0,50,5688.337473
-50.0,50,5688.737517
-50.0,50,5689.118756
-50.0,50,5689.525818
-50.0,50,5689.966236
-50.0,50,5690.406044
-50.0,50,5690.802786
-50.0,50,5691.245299
-50.0,50,5691.676544
-50.0,50,5692.052461
-50.0,50,5692.480992
-50.0,50,5695.21515
-50.0,50,5698.008527
-50.0,50,5700.723627
-50.0,50,5703.449868
-50.0,50,5706.104481
-50.0,50,5708.878388
-50.0,50,5711.586844
-50.0,50,5714.344223
-50.0,50,5717.102778
-50.0,50,5719.915681
-50.0,50,5722.642428
-50.0,50,5725.394457
-50.0,50,5728.172009
-50.0,50,5730.9075
-50.0,50,5733.663955
-50.0,50,5736.423203
-50.0,50,5739.089378
-50.0,50,5741.831953
-50.0,50,5744.5525
-50.0,50,5747.304627
-50.0,50,5750.037531
-50.0,50,5752.750476
-50.0,50,5755.543189
-50.0,50,5758.292383
-50.0,50,5761.005045
-50.0,50,5763.713595
-50.0,50,5766.500612
-50.0,50,5769.242956
-50.0,50,5771.912051
-50.0,50,5774.656413
-50.0,50,5777.409605
-50.0,50,5780.144031
-50.0,50,5782.892871
-50.0,50,5785.625798
-50.0,50,5788.320497
-50.0,50,5791.147384
-50.0,50,5793.847147
-50.0,50,5796.602814
-50.0,50,5799.371523
-50.0,50,5802.060091
-50.0,50,5804.836118
-50.0,50,5807.589399
-50.0,50,5810.332574
-50.0,50,5813.103225
-50.0,50,5815.863305
-50.0,50,5818.571552
-50.0,50,5821.338562
-50.0,50,5824.114785
-50.0,50,5826.811446
-50.0,50,5829.569554
-50.0,50,5829.993984
-50.0,50,5830.406638
-50.0,50,5830.782585
-50.0,50,5831.213618
-50.0,50,5831.62795
-50.0,50,5832.036898
-50.0,50,5832.437064
-50.0,50,5832.84824
-50.0,50,5833.25303
-50.0,50,5833.731609
-50.0,50,5836.519538
-50.0,50,5839.283897
-50.0,50,5841.997203
-50.0,50,5844.731941
-50.0,50,5847.495953
-50.0,50,5850.263962
-50.0,50,5852.9901
-50.0,50,5855.722013
-50.0,50,5858.510659
-50.0,50,5861.247696
-50.0,50,5863.989637
-50.0,50,5866.762894
-50.0,50,5869.512696
-50.0,50,5872.231222
-50.0,50,5874.998722
-50.0,50,5877.723938
-50.0,50,5880.506591
-50.0,50,5883.292492
-50.0,50,5886.002316
-50.0,50,5888.722489
-50.0,50,5891.481611
-50.0,50,5894.276885
-50.0,50,5897.000431
-50.0,50,5899.705871
-50.0,50,5902.457716
-50.0,50,5905.170747
-50.0,50,5907.929688
-50.0,50,5910.620832
-50.0,50,5913.359122
-50.0,50,5916.078964
-50.0,50,5918.848698
-50.0,50,5921.620788
-50.0,50,5924.338084
-50.0,50,5927.090378
-50.0,50,5929.78669
-50.0,50,5932.544899
-50.0,50,5935.323893
-50.0,50,5938.051502
-50.0,50,5940.790378
-50.0,50,5943.497408
-50.0,50,5946.218884
-50.0,50,5948.982438
-50.0,50,5951.706157
-50.0,50,5954.448377
-50.0,50,5957.216869
-50.0,50,5959.971005
-50.0,50,5962.671885
-50.0,50,5965.47149
-50.0,50,5968.227677
-50.0,50,5971.015626
-50.0,50,5971.43136
-50.0,50,5971.835013
-50.0,50,5972.239921
-50.0,50,5972.685062
-50.0,50,5973.081278
-50.0,50,5973.500241
-50.0,50,5973.917284
-50.0,50,5974.30213
-50.0,50,5974.678489
-50.0,50,5975.170791
-50.0,50,5977.958194
-50.0,50,5980.720356
-50.0,50,5983.459404
-50.0,50,5986.261123
-50.0,50,5988.997121
-50.0,50,5991.71199
-50.0,50,5994.479445
-50.0,50,5997.226986
-50.0,50,6000.01794
-50.0,50,6002.773436
-50.0,50,6005.492816
-50.0,50,6008.260199
-50.0,50,6010.987233
-50.0,50,6013.7552
-50.0,50,6016.47807
-50.0,50,6019.224635
-50.0,50,6021.991126
-50.0,50,6024.689365
-50.0,50,6027.435295
-50.0,50,6030.176835
-50.0,50,6032.933726
-50.0,50,6035.683123
-50.0,50,6038.45682
-50.0,50,6041.160494
-50.0,50,6043.904957
-50.0,50,6046.662049
-50.0,50,6049.427989
-50.0,50,6052.19059
-50.0,50,6054.922536
-50.0,50,6057.697767
-50.0,50,6060.450377
-50.0,50,6063.171846
-50.0,50,6065.920962
-50.0,50,6068.67538
-50.0,50,6071.392183
-50.0,50,6074.158627
-50.0,50,6076.885888
-50.0,50,6079.667738
-50.0,50,6082.381297
-50.0,50,6085.100242
-50.0,50,6087.838669
-50.0,50,6090.590995
-50.0,50,6093.374316
-50.0,50,6096.105225
-50.0,50,6098.834299
-50.0,50,6101.632351
-50.0,50,6104.404959
-50.0,50,6107.148347
-50.0,50,6109.885294
-50.0,50,6112.682371
-50.0,50,6113.080076
-50.0,50,6113.490499
-50.0,50,6113.903402
-50.0,50,6114.312547
-50.0,50,6114.733393
-50.0,50,6115.121426
-50.0,50,6115.543529
-50.0,50,6115.932203
-50.0,50,6116.342043
-50.0,50,6116.854703
-50.0,50,6119.598974
-50.0,50,6122.342679
-50.0,50,6125.106069
-50.0,50,6127.93116
-50.0,50,6130.67198
-50.0,50,6133.434301
-50.0,50,6136.179004
-50.0,50,6138.981361
-50.0,50,6141.718307
-50.0,50,6144.439605
-50.0,50,6147.2555
-50.0,50,6149.999446
-50.0,50,6152.727994
-50.0,50,6155.496453
-50.0,50,6158.304578
-50.0,50,6161.029623
-50.0,50,6163.761467
-50.0,50,6166.540311
-50.0,50,6169.311335
-50.0,50,6172.067549
-50.0,50,6174.793735
-50.0,50,6177.567016
-50.0,50,6180.359473
-50.0,50,6183.140584
-50.0,50,6185.8844
-50.0,50,6188.614363
-50.0,50,6191.359814
-50.0,50,6194.163307
-50.0,50,6196.878725
-50.0,50,6199.699159
-50.0,50,6202.444828
-50.0,50,6205.195536
-50.0,50,6207.948192
-50.0,50,6210.647065
-50.0,50,6213.386334
-50.0,50,6216.161078
-50.0,50,6218.905518
-50.0,50,6221.690405
-50.0,50,6224.408718
-50.0,50,6227.151413
-50.0,50,6229.863639
-50.0,50,6232.653928
-50.0,50,6235.393837
-50.0,50,6238.152788
-50.0,50,6240.92622
-50.0,50,6243.638355
-50.0,50,6246.432653
-50.0,50,6249.17648
-50.0,50,6251.956008
-50.0,50,6254.732287
-50.0,50,6255.131064
-50.0,50,6255.524818
-50.0,50,6255.92812
-50.0,50,6256.318719
-50.0,50,6256.717668
-50.0,50,6257.09679
-50.0,50,6257.490215
-50.0,50,6257.907091
-50.0,50,6258.317919
-50.0,50,6258.868529
-50.0,50,6261.664268
-50.0,50,6264.393863
-50.0,50,6267.121213
-50.0,50,6269.916361
-50.0,50,6272.634772
-50.0,50,6275.419631
-50.0,50,6278.165554
-50.0,50,6280.93157
-50.0,50,6283.652962
-50.0,50,6286.372236
-50.0,50,6289.182148
-50.0,50,6291.943095
-50.0,50,6294.702735
-50.0,50,6297.483763
-50.0,50,6300.223184
-50.0,50,6302.95194
-50.0,50,6305.754308
-50.0,50,6308.513883
-50.0,50,6311.272649
-50.0,50,6314.062129
-50.0,50,6316.836419
-50.0,50,6319.619012
-50.0,50,6322.378902
-50.0,50,6325.10895
-50.0,50,6327.872473
-50.0,50,6330.669578
-50.0,50,6333.400601
-50.0,50,6336.209568
-50.0,50,6338.960076
-50.0,50,6341.723451
-50.0,50,6344.441792
-50.0,50,6347.27012
-50.0,50,6350.014932
-50.0,50,6352.807793
-50.0,50,6355.57274
-50.0,50,6358.286356
-50.0,50,6361.090222
-50.0,50,6363.877611
-50.0,50,6366.666835
-50.0,50,6369.42525
-50.0,50,6372.201615
-50.0,50,6374.973706
-50.0,50,6377.699325
-50.0,50,6380.487394
-50.0,50,6383.228792
-50.0,50,6385.969184
-50.0,50,6388.751899
-50.0,50,6391.513094
-50.0,50,6394.307553
-50.0,50,6397.077166
-50.0,50,6397.483829
-50.0,50,6397.866301
-50.0,50,6398.271477
-50.0,50,6398.67512
-50.0,50,6399.111301
-50.0,50,6399.531511
-50.0,50,6399.96877
-50.0,50,6400.384031
-50.0,50,6400.749487
-50.0,50,6401.221396
-50.0,50,6403.96912
-50.0,50,6406.709305
-50.0,50,6409.501816
-50.0,50,6412.267352
-50.0,50,6415.042574
-50.0,50,6417.80988
-50.0,50,6420.589114
-50.0,50,6423.326445
-50.0,50,6426.095482
-50.0,50,6428.828749
-50.0,50,6431.602326
-50.0,50,6434.301345
-50.0,50,6437.06602
-50.0,50,6439.838189
-50.0,50,6442.602242
-50.0,50,6445.319574
-50.0,50,6448.086667
-50.0,50,6450.862054
-50.0,50,6453.579236
-50.0,50,6456.308513
-50.0,50,6459.070652
-50.0,50,6461.808862
-50.0,50,6464.560939
-50.0,50,6467.348552
-50.0,50,6470.127717
-50.0,50,6472.928876
-50.0,50,6475.70575
-50.0,50,6478.468945
-50.0,50,6481.234817
-50.0,50,6483.998116
-50.0,50,6486.774985
-50.0,50,6489.525061
-50.0,50,6492.304482
-50.0,50,6495.031126
-50.0,50,6497.777563
-50.0,50,6500.554685
-50.0,50,6503.337355
-50.0,50,6506.084453
-50.0,50,6508.80965
-50.0,50,6511.549481
-50.0,50,6514.300746
-50.0,50,6517.036969
-50.0,50,6519.799948
-50.0,50,6522.537286
-50.0,50,6525.30286
-50.0,50,6528.024416
-50.0,50,6530.796656
-50.0,50,6533.547175
-50.0,50,6536.289628
-50.0,50,6539.091475
-50.0,50,6539.491978
-50.0,50,6539.878731
-50.0,50,6540.26484
-50.0,50,6540.671702
-50.0,50,6541.055521
-50.0,50,6541.477003
-50.0,50,6541.889934
-50.0,50,6542.301586
-50.0,50,6542.691324
-50.0,50,6543.133915
-50.0,50,6545.974829
-50.0,50,6548.691962
-50.0,50,6551.473097
-50.0,50,6554.177313
-50.0,50,6557.023238
-50.0,50,6559.841807
-50.0,50,6562.600383
-50.0,50,6565.34798
-50.0,50,6568.117367
-50.0,50,6570.889492
-50.0,50,6573.712273
-50.0,50,6576.449266
-50.0,50,6579.232771
-50.0,50,6581.966986
-50.0,50,6584.728922
-50.0,50,6587.4984
-50.0,50,6590.220807
-50.0,50,6593.000578
-50.0,50,6595.799346
-50.0,50,6598.507923
-50.0,50,6601.323253
-50.0,50,6604.051769
-50.0,50,6606.804994
-50.0,50,6609.585631
-50.0,50,6612.334165
-50.0,50,6615.151393
-50.0,50,6617.917125
-50.0,50,6620.687354
-50.0,50,6623.451264
-50.0,50,6626.226866
-50.0,50,6629.042258
-50.0,50,6631.799774
-50.0,50,6634.595254
-50.0,50,6637.342389
-50.0,50,6640.147722
-50.0,50,6642.895148
-50.0,50,6645.652385
-50.0,50,6648.439709
-50.0,50,6651.16115
-50.0,50,6653.956091
-50.0,50,6656.707324
-50.0,50,6659.464302
-50.0,50,6662.249466
-50.0,50,6664.965111
-50.0,50,6667.761689
-50.0,50,6670.473133
-50.0,50,6673.23657
-50.0,50,6676.02011
-50.0,50,6678.781069
-50.0,50,6681.53992
-50.0,50,6681.942332
-50.0,50,6682.365174
-50.0,50,6682.792601
-50.0,50,6683.188102
-50.0,50,6683.591622
-50.0,50,6684.015542
-50.0,50,6684.435128
-50.0,50,6684.869203
-50.0,50,6685.263456
-50.0,50,6685.670283
-50.0,50,6688.44219
-50.0,50,6691.230913
-50.0,50,6693.913661
-50.0,50,6696.67151
-50.0,50,6699.450032
-50.0,50,6702.189837
-50.0,50,6704.991066
-50.0,50,6707.708376
-50.0,50,6710.497895
-50.0,50,6713.263448
-50.0,50,6716.11364
-50.0,50,6718.834406
-50.0,50,6721.596159
-50.0,50,6724.35199
-50.0,50,6727.152918
-50.0,50,6729.891514
-50.0,50,6732.696887
-50.0,50,6735.418722
-50.0,50,6738.178793
-50.0,50,6740.993993
-50.0,50,6743.744496
-50.0,50,6746.528593
-50.0,50,6749.29407
-50.0,50,6752.058303
-50.0,50,6754.79816
-50.0,50,6757.532718
-50.0,50,6760.328083
-50.0,50,6763.104884
-50.0,50,6765.854524
-50.0,50,6768.662009
-50.0,50,6771.414927
-50.0,50,6774.188153
-50.0,50,6776.968937
-50.0,50,6779.724089
-50.0,50,6782.507574
-50.0,50,6785.272136
-50.0,50,6788.032389
-50.0,50,6790.802842
-50.0,50,6793.519433
-50.0,50,6796.289297
-50.0,50,6799.030269
-50.0,50,6801.775552
-50.0,50,6804.583099
-50.0,50,6807.346897
-50.0,50,6810.093557
-50.0,50,6812.843585
-50.0,50,6815.619155
-50.0,50,6818.372846
-50.0,50,6821.118249
-50.0,50,6823.860186
-50.0,50,6824.251816
-50.0,50,6824.642884
-50.0,50,6825.015465
-50.0,50,6825.422004
-50.0,50,6825.81853
-50.0,50,6826.233323
-50.0,50,6826.624875
-50.0,50,6827.038465
-50.0,50,6827.43947
-50.0,50,6827.931776
-50.0,50,6830.703924
-50.0,50,6833.490919
-50.0,50,6836.238369
-50.0,50,6839.025289
-50.0,50,6841.739842
-50.0,50,6844.506178
-50.0,50,6847.241488
-50.0,50,6850.034654
-50.0,50,6852.775414
-50.0,50,6855.52037
-50.0,50,6858.296546
-50.0,50,6861.079148
-50.0,50,6863.794207
-50.0,50,6866.589449
-50.0,50,6869.37443
-50.0,50,6872.131257
-50.0,50,6874.917125
-50.0,50,6877.656229
-50.0,50,6880.394731
-50.0,50,6883.123827
-50.0,50,6885.932597
-50.0,50,6888.669992
-50.0,50,6891.436007
-50.0,50,6894.205111
-50.0,50,6896.967776
-50.0,50,6899.707257
-50.0,50,6902.478977
-50.0,50,6905.268292
-50.0,50,6908.001184
-50.0,50,6910.762193
-50.0,50,6913.538404
-50.0,50,6916.324161
-50.0,50,6919.076319
-50.0,50,6921.821346
-50.0,50,6924.585274
-50.0,50,6927.333287
-50.0,50,6930.119924
-50.0,50,6932.866608
-50.0,50,6935.634258
-50.0,50,6938.420995
-50.0,50,6941.186768
-50.0,50,6943.982138
-50.0,50,6946.726689
-50.0,50,6949.494398
-50.0,50,6952.239919
-50.0,50,6954.987761
-50.0,50,6957.771668
-50.0,50,6960.524213
-50.0,50,6963.343966
-50.0,50,6966.067539
-50.0,50,6966.472467
-50.0,50,6966.886241
-50.0,50,6967.293309
-50.0,50,6967.70718
-50.0,50,6968.106695
-50.0,50,6968.529365
-50.0,50,6968.927798
-50.0,50,6969.303956
-50.0,50,6969.741119
