# {"t_start": 1580822452.4434462, "env_id": "FetchPickAndPlaceball-v1"} 
r,l,t
-50.0,50,4.708643
-50.0,50,7.471433
-50.0,50,9.981021
-50.0,50,12.510862
-50.0,50,14.999163
-50.0,50,17.514091
-50.0,50,20.018415
-50.0,50,22.577971
-50.0,50,25.087426
-50.0,50,27.58233
-50.0,50,30.090775
-50.0,50,32.663776
-50.0,50,35.180968
-50.0,50,37.737969
-50.0,50,40.22387
-50.0,50,42.758228
-50.0,50,45.292763
-50.0,50,47.848725
-50.0,50,50.38709
-50.0,50,52.94461
-50.0,50,55.50726
-50.0,50,58.041907
-50.0,50,60.584455
-50.0,50,63.110248
-50.0,50,65.635186
-50.0,50,68.171079
-50.0,50,70.698939
-50.0,50,73.225102
-50.0,50,75.738136
-50.0,50,78.287983
-50.0,50,80.799936
-50.0,50,83.330127
-50.0,50,85.893744
-50.0,50,88.434291
-50.0,50,90.932745
-50.0,50,93.468879
-50.0,50,95.971497
0.0,50,98.501539
-50.0,50,101.060061
-50.0,50,103.584976
-50.0,50,106.161568
-50.0,50,108.684318
-50.0,50,111.255264
-50.0,50,113.794977
-50.0,50,116.336871
-50.0,50,118.82627
-50.0,50,121.363245
-50.0,50,123.895184
-50.0,50,126.456899
-50.0,50,128.986376
-50.0,50,131.528996
-50.0,50,131.911478
-50.0,50,132.308666
-50.0,50,132.67748
-50.0,50,133.040274
-50.0,50,133.429605
-50.0,50,133.818391
-50.0,50,134.193322
-50.0,50,134.555448
-50.0,50,134.924408
-50.0,50,135.517797
0.0,50,138.035288
-50.0,50,140.595135
-50.0,50,143.137134
-50.0,50,145.675638
-50.0,50,148.171312
-50.0,50,150.749631
-50.0,50,153.254128
-50.0,50,155.778912
-50.0,50,158.379952
-50.0,50,160.92876
-50.0,50,163.45729
-50.0,50,165.98448
-50.0,50,168.554565
-50.0,50,171.09182
-50.0,50,173.604783
-50.0,50,176.151181
-50.0,50,178.704323
-50.0,50,181.263955
-50.0,50,183.812766
-50.0,50,186.386343
-50.0,50,188.915023
-50.0,50,191.482746
-50.0,50,193.988629
-50.0,50,196.53437
-50.0,50,199.101292
-50.0,50,201.648794
-50.0,50,204.150919
-50.0,50,206.716582
-50.0,50,209.233682
-50.0,50,211.763454
-50.0,50,214.335475
-50.0,50,216.890373
-50.0,50,219.440635
-50.0,50,221.980769
-50.0,50,224.501974
-50.0,50,227.098227
-50.0,50,229.634073
-50.0,50,232.136615
-50.0,50,234.682501
-50.0,50,237.222803
-50.0,50,239.791127
-50.0,50,242.312214
-50.0,50,244.858483
-50.0,50,247.381565
-50.0,50,249.954239
-50.0,50,252.545265
-50.0,50,255.06382
-50.0,50,257.59892
-50.0,50,260.130174
-50.0,50,262.663263
-50.0,50,263.053555
-50.0,50,263.463555
-50.0,50,263.88873
-50.0,50,264.264497
-50.0,50,264.684735
-50.0,50,265.060198
-50.0,50,265.461695
-50.0,50,265.843939
-50.0,50,266.209945
-50.0,50,266.69556
-50.0,50,269.291108
-50.0,50,271.807531
-50.0,50,274.385615
0.0,50,276.949251
-50.0,50,279.467288
-50.0,50,282.023339
-50.0,50,284.551308
-50.0,50,287.096535
-50.0,50,289.682955
-50.0,50,292.202389
-50.0,50,294.747548
-50.0,50,297.315443
-50.0,50,299.872967
-50.0,50,302.419159
-50.0,50,304.943816
-50.0,50,307.504853
-50.0,50,310.049521
-50.0,50,312.587527
-50.0,50,315.122211
-50.0,50,317.668829
-50.0,50,320.204655
-50.0,50,322.738427
-50.0,50,325.293511
-50.0,50,327.835612
-50.0,50,330.390704
-50.0,50,332.911023
-50.0,50,335.487731
-50.0,50,338.037788
-50.0,50,340.57001
-50.0,50,343.131756
-50.0,50,345.684278
-50.0,50,348.217024
-50.0,50,350.779661
-50.0,50,353.330227
-50.0,50,355.929668
-50.0,50,358.483657
-50.0,50,360.989698
-50.0,50,363.620145
-50.0,50,366.13055
-50.0,50,368.689361
-50.0,50,371.272804
-50.0,50,373.833549
-50.0,50,376.350906
-50.0,50,378.931696
-50.0,50,381.503151
-50.0,50,384.057899
-50.0,50,386.632342
-50.0,50,389.183061
-50.0,50,391.71809
-50.0,50,394.296842
-50.0,50,394.690504
-50.0,50,395.07027
-50.0,50,395.470956
-50.0,50,395.863845
-50.0,50,396.238596
-50.0,50,396.630995
-50.0,50,397.03906
-50.0,50,397.412563
-50.0,50,397.79914
-50.0,50,398.238593
-50.0,50,400.782838
-50.0,50,403.343349
-50.0,50,405.902992
-50.0,50,408.459815
-50.0,50,411.01112
-50.0,50,413.589518
-50.0,50,416.123465
-50.0,50,418.673021
-50.0,50,421.247553
-50.0,50,423.787867
-50.0,50,426.321964
-50.0,50,428.866143
-50.0,50,431.464086
-50.0,50,433.974212
-50.0,50,436.499182
-50.0,50,439.095028
-50.0,50,441.653664
-50.0,50,444.2056
-50.0,50,446.752481
-50.0,50,449.282676
-50.0,50,451.855113
-50.0,50,454.382252
-50.0,50,456.970212
-50.0,50,459.516836
-50.0,50,462.088072
-50.0,50,464.644949
-50.0,50,467.179404
-50.0,50,469.751029
-50.0,50,472.32809
-50.0,50,474.862454
-50.0,50,477.401495
-50.0,50,479.961018
-50.0,50,482.533918
-50.0,50,485.068292
-50.0,50,487.60403
-50.0,50,490.212766
-50.0,50,492.769249
-50.0,50,495.296262
-50.0,50,497.883281
-50.0,50,500.398208
-50.0,50,502.94196
0.0,50,505.481564
-50.0,50,508.016716
-50.0,50,510.573113
-50.0,50,513.118273
-50.0,50,515.631519
-50.0,50,518.183105
-50.0,50,520.703656
-50.0,50,523.259125
-50.0,50,525.768969
-50.0,50,526.159188
0.0,50,526.563578
-50.0,50,526.948496
-50.0,50,527.311177
-50.0,50,527.690909
-50.0,50,528.085947
-50.0,50,528.505882
-50.0,50,528.91193
-50.0,50,529.278392
-50.0,50,529.807313
-50.0,50,532.338021
-50.0,50,534.933807
-50.0,50,537.499876
-50.0,50,540.020459
-50.0,50,542.56465
-50.0,50,545.12409
-50.0,50,547.640934
-50.0,50,550.234172
-50.0,50,552.78038
-50.0,50,555.329206
-50.0,50,557.842029
0.0,50,560.349563
-50.0,50,562.904432
-50.0,50,565.489488
-50.0,50,568.026703
0.0,50,570.575309
-50.0,50,573.10371
-50.0,50,575.672761
-50.0,50,578.193008
-50.0,50,580.748626
-50.0,50,583.321886
-50.0,50,585.845266
-50.0,50,588.418814
-50.0,50,590.982879
-50.0,50,593.487664
-50.0,50,595.997724
-50.0,50,598.580541
-50.0,50,601.131288
-50.0,50,603.719438
-50.0,50,606.229097
-50.0,50,608.794148
-50.0,50,611.338553
-50.0,50,613.935362
-50.0,50,616.477833
-50.0,50,619.026859
-50.0,50,621.532401
-50.0,50,624.126583
-50.0,50,626.673545
-50.0,50,629.203741
-50.0,50,631.720782
-50.0,50,634.273423
-50.0,50,636.752288
-50.0,50,639.336934
-50.0,50,641.92975
-50.0,50,644.478014
-50.0,50,647.041243
-50.0,50,649.553842
-50.0,50,652.055765
-50.0,50,654.623545
0.0,50,657.196436
-50.0,50,657.586177
-50.0,50,657.990182
-50.0,50,658.364042
-50.0,50,658.783121
-50.0,50,659.155666
-50.0,50,659.502977
-50.0,50,659.909781
-50.0,50,660.300586
-50.0,50,660.703531
-50.0,50,661.233033
-50.0,50,663.744547
-50.0,50,666.321838
-50.0,50,668.864904
-50.0,50,671.441452
-50.0,50,673.968126
-50.0,50,676.523882
-49.0,50,679.077962
-50.0,50,681.613022
-50.0,50,684.191377
-50.0,50,686.717997
0.0,50,689.260962
-50.0,50,691.816216
-50.0,50,694.410953
-50.0,50,696.929263
-50.0,50,699.498835
-50.0,50,702.106155
-50.0,50,704.741704
-50.0,50,707.334203
-50.0,50,709.936605
-50.0,50,712.489801
-50.0,50,714.995431
-50.0,50,717.520921
-50.0,50,720.098736
-50.0,50,722.637179
-50.0,50,725.186673
-50.0,50,727.734892
-50.0,50,730.280303
-50.0,50,732.854053
-50.0,50,735.383785
-50.0,50,738.033225
-50.0,50,740.609838
-19.0,50,743.198829
-50.0,50,745.811894
-50.0,50,748.446075
-50.0,50,751.127506
-50.0,50,753.71534
-50.0,50,756.247588
-50.0,50,758.802994
-50.0,50,761.391922
-50.0,50,763.904358
0.0,50,766.471593
-50.0,50,769.067908
-50.0,50,771.822765
-50.0,50,774.386389
-50.0,50,776.962722
-50.0,50,779.538177
-50.0,50,782.122131
-50.0,50,784.762996
-50.0,50,787.528272
-50.0,50,790.19107
-50.0,50,790.581469
-50.0,50,790.962296
-50.0,50,791.417211
-50.0,50,791.825475
-50.0,50,792.221206
0.0,50,792.613228
-50.0,50,793.008074
-50.0,50,793.383876
-50.0,50,793.777471
-50.0,50,794.341237
-50.0,50,796.983982
-50.0,50,799.676064
-50.0,50,802.349963
-50.0,50,804.887322
-50.0,50,807.409667
-50.0,50,809.941173
-50.0,50,812.498527
-50.0,50,815.03406
-50.0,50,817.552074
-50.0,50,820.094884
-50.0,50,822.643322
-50.0,50,825.181377
-50.0,50,827.757038
-50.0,50,830.290345
-11.0,50,832.841517
-50.0,50,835.382556
-50.0,50,837.934445
-50.0,50,840.462477
-50.0,50,842.989969
-50.0,50,845.545424
-50.0,50,848.096922
-50.0,50,850.599711
-50.0,50,853.187096
-50.0,50,855.73332
-50.0,50,858.281511
-9.0,50,860.816714
-50.0,50,863.412356
-50.0,50,866.115192
-50.0,50,868.81202
-41.0,50,871.552515
-50.0,50,874.124746
-50.0,50,876.781416
-50.0,50,879.388172
-50.0,50,881.981163
-50.0,50,884.532864
-50.0,50,887.198399
-50.0,50,889.879429
-50.0,50,892.476161
-50.0,50,894.964109
0.0,50,897.4907
-50.0,50,900.080472
-50.0,50,902.634701
-50.0,50,905.189359
-50.0,50,907.70286
-50.0,50,910.304693
-50.0,50,912.827345
-50.0,50,915.380116
-50.0,50,917.927794
-50.0,50,920.483336
-50.0,50,923.002872
-50.0,50,923.401879
-50.0,50,923.80026
-50.0,50,924.179156
-50.0,50,924.563437
-50.0,50,924.957063
-50.0,50,925.358849
-50.0,50,925.749816
-50.0,50,926.121827
-50.0,50,926.504892
-50.0,50,927.042018
-50.0,50,929.61617
-50.0,50,932.200796
-50.0,50,934.993374
-50.0,50,937.592776
-50.0,50,940.18925
-50.0,50,942.784395
-50.0,50,945.3977
-50.0,50,948.191056
-50.0,50,950.78995
-50.0,50,953.381619
-50.0,50,956.102105
-50.0,50,958.709786
-50.0,50,961.386282
-13.0,50,964.017855
-50.0,50,966.684231
-50.0,50,969.323397
-50.0,50,971.893443
-50.0,50,974.475553
-50.0,50,977.088852
-50.0,50,979.634947
-50.0,50,982.159497
-50.0,50,984.753788
-50.0,50,987.331953
-50.0,50,989.916238
-50.0,50,992.459895
-50.0,50,995.054421
-50.0,50,997.618901
-50.0,50,1000.154093
-50.0,50,1002.7838
-50.0,50,1005.391308
-50.0,50,1008.014802
-50.0,50,1010.683809
-50.0,50,1013.289263
-50.0,50,1015.883156
-50.0,50,1018.44117
-50.0,50,1021.200678
-50.0,50,1023.745598
-50.0,50,1026.326897
-50.0,50,1028.878949
-50.0,50,1031.463962
-50.0,50,1034.048354
-50.0,50,1036.617533
-50.0,50,1039.273485
-50.0,50,1041.819429
-19.0,50,1044.44698
-50.0,50,1047.024122
-50.0,50,1049.596188
-50.0,50,1052.176316
-50.0,50,1054.663371
-49.0,50,1057.261619
-50.0,50,1057.648108
-50.0,50,1058.023453
-23.0,50,1058.430268
-50.0,50,1058.824143
-50.0,50,1059.224072
-46.0,50,1059.624778
-50.0,50,1060.050608
-50.0,50,1060.467147
-50.0,50,1060.847402
-50.0,50,1061.434451
-50.0,50,1063.977553
-50.0,50,1066.547965
-50.0,50,1069.063425
-50.0,50,1071.644825
-50.0,50,1074.178698
-50.0,50,1076.744139
-50.0,50,1079.30507
0.0,50,1081.880869
-47.0,50,1084.421516
-50.0,50,1086.957916
-50.0,50,1089.530205
-50.0,50,1092.051058
-50.0,50,1094.613343
-50.0,50,1097.161782
-50.0,50,1099.692102
-50.0,50,1102.254344
-50.0,50,1104.821251
-50.0,50,1107.34924
-50.0,50,1109.894638
-50.0,50,1112.459864
-50.0,50,1115.033507
-50.0,50,1117.554466
-50.0,50,1120.066218
-50.0,50,1122.623347
-50.0,50,1125.131651
-50.0,50,1127.743406
-50.0,50,1130.287656
-50.0,50,1132.835843
-50.0,50,1135.36548
-20.0,50,1137.948874
-50.0,50,1140.512446
-50.0,50,1143.054191
-50.0,50,1145.561177
-50.0,50,1148.1431
-44.0,50,1150.71274
-50.0,50,1153.294468
-50.0,50,1155.797262
-50.0,50,1158.371519
-50.0,50,1160.895568
-50.0,50,1163.454296
-50.0,50,1166.010938
-50.0,50,1168.536615
-50.0,50,1171.082748
-50.0,50,1173.596528
-49.0,50,1176.212867
-47.0,50,1178.774245
-45.0,50,1181.353645
-50.0,50,1183.882201
-50.0,50,1186.43599
-50.0,50,1188.993793
-50.0,50,1189.377479
-50.0,50,1189.7926
-50.0,50,1190.184328
-50.0,50,1190.587867
-50.0,50,1191.00176
0.0,50,1191.413921
-50.0,50,1191.820496
-50.0,50,1192.262396
-14.0,50,1192.689935
-47.0,50,1193.138733
-50.0,50,1195.70632
-37.0,50,1198.230603
-50.0,50,1200.778113
-50.0,50,1203.326887
-50.0,50,1205.906626
-50.0,50,1208.429017
-50.0,50,1210.998824
-50.0,50,1213.543904
-49.0,50,1216.094276
-50.0,50,1218.623547
-50.0,50,1221.169593
-21.0,50,1223.722385
-20.0,50,1226.227561
-9.0,50,1228.818118
-50.0,50,1231.354097
-50.0,50,1233.94382
-50.0,50,1236.500847
-50.0,50,1239.025387
-50.0,50,1241.588398
-50.0,50,1244.17285
-50.0,50,1246.769487
-50.0,50,1249.29794
-50.0,50,1251.888045
-50.0,50,1254.419264
-50.0,50,1257.033098
-50.0,50,1259.542594
-50.0,50,1262.101017
-48.0,50,1264.696545
0.0,50,1267.209374
-50.0,50,1269.803865
-50.0,50,1272.358313
-50.0,50,1274.884449
-50.0,50,1277.447767
-50.0,50,1279.983145
-50.0,50,1282.579753
-19.0,50,1285.104395
-11.0,50,1287.716898
-50.0,50,1290.262749
-50.0,50,1292.859424
-50.0,50,1295.38166
-50.0,50,1297.965057
-50.0,50,1300.546207
-50.0,50,1303.098442
-50.0,50,1305.635502
-50.0,50,1308.179763
-50.0,50,1310.782693
-50.0,50,1313.348942
-50.0,50,1315.926668
-50.0,50,1318.454825
-50.0,50,1321.029485
-49.0,50,1321.4682
-26.0,50,1321.901981
-50.0,50,1322.323386
-50.0,50,1322.7409
-50.0,50,1323.174252
0.0,50,1323.566485
-50.0,50,1323.96502
-50.0,50,1324.384294
-24.0,50,1324.794167
-14.0,50,1325.208763
-50.0,50,1327.758894
-50.0,50,1330.322751
-50.0,50,1332.880181
-50.0,50,1335.466596
-50.0,50,1338.018879
-48.0,50,1340.60507
-50.0,50,1343.148877
-50.0,50,1345.707335
-50.0,50,1348.264212
-50.0,50,1350.846313
-50.0,50,1353.365928
-50.0,50,1355.931369
-47.0,50,1358.504851
-50.0,50,1361.073017
-50.0,50,1363.608966
-40.0,50,1366.16838
-50.0,50,1368.755261
-50.0,50,1371.305691
-50.0,50,1373.881955
0.0,50,1376.39861
-50.0,50,1378.930761
-50.0,50,1381.521147
-50.0,50,1384.07586
-50.0,50,1386.610003
-50.0,50,1389.173242
-50.0,50,1391.730239
-50.0,50,1394.334935
-50.0,50,1396.869931
-50.0,50,1399.468445
-50.0,50,1401.999296
-20.0,50,1404.577989
-50.0,50,1407.13166
-47.0,50,1409.685048
-50.0,50,1412.226033
-50.0,50,1414.7429
-22.0,50,1417.326901
-50.0,50,1419.88254
-37.0,50,1422.432371
-50.0,50,1425.040813
-50.0,50,1427.590378
-23.0,50,1430.177151
-50.0,50,1432.718223
-11.0,50,1435.275148
-50.0,50,1437.846597
-50.0,50,1440.380405
-50.0,50,1442.947054
-48.0,50,1445.548569
-50.0,50,1448.10517
-48.0,50,1450.633388
-50.0,50,1453.242767
-50.0,50,1453.654316
-31.0,50,1454.052613
-6.0,50,1454.49675
-48.0,50,1454.890743
-50.0,50,1455.34885
-50.0,50,1455.734496
-50.0,50,1456.145924
-50.0,50,1456.565706
-50.0,50,1456.944829
-50.0,50,1457.423779
-50.0,50,1460.030311
-50.0,50,1462.558418
-50.0,50,1465.128524
-15.0,50,1467.663423
-50.0,50,1470.224134
-21.0,50,1472.79236
-50.0,50,1475.350338
-50.0,50,1477.917725
-50.0,50,1480.507197
-50.0,50,1483.044569
-50.0,50,1485.624886
-19.0,50,1488.179387
-26.0,50,1490.750263
-50.0,50,1493.268515
0.0,50,1495.827985
-50.0,50,1498.363468
-44.0,50,1500.93713
-50.0,50,1503.486956
-50.0,50,1506.058641
-44.0,50,1508.592344
-36.0,50,1511.146859
-50.0,50,1513.723934
-50.0,50,1516.273216
-50.0,50,1518.838171
-50.0,50,1521.398925
-50.0,50,1523.945004
-50.0,50,1526.496067
-50.0,50,1529.057465
-50.0,50,1531.633432
-50.0,50,1534.194173
-50.0,50,1536.745693
-50.0,50,1539.316352
-50.0,50,1541.865456
0.0,50,1544.448447
-50.0,50,1546.994662
-50.0,50,1549.559104
-50.0,50,1552.116312
-50.0,50,1554.710639
-31.0,50,1557.284691
-50.0,50,1559.893804
-50.0,50,1562.439143
-24.0,50,1565.014232
-50.0,50,1567.591585
-39.0,50,1570.157066
-50.0,50,1572.741571
-48.0,50,1575.326542
-50.0,50,1577.877819
-50.0,50,1580.487638
-50.0,50,1582.993758
-50.0,50,1585.591907
-50.0,50,1586.011965
-11.0,50,1586.437054
-50.0,50,1586.874476
-50.0,50,1587.264879
-50.0,50,1587.656998
-50.0,50,1588.046625
-50.0,50,1588.437433
-41.0,50,1588.858964
-50.0,50,1589.264161
-50.0,50,1589.718023
-50.0,50,1592.301999
-50.0,50,1594.86674
-50.0,50,1597.425306
-6.0,50,1600.041655
-43.0,50,1602.57169
-50.0,50,1605.149459
-50.0,50,1607.685685
-50.0,50,1610.298757
-50.0,50,1612.889777
-50.0,50,1615.395458
-18.0,50,1617.972594
0.0,50,1620.545612
-35.0,50,1623.096377
-50.0,50,1625.616756
-26.0,50,1628.181004
-50.0,50,1630.696503
-50.0,50,1633.310542
-47.0,50,1635.857957
-31.0,50,1638.477964
-50.0,50,1641.02112
-44.0,50,1643.564367
-50.0,50,1646.115804
-50.0,50,1648.715828
-50.0,50,1651.271565
-46.0,50,1653.813381
-37.0,50,1656.391475
-50.0,50,1658.966729
-50.0,50,1661.500342
-50.0,50,1664.053753
-8.0,50,1666.593501
-31.0,50,1669.182294
-50.0,50,1671.75691
-50.0,50,1674.277476
-50.0,50,1676.878806
-50.0,50,1679.457612
-50.0,50,1682.013263
-50.0,50,1684.552008
-20.0,50,1687.146636
-50.0,50,1689.678974
-50.0,50,1692.214092
0.0,50,1694.850308
-18.0,50,1697.406058
-26.0,50,1699.934928
-22.0,50,1702.549908
-50.0,50,1705.13653
-40.0,50,1707.744921
-50.0,50,1710.286448
-50.0,50,1712.830719
-48.0,50,1715.407551
-50.0,50,1717.991035
-50.0,50,1718.377775
-50.0,50,1718.783464
-50.0,50,1719.188234
-7.0,50,1719.580831
-50.0,50,1720.001406
-50.0,50,1720.406096
-50.0,50,1720.806319
-50.0,50,1721.205343
-50.0,50,1721.59964
-50.0,50,1722.326684
-49.0,50,1724.933787
-50.0,50,1727.514336
-50.0,50,1730.145415
-50.0,50,1732.67218
-48.0,50,1735.230711
-50.0,50,1737.845365
-25.0,50,1740.423494
-20.0,50,1742.992666
-50.0,50,1745.54038
0.0,50,1748.10781
-50.0,50,1750.678529
-43.0,50,1753.260485
-50.0,50,1755.833761
-50.0,50,1758.371387
-50.0,50,1760.992886
-50.0,50,1763.572757
-50.0,50,1766.135183
-50.0,50,1768.749879
-26.0,50,1771.306677
-50.0,50,1773.877619
-50.0,50,1776.418423
-8.0,50,1778.947521
-50.0,50,1781.531107
-50.0,50,1784.08646
-41.0,50,1786.625713
-7.0,50,1789.189801
-50.0,50,1791.761023
-50.0,50,1794.322226
-23.0,50,1796.940961
-20.0,50,1799.485962
-24.0,50,1802.043833
-23.0,50,1804.647505
-40.0,50,1807.220246
-50.0,50,1809.802628
-50.0,50,1812.361994
-42.0,50,1814.94478
-50.0,50,1817.521917
-50.0,50,1820.074413
-50.0,50,1822.630025
-21.0,50,1825.161762
-24.0,50,1827.77934
-4.0,50,1830.364115
-50.0,50,1832.959974
-32.0,50,1835.567127
-50.0,50,1838.109781
-50.0,50,1840.66677
0.0,50,1843.226046
-23.0,50,1845.818983
-50.0,50,1848.378636
-50.0,50,1850.925696
0.0,50,1851.352011
-50.0,50,1851.758644
-50.0,50,1852.189355
-50.0,50,1852.607795
-50.0,50,1852.99605
-50.0,50,1853.38507
-50.0,50,1853.764922
-50.0,50,1854.153835
-43.0,50,1854.563737
-10.0,50,1855.044313
-50.0,50,1857.581506
-10.0,50,1860.213208
0.0,50,1862.769524
0.0,50,1865.419954
-41.0,50,1868.094345
-17.0,50,1870.688452
-50.0,50,1873.321949
-22.0,50,1875.959745
-50.0,50,1878.642006
-50.0,50,1881.456279
0.0,50,1884.088791
-50.0,50,1886.664416
-50.0,50,1889.324921
-50.0,50,1891.993814
-28.0,50,1894.530684
-46.0,50,1897.095933
-38.0,50,1899.747086
-50.0,50,1902.283701
-50.0,50,1904.84303
-35.0,50,1907.390755
-50.0,50,1909.975571
-9.0,50,1912.522708
-29.0,50,1915.145014
-50.0,50,1917.657857
-17.0,50,1920.241583
-34.0,50,1922.774765
-50.0,50,1925.35805
-21.0,50,1927.873667
-50.0,50,1930.489844
-33.0,50,1933.042017
-50.0,50,1935.62248
-25.0,50,1938.237332
-50.0,50,1940.771458
-50.0,50,1943.347466
-31.0,50,1945.872506
-50.0,50,1948.438238
-50.0,50,1951.002843
-48.0,50,1953.645386
-50.0,50,1956.199908
-50.0,50,1958.749834
-50.0,50,1961.296552
-18.0,50,1963.897615
-50.0,50,1966.481369
-36.0,50,1969.050368
-50.0,50,1971.585966
-6.0,50,1974.142443
-50.0,50,1976.761878
-50.0,50,1979.324592
-50.0,50,1981.854179
-50.0,50,1984.430888
-50.0,50,1984.868396
-50.0,50,1985.255755
-9.0,50,1985.662733
-22.0,50,1986.07829
-50.0,50,1986.527654
-50.0,50,1986.897589
0.0,50,1987.298708
-50.0,50,1987.682306
-50.0,50,1988.115633
-23.0,50,1988.622613
-50.0,50,1991.146222
-30.0,50,1993.70545
-50.0,50,1996.262196
-50.0,50,1998.806648
-50.0,50,2001.35902
-37.0,50,2003.922869
-50.0,50,2006.449806
-36.0,50,2009.032367
-12.0,50,2011.554904
-50.0,50,2014.115663
-12.0,50,2016.669815
-31.0,50,2019.288648
-30.0,50,2021.86759
-39.0,50,2024.410433
-34.0,50,2026.986147
-50.0,50,2029.553563
-50.0,50,2032.115142
-50.0,50,2034.667624
-32.0,50,2037.227258
0.0,50,2039.768572
-50.0,50,2042.355681
-50.0,50,2044.915439
-50.0,50,2047.476538
-50.0,50,2050.078486
-6.0,50,2052.668014
-36.0,50,2055.251681
-26.0,50,2057.78191
-50.0,50,2060.348072
-50.0,50,2062.980647
-9.0,50,2065.534947
-50.0,50,2068.106853
-47.0,50,2070.652153
-20.0,50,2073.210145
-9.0,50,2075.749045
-40.0,50,2078.347124
-50.0,50,2080.896388
-38.0,50,2083.436373
-50.0,50,2085.992367
-50.0,50,2088.538751
-22.0,50,2091.132615
-12.0,50,2093.682925
-50.0,50,2096.238518
-50.0,50,2098.800333
-50.0,50,2101.370331
-50.0,50,2103.934228
-50.0,50,2106.522839
-50.0,50,2109.109311
-19.0,50,2111.658987
-35.0,50,2114.213499
-50.0,50,2116.78646
-9.0,50,2117.184549
-50.0,50,2117.601284
-50.0,50,2118.043227
-9.0,50,2118.456776
-15.0,50,2118.881485
-50.0,50,2119.3518
-11.0,50,2119.753407
-16.0,50,2120.155342
-8.0,50,2120.545992
-50.0,50,2121.037467
-26.0,50,2123.619599
-50.0,50,2126.20024
-50.0,50,2128.775129
-36.0,50,2131.290175
-6.0,50,2133.865613
-17.0,50,2136.414037
-50.0,50,2138.946471
-50.0,50,2141.569239
-47.0,50,2144.065603
-24.0,50,2146.642384
-50.0,50,2149.242137
-23.0,50,2151.814887
-19.0,50,2154.337047
-50.0,50,2156.955414
-50.0,50,2159.491908
-21.0,50,2162.02879
-49.0,50,2164.587699
-50.0,50,2167.169162
-14.0,50,2169.720658
-31.0,50,2172.28672
-50.0,50,2174.901881
-36.0,50,2177.434122
0.0,50,2179.972601
-18.0,50,2182.615248
-12.0,50,2185.153414
-50.0,50,2187.712382
-39.0,50,2190.279318
-50.0,50,2192.828725
0.0,50,2195.418203
-22.0,50,2197.928444
-23.0,50,2200.514152
-44.0,50,2203.110623
-50.0,50,2205.699875
-23.0,50,2208.21167
-50.0,50,2210.77422
-50.0,50,2213.328637
-39.0,50,2215.905332
0.0,50,2218.468318
-50.0,50,2221.011043
-11.0,50,2223.571181
-50.0,50,2226.139409
-22.0,50,2228.708829
-50.0,50,2231.245735
-34.0,50,2233.775921
-50.0,50,2236.335057
-44.0,50,2238.951977
-50.0,50,2241.532165
-50.0,50,2244.10089
-11.0,50,2246.637542
-50.0,50,2249.199303
-50.0,50,2249.602373
-50.0,50,2249.988273
-7.0,50,2250.417329
-50.0,50,2250.816748
-50.0,50,2251.228472
-5.0,50,2251.615371
-9.0,50,2252.010782
-12.0,50,2252.418188
-50.0,50,2252.822052
-50.0,50,2253.331833
-14.0,50,2255.899231
-14.0,50,2258.432233
-45.0,50,2260.966096
-19.0,50,2263.50261
-50.0,50,2266.057688
-26.0,50,2268.618404
-13.0,50,2271.14912
-50.0,50,2273.718838
-13.0,50,2276.273265
-50.0,50,2278.889083
-27.0,50,2281.471674
-21.0,50,2284.075184
-40.0,50,2286.642647
-50.0,50,2289.216814
-14.0,50,2291.804547
-36.0,50,2294.363714
-50.0,50,2296.923017
-33.0,50,2299.52905
-29.0,50,2302.097288
-50.0,50,2304.650185
-50.0,50,2307.20911
-19.0,50,2309.757463
-44.0,50,2312.393731
-50.0,50,2314.974952
-50.0,50,2317.593904
-50.0,50,2320.177629
-50.0,50,2322.712905
0.0,50,2325.345058
-13.0,50,2327.871577
-50.0,50,2330.47651
-49.0,50,2333.102701
-50.0,50,2335.634057
-40.0,50,2338.176225
-12.0,50,2340.719843
-38.0,50,2343.307175
-50.0,50,2345.863929
-44.0,50,2348.448098
-16.0,50,2351.00107
-50.0,50,2353.586598
-50.0,50,2356.122421
-11.0,50,2358.722978
-40.0,50,2361.302684
-50.0,50,2363.884007
-50.0,50,2366.46753
-17.0,50,2369.035825
-19.0,50,2371.600359
-50.0,50,2374.20239
-50.0,50,2376.753769
-50.0,50,2379.340014
-50.0,50,2381.93199
-9.0,50,2382.339303
-50.0,50,2382.770753
-50.0,50,2383.16526
0.0,50,2383.577277
-5.0,50,2383.96996
-50.0,50,2384.375134
-11.0,50,2384.783125
-8.0,50,2385.193728
-18.0,50,2385.586818
-50.0,50,2386.119751
-18.0,50,2388.672983
-11.0,50,2391.215654
-21.0,50,2393.78937
-50.0,50,2396.317
-18.0,50,2398.873572
-29.0,50,2401.491186
-15.0,50,2404.046866
-50.0,50,2406.645501
-24.0,50,2409.180351
-50.0,50,2411.794043
-50.0,50,2414.376142
-22.0,50,2416.950209
-30.0,50,2419.46553
-50.0,50,2422.007509
-50.0,50,2424.578867
-50.0,50,2427.151587
-28.0,50,2429.708881
-17.0,50,2432.33889
-50.0,50,2434.854623
-50.0,50,2437.396101
-50.0,50,2440.013633
-50.0,50,2442.597513
-14.0,50,2445.232829
-32.0,50,2447.768855
-43.0,50,2450.366343
-50.0,50,2452.912721
-46.0,50,2455.456122
-50.0,50,2458.081306
-50.0,50,2460.665023
-50.0,50,2463.220973
-50.0,50,2465.814724
-50.0,50,2468.346407
-50.0,50,2470.959497
-18.0,50,2473.483473
-50.0,50,2476.052584
-13.0,50,2478.666518
-50.0,50,2481.229823
-50.0,50,2483.777545
-50.0,50,2486.371975
-23.0,50,2488.986239
-36.0,50,2491.539257
-16.0,50,2494.085486
-50.0,50,2496.675961
-50.0,50,2499.225886
-50.0,50,2501.793399
-7.0,50,2504.397213
-50.0,50,2506.987164
-24.0,50,2509.538817
-50.0,50,2512.09677
-50.0,50,2514.660338
0.0,50,2515.080748
-7.0,50,2515.485359
-50.0,50,2515.865113
-15.0,50,2516.255405
-50.0,50,2516.681157
-12.0,50,2517.076136
-13.0,50,2517.467143
-50.0,50,2517.869359
-50.0,50,2518.304545
-50.0,50,2518.969761
-50.0,50,2521.543908
-37.0,50,2524.094286
-20.0,50,2526.682019
-50.0,50,2529.241609
-29.0,50,2531.850776
-50.0,50,2534.431445
-42.0,50,2536.960243
-50.0,50,2539.584846
-13.0,50,2542.184573
-21.0,50,2544.755913
-23.0,50,2547.371622
-23.0,50,2549.95195
-50.0,50,2552.543647
-11.0,50,2555.144591
-26.0,50,2557.707556
-39.0,50,2560.249161
-50.0,50,2562.856994
-33.0,50,2565.39518
-50.0,50,2568.020247
-50.0,50,2570.592373
-12.0,50,2573.133579
-10.0,50,2575.708546
-46.0,50,2578.314077
-50.0,50,2580.899145
-50.0,50,2583.486549
-17.0,50,2586.057919
-50.0,50,2588.646429
-18.0,50,2591.227202
-10.0,50,2593.806054
-50.0,50,2596.364609
-26.0,50,2598.927194
-50.0,50,2601.514845
-22.0,50,2604.104886
0.0,50,2606.697342
-50.0,50,2609.261725
-50.0,50,2611.829223
-50.0,50,2614.346784
-50.0,50,2616.968837
-8.0,50,2619.537219
-41.0,50,2622.082075
-19.0,50,2624.713948
-26.0,50,2627.264096
-20.0,50,2629.853172
-50.0,50,2632.466945
-50.0,50,2635.062192
-50.0,50,2637.721228
-12.0,50,2640.282694
-27.0,50,2642.833958
-50.0,50,2645.40103
-9.0,50,2647.98379
-14.0,50,2648.362302
-36.0,50,2648.789682
-13.0,50,2649.192098
-25.0,50,2649.589694
-9.0,50,2649.969005
-9.0,50,2650.367948
-50.0,50,2650.765802
-50.0,50,2651.140324
-50.0,50,2651.530086
-15.0,50,2652.120849
-18.0,50,2654.671263
-50.0,50,2657.22507
-50.0,50,2659.813042
-50.0,50,2662.379769
-50.0,50,2664.970362
-13.0,50,2667.561332
0.0,50,2670.094647
-50.0,50,2672.630206
-50.0,50,2675.208623
-35.0,50,2677.805957
-50.0,50,2680.371388
-10.0,50,2682.929333
-12.0,50,2685.5281
-19.0,50,2688.066494
-33.0,50,2690.633822
-50.0,50,2693.219
-50.0,50,2695.774754
-14.0,50,2698.373111
-16.0,50,2700.909353
-24.0,50,2703.486373
-50.0,50,2706.037881
-50.0,50,2708.603845
-18.0,50,2711.208426
-50.0,50,2713.747966
-11.0,50,2716.367347
-14.0,50,2718.954092
-50.0,50,2721.528617
-50.0,50,2724.164644
-50.0,50,2726.746868
-50.0,50,2729.308934
0.0,50,2731.885104
-14.0,50,2734.462319
-50.0,50,2737.05311
-37.0,50,2739.61854
-17.0,50,2742.187487
-43.0,50,2744.748098
-19.0,50,2747.35858
-50.0,50,2749.951853
-10.0,50,2752.484446
0.0,50,2755.078244
-20.0,50,2757.667631
-50.0,50,2760.256029
-50.0,50,2762.841565
-23.0,50,2765.374395
-45.0,50,2767.956208
-18.0,50,2770.533267
-14.0,50,2773.06468
-32.0,50,2775.635425
-50.0,50,2778.264187
-50.0,50,2780.877725
-13.0,50,2781.289237
-50.0,50,2781.74317
-14.0,50,2782.148656
-50.0,50,2782.594572
-13.0,50,2783.013902
-50.0,50,2783.438787
-13.0,50,2783.867897
-50.0,50,2784.292526
-41.0,50,2784.709233
-15.0,50,2785.152075
-7.0,50,2787.730588
-41.0,50,2790.304655
-43.0,50,2792.88449
-20.0,50,2795.444827
-50.0,50,2798.034037
-15.0,50,2800.611494
-22.0,50,2803.23875
-50.0,50,2805.760659
-21.0,50,2808.369454
-50.0,50,2810.942754
-42.0,50,2813.522392
0.0,50,2816.099152
-50.0,50,2818.63909
-15.0,50,2821.210563
-27.0,50,2823.777121
-23.0,50,2826.333582
-26.0,50,2828.983622
-20.0,50,2831.539111
-50.0,50,2834.179127
-50.0,50,2836.736341
-15.0,50,2839.293672
-7.0,50,2841.853756
-50.0,50,2844.470355
-28.0,50,2847.041382
-50.0,50,2849.608235
-17.0,50,2852.216565
-50.0,50,2854.799278
-8.0,50,2857.354368
-30.0,50,2859.975483
-50.0,50,2862.536655
-29.0,50,2865.122401
-47.0,50,2867.687482
-27.0,50,2870.279798
-30.0,50,2872.800722
-50.0,50,2875.380878
-50.0,50,2877.922852
-50.0,50,2880.541544
-50.0,50,2883.092612
-50.0,50,2885.750003
-50.0,50,2888.320456
-24.0,50,2890.914009
-46.0,50,2893.442394
-23.0,50,2896.042676
-50.0,50,2898.64068
-20.0,50,2901.204567
-50.0,50,2903.772352
-50.0,50,2906.359579
-50.0,50,2909.004439
-50.0,50,2911.558261
-10.0,50,2914.151056
-11.0,50,2914.595934
-4.0,50,2915.018588
-50.0,50,2915.418686
-7.0,50,2915.856199
-6.0,50,2916.30092
-50.0,50,2916.670256
-50.0,50,2917.10588
-50.0,50,2917.545683
-42.0,50,2917.944221
-21.0,50,2918.503742
-50.0,50,2921.107331
-19.0,50,2923.69962
-8.0,50,2926.280585
-8.0,50,2928.843786
-12.0,50,2931.419799
-26.0,50,2934.018379
-50.0,50,2936.599192
-16.0,50,2939.190856
-20.0,50,2941.739793
-23.0,50,2944.364505
-44.0,50,2946.896855
-50.0,50,2949.502048
-49.0,50,2952.063439
-16.0,50,2954.642891
-48.0,50,2957.202383
-33.0,50,2959.796505
-50.0,50,2962.396738
-50.0,50,2964.993719
-50.0,50,2967.538961
-50.0,50,2970.143973
0.0,50,2972.715724
-50.0,50,2975.279945
-15.0,50,2977.851708
-50.0,50,2980.38837
-50.0,50,2982.931901
-21.0,50,2985.525612
-9.0,50,2988.146303
-12.0,50,2990.712862
-34.0,50,2993.300847
-18.0,50,2995.857248
-23.0,50,2998.401343
-21.0,50,3000.959903
-21.0,50,3003.562675
-50.0,50,3006.166674
-50.0,50,3008.722173
-18.0,50,3011.376158
-36.0,50,3013.932002
-25.0,50,3016.505166
-12.0,50,3019.122015
-50.0,50,3021.685741
-50.0,50,3024.287689
-46.0,50,3026.845035
-44.0,50,3029.425188
-50.0,50,3031.973866
-37.0,50,3034.582756
-50.0,50,3037.127555
-50.0,50,3039.742939
-18.0,50,3042.31968
-21.0,50,3044.857952
-50.0,50,3047.439463
0.0,50,3047.854928
-47.0,50,3048.266119
-50.0,50,3048.697862
-13.0,50,3049.074124
-13.0,50,3049.483255
-50.0,50,3049.924728
-11.0,50,3050.327618
-50.0,50,3050.764161
-50.0,50,3051.227854
-44.0,50,3051.712337
-30.0,50,3054.3179
-21.0,50,3056.902518
-50.0,50,3059.447315
-50.0,50,3061.988038
-50.0,50,3064.558523
-50.0,50,3067.086298
-32.0,50,3069.694794
-22.0,50,3072.215106
-41.0,50,3074.851073
-41.0,50,3077.434127
-39.0,50,3080.01528
-50.0,50,3082.571459
-35.0,50,3085.179602
-11.0,50,3087.770023
-16.0,50,3090.343348
-22.0,50,3092.953658
-21.0,50,3095.530569
-14.0,50,3098.148628
-50.0,50,3100.74485
-50.0,50,3103.279199
-50.0,50,3105.870457
-7.0,50,3108.402681
-50.0,50,3111.019517
-23.0,50,3113.626757
-50.0,50,3116.224053
-48.0,50,3118.787438
-24.0,50,3121.324215
-18.0,50,3123.908225
-50.0,50,3126.482276
-18.0,50,3129.072242
-49.0,50,3131.640156
-50.0,50,3134.208148
-23.0,50,3136.818333
-40.0,50,3139.404766
-15.0,50,3141.975595
-50.0,50,3144.549722
-19.0,50,3147.148546
-50.0,50,3149.759627
-50.0,50,3152.37444
-42.0,50,3154.973056
-50.0,50,3157.514138
-50.0,50,3160.109742
-50.0,50,3162.680887
-50.0,50,3165.268803
-50.0,50,3167.852451
-15.0,50,3170.454885
-50.0,50,3172.96818
-13.0,50,3175.604427
-14.0,50,3178.172951
-50.0,50,3180.75488
-6.0,50,3181.194538
-50.0,50,3181.618146
-50.0,50,3182.017755
-7.0,50,3182.468197
-12.0,50,3182.909949
-50.0,50,3183.325109
-9.0,50,3183.762533
-7.0,50,3184.195567
-9.0,50,3184.622624
-14.0,50,3185.080699
-50.0,50,3187.68802
-44.0,50,3190.247695
-50.0,50,3192.795139
-11.0,50,3195.395355
-50.0,50,3197.945687
-50.0,50,3200.549845
-50.0,50,3203.171883
-17.0,50,3205.772993
-11.0,50,3208.350214
-26.0,50,3210.916952
-11.0,50,3213.497993
-20.0,50,3216.077221
-31.0,50,3218.655937
-19.0,50,3221.223122
-50.0,50,3223.790969
-50.0,50,3226.342619
-18.0,50,3228.914739
0.0,50,3231.46593
-50.0,50,3234.031094
-21.0,50,3236.630788
-36.0,50,3239.207197
-10.0,50,3241.768674
-42.0,50,3244.340369
-14.0,50,3246.947424
-39.0,50,3249.54439
-23.0,50,3252.141865
-50.0,50,3254.737807
-50.0,50,3257.321773
-16.0,50,3259.905905
-50.0,50,3262.495325
-50.0,50,3265.053335
-50.0,50,3267.637511
-50.0,50,3270.249306
-11.0,50,3272.759233
-46.0,50,3275.3877
-45.0,50,3277.932311
-50.0,50,3280.532241
-26.0,50,3283.10286
-13.0,50,3285.704897
-50.0,50,3288.290509
-10.0,50,3290.851832
-18.0,50,3293.438576
-50.0,50,3296.023294
-50.0,50,3298.606268
-26.0,50,3301.219615
-50.0,50,3303.772026
-12.0,50,3306.357557
-14.0,50,3308.916509
-48.0,50,3311.489917
-50.0,50,3314.115611
-50.0,50,3314.53866
-14.0,50,3314.971589
-6.0,50,3315.36059
-50.0,50,3315.782784
-7.0,50,3316.165178
-50.0,50,3316.564037
-8.0,50,3316.974162
-8.0,50,3317.372478
-40.0,50,3317.752178
-16.0,50,3318.406837
-8.0,50,3321.013274
-50.0,50,3323.59171
-14.0,50,3326.109433
-38.0,50,3328.690702
-26.0,50,3331.323673
-50.0,50,3333.899837
-10.0,50,3336.489291
-50.0,50,3339.028915
-11.0,50,3341.642509
-48.0,50,3344.185143
-50.0,50,3346.778935
0.0,50,3349.329803
-25.0,50,3351.924336
-50.0,50,3354.481727
-3.0,50,3357.085767
-49.0,50,3359.675256
-47.0,50,3362.295094
-29.0,50,3364.849923
-16.0,50,3367.418117
-50.0,50,3370.005
-39.0,50,3372.607263
-9.0,50,3375.180019
-50.0,50,3377.766964
-42.0,50,3380.390373
-29.0,50,3382.971167
-50.0,50,3385.547204
-12.0,50,3388.125619
-16.0,50,3390.76818
-50.0,50,3393.313769
-12.0,50,3395.952584
-50.0,50,3398.500315
-7.0,50,3401.116956
-19.0,50,3403.71297
-50.0,50,3406.315046
-50.0,50,3408.855499
-33.0,50,3411.453416
-17.0,50,3414.041605
-42.0,50,3416.637787
-45.0,50,3419.219474
-26.0,50,3421.769337
-11.0,50,3424.361566
-38.0,50,3426.920353
-15.0,50,3429.546007
-50.0,50,3432.136999
-50.0,50,3434.716366
-50.0,50,3437.286481
-49.0,50,3439.909709
-42.0,50,3442.537945
-22.0,50,3445.108482
-10.0,50,3447.662725
-50.0,50,3448.101668
-7.0,50,3448.529933
-50.0,50,3448.950645
-7.0,50,3449.363697
-4.0,50,3449.782628
-50.0,50,3450.197617
-4.0,50,3450.631131
-13.0,50,3451.021573
-8.0,50,3451.453726
-50.0,50,3451.873952
-27.0,50,3454.509389
-2.0,50,3457.104452
-50.0,50,3459.72335
-34.0,50,3462.273953
-50.0,50,3464.921962
-50.0,50,3467.467
-15.0,50,3470.06214
-30.0,50,3472.648399
-15.0,50,3475.217088
-14.0,50,3477.863389
-42.0,50,3480.435605
-23.0,50,3483.024106
-23.0,50,3485.583543
-50.0,50,3488.231869
-6.0,50,3490.743955
-39.0,50,3493.487717
-16.0,50,3496.318515
-22.0,50,3499.072723
-50.0,50,3501.921712
-36.0,50,3504.76087
-7.0,50,3507.412947
0.0,50,3509.989605
-41.0,50,3512.59536
-50.0,50,3515.178391
-33.0,50,3517.823117
-37.0,50,3520.385361
-50.0,50,3522.948246
-50.0,50,3525.527062
-26.0,50,3528.187612
-22.0,50,3530.890126
-31.0,50,3533.627722
-11.0,50,3536.231282
-20.0,50,3538.816117
-26.0,50,3541.401338
-43.0,50,3544.040924
-50.0,50,3546.580372
-21.0,50,3549.171844
-33.0,50,3551.779299
-50.0,50,3554.403605
-50.0,50,3556.945756
-30.0,50,3559.534901
-15.0,50,3562.109439
-16.0,50,3564.768452
-35.0,50,3567.338839
-38.0,50,3569.893363
-12.0,50,3572.504959
-50.0,50,3575.045968
-43.0,50,3577.643174
-50.0,50,3580.254809
-5.0,50,3582.889625
-5.0,50,3583.354201
-7.0,50,3583.784114
-12.0,50,3584.200264
-50.0,50,3584.620595
-50.0,50,3584.994337
-8.0,50,3585.408907
-50.0,50,3585.826406
-5.0,50,3586.228703
-50.0,50,3586.618759
-40.0,50,3587.167666
-50.0,50,3589.775633
-50.0,50,3592.339265
-16.0,50,3594.937554
-44.0,50,3597.557497
-36.0,50,3600.158073
-50.0,50,3602.715021
-36.0,50,3605.277816
-3.0,50,3607.84857
-37.0,50,3610.50377
-46.0,50,3613.03364
-48.0,50,3615.645151
-50.0,50,3618.257078
-28.0,50,3620.819319
-26.0,50,3623.455401
-50.0,50,3626.05431
-50.0,50,3628.623323
-16.0,50,3631.193408
-17.0,50,3633.787557
-45.0,50,3636.336565
-15.0,50,3638.913168
-26.0,50,3641.48405
-36.0,50,3644.092217
-22.0,50,3646.710299
-12.0,50,3649.28739
-50.0,50,3651.861529
-50.0,50,3654.439786
-9.0,50,3657.068083
-50.0,50,3659.630684
-47.0,50,3662.257366
-37.0,50,3664.845953
-13.0,50,3667.431122
-50.0,50,3670.056098
-50.0,50,3672.662218
-6.0,50,3675.236911
-42.0,50,3677.7993
-20.0,50,3680.419991
-14.0,50,3682.996676
-41.0,50,3685.582023
-50.0,50,3688.129924
-50.0,50,3690.745192
-50.0,50,3693.300106
-11.0,50,3695.921476
-10.0,50,3698.502435
-11.0,50,3701.092175
-40.0,50,3703.669409
-15.0,50,3706.300794
-42.0,50,3708.851524
-50.0,50,3711.435265
-50.0,50,3714.03239
-45.0,50,3716.630414
-11.0,50,3717.080066
-6.0,50,3717.544031
-9.0,50,3717.944797
-9.0,50,3718.388354
-10.0,50,3718.798429
-50.0,50,3719.216105
-11.0,50,3719.626366
-9.0,50,3720.103846
-50.0,50,3720.53441
-33.0,50,3721.014775
-50.0,50,3723.593027
-15.0,50,3726.198078
-50.0,50,3728.762437
-50.0,50,3731.39569
-50.0,50,3733.968349
-45.0,50,3736.581848
-36.0,50,3739.166744
-50.0,50,3741.839481
-7.0,50,3744.416068
-24.0,50,3747.040587
-16.0,50,3749.623697
-13.0,50,3752.208691
-20.0,50,3754.759577
-13.0,50,3757.376801
-50.0,50,3759.933984
-32.0,50,3762.545972
-23.0,50,3765.123477
-18.0,50,3767.74469
-26.0,50,3770.321759
0.0,50,3772.917988
-7.0,50,3775.534171
-20.0,50,3778.099994
-23.0,50,3780.694648
-22.0,50,3783.264463
-17.0,50,3785.860204
-41.0,50,3788.454391
-50.0,50,3791.038616
-28.0,50,3793.616835
-50.0,50,3796.184792
-14.0,50,3798.799373
-50.0,50,3801.373821
-8.0,50,3803.967271
-50.0,50,3806.507828
-26.0,50,3809.127002
-25.0,50,3811.691576
-50.0,50,3814.283744
-50.0,50,3816.892955
-19.0,50,3819.445072
-50.0,50,3822.02135
-50.0,50,3824.630625
-50.0,50,3827.192464
-22.0,50,3829.743345
-32.0,50,3832.359152
-50.0,50,3835.015452
-19.0,50,3837.599973
-50.0,50,3840.166469
-42.0,50,3842.763318
-28.0,50,3845.366059
-50.0,50,3847.960448
-9.0,50,3850.640215
-6.0,50,3851.104908
0.0,50,3851.529516
-11.0,50,3851.973315
-50.0,50,3852.42787
-14.0,50,3852.847696
-3.0,50,3853.294062
-4.0,50,3853.717405
-50.0,50,3854.142913
-10.0,50,3854.53216
-30.0,50,3854.944886
-50.0,50,3857.537478
-12.0,50,3860.171622
-15.0,50,3862.743423
-19.0,50,3865.353172
-12.0,50,3867.936676
-50.0,50,3870.571959
-6.0,50,3873.128743
0.0,50,3875.714498
-34.0,50,3878.311865
-50.0,50,3880.907738
-12.0,50,3883.553308
-14.0,50,3886.1448
-8.0,50,3888.689487
-50.0,50,3891.301816
-42.0,50,3893.859094
-46.0,50,3896.432958
-43.0,50,3899.019691
-50.0,50,3901.591266
-50.0,50,3904.200808
-13.0,50,3906.816234
-7.0,50,3909.382865
-10.0,50,3911.936172
-50.0,50,3914.553384
-23.0,50,3917.103153
-10.0,50,3919.679802
-36.0,50,3922.261931
-50.0,50,3924.858889
-26.0,50,3927.470376
-19.0,50,3930.027723
-50.0,50,3932.609568
-46.0,50,3935.182726
-30.0,50,3937.752106
-50.0,50,3940.347813
-46.0,50,3942.893462
-50.0,50,3945.479999
0.0,50,3948.04274
-34.0,50,3950.597212
-22.0,50,3953.189785
-11.0,50,3955.819348
-50.0,50,3958.417541
-14.0,50,3961.039118
-9.0,50,3963.601317
-50.0,50,3966.205569
-50.0,50,3968.764481
-48.0,50,3971.338997
-13.0,50,3973.919957
-50.0,50,3976.457884
0.0,50,3979.052221
-17.0,50,3981.594704
-8.0,50,3984.235729
-8.0,50,3984.659618
-10.0,50,3985.07724
-14.0,50,3985.499238
-14.0,50,3985.890597
-50.0,50,3986.322633
-3.0,50,3986.760968
-9.0,50,3987.205837
-10.0,50,3987.647719
-5.0,50,3988.118049
-6.0,50,3988.57691
0.0,50,3991.175099
-21.0,50,3993.71422
-42.0,50,3996.309159
-25.0,50,3998.906059
-50.0,50,4001.460145
-50.0,50,4004.075934
-50.0,50,4006.635353
-29.0,50,4009.268291
-20.0,50,4011.849233
-29.0,50,4014.471896
-14.0,50,4017.04874
-31.0,50,4019.666823
-14.0,50,4022.264825
0.0,50,4024.83302
-50.0,50,4027.420888
-16.0,50,4029.996917
-9.0,50,4032.561497
-16.0,50,4035.146448
-50.0,50,4037.706376
-23.0,50,4040.308874
-46.0,50,4042.868212
-24.0,50,4045.502048
-18.0,50,4048.112064
-50.0,50,4050.730407
-13.0,50,4053.351849
-16.0,50,4055.890009
-21.0,50,4058.485673
-12.0,50,4061.052186
-48.0,50,4063.648966
-10.0,50,4066.227448
-11.0,50,4068.798096
-31.0,50,4071.361188
-12.0,50,4073.960831
-27.0,50,4076.564336
-47.0,50,4079.110172
-50.0,50,4081.719572
-46.0,50,4084.321409
-22.0,50,4086.90362
-50.0,50,4089.474976
-18.0,50,4092.050241
-50.0,50,4094.634305
-4.0,50,4097.245149
-45.0,50,4099.845376
-47.0,50,4102.415323
-34.0,50,4104.947141
-10.0,50,4107.56687
-50.0,50,4110.114668
-46.0,50,4112.748281
-50.0,50,4115.320487
0.0,50,4117.95845
-6.0,50,4118.399232
-7.0,50,4118.829919
-9.0,50,4119.271093
-12.0,50,4119.678545
-18.0,50,4120.089302
-7.0,50,4120.480464
-6.0,50,4120.905628
-11.0,50,4121.344534
-14.0,50,4121.76946
-30.0,50,4122.197219
-37.0,50,4124.831891
-40.0,50,4127.399263
-27.0,50,4129.971984
-19.0,50,4132.519212
-36.0,50,4135.116587
-50.0,50,4137.680655
-43.0,50,4140.31163
-50.0,50,4142.847807
-25.0,50,4145.465286
-22.0,50,4148.09586
-16.0,50,4150.652991
-22.0,50,4153.268886
-27.0,50,4155.848611
-50.0,50,4158.37141
-47.0,50,4160.944437
-50.0,50,4163.512125
-27.0,50,4166.118786
-35.0,50,4168.707608
-50.0,50,4171.288481
-17.0,50,4173.868293
-46.0,50,4176.439848
-50.0,50,4179.060611
-21.0,50,4181.678851
-25.0,50,4184.22564
-30.0,50,4186.821468
-16.0,50,4189.397391
-24.0,50,4191.975228
-29.0,50,4194.530589
-9.0,50,4197.099002
-40.0,50,4199.642616
-29.0,50,4202.216617
-50.0,50,4204.810068
-14.0,50,4207.415665
-23.0,50,4209.986147
-13.0,50,4212.594774
-25.0,50,4215.164711
-19.0,50,4217.746008
-34.0,50,4220.31733
-19.0,50,4222.899101
-14.0,50,4225.49202
-12.0,50,4228.035852
-23.0,50,4230.654389
-14.0,50,4233.212504
-49.0,50,4235.782371
-44.0,50,4238.417552
-13.0,50,4240.956954
-21.0,50,4243.530895
-17.0,50,4246.137403
-28.0,50,4248.696029
-10.0,50,4251.332834
-13.0,50,4251.740718
-9.0,50,4252.14501
-13.0,50,4252.561846
-50.0,50,4252.984854
-13.0,50,4253.423027
-8.0,50,4253.853838
-50.0,50,4254.278268
-12.0,50,4254.655305
-50.0,50,4255.124304
-40.0,50,4255.613895
-12.0,50,4258.164461
-50.0,50,4260.729803
-38.0,50,4263.280669
-50.0,50,4265.941166
-11.0,50,4268.537452
-48.0,50,4271.147191
-32.0,50,4273.714987
-9.0,50,4276.327868
-50.0,50,4278.882828
-25.0,50,4281.451956
-33.0,50,4284.010685
-35.0,50,4286.60949
-20.0,50,4289.151428
-23.0,50,4291.756683
-12.0,50,4294.324816
-21.0,50,4296.915272
-21.0,50,4299.499417
-24.0,50,4302.104702
-26.0,50,4304.678918
-20.0,50,4307.29269
-50.0,50,4309.873414
-31.0,50,4312.466036
-43.0,50,4315.012362
-10.0,50,4317.624223
-15.0,50,4320.203003
-50.0,50,4322.760261
-18.0,50,4325.334153
-33.0,50,4327.950794
0.0,50,4330.546375
-10.0,50,4333.087764
-14.0,50,4335.653698
-9.0,50,4338.239002
-50.0,50,4340.861616
-50.0,50,4343.449193
-13.0,50,4346.091184
-32.0,50,4348.666867
-16.0,50,4351.300474
-48.0,50,4353.839924
-23.0,50,4356.481316
-50.0,50,4359.022333
-26.0,50,4361.59709
-9.0,50,4364.215405
-11.0,50,4366.775783
-20.0,50,4369.377906
-48.0,50,4371.9656
-21.0,50,4374.532307
-50.0,50,4377.077415
-50.0,50,4379.693848
-47.0,50,4382.253291
-6.0,50,4384.897262
-50.0,50,4385.302363
-50.0,50,4385.722566
-8.0,50,4386.144125
-50.0,50,4386.601082
-4.0,50,4387.065755
-21.0,50,4387.488249
-50.0,50,4387.91941
-9.0,50,4388.355312
-6.0,50,4388.787357
-8.0,50,4389.170564
-23.0,50,4391.775872
-27.0,50,4394.30518
-6.0,50,4396.94349
-18.0,50,4399.523262
-15.0,50,4402.092223
-6.0,50,4404.73209
-43.0,50,4407.384419
-37.0,50,4409.939111
-40.0,50,4412.540202
-17.0,50,4415.088321
-50.0,50,4417.683156
-50.0,50,4420.222713
-43.0,50,4422.803159
-50.0,50,4425.364264
-25.0,50,4427.917384
-29.0,50,4430.542781
-14.0,50,4433.089835
-26.0,50,4435.695186
-16.0,50,4438.269772
-24.0,50,4440.834844
-8.0,50,4443.397612
-8.0,50,4445.924364
-50.0,50,4448.557305
-46.0,50,4451.174121
-21.0,50,4453.795662
-41.0,50,4456.412812
-29.0,50,4458.950219
-18.0,50,4461.591735
-20.0,50,4464.169328
-45.0,50,4466.772557
-34.0,50,4469.326364
-31.0,50,4471.914993
-50.0,50,4474.496171
-50.0,50,4477.088323
-26.0,50,4479.706112
-7.0,50,4482.27061
-50.0,50,4484.807935
-12.0,50,4487.455281
-50.0,50,4490.027903
-12.0,50,4492.581426
-39.0,50,4495.206589
-20.0,50,4497.814472
-32.0,50,4500.378525
-45.0,50,4502.952292
-50.0,50,4505.511268
-50.0,50,4508.113682
-50.0,50,4510.70737
-42.0,50,4513.263088
-23.0,50,4515.853235
-10.0,50,4518.469161
-6.0,50,4518.897281
-9.0,50,4519.322627
-11.0,50,4519.735412
-5.0,50,4520.159075
-6.0,50,4520.567805
-18.0,50,4520.957131
-7.0,50,4521.355827
-4.0,50,4521.763771
-45.0,50,4522.161496
-30.0,50,4522.746948
-13.0,50,4525.344229
-30.0,50,4527.913744
-50.0,50,4530.507181
-50.0,50,4533.113919
-44.0,50,4535.66243
-29.0,50,4538.235893
-21.0,50,4540.838428
-50.0,50,4543.420331
-32.0,50,4546.024531
-38.0,50,4548.565743
-20.0,50,4551.124758
-34.0,50,4553.698177
-41.0,50,4556.260132
-9.0,50,4558.857309
-26.0,50,4561.400142
-16.0,50,4564.035018
-14.0,50,4566.600095
-50.0,50,4569.182304
-16.0,50,4571.746053
-27.0,50,4574.366915
-50.0,50,4576.932773
-17.0,50,4579.53362
-16.0,50,4582.098011
-20.0,50,4584.654137
-50.0,50,4587.222505
-15.0,50,4589.788745
-38.0,50,4592.370624
-50.0,50,4594.973942
-19.0,50,4597.589926
-48.0,50,4600.114269
-35.0,50,4602.713343
-50.0,50,4605.333284
-30.0,50,4607.892456
-15.0,50,4610.516276
-40.0,50,4613.089082
-23.0,50,4615.652541
-17.0,50,4618.248708
-47.0,50,4620.81198
-15.0,50,4623.382952
-9.0,50,4626.015148
-50.0,50,4628.626797
-7.0,50,4631.172668
-50.0,50,4633.770008
-9.0,50,4636.331805
-40.0,50,4638.883393
-11.0,50,4641.486866
-20.0,50,4644.052081
-15.0,50,4646.683847
-9.0,50,4649.256787
-14.0,50,4651.807242
-9.0,50,4652.234101
-8.0,50,4652.642146
-7.0,50,4653.073928
-8.0,50,4653.481607
-13.0,50,4653.87086
-11.0,50,4654.234078
-8.0,50,4654.626264
-9.0,50,4655.046463
-8.0,50,4655.453607
-43.0,50,4656.049803
-21.0,50,4658.662243
-9.0,50,4661.221264
-40.0,50,4663.828954
-50.0,50,4666.433934
-22.0,50,4669.003247
-49.0,50,4671.603504
-50.0,50,4674.189975
-30.0,50,4676.754966
-50.0,50,4679.328975
-22.0,50,4681.876997
-43.0,50,4684.480307
-14.0,50,4687.057061
-8.0,50,4689.642216
-33.0,50,4692.276996
-21.0,50,4694.852857
-47.0,50,4697.417741
-50.0,50,4700.012114
-49.0,50,4702.584029
-22.0,50,4705.172678
-50.0,50,4707.71236
-4.0,50,4710.269935
-45.0,50,4712.882873
-29.0,50,4715.460332
-11.0,50,4718.042918
-33.0,50,4720.616041
-12.0,50,4723.217503
-36.0,50,4725.808201
-50.0,50,4728.391307
-50.0,50,4730.992226
-31.0,50,4733.543208
-31.0,50,4736.137711
-50.0,50,4738.727765
-50.0,50,4741.284801
-23.0,50,4743.885393
-33.0,50,4746.47348
-45.0,50,4749.029727
-50.0,50,4751.686233
-37.0,50,4754.269607
-50.0,50,4756.902186
-29.0,50,4759.492075
-18.0,50,4762.112447
-15.0,50,4764.694417
-19.0,50,4767.278486
-13.0,50,4769.859909
-10.0,50,4772.420126
-45.0,50,4775.00931
-11.0,50,4777.621491
-12.0,50,4780.158995
-46.0,50,4782.800131
-7.0,50,4785.366462
-9.0,50,4785.798753
-23.0,50,4786.236627
0.0,50,4786.673804
0.0,50,4787.058518
-12.0,50,4787.45135
-8.0,50,4787.872265
-5.0,50,4788.329663
-7.0,50,4788.737766
-50.0,50,4789.150057
-19.0,50,4789.599686
-28.0,50,4792.213231
-45.0,50,4794.792546
-40.0,50,4797.397338
-49.0,50,4799.995254
-12.0,50,4802.534785
-43.0,50,4805.155976
-50.0,50,4807.788894
-25.0,50,4810.345349
-16.0,50,4812.909361
-12.0,50,4815.481936
-24.0,50,4818.087711
-41.0,50,4820.632794
-16.0,50,4823.223908
-50.0,50,4825.800105
-50.0,50,4828.383378
-50.0,50,4830.999514
-29.0,50,4833.54874
-25.0,50,4836.154005
-39.0,50,4838.739803
-38.0,50,4841.327865
-30.0,50,4843.93457
-20.0,50,4846.545804
-39.0,50,4849.10566
-12.0,50,4851.67695
-38.0,50,4854.291055
-41.0,50,4856.897007
-50.0,50,4859.473497
-50.0,50,4862.062549
-50.0,50,4864.64353
-11.0,50,4867.265043
-22.0,50,4869.83697
-15.0,50,4872.376687
-15.0,50,4874.915748
-25.0,50,4877.517479
-35.0,50,4880.1406
-12.0,50,4882.73657
-15.0,50,4885.288729
-8.0,50,4887.908036
-50.0,50,4890.503707
-33.0,50,4893.106647
-31.0,50,4895.653665
-23.0,50,4898.26806
-43.0,50,4900.863421
-18.0,50,4903.454621
-50.0,50,4906.012709
-28.0,50,4908.610236
-21.0,50,4911.165597
-34.0,50,4913.78245
-28.0,50,4916.368916
-7.0,50,4918.972053
-8.0,50,4919.394872
-50.0,50,4919.824301
-20.0,50,4920.247048
-12.0,50,4920.683738
-8.0,50,4921.131934
-8.0,50,4921.550707
-50.0,50,4921.967328
-11.0,50,4922.437545
-7.0,50,4922.865957
-26.0,50,4923.44705
-50.0,50,4926.040271
-14.0,50,4928.638203
-14.0,50,4931.285196
-22.0,50,4933.804548
-47.0,50,4936.430743
-30.0,50,4939.02819
-22.0,50,4941.644766
-50.0,50,4944.200767
-8.0,50,4946.770059
-15.0,50,4949.357877
-19.0,50,4951.928359
-11.0,50,4954.517006
-45.0,50,4957.115917
-36.0,50,4959.712092
-21.0,50,4962.316997
-45.0,50,4964.921523
-50.0,50,4967.487261
-27.0,50,4970.047067
-39.0,50,4972.648902
-50.0,50,4975.221385
-4.0,50,4977.765226
-26.0,50,4980.306674
-50.0,50,4982.963186
-35.0,50,4985.523331
-50.0,50,4988.101335
-16.0,50,4990.682177
-33.0,50,4993.239126
-20.0,50,4995.854883
-10.0,50,4998.471533
-44.0,50,5001.0419
-46.0,50,5003.661611
-10.0,50,5006.282737
-25.0,50,5008.825867
-20.0,50,5011.418676
-25.0,50,5014.006155
-36.0,50,5016.576225
-6.0,50,5019.205929
-21.0,50,5021.742712
-9.0,50,5024.346078
-43.0,50,5026.927267
-7.0,50,5029.537464
-12.0,50,5032.115531
-29.0,50,5034.702258
-31.0,50,5037.327143
-17.0,50,5039.904812
-12.0,50,5042.495248
-50.0,50,5045.040745
-50.0,50,5047.63352
-4.0,50,5050.177341
-50.0,50,5052.812189
-7.0,50,5053.218818
-9.0,50,5053.649678
-15.0,50,5054.041519
-9.0,50,5054.451586
-6.0,50,5054.885904
-6.0,50,5055.287644
-11.0,50,5055.705945
-7.0,50,5056.115203
-9.0,50,5056.515397
-45.0,50,5057.006269
-21.0,50,5059.585373
0.0,50,5062.156816
-12.0,50,5064.712452
-50.0,50,5067.300491
-12.0,50,5069.893941
-15.0,50,5072.455902
-43.0,50,5075.084963
-13.0,50,5077.668799
-31.0,50,5080.26037
-31.0,50,5082.852465
-14.0,50,5085.432457
-47.0,50,5088.043917
-31.0,50,5090.624454
-28.0,50,5093.272739
-42.0,50,5095.857568
-11.0,50,5098.485832
-50.0,50,5101.073946
-38.0,50,5103.641888
-44.0,50,5106.249271
-35.0,50,5108.820767
-35.0,50,5111.392629
-13.0,50,5114.012673
-35.0,50,5116.603481
-4.0,50,5119.168908
-15.0,50,5121.735051
-41.0,50,5124.311116
-32.0,50,5126.94119
-50.0,50,5129.485676
-37.0,50,5132.076144
-50.0,50,5134.657979
-14.0,50,5137.226986
-20.0,50,5139.800908
-32.0,50,5142.409092
-50.0,50,5144.992696
-16.0,50,5147.587283
-50.0,50,5150.175805
-43.0,50,5152.750604
-5.0,50,5155.324044
-15.0,50,5157.919431
-50.0,50,5160.495791
-24.0,50,5163.072661
-41.0,50,5165.657421
-28.0,50,5168.271002
-47.0,50,5170.851526
-50.0,50,5173.448565
-20.0,50,5176.023056
-50.0,50,5178.626797
-39.0,50,5181.209728
-35.0,50,5183.813
-9.0,50,5186.424553
-14.0,50,5186.842777
-8.0,50,5187.269447
-12.0,50,5187.701299
-49.0,50,5188.134944
-48.0,50,5188.563887
-5.0,50,5188.986923
-10.0,50,5189.361438
-10.0,50,5189.771344
-5.0,50,5190.157616
-15.0,50,5190.624888
-50.0,50,5193.18396
-50.0,50,5195.811896
-20.0,50,5198.422013
-24.0,50,5200.994182
-17.0,50,5203.611512
-35.0,50,5206.197187
-11.0,50,5208.756652
0.0,50,5211.311743
-42.0,50,5213.929873
-50.0,50,5216.517164
-17.0,50,5219.070865
-43.0,50,5221.625257
-19.0,50,5224.200343
-50.0,50,5226.821579
-50.0,50,5229.400646
-14.0,50,5232.002725
-11.0,50,5234.578455
-50.0,50,5237.12689
-12.0,50,5239.687374
-28.0,50,5242.300467
-8.0,50,5244.91784
-50.0,50,5247.491555
-29.0,50,5250.037444
-50.0,50,5252.615872
-50.0,50,5255.188348
-37.0,50,5257.736305
-50.0,50,5260.316259
-19.0,50,5262.896647
-23.0,50,5265.499143
-25.0,50,5268.070371
-37.0,50,5270.630606
-28.0,50,5273.243263
-45.0,50,5275.797363
-47.0,50,5278.404029
-50.0,50,5280.997201
-35.0,50,5283.586747
-9.0,50,5286.158423
-50.0,50,5288.759928
-18.0,50,5291.302352
-36.0,50,5293.922052
-50.0,50,5296.483549
-32.0,50,5299.125379
-41.0,50,5301.693549
-12.0,50,5304.230118
-47.0,50,5306.877948
-14.0,50,5309.484612
-12.0,50,5312.049269
-24.0,50,5314.649828
-34.0,50,5317.247046
-10.0,50,5319.81548
-14.0,50,5320.233585
-50.0,50,5320.663058
-13.0,50,5321.07435
-8.0,50,5321.488672
-8.0,50,5321.893423
-50.0,50,5322.346368
0.0,50,5322.774765
-13.0,50,5323.196174
-7.0,50,5323.605973
-12.0,50,5324.142355
-29.0,50,5326.713037
-48.0,50,5329.312019
-23.0,50,5331.876881
-44.0,50,5334.45921
-31.0,50,5337.06267
-17.0,50,5339.647177
-9.0,50,5342.199201
-50.0,50,5344.82596
-14.0,50,5347.395931
-6.0,50,5349.980163
-48.0,50,5352.569859
-50.0,50,5355.119874
-25.0,50,5357.702594
-7.0,50,5360.299464
-24.0,50,5362.857118
-19.0,50,5365.506041
-36.0,50,5368.076852
-41.0,50,5370.650606
-11.0,50,5373.233639
-30.0,50,5375.835253
-11.0,50,5378.409159
-22.0,50,5380.987715
-50.0,50,5383.539726
-9.0,50,5386.137824
-23.0,50,5388.714596
-34.0,50,5391.294415
-22.0,50,5393.90231
0.0,50,5396.534521
-17.0,50,5399.154056
-19.0,50,5401.766437
-32.0,50,5404.347489
-40.0,50,5406.914337
-19.0,50,5409.500839
-50.0,50,5412.121199
-50.0,50,5414.665365
-20.0,50,5417.254084
-37.0,50,5419.892606
-36.0,50,5422.472071
-20.0,50,5425.057356
-21.0,50,5427.645553
-12.0,50,5430.263223
-37.0,50,5432.829585
-19.0,50,5435.439054
-13.0,50,5438.045821
-50.0,50,5440.592418
-42.0,50,5443.200243
-25.0,50,5445.754573
-49.0,50,5448.288552
-48.0,50,5450.954167
-4.0,50,5453.510593
-9.0,50,5453.915161
0.0,50,5454.32362
-9.0,50,5454.746948
-11.0,50,5455.145106
-12.0,50,5455.579373
-12.0,50,5456.01086
-12.0,50,5456.420866
-12.0,50,5456.835027
-5.0,50,5457.223616
-50.0,50,5457.774481
-20.0,50,5460.370624
-38.0,50,5462.931246
-50.0,50,5465.517496
-50.0,50,5468.094592
-38.0,50,5470.687744
-34.0,50,5473.262342
-50.0,50,5475.813347
-11.0,50,5478.439075
-50.0,50,5481.077122
-32.0,50,5483.668895
-13.0,50,5486.208614
-50.0,50,5488.825797
-35.0,50,5491.411168
-11.0,50,5493.985827
-50.0,50,5496.65469
-11.0,50,5499.208224
-15.0,50,5501.825368
-18.0,50,5504.399589
-50.0,50,5506.951721
-41.0,50,5509.527714
-19.0,50,5512.101942
-50.0,50,5514.699072
-50.0,50,5517.232846
-7.0,50,5519.861268
-23.0,50,5522.449266
-5.0,50,5525.096742
-9.0,50,5527.702582
-9.0,50,5530.29337
-24.0,50,5532.894482
-30.0,50,5535.447076
-21.0,50,5538.080733
-20.0,50,5540.696072
-45.0,50,5543.322424
-44.0,50,5545.935026
-17.0,50,5548.507914
-32.0,50,5551.141871
-50.0,50,5553.753439
0.0,50,5556.339003
-33.0,50,5558.912629
-47.0,50,5561.513813
-50.0,50,5564.12993
-9.0,50,5566.71795
-38.0,50,5569.292454
-11.0,50,5571.918025
-44.0,50,5574.533055
-32.0,50,5577.107134
-32.0,50,5579.701755
-14.0,50,5582.297753
-36.0,50,5584.922274
-5.0,50,5587.493329
-5.0,50,5587.921638
-8.0,50,5588.310374
-7.0,50,5588.712162
-8.0,50,5589.113147
-8.0,50,5589.512946
-11.0,50,5589.937296
-8.0,50,5590.333993
0.0,50,5590.734387
-10.0,50,5591.159342
-50.0,50,5591.754353
-8.0,50,5594.317225
-46.0,50,5596.921849
-43.0,50,5599.497803
-26.0,50,5602.040305
-26.0,50,5604.660435
-50.0,50,5607.244893
-50.0,50,5609.820729
-43.0,50,5612.428729
-50.0,50,5615.01189
-19.0,50,5617.58425
-29.0,50,5620.167338
-31.0,50,5622.769592
-12.0,50,5625.362915
-21.0,50,5627.933573
-20.0,50,5630.52132
-18.0,50,5633.087277
-41.0,50,5635.688374
-24.0,50,5638.263289
-50.0,50,5640.829373
-36.0,50,5643.424379
-24.0,50,5646.022894
-50.0,50,5648.601873
-19.0,50,5651.209167
-35.0,50,5653.804107
-38.0,50,5656.375029
-8.0,50,5658.943167
-10.0,50,5661.573632
-11.0,50,5664.164195
-19.0,50,5666.771912
-16.0,50,5669.345376
-50.0,50,5671.931326
-15.0,50,5674.499373
0.0,50,5677.107556
-14.0,50,5679.733291
-50.0,50,5682.275213
-5.0,50,5684.898103
-20.0,50,5687.464062
-14.0,50,5690.10666
-19.0,50,5692.693822
-19.0,50,5695.269073
-8.0,50,5697.838699
-23.0,50,5700.430487
-24.0,50,5703.019743
-34.0,50,5705.640626
-50.0,50,5708.269013
0.0,50,5710.824323
-19.0,50,5713.439552
-44.0,50,5716.058177
-17.0,50,5718.630541
-7.0,50,5721.282063
0.0,50,5721.689873
-8.0,50,5722.116277
-8.0,50,5722.510181
-14.0,50,5722.907921
-8.0,50,5723.298438
-4.0,50,5723.694602
-7.0,50,5724.123577
-16.0,50,5724.550854
-4.0,50,5724.952228
0.0,50,5725.42714
-50.0,50,5728.056167
-50.0,50,5730.662693
-12.0,50,5733.261381
-27.0,50,5735.872119
-30.0,50,5738.492688
-50.0,50,5741.117216
-15.0,50,5743.72716
-17.0,50,5746.314807
-50.0,50,5748.90107
-50.0,50,5751.50038
0.0,50,5754.062999
-9.0,50,5756.659734
-50.0,50,5759.234752
-39.0,50,5761.820895
-35.0,50,5764.44171
-45.0,50,5766.988585
-46.0,50,5769.581684
-34.0,50,5772.198924
-32.0,50,5774.777272
-50.0,50,5777.33916
-28.0,50,5779.936671
-6.0,50,5782.588177
-19.0,50,5785.15822
-6.0,50,5787.732037
-50.0,50,5790.362058
-50.0,50,5792.942427
-30.0,50,5795.49916
-50.0,50,5798.128869
-12.0,50,5800.716394
-34.0,50,5803.335467
-18.0,50,5805.940049
-13.0,50,5808.483533
-50.0,50,5811.127959
-16.0,50,5813.739572
-17.0,50,5816.351034
-30.0,50,5818.912021
-11.0,50,5821.550786
-12.0,50,5824.176622
-25.0,50,5826.768547
-25.0,50,5829.33632
-43.0,50,5831.961689
0.0,50,5834.51846
-50.0,50,5837.129276
-18.0,50,5839.71997
-37.0,50,5842.30998
-44.0,50,5844.932207
-50.0,50,5847.530524
-47.0,50,5850.086577
-33.0,50,5852.714561
-12.0,50,5855.356182
-5.0,50,5855.772612
-49.0,50,5856.224461
-6.0,50,5856.645437
-22.0,50,5857.060838
-8.0,50,5857.479562
-8.0,50,5857.874874
-5.0,50,5858.288988
-50.0,50,5858.722337
-12.0,50,5859.124166
-11.0,50,5859.673123
-25.0,50,5862.27822
-30.0,50,5864.922339
-50.0,50,5867.489952
-50.0,50,5870.111584
-20.0,50,5872.70277
-50.0,50,5875.342319
-50.0,50,5877.904282
-36.0,50,5880.525644
-43.0,50,5883.103262
-36.0,50,5885.732504
-20.0,50,5888.276212
-23.0,50,5890.896971
-18.0,50,5893.45043
-43.0,50,5896.018878
-50.0,50,5898.604208
-11.0,50,5901.238785
-27.0,50,5903.80185
0.0,50,5906.369448
-7.0,50,5908.937745
-29.0,50,5911.585341
-37.0,50,5914.159529
-39.0,50,5916.764462
-28.0,50,5919.356611
-24.0,50,5921.920298
-50.0,50,5924.575435
-6.0,50,5927.178338
-13.0,50,5929.766389
-20.0,50,5932.380395
-42.0,50,5934.942322
-50.0,50,5937.551787
-10.0,50,5940.16183
-34.0,50,5942.798346
-14.0,50,5945.389555
-50.0,50,5947.959324
-43.0,50,5950.538575
-28.0,50,5953.158961
-20.0,50,5955.785927
-20.0,50,5958.424402
-24.0,50,5961.008275
-33.0,50,5963.636883
-13.0,50,5966.211248
-24.0,50,5968.81578
-11.0,50,5971.390683
-36.0,50,5973.989099
-39.0,50,5976.560024
-16.0,50,5979.133576
-37.0,50,5981.714121
-39.0,50,5984.316746
-50.0,50,5986.888752
-6.0,50,5989.507543
-10.0,50,5989.984303
-6.0,50,5990.390125
-50.0,50,5990.795085
-12.0,50,5991.236382
-9.0,50,5991.678902
-7.0,50,5992.096161
-13.0,50,5992.499839
-5.0,50,5992.895877
-50.0,50,5993.322865
-49.0,50,5993.794398
-43.0,50,5996.432837
-33.0,50,5999.031709
-50.0,50,6001.616408
-34.0,50,6004.170488
-24.0,50,6006.782734
-50.0,50,6009.311841
-18.0,50,6011.922812
-24.0,50,6014.508121
0.0,50,6017.115178
-34.0,50,6019.724884
-26.0,50,6022.31151
-50.0,50,6024.911279
-20.0,50,6027.507876
-40.0,50,6030.111812
-50.0,50,6032.659296
-47.0,50,6035.279748
-12.0,50,6037.877687
-50.0,50,6040.433003
-49.0,50,6043.01342
-22.0,50,6045.61782
-46.0,50,6048.144793
-45.0,50,6050.733187
-50.0,50,6053.397131
-12.0,50,6055.985134
-42.0,50,6058.561638
-40.0,50,6061.170748
-15.0,50,6063.757818
-16.0,50,6066.37291
-22.0,50,6068.950881
-26.0,50,6071.532298
-41.0,50,6074.179671
-42.0,50,6076.730907
-43.0,50,6079.36553
-20.0,50,6081.927178
-28.0,50,6084.470589
-35.0,50,6087.152572
-27.0,50,6089.769924
-25.0,50,6092.379044
-14.0,50,6095.009916
-14.0,50,6097.586549
-47.0,50,6100.165112
-31.0,50,6102.770691
-47.0,50,6105.380393
-50.0,50,6107.95868
-40.0,50,6110.554266
-38.0,50,6113.184941
-17.0,50,6115.759151
-25.0,50,6118.390955
-50.0,50,6120.978838
-50.0,50,6123.652171
-9.0,50,6124.060435
-15.0,50,6124.495327
-47.0,50,6124.926272
-45.0,50,6125.350157
-10.0,50,6125.754265
-9.0,50,6126.192992
-11.0,50,6126.605847
-4.0,50,6127.05644
-12.0,50,6127.502783
-45.0,50,6127.933559
-28.0,50,6130.5178
-37.0,50,6133.118171
-17.0,50,6135.719092
-41.0,50,6138.311087
-13.0,50,6140.928289
-30.0,50,6143.552188
-32.0,50,6146.127518
-42.0,50,6148.774198
-6.0,50,6151.365683
-10.0,50,6154.001093
-22.0,50,6156.601793
-12.0,50,6159.196096
-33.0,50,6161.786744
-29.0,50,6164.352213
-16.0,50,6166.891201
-50.0,50,6169.528504
-50.0,50,6172.112355
-14.0,50,6174.72147
-22.0,50,6177.312364
0.0,50,6179.907109
-19.0,50,6182.538082
-26.0,50,6185.122878
-27.0,50,6187.688099
-24.0,50,6190.280058
-33.0,50,6192.912323
-9.0,50,6195.489577
-29.0,50,6198.082653
-47.0,50,6200.681854
-27.0,50,6203.278442
-8.0,50,6205.897632
-38.0,50,6208.507745
-22.0,50,6211.094046
-13.0,50,6213.71108
-37.0,50,6216.321491
-45.0,50,6218.956187
-19.0,50,6221.501009
-13.0,50,6224.135804
-23.0,50,6226.760257
-9.0,50,6229.382738
-48.0,50,6231.958704
-17.0,50,6234.526157
-22.0,50,6237.096358
-14.0,50,6239.685924
-50.0,50,6242.263045
-45.0,50,6244.881804
-12.0,50,6247.487769
-10.0,50,6250.046463
-41.0,50,6252.636714
-50.0,50,6255.233382
-9.0,50,6257.83466
-3.0,50,6258.27155
-11.0,50,6258.720534
-12.0,50,6259.126931
0.0,50,6259.540972
-9.0,50,6259.94188
-10.0,50,6260.33989
-14.0,50,6260.746245
-10.0,50,6261.188576
-8.0,50,6261.598099
-41.0,50,6262.012857
-47.0,50,6264.609353
-28.0,50,6267.206364
-20.0,50,6269.830498
-16.0,50,6272.361798
0.0,50,6274.960099
-26.0,50,6277.5379
-10.0,50,6280.136864
-50.0,50,6282.756191
-16.0,50,6285.353169
-19.0,50,6287.99717
-25.0,50,6290.581939
-35.0,50,6293.128675
-50.0,50,6295.765734
-13.0,50,6298.332793
-50.0,50,6300.98291
-29.0,50,6303.609784
-37.0,50,6306.179607
-18.0,50,6308.792214
-47.0,50,6311.38881
-50.0,50,6314.009416
-11.0,50,6316.625372
-30.0,50,6319.237056
-44.0,50,6321.822819
-49.0,50,6324.381219
-50.0,50,6326.95848
-17.0,50,6329.568946
-50.0,50,6332.194654
-42.0,50,6334.802753
-42.0,50,6337.379157
-21.0,50,6339.950306
-41.0,50,6342.588321
-15.0,50,6345.125336
-14.0,50,6347.694611
-27.0,50,6350.308394
-17.0,50,6352.915637
-42.0,50,6355.518362
-29.0,50,6358.15028
-18.0,50,6360.725717
-16.0,50,6363.317731
-50.0,50,6365.914095
-11.0,50,6368.486126
-9.0,50,6371.08943
-43.0,50,6373.688183
-23.0,50,6376.272173
-31.0,50,6378.881191
-28.0,50,6381.447493
-50.0,50,6384.070985
0.0,50,6386.659001
-8.0,50,6389.244202
-47.0,50,6391.825313
-8.0,50,6392.274029
-45.0,50,6392.648471
-10.0,50,6393.088621
-8.0,50,6393.522864
-50.0,50,6393.973743
-11.0,50,6394.390966
-10.0,50,6394.824204
-14.0,50,6395.232197
-7.0,50,6395.648998
-25.0,50,6396.105903
0.0,50,6398.685226
-22.0,50,6401.291889
-9.0,50,6403.88124
-26.0,50,6406.481154
-27.0,50,6409.108011
-15.0,50,6411.72826
-38.0,50,6414.303715
-36.0,50,6416.941632
-10.0,50,6419.556818
-50.0,50,6422.06326
-29.0,50,6424.732736
-17.0,50,6427.310035
-45.0,50,6429.956497
-45.0,50,6432.531265
-38.0,50,6435.094733
-50.0,50,6437.682904
-19.0,50,6440.30917
-19.0,50,6442.861501
-16.0,50,6445.441195
-10.0,50,6448.072219
-14.0,50,6450.69153
-49.0,50,6453.262549
-50.0,50,6455.860242
-34.0,50,6458.46244
-33.0,50,6461.057543
-21.0,50,6463.687943
-50.0,50,6466.270251
0.0,50,6468.832762
-16.0,50,6471.4661
-24.0,50,6474.049856
-25.0,50,6476.65108
-29.0,50,6479.234349
-28.0,50,6481.840989
-48.0,50,6484.458185
-13.0,50,6487.058835
-48.0,50,6489.631
-27.0,50,6492.217811
-12.0,50,6494.838891
0.0,50,6497.411383
-10.0,50,6500.056044
-13.0,50,6502.643635
-50.0,50,6505.249131
-13.0,50,6507.864321
-30.0,50,6510.478684
-19.0,50,6513.049426
-37.0,50,6515.668116
-20.0,50,6518.248573
-35.0,50,6520.835994
-10.0,50,6523.443585
-11.0,50,6526.08118
-12.0,50,6526.472109
0.0,50,6526.887185
-34.0,50,6527.308841
-50.0,50,6527.709433
-10.0,50,6528.116986
-4.0,50,6528.52353
-6.0,50,6528.964302
-8.0,50,6529.408015
-17.0,50,6529.804597
-23.0,50,6530.218765
-31.0,50,6532.809739
-41.0,50,6535.408227
-37.0,50,6538.018187
-50.0,50,6540.630198
-50.0,50,6543.221906
-43.0,50,6545.839357
-50.0,50,6548.434328
-39.0,50,6551.028649
-32.0,50,6553.609438
-45.0,50,6556.243473
-40.0,50,6558.900725
-38.0,50,6561.495314
-15.0,50,6564.080154
-32.0,50,6566.689711
-22.0,50,6569.287797
-38.0,50,6571.886408
-33.0,50,6574.482568
-4.0,50,6577.110589
-45.0,50,6579.700057
-50.0,50,6582.336895
-19.0,50,6584.93072
-19.0,50,6587.578325
-23.0,50,6590.187574
-13.0,50,6592.733129
0.0,50,6595.350135
-20.0,50,6598.004536
-47.0,50,6600.606302
-41.0,50,6603.178251
-50.0,50,6605.732129
-50.0,50,6608.365588
-20.0,50,6610.971899
-44.0,50,6613.56809
-20.0,50,6616.126985
-10.0,50,6618.759008
-19.0,50,6621.351597
-50.0,50,6623.928586
-12.0,50,6626.555726
-35.0,50,6629.179933
-42.0,50,6631.766883
-50.0,50,6634.383149
-42.0,50,6636.988172
-35.0,50,6639.597664
-35.0,50,6642.149423
-2.0,50,6644.79177
-50.0,50,6647.366968
-10.0,50,6649.945237
-41.0,50,6652.554839
-48.0,50,6655.181782
-27.0,50,6657.752435
-4.0,50,6660.369615
-7.0,50,6660.779284
-10.0,50,6661.199038
-39.0,50,6661.617008
-45.0,50,6662.075163
-13.0,50,6662.485031
-46.0,50,6662.930964
-5.0,50,6663.363913
-8.0,50,6663.7686
-6.0,50,6664.16949
