# {"t_start": 1581447376.0122254, "env_id": "FetchPush-v1"} 
r,l,t
-50.0,50,6.150207
-50.0,50,10.048792
-50.0,50,13.681257
-50.0,50,17.329062
0.0,50,20.893101
-50.0,50,24.504206
-50.0,50,28.063235
-50.0,50,31.687806
0.0,50,35.247258
-50.0,50,38.857304
-50.0,50,42.479561
-50.0,50,46.102745
-50.0,50,49.701802
-50.0,50,53.304397
-50.0,50,56.936517
-50.0,50,60.496734
-50.0,50,64.12316
-50.0,50,67.734974
-50.0,50,71.354452
-50.0,50,74.915887
-50.0,50,78.606612
-50.0,50,82.195313
-50.0,50,85.792495
-50.0,50,89.431192
-50.0,50,93.07467
-50.0,50,96.720815
-50.0,50,100.399543
-50.0,50,103.994414
-50.0,50,107.449207
-50.0,50,111.098836
-50.0,50,114.736985
-50.0,50,117.798134
-50.0,50,120.647592
-50.0,50,123.513814
-50.0,50,126.196522
0.0,50,128.825464
-50.0,50,131.431243
-50.0,50,134.048441
-50.0,50,136.659304
-50.0,50,139.22726
-50.0,50,141.864521
-50.0,50,144.466481
-50.0,50,147.024965
-50.0,50,149.668305
-50.0,50,152.229927
-50.0,50,154.823216
-50.0,50,157.427286
-50.0,50,160.012334
-50.0,50,162.663315
-50.0,50,165.231633
-50.0,50,167.921152
-50.0,50,168.396267
-50.0,50,168.830777
-50.0,50,169.2706
-50.0,50,169.695022
-50.0,50,170.129911
-50.0,50,170.573647
-50.0,50,171.070393
-50.0,50,171.519108
-50.0,50,172.037456
-50.0,50,172.58164
-50.0,50,175.246992
-50.0,50,177.851186
-50.0,50,180.468165
-50.0,50,183.103915
-50.0,50,185.687306
-50.0,50,188.287148
-50.0,50,190.875794
-50.0,50,193.480613
-50.0,50,196.070385
-50.0,50,198.690406
-50.0,50,201.305838
-50.0,50,203.880222
-50.0,50,206.486207
-50.0,50,209.094256
-50.0,50,211.725457
-4.0,50,214.322736
-50.0,50,216.938303
-50.0,50,219.561033
-50.0,50,222.167212
-50.0,50,224.748755
-50.0,50,227.406786
-50.0,50,230.046316
-50.0,50,232.682963
0.0,50,235.248701
-50.0,50,237.863617
-50.0,50,240.489252
-50.0,50,243.13539
-50.0,50,245.731817
-50.0,50,248.357589
-50.0,50,250.973612
-50.0,50,253.55272
-50.0,50,256.143219
-50.0,50,258.820051
-50.0,50,261.390302
-50.0,50,264.007942
-50.0,50,266.60129
-50.0,50,269.242226
-50.0,50,271.883693
-50.0,50,274.520143
-50.0,50,277.363257
-50.0,50,280.250863
-50.0,50,283.021328
0.0,50,285.641128
-50.0,50,288.35915
-50.0,50,291.56181
-50.0,50,294.560099
-50.0,50,297.493814
-50.0,50,300.489738
-50.0,50,303.411423
-50.0,50,306.278578
-50.0,50,306.677243
-50.0,50,307.132603
-50.0,50,307.622047
-50.0,50,308.078066
-50.0,50,308.593471
-50.0,50,309.101911
-50.0,50,309.609578
-50.0,50,310.116453
-50.0,50,310.617892
-50.0,50,311.31846
0.0,50,314.154535
0.0,50,316.711485
-50.0,50,319.466075
-50.0,50,322.158697
-50.0,50,324.863627
-50.0,50,327.508536
0.0,50,330.27063
-50.0,50,333.019421
-50.0,50,335.677412
-50.0,50,338.325061
-50.0,50,340.942781
-50.0,50,343.633559
-50.0,50,346.325351
-50.0,50,349.125853
-50.0,50,351.902877
-50.0,50,354.552501
-50.0,50,357.587769
-50.0,50,361.475591
-50.0,50,365.093947
-50.0,50,368.528857
-50.0,50,372.162525
0.0,50,375.592061
-50.0,50,379.176732
0.0,50,382.832852
-50.0,50,386.407509
0.0,50,390.031887
-50.0,50,393.641135
-50.0,50,397.209989
-50.0,50,400.792847
-50.0,50,404.42338
-50.0,50,408.068818
-50.0,50,411.582239
0.0,50,415.290678
0.0,50,418.885213
-50.0,50,422.48964
-50.0,50,426.088637
-50.0,50,429.674402
-50.0,50,433.32246
-50.0,50,436.812503
-50.0,50,440.345077
-50.0,50,444.052014
-50.0,50,447.686898
-50.0,50,451.16774
0.0,50,454.767097
-50.0,50,458.356041
-50.0,50,461.668028
-50.0,50,465.257025
-50.0,50,468.845096
-50.0,50,472.443924
-50.0,50,476.128854
-50.0,50,476.664078
-50.0,50,477.24405
-50.0,50,477.781356
-50.0,50,478.278546
-50.0,50,478.817467
-50.0,50,479.328181
-50.0,50,479.863741
0.0,50,480.431054
0.0,50,480.964153
-50.0,50,481.550459
-50.0,50,485.275068
0.0,50,488.730203
0.0,50,491.908106
-50.0,50,494.603021
-50.0,50,497.364897
-50.0,50,500.021399
-50.0,50,502.737692
-50.0,50,505.428971
-50.0,50,508.313094
-50.0,50,511.10496
-50.0,50,513.803936
-50.0,50,516.467489
-50.0,50,519.135016
-50.0,50,521.854751
-50.0,50,524.632158
-50.0,50,527.235456
-50.0,50,529.854167
-50.0,50,532.420915
-50.0,50,534.99895
-50.0,50,537.614627
-50.0,50,540.229158
-50.0,50,542.807173
-50.0,50,545.417223
-50.0,50,547.957814
-50.0,50,550.558422
-4.0,50,553.169809
-50.0,50,555.753261
-3.0,50,558.353922
-50.0,50,560.928758
-50.0,50,563.512051
-50.0,50,566.096371
-50.0,50,568.732143
-50.0,50,571.302632
-50.0,50,573.888176
-5.0,50,576.447651
-50.0,50,579.069553
-50.0,50,581.655327
-50.0,50,584.262254
-50.0,50,586.84904
-50.0,50,589.451921
-50.0,50,592.062828
-50.0,50,594.860631
-50.0,50,597.884542
-50.0,50,600.699706
-50.0,50,603.733235
0.0,50,606.8927
-50.0,50,609.892455
-50.0,50,612.837252
-50.0,50,615.881972
-50.0,50,618.862464
-50.0,50,619.315275
-50.0,50,619.8197
-50.0,50,620.305597
-50.0,50,620.760574
-50.0,50,621.259759
-50.0,50,621.710825
-50.0,50,622.153699
-50.0,50,622.641119
-50.0,50,623.144201
-50.0,50,623.883063
-50.0,50,626.809645
0.0,50,629.762275
-50.0,50,632.699953
-50.0,50,635.650023
0.0,50,638.610702
-50.0,50,641.596309
-50.0,50,644.742097
-50.0,50,648.277225
0.0,50,651.592559
-50.0,50,654.818781
-50.0,50,658.323108
-50.0,50,661.646357
-50.0,50,664.994812
-50.0,50,668.654933
-50.0,50,671.612432
-50.0,50,674.793099
-50.0,50,678.371244
-50.0,50,681.977661
0.0,50,685.31497
-50.0,50,688.812821
-50.0,50,692.440162
-50.0,50,695.961378
-50.0,50,699.545634
-50.0,50,703.097406
0.0,50,706.711533
-50.0,50,710.327109
-50.0,50,713.807868
-50.0,50,717.496093
-50.0,50,721.11285
-50.0,50,724.737475
-50.0,50,728.327357
-50.0,50,732.05196
-50.0,50,735.741492
-50.0,50,739.29798
-50.0,50,742.988208
-50.0,50,746.591957
0.0,50,750.157807
-50.0,50,753.786083
-50.0,50,757.452449
-50.0,50,760.99848
-50.0,50,764.656531
-50.0,50,768.303668
-50.0,50,771.901156
-50.0,50,775.428878
0.0,50,779.084408
-50.0,50,782.710948
-50.0,50,786.119285
-50.0,50,788.941168
-50.0,50,791.624867
-50.0,50,794.330949
-50.0,50,794.767879
-50.0,50,795.224221
-50.0,50,795.731538
-50.0,50,796.190296
-50.0,50,796.666007
-50.0,50,797.132902
-50.0,50,797.68548
-50.0,50,798.12688
-50.0,50,798.606222
-50.0,50,799.062184
-50.0,50,801.84404
-50.0,50,804.690714
-50.0,50,807.636355
-50.0,50,810.519817
-50.0,50,814.065783
0.0,50,816.71587
-50.0,50,819.621057
-50.0,50,822.319728
-50.0,50,824.96259
-50.0,50,827.791704
-50.0,50,830.895069
-50.0,50,833.73951
-50.0,50,836.735215
-50.0,50,839.371907
-50.0,50,842.630695
-50.0,50,845.738014
-50.0,50,849.110451
-50.0,50,851.860841
-50.0,50,854.864572
-47.0,50,858.351711
-50.0,50,861.994773
-50.0,50,864.894217
-50.0,50,867.733725
-50.0,50,870.626669
-50.0,50,873.375687
-50.0,50,877.02132
-50.0,50,879.84357
-50.0,50,882.808218
-50.0,50,885.654224
-50.0,50,888.36302
-50.0,50,891.079633
-50.0,50,893.747686
-50.0,50,896.397449
-50.0,50,899.24716
-48.0,50,902.049516
-50.0,50,904.694248
-50.0,50,907.440534
-50.0,50,910.956073
-50.0,50,915.194243
-50.0,50,920.335887
-50.0,50,923.074467
-2.0,50,926.150372
-50.0,50,929.319612
-50.0,50,932.081057
-50.0,50,934.910676
-50.0,50,938.764949
-50.0,50,941.502982
-50.0,50,944.099333
-50.0,50,946.734209
-50.0,50,949.383054
-50.0,50,949.841162
-50.0,50,950.292825
-50.0,50,950.79393
-50.0,50,951.26036
-50.0,50,951.720509
-50.0,50,952.163866
-50.0,50,952.61844
-33.0,50,953.084868
-50.0,50,953.537891
-50.0,50,953.924531
-50.0,50,956.57501
0.0,50,959.198034
-50.0,50,961.798433
-50.0,50,964.383395
-50.0,50,966.963399
-50.0,50,969.592676
-50.0,50,972.178699
-50.0,50,975.169812
-50.0,50,978.565143
0.0,50,981.277828
-50.0,50,984.192292
-50.0,50,986.908221
-50.0,50,989.818696
-50.0,50,992.581152
-50.0,50,995.566169
-50.0,50,998.631689
-50.0,50,1002.401334
-50.0,50,1006.094235
0.0,50,1009.432187
-50.0,50,1013.259039
-50.0,50,1017.201591
-50.0,50,1021.180546
-50.0,50,1025.142833
-39.0,50,1028.888294
-50.0,50,1032.396574
-50.0,50,1036.043753
-50.0,50,1039.667442
-50.0,50,1043.267589
-50.0,50,1046.902439
-47.0,50,1050.5181
-46.0,50,1054.12764
-50.0,50,1057.583685
-50.0,50,1061.054127
-50.0,50,1064.720476
-50.0,50,1068.325944
-50.0,50,1071.87978
-50.0,50,1075.437794
-50.0,50,1079.127131
-22.0,50,1082.719765
-48.0,50,1086.816404
-50.0,50,1090.747511
-50.0,50,1094.385353
-50.0,50,1097.989931
-50.0,50,1101.532723
-50.0,50,1104.939064
-50.0,50,1108.592019
-50.0,50,1112.185405
-10.0,50,1115.884704
-3.0,50,1119.503134
0.0,50,1123.159158
-50.0,50,1123.726596
-4.0,50,1124.288424
-50.0,50,1124.829137
-50.0,50,1125.313791
-50.0,50,1125.839553
-50.0,50,1126.364925
-50.0,50,1126.963475
0.0,50,1127.469908
-50.0,50,1128.042984
-50.0,50,1128.686436
-50.0,50,1132.261172
0.0,50,1135.688746
-50.0,50,1139.179395
-50.0,50,1142.582761
0.0,50,1146.625185
-50.0,50,1149.667413
-50.0,50,1153.270733
-50.0,50,1156.857279
-50.0,50,1160.396429
-50.0,50,1163.912068
-50.0,50,1167.540045
-50.0,50,1171.023757
-50.0,50,1174.7619
-1.0,50,1178.377014
-50.0,50,1181.89053
-50.0,50,1185.376384
-50.0,50,1188.912368
-50.0,50,1192.542624
-50.0,50,1195.496125
-49.0,50,1198.271604
-50.0,50,1200.975306
-11.0,50,1203.670969
0.0,50,1206.273603
-50.0,50,1208.863644
-50.0,50,1211.49609
-50.0,50,1214.096317
-50.0,50,1216.696365
-50.0,50,1219.316637
-50.0,50,1221.890054
-50.0,50,1224.531146
-50.0,50,1227.117112
0.0,50,1229.698828
-24.0,50,1232.309878
-50.0,50,1234.913385
-50.0,50,1237.50951
-50.0,50,1240.086672
0.0,50,1242.697536
-50.0,50,1245.312649
0.0,50,1247.910367
-46.0,50,1250.535318
-50.0,50,1253.124676
-50.0,50,1255.764239
-11.0,50,1258.362262
-50.0,50,1260.989868
-50.0,50,1263.571153
-50.0,50,1266.181947
-50.0,50,1268.787417
-50.0,50,1271.378346
-50.0,50,1273.951244
-9.0,50,1276.477194
-50.0,50,1276.884802
-7.0,50,1277.286393
-50.0,50,1277.677549
-50.0,50,1278.074177
-50.0,50,1278.481385
-50.0,50,1278.870346
-48.0,50,1279.252829
0.0,50,1279.616727
-50.0,50,1280.006917
-50.0,50,1280.432511
-48.0,50,1282.748341
-16.0,50,1285.055278
-9.0,50,1287.337483
-28.0,50,1289.664011
-43.0,50,1291.947346
-46.0,50,1294.190444
-6.0,50,1296.497302
-39.0,50,1298.754927
-50.0,50,1301.087785
-50.0,50,1303.367033
-50.0,50,1305.688145
-50.0,50,1308.033385
-43.0,50,1310.354107
-46.0,50,1312.631621
0.0,50,1314.919907
-50.0,50,1317.234092
-50.0,50,1319.507436
-17.0,50,1321.776568
-15.0,50,1324.064065
-50.0,50,1326.366499
-50.0,50,1328.688434
0.0,50,1330.959781
0.0,50,1333.224853
-5.0,50,1335.49614
-15.0,50,1337.749355
-34.0,50,1340.054229
-50.0,50,1342.331671
-7.0,50,1344.651148
-22.0,50,1346.879949
-13.0,50,1349.198895
-50.0,50,1351.497348
-50.0,50,1353.788185
-50.0,50,1356.05603
-18.0,50,1358.374225
-50.0,50,1360.628609
-8.0,50,1362.921164
-50.0,50,1365.202135
0.0,50,1367.49539
-45.0,50,1369.76587
-10.0,50,1372.046884
0.0,50,1374.325414
-14.0,50,1376.586419
-27.0,50,1378.892534
-29.0,50,1381.172421
-34.0,50,1383.441085
-14.0,50,1385.747416
-40.0,50,1388.016239
-50.0,50,1390.331091
-12.0,50,1392.816636
-7.0,50,1395.225969
-10.0,50,1395.634921
-50.0,50,1396.067742
-8.0,50,1396.525938
0.0,50,1396.931165
-12.0,50,1397.344359
-32.0,50,1397.744069
-7.0,50,1398.152857
-50.0,50,1398.546353
0.0,50,1398.97171
-50.0,50,1399.457225
-50.0,50,1401.852272
-50.0,50,1404.148426
-50.0,50,1406.515652
-30.0,50,1408.816515
-17.0,50,1411.261307
-22.0,50,1413.79987
-50.0,50,1416.201083
-24.0,50,1418.610873
-50.0,50,1420.903329
-17.0,50,1423.21806
-47.0,50,1425.494902
-49.0,50,1427.773911
-24.0,50,1430.119658
0.0,50,1432.409252
-26.0,50,1434.686447
-45.0,50,1437.001456
-48.0,50,1439.266023
-11.0,50,1441.565547
-50.0,50,1443.862345
0.0,50,1446.106265
-35.0,50,1448.420851
-50.0,50,1450.692735
0.0,50,1452.993236
-9.0,50,1455.240762
-23.0,50,1457.49963
-50.0,50,1459.797432
-11.0,50,1462.073853
-42.0,50,1464.343493
0.0,50,1466.619235
-45.0,50,1468.88865
-36.0,50,1471.185182
-50.0,50,1473.407823
-43.0,50,1475.706152
-22.0,50,1477.973301
-50.0,50,1480.235457
-13.0,50,1482.478125
-50.0,50,1484.73575
-46.0,50,1487.045178
-31.0,50,1489.281869
-28.0,50,1491.533265
-17.0,50,1493.79859
-15.0,50,1496.05035
-34.0,50,1498.335277
-20.0,50,1500.580468
-22.0,50,1502.842535
-26.0,50,1505.111171
0.0,50,1507.329391
-16.0,50,1509.591901
-13.0,50,1511.834857
-3.0,50,1514.132928
0.0,50,1514.526006
-9.0,50,1514.918861
-6.0,50,1515.318561
-12.0,50,1515.691404
-9.0,50,1516.117799
-50.0,50,1516.508965
-10.0,50,1516.902478
-6.0,50,1517.277587
-15.0,50,1517.67986
-22.0,50,1518.168741
-50.0,50,1520.413218
-10.0,50,1522.663109
-22.0,50,1524.969132
-35.0,50,1527.220916
-13.0,50,1529.482674
-17.0,50,1531.710765
-17.0,50,1533.978412
-43.0,50,1536.22208
-50.0,50,1538.481038
-48.0,50,1540.722166
-50.0,50,1543.010756
-25.0,50,1545.288128
-21.0,50,1547.553385
-37.0,50,1549.795691
-18.0,50,1552.051847
-19.0,50,1554.296503
-19.0,50,1556.540022
-10.0,50,1558.79639
-23.0,50,1561.045599
0.0,50,1563.339025
-20.0,50,1565.588654
-41.0,50,1567.879344
-13.0,50,1570.135892
-50.0,50,1572.354131
-50.0,50,1574.627908
-21.0,50,1576.884556
-50.0,50,1579.171032
-33.0,50,1581.43486
-50.0,50,1583.732742
-50.0,50,1585.957528
-29.0,50,1588.184436
-5.0,50,1590.496528
-13.0,50,1592.72632
-40.0,50,1595.042745
-9.0,50,1597.27702
-17.0,50,1599.568707
-17.0,50,1601.787468
-25.0,50,1604.083948
-16.0,50,1606.347858
-26.0,50,1608.589435
-22.0,50,1610.848775
-23.0,50,1613.109897
-22.0,50,1615.383165
-9.0,50,1617.661681
-23.0,50,1619.930835
-19.0,50,1622.209001
-15.0,50,1624.466256
-10.0,50,1626.730741
-42.0,50,1628.979665
-9.0,50,1631.258201
0.0,50,1631.661884
-8.0,50,1632.085872
-8.0,50,1632.509935
-4.0,50,1632.938919
-33.0,50,1633.315906
-6.0,50,1633.692253
-18.0,50,1634.096651
-41.0,50,1634.46141
-10.0,50,1634.854397
-17.0,50,1635.276133
-22.0,50,1637.588059
-27.0,50,1639.814259
-22.0,50,1642.083953
-14.0,50,1644.34089
-12.0,50,1646.643331
-19.0,50,1648.886934
-33.0,50,1651.198354
-20.0,50,1653.445403
-31.0,50,1655.730099
-22.0,50,1657.979867
-15.0,50,1660.262028
-17.0,50,1662.53849
-45.0,50,1664.780358
-39.0,50,1667.026358
-17.0,50,1669.301149
-49.0,50,1671.530543
-38.0,50,1673.771285
-34.0,50,1676.04269
-14.0,50,1678.297339
-4.0,50,1680.550637
-25.0,50,1682.839271
-15.0,50,1685.101539
-23.0,50,1687.403538
-15.0,50,1689.642702
-12.0,50,1691.896259
-32.0,50,1694.171248
-30.0,50,1696.449559
-15.0,50,1698.695009
-9.0,50,1700.945939
-21.0,50,1703.185722
-15.0,50,1705.471322
-11.0,50,1707.755062
-12.0,50,1709.973245
-17.0,50,1712.264468
-26.0,50,1714.513666
-29.0,50,1716.782441
-7.0,50,1719.031623
-14.0,50,1721.283337
-9.0,50,1723.496615
-14.0,50,1725.756069
-34.0,50,1728.054632
-35.0,50,1730.290509
-26.0,50,1732.586312
-7.0,50,1734.844053
-19.0,50,1737.076737
-18.0,50,1739.333564
-17.0,50,1741.593956
-16.0,50,1743.844176
-12.0,50,1746.098493
-14.0,50,1748.37792
-12.0,50,1748.793546
-12.0,50,1749.175583
-10.0,50,1749.600387
-12.0,50,1749.994772
-7.0,50,1750.402898
-11.0,50,1750.782871
-7.0,50,1751.16342
-6.0,50,1751.596361
-10.0,50,1751.977584
-26.0,50,1752.370788
-24.0,50,1754.654894
-15.0,50,1756.867855
-16.0,50,1759.191726
0.0,50,1761.434903
-27.0,50,1763.688121
-31.0,50,1765.956737
-17.0,50,1768.192202
-33.0,50,1770.457007
-44.0,50,1772.718725
-15.0,50,1775.000223
-30.0,50,1777.275925
-7.0,50,1779.512919
-19.0,50,1781.798114
-29.0,50,1784.041698
-16.0,50,1786.310184
-17.0,50,1788.555316
0.0,50,1790.822472
-20.0,50,1793.064646
-12.0,50,1795.33106
-15.0,50,1797.574987
-20.0,50,1799.862776
-17.0,50,1802.113038
-20.0,50,1804.365478
-7.0,50,1806.593502
-34.0,50,1808.867943
0.0,50,1811.115568
-28.0,50,1813.351239
-3.0,50,1815.664977
-5.0,50,1817.89258
-6.0,50,1820.14351
-16.0,50,1822.393652
-23.0,50,1824.660726
-23.0,50,1826.922382
0.0,50,1829.137084
-30.0,50,1831.36233
-15.0,50,1833.638063
-10.0,50,1835.916114
-11.0,50,1838.197577
-23.0,50,1840.45537
-11.0,50,1842.73129
-7.0,50,1844.975671
-16.0,50,1847.232456
-23.0,50,1849.475083
-50.0,50,1851.7678
-7.0,50,1854.036097
-18.0,50,1856.317969
-23.0,50,1858.574943
0.0,50,1860.792607
-15.0,50,1863.080479
-13.0,50,1865.363668
-12.0,50,1865.750474
-9.0,50,1866.140727
-12.0,50,1866.551557
-8.0,50,1866.951019
-4.0,50,1867.361406
-8.0,50,1867.772338
-6.0,50,1868.157217
-10.0,50,1868.542245
-8.0,50,1868.932501
-18.0,50,1869.384619
-41.0,50,1871.622898
-34.0,50,1873.887275
-9.0,50,1876.136134
-15.0,50,1878.402156
-25.0,50,1880.671618
0.0,50,1882.901776
-24.0,50,1885.127944
0.0,50,1887.413747
-16.0,50,1889.68339
-28.0,50,1891.96174
-17.0,50,1894.219541
-20.0,50,1896.466587
-10.0,50,1898.703758
-11.0,50,1901.018182
0.0,50,1903.253233
-18.0,50,1905.485744
-17.0,50,1907.770403
-10.0,50,1910.019597
-23.0,50,1912.309129
-15.0,50,1914.59034
-17.0,50,1916.852095
-16.0,50,1919.114134
0.0,50,1921.348179
-5.0,50,1923.60653
-14.0,50,1925.882535
-43.0,50,1928.174354
-16.0,50,1930.40307
-26.0,50,1932.622299
-20.0,50,1934.929461
-16.0,50,1937.156088
-33.0,50,1939.466532
0.0,50,1941.730295
-48.0,50,1944.019975
-15.0,50,1946.254926
-18.0,50,1948.509184
-13.0,50,1950.739802
-17.0,50,1953.003907
-10.0,50,1955.280047
-27.0,50,1957.555234
-16.0,50,1959.824433
-25.0,50,1962.054932
-18.0,50,1964.314433
-12.0,50,1966.595435
-14.0,50,1968.861414
-19.0,50,1971.126273
-21.0,50,1973.425736
-19.0,50,1975.64215
-14.0,50,1977.95609
-42.0,50,1980.203428
-7.0,50,1982.500396
-7.0,50,1982.903844
-8.0,50,1983.299344
-13.0,50,1983.674599
-13.0,50,1984.049612
-8.0,50,1984.399285
-34.0,50,1984.789214
-22.0,50,1985.188203
-7.0,50,1985.573889
0.0,50,1985.950093
0.0,50,1986.439998
-26.0,50,1988.682256
-16.0,50,1990.935973
-12.0,50,1993.210514
-16.0,50,1995.499352
-12.0,50,1997.776696
-25.0,50,2000.046153
-22.0,50,2002.288661
0.0,50,2004.574687
-12.0,50,2006.826242
-29.0,50,2009.089025
-21.0,50,2011.387749
-36.0,50,2013.621553
-19.0,50,2015.897508
-15.0,50,2018.122798
-23.0,50,2020.401081
-16.0,50,2022.644299
-19.0,50,2024.887982
-14.0,50,2027.187346
-11.0,50,2029.40998
-22.0,50,2031.656073
-10.0,50,2033.951649
-21.0,50,2036.219941
-24.0,50,2038.429143
-18.0,50,2040.702702
-27.0,50,2042.955994
-18.0,50,2045.175036
-28.0,50,2047.480091
-17.0,50,2049.719353
-13.0,50,2051.986715
-22.0,50,2054.217933
-8.0,50,2056.491799
-18.0,50,2058.746382
-10.0,50,2060.994787
-23.0,50,2063.259663
-21.0,50,2065.533295
-10.0,50,2067.787251
0.0,50,2070.015576
-16.0,50,2072.284247
-30.0,50,2074.59343
0.0,50,2076.847924
-32.0,50,2079.098361
-45.0,50,2081.365078
0.0,50,2083.65281
-34.0,50,2085.87785
-19.0,50,2088.115659
-26.0,50,2090.400738
-23.0,50,2092.651853
-17.0,50,2094.899807
-14.0,50,2097.151857
0.0,50,2099.444092
-7.0,50,2099.829789
-9.0,50,2100.206509
-12.0,50,2100.58346
0.0,50,2100.990465
-10.0,50,2101.353097
-10.0,50,2101.745335
-50.0,50,2102.159202
-11.0,50,2102.540794
-12.0,50,2102.951811
-24.0,50,2103.355286
-15.0,50,2105.628608
-7.0,50,2107.884489
-21.0,50,2110.187205
-27.0,50,2112.403412
-9.0,50,2114.679795
-21.0,50,2116.930617
-18.0,50,2119.164873
-27.0,50,2121.429513
-14.0,50,2123.682946
0.0,50,2125.918341
-10.0,50,2128.203025
-6.0,50,2130.426162
-34.0,50,2132.682921
-22.0,50,2135.019626
-48.0,50,2137.260773
-15.0,50,2139.53517
-22.0,50,2141.811377
-23.0,50,2144.036544
-22.0,50,2146.299732
-24.0,50,2148.560223
-10.0,50,2150.793487
-17.0,50,2153.063398
-10.0,50,2155.362733
-11.0,50,2157.609888
0.0,50,2159.870639
-16.0,50,2162.118143
-20.0,50,2164.382555
-14.0,50,2166.640879
-22.0,50,2168.885159
-11.0,50,2171.134151
-18.0,50,2173.398805
-21.0,50,2175.659776
-16.0,50,2177.967268
-26.0,50,2180.165105
-18.0,50,2182.468722
-44.0,50,2184.723504
-16.0,50,2186.96224
-16.0,50,2189.255168
-16.0,50,2191.559033
-20.0,50,2193.765427
-12.0,50,2196.050878
-11.0,50,2198.279972
-17.0,50,2200.546871
-7.0,50,2202.764387
-49.0,50,2205.089605
-47.0,50,2207.342237
-29.0,50,2209.588661
-8.0,50,2211.845926
-27.0,50,2214.103153
-9.0,50,2216.379523
-11.0,50,2216.774282
-18.0,50,2217.191646
-12.0,50,2217.580791
-20.0,50,2217.985776
-11.0,50,2218.392606
0.0,50,2218.750173
-10.0,50,2219.128932
-12.0,50,2219.5202
-25.0,50,2219.933272
0.0,50,2220.341645
-15.0,50,2222.593268
-16.0,50,2224.873992
-11.0,50,2227.131678
-8.0,50,2229.413049
-15.0,50,2231.697007
-17.0,50,2233.986944
-46.0,50,2236.226537
-9.0,50,2238.485084
-18.0,50,2240.760771
-2.0,50,2243.020678
-35.0,50,2245.2967
-30.0,50,2247.553868
-16.0,50,2249.782021
-8.0,50,2252.087035
-31.0,50,2254.331392
-12.0,50,2256.581014
-22.0,50,2258.841695
-12.0,50,2261.121036
-22.0,50,2263.409489
-13.0,50,2265.652545
-15.0,50,2267.891216
-18.0,50,2270.138379
-18.0,50,2272.390698
-19.0,50,2274.674473
-22.0,50,2276.909379
0.0,50,2279.213139
-14.0,50,2281.484294
-14.0,50,2283.73294
-25.0,50,2286.000974
-11.0,50,2288.24714
-16.0,50,2290.536182
0.0,50,2292.834339
-20.0,50,2295.117606
-10.0,50,2297.351778
-19.0,50,2299.612946
-19.0,50,2301.860276
-22.0,50,2304.116904
-11.0,50,2306.397858
-16.0,50,2308.64037
0.0,50,2310.893791
0.0,50,2313.166141
-35.0,50,2315.427197
-11.0,50,2317.685863
-17.0,50,2319.899406
-14.0,50,2322.193519
-17.0,50,2324.458194
-14.0,50,2326.687876
-13.0,50,2328.973126
-20.0,50,2331.246131
-7.0,50,2333.479234
-12.0,50,2333.847381
-11.0,50,2334.229798
-7.0,50,2334.616299
-16.0,50,2334.997987
-8.0,50,2335.390061
-6.0,50,2335.792006
-16.0,50,2336.156261
-12.0,50,2336.538826
-7.0,50,2336.941442
-20.0,50,2337.364239
-30.0,50,2339.674061
-29.0,50,2341.952907
-27.0,50,2344.219234
-8.0,50,2346.443571
-19.0,50,2348.706549
-21.0,50,2350.980198
-15.0,50,2353.267974
-9.0,50,2355.492409
-25.0,50,2357.76301
-33.0,50,2360.011549
-36.0,50,2362.247575
-20.0,50,2364.528125
-32.0,50,2366.74922
-28.0,50,2369.020333
-26.0,50,2371.281888
-15.0,50,2373.545147
-30.0,50,2375.8155
0.0,50,2378.037638
0.0,50,2380.293405
-6.0,50,2382.540786
-18.0,50,2384.808629
-17.0,50,2387.085224
-8.0,50,2389.372347
-31.0,50,2391.589872
-19.0,50,2393.847018
0.0,50,2396.128131
-20.0,50,2398.389191
-9.0,50,2400.675693
-17.0,50,2402.942158
-20.0,50,2405.186624
-12.0,50,2407.476641
0.0,50,2409.709169
-15.0,50,2411.937624
-12.0,50,2414.209545
-13.0,50,2416.444112
-26.0,50,2418.70322
-11.0,50,2420.970529
-17.0,50,2423.236634
-11.0,50,2425.495029
-12.0,50,2427.743744
-20.0,50,2430.015458
-12.0,50,2432.250621
-13.0,50,2434.55992
-7.0,50,2436.789582
-8.0,50,2439.006797
-10.0,50,2441.273039
-28.0,50,2443.540303
-32.0,50,2445.819292
-11.0,50,2448.057814
-12.0,50,2450.320305
-9.0,50,2450.695774
-9.0,50,2451.072684
-10.0,50,2451.457371
-6.0,50,2451.806427
-12.0,50,2452.213714
-4.0,50,2452.602617
-10.0,50,2452.980451
-7.0,50,2453.390899
0.0,50,2453.775074
-10.0,50,2454.268529
-9.0,50,2456.557339
-16.0,50,2458.841183
-27.0,50,2461.081254
-25.0,50,2463.311932
-39.0,50,2465.592858
-17.0,50,2467.840697
-34.0,50,2470.146787
-16.0,50,2472.406564
-19.0,50,2474.666815
-15.0,50,2476.91228
-12.0,50,2479.192749
0.0,50,2481.446585
-29.0,50,2483.703831
-21.0,50,2485.987311
-24.0,50,2488.209834
-18.0,50,2490.483306
-44.0,50,2492.72536
-11.0,50,2494.996378
-14.0,50,2497.248067
-18.0,50,2499.512946
-25.0,50,2501.754054
-18.0,50,2504.03544
-19.0,50,2506.28161
-7.0,50,2508.509232
-9.0,50,2510.784164
-13.0,50,2513.055705
-24.0,50,2515.319409
-20.0,50,2517.564415
-26.0,50,2519.832549
-13.0,50,2522.071634
-20.0,50,2524.321867
-13.0,50,2526.61027
-7.0,50,2528.841517
-20.0,50,2531.101664
-21.0,50,2533.353534
-15.0,50,2535.668867
-25.0,50,2537.9305
-23.0,50,2540.199192
-22.0,50,2542.461814
0.0,50,2544.715471
-23.0,50,2546.978402
-19.0,50,2549.208839
-20.0,50,2551.465613
-17.0,50,2553.722521
-17.0,50,2555.958745
-14.0,50,2558.231953
-10.0,50,2560.516975
-17.0,50,2562.73435
-12.0,50,2565.0203
-14.0,50,2567.28047
-6.0,50,2567.674055
-9.0,50,2568.052645
-8.0,50,2568.419454
-11.0,50,2568.787442
-12.0,50,2569.145556
-12.0,50,2569.511436
-9.0,50,2569.888251
0.0,50,2570.284972
-12.0,50,2570.643585
-8.0,50,2571.218944
-12.0,50,2573.532189
-18.0,50,2575.738037
-18.0,50,2578.063171
-22.0,50,2580.357163
-14.0,50,2582.593064
-8.0,50,2584.867563
-36.0,50,2587.151976
-3.0,50,2589.377968
-47.0,50,2591.63443
-21.0,50,2593.919083
-16.0,50,2596.171619
-6.0,50,2598.443526
-20.0,50,2600.687336
-18.0,50,2602.96845
-26.0,50,2605.249391
-26.0,50,2607.473544
-34.0,50,2609.761032
-29.0,50,2611.979717
-19.0,50,2614.250211
-21.0,50,2616.4665
-20.0,50,2618.72832
-9.0,50,2621.039049
-25.0,50,2623.292171
-8.0,50,2625.51498
-17.0,50,2627.746642
-25.0,50,2629.998432
-17.0,50,2632.206003
-21.0,50,2634.495669
-24.0,50,2636.79019
-13.0,50,2639.053931
-15.0,50,2641.312698
-11.0,50,2643.562268
-13.0,50,2645.802475
-17.0,50,2648.036857
-11.0,50,2650.319744
-42.0,50,2652.547738
-35.0,50,2654.810907
-22.0,50,2657.074643
-10.0,50,2659.296407
-13.0,50,2661.568004
0.0,50,2663.855669
-9.0,50,2666.070566
-15.0,50,2668.336101
-20.0,50,2670.640201
-6.0,50,2672.897026
-17.0,50,2675.127955
-14.0,50,2677.377719
-14.0,50,2679.639171
-24.0,50,2681.899298
-9.0,50,2684.156536
-11.0,50,2684.508283
-11.0,50,2684.868247
-12.0,50,2685.243062
-7.0,50,2685.632966
-8.0,50,2686.004653
0.0,50,2686.409377
-12.0,50,2686.778802
-10.0,50,2687.151521
0.0,50,2687.553425
-37.0,50,2688.140637
-24.0,50,2690.444552
-22.0,50,2692.682824
-33.0,50,2694.966959
-16.0,50,2697.214009
-17.0,50,2699.473282
-11.0,50,2701.729287
-9.0,50,2704.023174
-12.0,50,2706.261513
-25.0,50,2708.539081
-15.0,50,2710.736054
-15.0,50,2713.028225
-9.0,50,2715.288841
-17.0,50,2717.540107
-25.0,50,2719.817966
-22.0,50,2722.06022
-38.0,50,2724.329267
-24.0,50,2726.581152
-14.0,50,2728.855989
-42.0,50,2731.117049
-30.0,50,2733.345404
-20.0,50,2735.590421
-14.0,50,2737.877074
-19.0,50,2740.115078
-22.0,50,2742.37164
-40.0,50,2744.658686
-12.0,50,2746.908514
-22.0,50,2749.134116
-18.0,50,2751.398644
-27.0,50,2753.715348
-30.0,50,2755.961977
-14.0,50,2758.170817
-9.0,50,2760.419467
-27.0,50,2762.675361
-25.0,50,2764.919688
-17.0,50,2767.223075
-15.0,50,2769.465095
0.0,50,2771.717128
-16.0,50,2773.954294
-25.0,50,2776.197571
-29.0,50,2778.449455
-7.0,50,2780.75343
-31.0,50,2782.9947
-46.0,50,2785.24794
-16.0,50,2787.46879
-22.0,50,2789.729483
-16.0,50,2792.007264
-8.0,50,2794.250803
-24.0,50,2796.522549
-47.0,50,2798.78052
-13.0,50,2801.075949
-8.0,50,2801.466619
-19.0,50,2801.861598
-11.0,50,2802.24991
-11.0,50,2802.682771
-8.0,50,2803.09428
-9.0,50,2803.479023
-8.0,50,2803.828894
-10.0,50,2804.218534
-11.0,50,2804.60816
-12.0,50,2805.028224
-17.0,50,2807.323413
-11.0,50,2809.532764
-14.0,50,2811.8052
-21.0,50,2814.082347
-15.0,50,2816.337026
-20.0,50,2818.560367
-11.0,50,2820.833093
-14.0,50,2823.057559
-16.0,50,2825.322707
-29.0,50,2827.615911
-24.0,50,2829.855047
-18.0,50,2832.15608
-14.0,50,2834.42051
-12.0,50,2836.669749
-32.0,50,2838.900871
-7.0,50,2841.142333
-23.0,50,2843.412719
-21.0,50,2845.654018
-18.0,50,2847.929134
-23.0,50,2850.195297
-31.0,50,2852.449835
-15.0,50,2854.720718
-18.0,50,2856.967881
-25.0,50,2859.238119
-23.0,50,2861.511605
-21.0,50,2863.800762
-24.0,50,2866.037405
0.0,50,2868.297662
-14.0,50,2870.538664
-26.0,50,2872.823545
0.0,50,2875.077976
-18.0,50,2877.315045
-14.0,50,2879.596179
-38.0,50,2881.819918
-11.0,50,2884.119272
-26.0,50,2886.354097
-15.0,50,2888.603041
-23.0,50,2890.862484
-23.0,50,2893.152741
-18.0,50,2895.368813
-10.0,50,2897.658068
-10.0,50,2899.905312
-15.0,50,2902.203086
-19.0,50,2904.462612
-11.0,50,2906.698516
-29.0,50,2908.954986
-19.0,50,2911.195431
-26.0,50,2913.472594
-26.0,50,2915.710025
-20.0,50,2917.933362
-9.0,50,2918.305794
-6.0,50,2918.693862
-12.0,50,2919.07022
-13.0,50,2919.478799
-7.0,50,2919.874654
-12.0,50,2920.24794
-10.0,50,2920.640892
-8.0,50,2921.031029
-7.0,50,2921.406723
-11.0,50,2921.885007
-13.0,50,2924.200458
-26.0,50,2926.446064
-21.0,50,2928.686162
-15.0,50,2930.960263
-38.0,50,2933.221771
-28.0,50,2935.50121
-12.0,50,2937.740196
-21.0,50,2939.981869
-17.0,50,2942.261745
-50.0,50,2944.512538
-24.0,50,2946.800282
-19.0,50,2949.02841
-13.0,50,2951.314328
-20.0,50,2953.555893
-28.0,50,2955.838376
-27.0,50,2958.084893
-11.0,50,2960.372296
-22.0,50,2962.638217
-29.0,50,2964.87606
-5.0,50,2967.118725
-9.0,50,2969.343743
-8.0,50,2971.607735
-22.0,50,2973.852127
-29.0,50,2976.146476
-27.0,50,2978.370697
-17.0,50,2980.654474
-8.0,50,2982.911912
-9.0,50,2985.151932
-43.0,50,2987.409837
-23.0,50,2989.656141
-22.0,50,2991.925466
-11.0,50,2994.188963
-15.0,50,2996.446831
-14.0,50,2998.726941
-21.0,50,3000.966667
-23.0,50,3003.227563
-28.0,50,3005.507414
-17.0,50,3007.762237
-21.0,50,3010.045558
-12.0,50,3012.289829
-15.0,50,3014.518339
0.0,50,3016.818136
-21.0,50,3019.063492
-21.0,50,3021.291841
-12.0,50,3023.587167
-22.0,50,3025.836644
-25.0,50,3028.099796
-26.0,50,3030.334145
-16.0,50,3032.601215
-9.0,50,3034.878781
-7.0,50,3035.279451
-8.0,50,3035.682238
-8.0,50,3036.081268
-13.0,50,3036.483371
-6.0,50,3036.859502
-13.0,50,3037.244635
-7.0,50,3037.625201
-13.0,50,3038.016143
-13.0,50,3038.374084
-19.0,50,3038.871347
-14.0,50,3041.106715
-7.0,50,3043.367878
-31.0,50,3045.621241
-50.0,50,3047.956265
-12.0,50,3050.170027
-23.0,50,3052.4501
-27.0,50,3054.740196
-17.0,50,3056.984862
-31.0,50,3059.217897
-15.0,50,3061.49154
-9.0,50,3063.732336
-28.0,50,3066.027517
-12.0,50,3068.256903
-12.0,50,3070.492846
-20.0,50,3072.801628
-18.0,50,3075.074785
-18.0,50,3077.334888
-9.0,50,3079.578916
-12.0,50,3081.858545
0.0,50,3084.13857
-2.0,50,3086.35746
-27.0,50,3088.672316
-32.0,50,3090.907255
-25.0,50,3093.155129
-10.0,50,3095.422758
-35.0,50,3097.69298
-9.0,50,3099.957928
-9.0,50,3102.20295
0.0,50,3104.434666
-9.0,50,3106.711834
-14.0,50,3108.992013
-13.0,50,3111.298538
-27.0,50,3113.54815
-50.0,50,3115.819482
-5.0,50,3118.033991
-21.0,50,3120.308312
-16.0,50,3122.545077
-17.0,50,3124.799926
-11.0,50,3127.066687
-10.0,50,3129.324529
-16.0,50,3131.607755
-19.0,50,3133.830363
-20.0,50,3136.132416
-11.0,50,3138.376617
-23.0,50,3140.639183
0.0,50,3142.887477
-11.0,50,3145.141632
-39.0,50,3147.350772
-17.0,50,3149.620685
-22.0,50,3151.90408
-10.0,50,3152.289205
-11.0,50,3152.686496
-7.0,50,3153.092316
-7.0,50,3153.465775
-10.0,50,3153.843147
-12.0,50,3154.222603
-8.0,50,3154.595381
-14.0,50,3154.984293
0.0,50,3155.336155
-24.0,50,3155.846957
-29.0,50,3158.169439
-11.0,50,3160.419173
-26.0,50,3162.691064
-29.0,50,3164.986305
-11.0,50,3167.245102
-13.0,50,3169.512844
-14.0,50,3171.766138
-24.0,50,3174.058504
-20.0,50,3176.330231
-21.0,50,3178.561157
-37.0,50,3180.888649
-16.0,50,3183.127498
-20.0,50,3185.385482
-11.0,50,3187.623609
-22.0,50,3189.891968
-6.0,50,3192.182707
-20.0,50,3194.456904
-24.0,50,3196.745361
-18.0,50,3198.994698
-25.0,50,3201.265748
-28.0,50,3203.509939
-6.0,50,3205.762385
-8.0,50,3208.066663
-25.0,50,3210.302838
-25.0,50,3212.499552
-13.0,50,3214.819483
-31.0,50,3217.056481
-12.0,50,3219.375842
-37.0,50,3221.634066
-25.0,50,3223.880518
-16.0,50,3226.121593
-13.0,50,3228.42304
-24.0,50,3230.655555
-20.0,50,3232.88885
-34.0,50,3235.173149
-29.0,50,3237.406715
-11.0,50,3239.722682
-10.0,50,3241.974393
-12.0,50,3244.230337
-10.0,50,3246.492671
-23.0,50,3248.782379
-22.0,50,3251.030599
-12.0,50,3253.293449
-18.0,50,3255.59117
-30.0,50,3257.827479
-9.0,50,3260.073784
-13.0,50,3262.35388
-18.0,50,3264.587379
-10.0,50,3266.840404
-7.0,50,3269.092383
-10.0,50,3269.451396
-7.0,50,3269.815501
-7.0,50,3270.194114
-11.0,50,3270.594355
-10.0,50,3270.977051
-12.0,50,3271.346348
-10.0,50,3271.722892
-8.0,50,3272.118474
-10.0,50,3272.52244
-15.0,50,3273.016712
-25.0,50,3275.305917
-8.0,50,3277.566216
-9.0,50,3279.810345
-20.0,50,3282.089311
-13.0,50,3284.350175
-38.0,50,3286.606755
-15.0,50,3288.856355
-31.0,50,3291.139242
-19.0,50,3293.408472
-15.0,50,3295.659283
-14.0,50,3297.980989
-13.0,50,3300.218219
-26.0,50,3302.484706
-30.0,50,3304.712152
-11.0,50,3307.02459
-20.0,50,3309.308422
-6.0,50,3311.573728
-16.0,50,3313.823889
-17.0,50,3316.065173
-14.0,50,3318.367237
0.0,50,3320.612686
-36.0,50,3322.888157
-20.0,50,3325.151433
-21.0,50,3327.436234
-20.0,50,3329.683038
-20.0,50,3331.991136
-17.0,50,3334.215138
-38.0,50,3336.486556
-6.0,50,3338.756121
-19.0,50,3341.066747
-12.0,50,3343.317822
-19.0,50,3345.574849
-11.0,50,3347.797018
-22.0,50,3350.036439
-21.0,50,3352.301853
-36.0,50,3354.606255
-16.0,50,3356.855635
-28.0,50,3359.108231
-23.0,50,3361.347858
-19.0,50,3363.631816
-15.0,50,3366.054628
-14.0,50,3368.406398
-12.0,50,3370.727791
-27.0,50,3372.965563
-20.0,50,3375.272707
-32.0,50,3377.530518
-6.0,50,3379.787116
0.0,50,3382.074352
-15.0,50,3384.326405
-10.0,50,3386.578669
-5.0,50,3386.975211
-11.0,50,3387.360527
-12.0,50,3387.747215
-9.0,50,3388.151123
-22.0,50,3388.534516
0.0,50,3388.915208
-7.0,50,3389.299688
0.0,50,3389.699345
-12.0,50,3390.069921
-11.0,50,3390.467918
-11.0,50,3392.763023
-21.0,50,3395.012195
-17.0,50,3397.252395
-15.0,50,3399.478678
-21.0,50,3401.761437
-16.0,50,3403.992915
-23.0,50,3406.262242
-15.0,50,3408.518963
-23.0,50,3410.792809
-14.0,50,3413.022102
-6.0,50,3415.332705
-19.0,50,3417.626386
-4.0,50,3419.881448
-21.0,50,3422.155131
-40.0,50,3424.420606
0.0,50,3426.6453
-14.0,50,3428.897766
-13.0,50,3431.170542
-13.0,50,3433.434723
0.0,50,3435.696065
-22.0,50,3437.990417
-20.0,50,3440.230857
-15.0,50,3442.48855
-6.0,50,3444.754206
-12.0,50,3447.009262
-17.0,50,3449.285794
-17.0,50,3451.539954
-16.0,50,3453.800734
-36.0,50,3456.017315
-3.0,50,3458.296564
-17.0,50,3460.552764
-41.0,50,3462.795557
-17.0,50,3465.058592
-14.0,50,3467.341074
-10.0,50,3469.599694
-23.0,50,3471.900295
-14.0,50,3474.138425
-35.0,50,3476.395097
-7.0,50,3478.649382
-13.0,50,3480.885963
0.0,50,3483.138786
-19.0,50,3485.394456
-15.0,50,3487.690319
-17.0,50,3489.940775
-14.0,50,3492.19802
-8.0,50,3494.4349
-10.0,50,3496.6971
-6.0,50,3498.973467
-16.0,50,3501.25698
-8.0,50,3503.518375
-16.0,50,3503.913633
-6.0,50,3504.319596
-16.0,50,3504.716792
-11.0,50,3505.098525
-10.0,50,3505.459268
-3.0,50,3505.843733
-15.0,50,3506.235292
-9.0,50,3506.623693
-7.0,50,3507.030015
-18.0,50,3507.487432
-9.0,50,3509.806179
-11.0,50,3512.049387
-16.0,50,3514.294281
-10.0,50,3516.57597
-4.0,50,3518.829097
-8.0,50,3521.073733
0.0,50,3523.340712
-42.0,50,3525.595592
-14.0,50,3527.870271
0.0,50,3530.139254
-13.0,50,3532.361752
0.0,50,3534.667406
-11.0,50,3536.926907
-16.0,50,3539.174894
-20.0,50,3541.416279
-17.0,50,3543.707712
-8.0,50,3545.960847
-26.0,50,3548.203901
-34.0,50,3550.468427
-4.0,50,3552.75671
-19.0,50,3554.989771
-16.0,50,3557.261052
-17.0,50,3559.509236
-27.0,50,3561.730682
-18.0,50,3564.000694
-26.0,50,3566.270109
-6.0,50,3568.534911
-13.0,50,3570.831743
-13.0,50,3573.069585
-18.0,50,3575.31935
-15.0,50,3577.56981
-9.0,50,3579.84178
-14.0,50,3582.081827
-18.0,50,3584.369833
-27.0,50,3586.652064
-12.0,50,3588.938111
-31.0,50,3591.185729
-31.0,50,3593.443317
-23.0,50,3595.729737
-13.0,50,3597.973017
-17.0,50,3600.205662
-18.0,50,3602.50143
-21.0,50,3604.783424
-18.0,50,3607.023299
-20.0,50,3609.245267
-30.0,50,3611.499607
-13.0,50,3613.781471
-28.0,50,3616.024333
-11.0,50,3618.282153
-12.0,50,3620.52674
-12.0,50,3620.937232
-13.0,50,3621.311239
-8.0,50,3621.678343
0.0,50,3622.07175
-11.0,50,3622.452414
-10.0,50,3622.819957
-11.0,50,3623.223395
-15.0,50,3623.603454
0.0,50,3624.015083
-20.0,50,3624.470804
-10.0,50,3626.742043
-19.0,50,3629.032836
-14.0,50,3631.282292
-30.0,50,3633.557884
-13.0,50,3635.822241
-16.0,50,3638.076076
-20.0,50,3640.308855
-21.0,50,3642.618426
0.0,50,3644.879527
-12.0,50,3647.140557
-24.0,50,3649.374639
-10.0,50,3651.625556
-21.0,50,3653.8939
-10.0,50,3656.192836
-14.0,50,3658.434926
-13.0,50,3660.711967
-20.0,50,3662.981007
-20.0,50,3665.267703
-16.0,50,3667.490337
-22.0,50,3669.758485
-22.0,50,3672.047776
-11.0,50,3674.278733
-15.0,50,3676.563087
-21.0,50,3678.819548
-11.0,50,3681.038559
-23.0,50,3683.365996
-13.0,50,3685.626468
-12.0,50,3687.86328
-25.0,50,3690.157841
-24.0,50,3692.40635
-34.0,50,3694.723478
-13.0,50,3696.952017
-35.0,50,3699.260314
-11.0,50,3701.538054
-23.0,50,3703.76686
-17.0,50,3706.032114
-9.0,50,3708.337189
-18.0,50,3710.600172
-12.0,50,3712.878265
-21.0,50,3715.132264
-31.0,50,3717.435127
-18.0,50,3719.666794
-15.0,50,3721.94338
-28.0,50,3724.218847
-43.0,50,3726.453795
-21.0,50,3728.705203
-6.0,50,3730.984596
0.0,50,3733.246199
0.0,50,3735.52319
-12.0,50,3737.814742
-13.0,50,3738.160033
0.0,50,3738.577572
-11.0,50,3738.924964
0.0,50,3739.326675
-18.0,50,3739.72568
0.0,50,3740.124634
-7.0,50,3740.496876
-11.0,50,3740.884767
-2.0,50,3741.279181
0.0,50,3741.772826
-20.0,50,3744.0357
-31.0,50,3746.25635
-17.0,50,3748.531796
-19.0,50,3750.792213
-24.0,50,3753.049049
-35.0,50,3755.270088
-21.0,50,3757.58235
-16.0,50,3759.861311
-37.0,50,3762.102794
-19.0,50,3764.364549
-28.0,50,3766.666301
-24.0,50,3768.924234
-34.0,50,3771.212383
-9.0,50,3773.450248
-41.0,50,3775.75453
-16.0,50,3777.958553
-14.0,50,3780.23197
-9.0,50,3782.527329
-6.0,50,3784.771774
-13.0,50,3787.030635
0.0,50,3789.263501
-32.0,50,3791.569273
-4.0,50,3793.852855
-42.0,50,3796.151468
-25.0,50,3798.389007
-30.0,50,3800.643504
-10.0,50,3802.936485
-11.0,50,3805.210735
-15.0,50,3807.418654
-22.0,50,3809.684272
-29.0,50,3811.981628
-14.0,50,3814.26877
-43.0,50,3816.52062
-11.0,50,3818.773147
-39.0,50,3821.045298
-12.0,50,3823.308629
-14.0,50,3825.558021
-13.0,50,3827.820792
-26.0,50,3830.104667
-20.0,50,3832.342098
-16.0,50,3834.597055
0.0,50,3836.851609
-26.0,50,3839.126282
-19.0,50,3841.377589
-19.0,50,3843.65559
-15.0,50,3845.888266
-20.0,50,3848.161407
-13.0,50,3850.432742
-7.0,50,3852.68315
-6.0,50,3854.977462
-6.0,50,3855.367971
-7.0,50,3855.728888
-8.0,50,3856.115954
-12.0,50,3856.504857
-10.0,50,3856.884316
-13.0,50,3857.278571
-17.0,50,3857.670979
-11.0,50,3858.05338
0.0,50,3858.433936
-11.0,50,3858.917904
-29.0,50,3861.153565
-25.0,50,3863.461587
-10.0,50,3865.679303
-19.0,50,3867.950573
-14.0,50,3870.249099
-19.0,50,3872.559207
-14.0,50,3874.781178
-32.0,50,3877.032882
-18.0,50,3879.310795
-28.0,50,3881.586304
-5.0,50,3883.818488
-22.0,50,3886.177545
-14.0,50,3888.405191
0.0,50,3890.644932
-15.0,50,3893.053406
-15.0,50,3895.484111
-23.0,50,3898.182044
-20.0,50,3900.869284
-14.0,50,3903.192497
-30.0,50,3905.445017
-45.0,50,3907.764888
-22.0,50,3910.068407
-17.0,50,3912.40591
-9.0,50,3914.695728
-19.0,50,3916.944887
-14.0,50,3919.227985
-21.0,50,3921.528838
-28.0,50,3923.822118
-16.0,50,3926.097426
-10.0,50,3928.423388
-16.0,50,3930.70517
-10.0,50,3932.957846
-21.0,50,3935.211994
0.0,50,3937.499083
-8.0,50,3939.733566
-16.0,50,3942.034043
-20.0,50,3944.307499
-15.0,50,3946.557531
-33.0,50,3948.903773
-26.0,50,3951.147617
-17.0,50,3953.447786
-8.0,50,3955.690734
-19.0,50,3957.986979
-35.0,50,3960.263364
-21.0,50,3962.521949
-16.0,50,3964.809588
-38.0,50,3967.072813
-15.0,50,3969.343318
-9.0,50,3971.61029
-7.0,50,3973.915271
0.0,50,3974.294291
-11.0,50,3974.690207
-6.0,50,3975.073962
-14.0,50,3975.460192
-12.0,50,3975.869484
-8.0,50,3976.236552
-13.0,50,3976.620598
-6.0,50,3977.019859
-7.0,50,3977.382134
-15.0,50,3977.880952
-15.0,50,3980.146343
-34.0,50,3982.401111
-16.0,50,3984.698399
-11.0,50,3986.972632
-14.0,50,3989.243621
-25.0,50,3991.533886
-5.0,50,3993.787457
-10.0,50,3996.090006
-26.0,50,3998.338342
-19.0,50,4000.605639
-20.0,50,4002.869793
-9.0,50,4005.174806
-10.0,50,4007.41372
-5.0,50,4009.694735
-34.0,50,4011.95851
-30.0,50,4014.243055
-11.0,50,4016.53942
-16.0,50,4018.872888
-21.0,50,4021.170398
-11.0,50,4023.449392
-17.0,50,4025.733781
-15.0,50,4027.978406
-21.0,50,4030.223404
-16.0,50,4032.504958
-22.0,50,4034.791056
-7.0,50,4037.083397
-14.0,50,4039.335823
0.0,50,4041.61774
-9.0,50,4043.903975
-10.0,50,4046.149854
-32.0,50,4048.432093
-19.0,50,4050.70593
-40.0,50,4052.975227
-26.0,50,4055.284941
-8.0,50,4057.560873
-24.0,50,4059.845616
-14.0,50,4062.105156
-11.0,50,4064.389541
-19.0,50,4066.630215
-8.0,50,4068.936209
-22.0,50,4071.218145
-9.0,50,4073.498545
-25.0,50,4075.778353
-18.0,50,4078.056437
-40.0,50,4080.306084
-15.0,50,4082.566381
-14.0,50,4084.869852
-30.0,50,4087.13992
-20.0,50,4089.431384
-7.0,50,4091.675851
-13.0,50,4092.079405
-10.0,50,4092.486524
-12.0,50,4092.84844
0.0,50,4093.218385
-20.0,50,4093.634072
-12.0,50,4094.029
-8.0,50,4094.408083
-5.0,50,4094.811097
-50.0,50,4095.218426
-21.0,50,4095.619742
0.0,50,4097.909472
0.0,50,4100.197894
-34.0,50,4102.473428
-17.0,50,4104.731388
-15.0,50,4106.995527
-13.0,50,4109.285815
-13.0,50,4111.561604
-23.0,50,4113.818547
-28.0,50,4116.086739
-23.0,50,4118.371789
-14.0,50,4120.616034
-28.0,50,4122.901536
-17.0,50,4125.142027
0.0,50,4127.38877
-6.0,50,4129.725601
-13.0,50,4131.981947
-34.0,50,4134.321041
-11.0,50,4136.589313
0.0,50,4138.932436
0.0,50,4141.214833
-16.0,50,4143.47033
0.0,50,4145.745088
-15.0,50,4148.037506
-13.0,50,4150.404382
-18.0,50,4152.63916
-24.0,50,4154.961183
-18.0,50,4157.195093
-13.0,50,4159.472675
-28.0,50,4161.766234
-9.0,50,4164.059041
-16.0,50,4166.38521
-10.0,50,4168.768761
-13.0,50,4171.044431
-16.0,50,4173.354928
-14.0,50,4175.64962
-9.0,50,4177.890298
-31.0,50,4180.239472
-16.0,50,4182.499638
-13.0,50,4184.792654
-22.0,50,4187.141385
-14.0,50,4189.399182
-39.0,50,4191.696646
-26.0,50,4194.000097
-24.0,50,4196.25828
-16.0,50,4198.583635
-16.0,50,4200.8655
-17.0,50,4203.238796
-17.0,50,4205.551553
-13.0,50,4207.812127
-12.0,50,4210.213899
-9.0,50,4210.616297
-12.0,50,4211.013799
-10.0,50,4211.379901
-12.0,50,4211.757557
-7.0,50,4212.14787
-5.0,50,4212.529271
-12.0,50,4212.908679
-8.0,50,4213.298878
-7.0,50,4213.710614
-8.0,50,4214.149245
0.0,50,4216.434179
-29.0,50,4218.708151
-28.0,50,4221.013606
0.0,50,4223.269364
-16.0,50,4225.516809
-19.0,50,4227.826214
-16.0,50,4230.100445
-20.0,50,4232.397534
-14.0,50,4234.684193
-16.0,50,4236.970407
-12.0,50,4239.265912
-31.0,50,4241.580901
-16.0,50,4243.939051
-7.0,50,4246.182513
-7.0,50,4248.512977
-32.0,50,4250.834696
-29.0,50,4253.177433
-15.0,50,4255.45064
-23.0,50,4257.774118
-39.0,50,4260.05325
-14.0,50,4262.375087
0.0,50,4264.662214
-10.0,50,4266.960485
-26.0,50,4269.203701
-16.0,50,4271.44414
-14.0,50,4273.714293
-4.0,50,4276.046667
-22.0,50,4279.182969
-19.0,50,4282.28967
0.0,50,4284.852553
-19.0,50,4287.671484
-20.0,50,4290.36936
0.0,50,4293.38505
-13.0,50,4296.106328
-13.0,50,4298.47864
-15.0,50,4300.865354
-13.0,50,4303.209333
-16.0,50,4305.50358
-21.0,50,4307.805102
-18.0,50,4310.545132
-25.0,50,4312.855396
-29.0,50,4315.14225
-8.0,50,4317.414218
-21.0,50,4319.712018
-17.0,50,4321.986962
-18.0,50,4324.235109
-7.0,50,4326.535188
-42.0,50,4328.795583
-18.0,50,4331.068144
-5.0,50,4333.597552
-6.0,50,4333.972183
-21.0,50,4334.353815
-8.0,50,4334.768636
-12.0,50,4335.175131
-7.0,50,4335.5534
-8.0,50,4335.94416
-7.0,50,4336.360451
-13.0,50,4336.79866
-11.0,50,4337.175145
-18.0,50,4337.638695
-15.0,50,4339.940874
-1.0,50,4342.23642
-14.0,50,4344.546012
-35.0,50,4346.803981
-21.0,50,4349.061328
-6.0,50,4351.340388
0.0,50,4353.682047
-8.0,50,4356.133016
-5.0,50,4358.572845
-9.0,50,4360.904808
-18.0,50,4363.177017
-18.0,50,4365.455981
-14.0,50,4367.720727
-14.0,50,4370.114373
-19.0,50,4372.653744
0.0,50,4375.058116
-22.0,50,4377.330682
-11.0,50,4379.615282
0.0,50,4381.878554
-12.0,50,4384.16386
-13.0,50,4386.452913
-27.0,50,4388.716756
-18.0,50,4391.019824
-10.0,50,4393.412555
-27.0,50,4395.941317
-9.0,50,4398.254336
-19.0,50,4400.563954
-11.0,50,4402.80775
-11.0,50,4405.099836
0.0,50,4407.386436
-18.0,50,4409.66005
-13.0,50,4411.956576
-15.0,50,4414.220429
-25.0,50,4416.485537
-8.0,50,4418.746634
-27.0,50,4420.994549
-16.0,50,4423.275653
-17.0,50,4425.577287
-5.0,50,4427.841303
-11.0,50,4430.1026
-17.0,50,4432.376412
-21.0,50,4434.60329
-14.0,50,4436.936
-24.0,50,4439.40679
-11.0,50,4441.820256
-10.0,50,4444.108261
0.0,50,4446.380193
-13.0,50,4448.671902
-12.0,50,4451.186297
-11.0,50,4453.497999
-9.0,50,4453.915159
-11.0,50,4454.355258
-14.0,50,4454.787576
-45.0,50,4455.201406
-16.0,50,4455.600653
-13.0,50,4455.959866
0.0,50,4456.346728
0.0,50,4456.749064
-13.0,50,4457.12233
-15.0,50,4457.488751
-27.0,50,4459.768603
0.0,50,4462.037102
-18.0,50,4464.305055
-13.0,50,4466.561501
-32.0,50,4468.827339
-29.0,50,4471.075822
-26.0,50,4473.67603
-5.0,50,4475.966806
-14.0,50,4478.227696
-24.0,50,4480.701315
-20.0,50,4483.073905
-13.0,50,4485.3827
-19.0,50,4487.592265
-17.0,50,4489.884818
-3.0,50,4492.194724
-18.0,50,4494.502656
-14.0,50,4496.766986
-16.0,50,4499.037225
0.0,50,4501.336932
-18.0,50,4503.710617
-27.0,50,4506.065822
-23.0,50,4508.332483
-30.0,50,4510.793568
-24.0,50,4513.053531
-47.0,50,4515.463765
-20.0,50,4517.758203
-15.0,50,4520.043608
-23.0,50,4522.300482
-15.0,50,4524.523356
-7.0,50,4526.791407
-44.0,50,4529.059105
-17.0,50,4531.338195
-35.0,50,4533.591866
-6.0,50,4535.824199
-24.0,50,4538.070398
-17.0,50,4540.417849
-25.0,50,4542.673994
-50.0,50,4545.334932
-7.0,50,4547.590169
-9.0,50,4550.010509
-18.0,50,4552.619422
-15.0,50,4555.112521
0.0,50,4557.417494
-16.0,50,4559.764198
0.0,50,4562.065831
-9.0,50,4564.339647
-6.0,50,4566.648267
-23.0,50,4569.38128
-3.0,50,4572.286479
-7.0,50,4574.890273
-11.0,50,4575.301823
-9.0,50,4575.722793
-13.0,50,4576.186233
0.0,50,4576.658412
-8.0,50,4577.143804
-3.0,50,4577.509091
-6.0,50,4577.892896
-9.0,50,4578.305559
-8.0,50,4578.701494
-35.0,50,4579.208644
-29.0,50,4581.54847
-7.0,50,4584.024474
-13.0,50,4586.474031
-48.0,50,4589.655869
-10.0,50,4592.553863
-11.0,50,4594.929756
-13.0,50,4597.267515
-20.0,50,4599.649836
-28.0,50,4601.994528
-14.0,50,4604.35143
-28.0,50,4606.723999
-25.0,50,4609.104725
-13.0,50,4611.729835
0.0,50,4614.395267
-18.0,50,4617.003167
-18.0,50,4619.467189
-42.0,50,4621.884276
-4.0,50,4624.239171
-43.0,50,4626.692338
-2.0,50,4629.186226
-8.0,50,4631.57338
-22.0,50,4633.947869
-18.0,50,4636.339134
-18.0,50,4638.732557
-18.0,50,4641.060073
-18.0,50,4643.391181
-16.0,50,4645.740605
-9.0,50,4648.106968
-11.0,50,4650.528461
-14.0,50,4652.955838
-12.0,50,4655.254416
-18.0,50,4657.621346
-9.0,50,4659.977601
-10.0,50,4662.258144
-15.0,50,4664.656411
-11.0,50,4666.991462
-29.0,50,4669.326146
-27.0,50,4671.720637
-28.0,50,4674.113268
-14.0,50,4676.413026
-24.0,50,4678.814481
-12.0,50,4681.256924
-20.0,50,4683.874201
-14.0,50,4686.215582
-14.0,50,4688.600826
-28.0,50,4690.945233
-6.0,50,4693.351743
-15.0,50,4695.732648
-15.0,50,4698.061488
0.0,50,4700.44278
-2.0,50,4700.821323
-5.0,50,4701.227094
-8.0,50,4701.575119
-12.0,50,4701.976423
-11.0,50,4702.3683
-10.0,50,4702.744365
-8.0,50,4703.175714
-11.0,50,4703.547532
-7.0,50,4703.978795
-30.0,50,4704.548036
-43.0,50,4706.941575
-16.0,50,4709.303391
0.0,50,4711.654034
-7.0,50,4714.021307
0.0,50,4716.36298
-30.0,50,4718.765645
-8.0,50,4721.116456
-14.0,50,4723.448407
-18.0,50,4725.802574
-27.0,50,4728.110307
-21.0,50,4730.485103
0.0,50,4732.841264
-12.0,50,4735.212299
-15.0,50,4737.57921
-44.0,50,4739.949528
-11.0,50,4742.347758
-19.0,50,4744.892415
-19.0,50,4747.539313
-12.0,50,4749.922018
-27.0,50,4752.419214
-14.0,50,4754.874299
-22.0,50,4757.272694
-12.0,50,4759.792198
-12.0,50,4762.159575
-13.0,50,4764.636622
-40.0,50,4767.003592
-13.0,50,4769.565693
-15.0,50,4772.758407
0.0,50,4775.698378
-15.0,50,4778.403926
-23.0,50,4780.705022
-10.0,50,4783.033257
-16.0,50,4785.29146
-17.0,50,4787.616657
-39.0,50,4789.85108
-20.0,50,4792.159044
-18.0,50,4794.467665
-9.0,50,4796.750145
-32.0,50,4799.021177
-24.0,50,4801.299428
-16.0,50,4803.578574
-22.0,50,4805.893457
-41.0,50,4808.136678
0.0,50,4810.387532
-7.0,50,4812.687303
-17.0,50,4814.978657
-18.0,50,4817.230584
0.0,50,4819.508639
-21.0,50,4821.756719
-9.0,50,4824.030084
-19.0,50,4824.406677
-7.0,50,4824.775365
-11.0,50,4825.150747
-9.0,50,4825.532874
-6.0,50,4825.925993
-12.0,50,4826.333975
-10.0,50,4826.718971
-12.0,50,4827.104392
-12.0,50,4827.535448
0.0,50,4828.011565
-20.0,50,4830.29908
-12.0,50,4832.585278
-14.0,50,4834.844054
-13.0,50,4837.104942
-4.0,50,4839.38033
-30.0,50,4841.633965
-23.0,50,4843.911064
-18.0,50,4846.184452
-16.0,50,4848.444661
-31.0,50,4850.720049
-17.0,50,4852.98895
-15.0,50,4855.236055
-12.0,50,4857.484972
-14.0,50,4859.768351
-30.0,50,4862.043033
-13.0,50,4864.277845
-44.0,50,4866.587509
-14.0,50,4868.842363
-7.0,50,4871.106966
0.0,50,4873.367883
-13.0,50,4875.643184
-12.0,50,4877.877886
-7.0,50,4880.174118
-24.0,50,4882.435828
-15.0,50,4884.704527
-16.0,50,4886.979312
-8.0,50,4889.293247
-15.0,50,4891.567703
-31.0,50,4893.817668
-10.0,50,4896.082869
0.0,50,4898.327153
-6.0,50,4900.610457
-9.0,50,4902.945322
-24.0,50,4905.298364
-15.0,50,4907.559968
-29.0,50,4909.830047
-20.0,50,4912.08489
-6.0,50,4914.316806
-19.0,50,4916.659501
-16.0,50,4918.996666
-24.0,50,4921.956341
-23.0,50,4924.908003
-19.0,50,4928.189855
-12.0,50,4930.791927
-17.0,50,4933.671068
-5.0,50,4936.283712
-10.0,50,4938.673301
-13.0,50,4941.655889
-46.0,50,4944.073282
-11.0,50,4946.857891
-10.0,50,4947.325076
-11.0,50,4947.764419
-4.0,50,4948.184792
-12.0,50,4948.620162
0.0,50,4949.032621
-8.0,50,4949.439418
-7.0,50,4949.825781
-15.0,50,4950.227123
-13.0,50,4950.618518
-9.0,50,4951.273067
-25.0,50,4954.085232
-11.0,50,4956.481311
-28.0,50,4959.464557
-21.0,50,4961.846152
-19.0,50,4964.431917
-9.0,50,4967.381664
0.0,50,4969.901969
-13.0,50,4972.772985
-19.0,50,4975.116821
-28.0,50,4977.409552
-19.0,50,4980.123947
-14.0,50,4983.4019
-26.0,50,4985.866817
0.0,50,4988.639902
-16.0,50,4990.942301
-20.0,50,4993.2421
-8.0,50,4996.47278
-20.0,50,4999.055731
-44.0,50,5002.017424
-14.0,50,5004.431252
-44.0,50,5006.859408
-14.0,50,5009.554774
-23.0,50,5011.988641
-37.0,50,5014.41467
-23.0,50,5017.287124
-23.0,50,5020.346077
-21.0,50,5022.813126
-26.0,50,5025.5556
-48.0,50,5027.893798
-28.0,50,5030.206763
-11.0,50,5032.537941
0.0,50,5034.848737
-19.0,50,5037.271746
-20.0,50,5039.740938
-9.0,50,5042.047864
-14.0,50,5044.36913
-21.0,50,5046.655648
-9.0,50,5048.979797
-21.0,50,5051.504332
-11.0,50,5054.686
-24.0,50,5057.222656
-15.0,50,5060.790409
0.0,50,5063.236976
-23.0,50,5065.628835
-7.0,50,5067.902557
-8.0,50,5070.221434
-20.0,50,5072.515826
-17.0,50,5074.825573
-8.0,50,5077.31932
-7.0,50,5079.557608
-10.0,50,5079.94978
-7.0,50,5080.337417
-13.0,50,5080.748143
-14.0,50,5081.142488
-6.0,50,5081.537087
-4.0,50,5081.930074
-10.0,50,5082.315851
-10.0,50,5082.724046
-6.0,50,5083.089107
-7.0,50,5083.595798
-37.0,50,5085.889277
-11.0,50,5088.306951
-13.0,50,5090.635293
-25.0,50,5092.98031
-37.0,50,5095.361359
-12.0,50,5097.693348
-21.0,50,5100.021398
-22.0,50,5102.7891
0.0,50,5105.695053
-29.0,50,5108.091955
-23.0,50,5110.404425
-14.0,50,5112.822093
-13.0,50,5115.171361
-44.0,50,5117.50003
-7.0,50,5120.501473
-11.0,50,5122.939365
-17.0,50,5125.274909
-15.0,50,5127.51799
-37.0,50,5129.885172
-7.0,50,5132.236439
-13.0,50,5134.491585
-17.0,50,5136.843382
-14.0,50,5139.136769
-16.0,50,5141.467792
-20.0,50,5143.759312
-23.0,50,5146.12165
-18.0,50,5148.449737
-22.0,50,5150.766401
-22.0,50,5153.009659
-15.0,50,5155.340898
0.0,50,5157.637018
-23.0,50,5159.948397
-18.0,50,5162.315616
-18.0,50,5164.631405
-11.0,50,5167.457734
-22.0,50,5170.175481
-28.0,50,5172.475561
-15.0,50,5174.78169
-17.0,50,5177.136339
-18.0,50,5179.411026
-19.0,50,5181.683671
-21.0,50,5184.011384
-7.0,50,5186.322646
-16.0,50,5188.614095
-14.0,50,5190.946649
-17.0,50,5193.292044
-26.0,50,5195.551086
-9.0,50,5197.818281
-22.0,50,5200.130953
-13.0,50,5202.456053
-31.0,50,5202.846105
-6.0,50,5203.310472
-6.0,50,5203.709041
-13.0,50,5204.093777
-10.0,50,5204.452309
-7.0,50,5204.872357
-6.0,50,5205.257931
-12.0,50,5205.67322
-11.0,50,5206.035118
-9.0,50,5206.467122
-14.0,50,5208.73861
-4.0,50,5211.020561
-22.0,50,5213.374478
-8.0,50,5215.669498
-17.0,50,5217.961832
-8.0,50,5220.248338
-22.0,50,5222.56672
-14.0,50,5224.891402
-22.0,50,5227.17893
-14.0,50,5229.452692
-8.0,50,5231.734518
-7.0,50,5234.008111
-19.0,50,5236.297397
-12.0,50,5238.54644
-16.0,50,5240.823101
-21.0,50,5243.100959
-25.0,50,5245.380144
-19.0,50,5247.722036
0.0,50,5249.934674
-20.0,50,5252.275696
-25.0,50,5254.57179
-18.0,50,5256.849902
-16.0,50,5259.162164
-16.0,50,5261.5101
-12.0,50,5263.794264
0.0,50,5266.586242
-19.0,50,5268.979081
-13.0,50,5271.210644
-18.0,50,5273.517004
-8.0,50,5275.792402
-47.0,50,5278.126942
-17.0,50,5281.342759
-9.0,50,5284.374666
-28.0,50,5287.879903
-13.0,50,5290.986593
-17.0,50,5294.319696
-16.0,50,5297.643717
-21.0,50,5300.981453
-22.0,50,5304.268714
-9.0,50,5307.566889
-12.0,50,5310.848949
-14.0,50,5314.144267
-18.0,50,5317.362533
-15.0,50,5320.734625
-14.0,50,5323.97325
-18.0,50,5327.234702
-13.0,50,5330.401011
-42.0,50,5333.670388
-23.0,50,5336.97837
0.0,50,5340.149092
-12.0,50,5340.59371
-11.0,50,5341.067808
-13.0,50,5341.55386
-12.0,50,5342.001355
-8.0,50,5342.487594
-7.0,50,5342.972689
-6.0,50,5343.457355
-12.0,50,5343.922296
-5.0,50,5344.364185
-11.0,50,5344.905344
-18.0,50,5348.169169
-13.0,50,5351.450073
-8.0,50,5354.685028
-28.0,50,5357.986068
-22.0,50,5361.255544
-32.0,50,5364.563445
-30.0,50,5367.831854
-13.0,50,5371.10469
-25.0,50,5374.344546
-24.0,50,5377.624218
-19.0,50,5380.904333
-16.0,50,5384.105121
0.0,50,5387.382413
0.0,50,5390.575317
-21.0,50,5393.795892
-47.0,50,5397.096614
-7.0,50,5400.415635
-18.0,50,5403.645544
-19.0,50,5406.861923
-18.0,50,5410.069642
-10.0,50,5412.882255
-14.0,50,5416.054987
-9.0,50,5419.322993
-14.0,50,5422.68963
-14.0,50,5426.068556
-25.0,50,5429.398809
-14.0,50,5432.734696
-9.0,50,5435.971751
-18.0,50,5439.35778
-17.0,50,5442.651985
-27.0,50,5445.919652
-16.0,50,5449.198249
-15.0,50,5452.521146
-14.0,50,5455.875212
-25.0,50,5459.161362
-9.0,50,5462.434314
-15.0,50,5465.725429
-13.0,50,5469.060493
-5.0,50,5472.27071
-16.0,50,5475.799709
-21.0,50,5478.426991
-19.0,50,5480.786725
-18.0,50,5483.194585
-25.0,50,5485.717889
-13.0,50,5488.277284
-22.0,50,5490.947591
-25.0,50,5493.558479
-19.0,50,5496.181837
-10.0,50,5498.805723
-13.0,50,5501.433586
-6.0,50,5501.887432
-12.0,50,5502.311274
-15.0,50,5502.721124
-9.0,50,5503.13164
-8.0,50,5503.54129
-7.0,50,5503.999621
-7.0,50,5504.438515
0.0,50,5504.88515
-9.0,50,5505.274199
-16.0,50,5505.718255
-20.0,50,5508.310784
-35.0,50,5510.925318
-15.0,50,5513.546271
-11.0,50,5516.135229
-32.0,50,5518.730213
-7.0,50,5521.431863
0.0,50,5524.040077
-8.0,50,5526.662454
-21.0,50,5529.249574
-45.0,50,5531.859402
-20.0,50,5534.482911
-19.0,50,5537.071054
-23.0,50,5539.748367
0.0,50,5542.329818
-21.0,50,5544.977791
-19.0,50,5547.600471
0.0,50,5550.207883
-14.0,50,5552.793063
-15.0,50,5555.40443
-14.0,50,5558.010525
-15.0,50,5560.63134
-25.0,50,5563.265088
-11.0,50,5565.842515
-23.0,50,5568.473897
-17.0,50,5571.062642
-9.0,50,5573.704379
-35.0,50,5576.327566
-20.0,50,5578.92937
-23.0,50,5581.55548
-29.0,50,5584.182461
-19.0,50,5586.789188
-13.0,50,5589.413965
-12.0,50,5592.011498
-21.0,50,5594.612868
-10.0,50,5597.207815
0.0,50,5599.838241
-13.0,50,5602.436797
-22.0,50,5605.04024
-10.0,50,5607.645305
-8.0,50,5610.255753
-9.0,50,5612.889838
-19.0,50,5615.501586
-14.0,50,5618.132882
-13.0,50,5620.738968
-16.0,50,5623.34953
-14.0,50,5625.967675
0.0,50,5628.596591
-43.0,50,5631.218832
-10.0,50,5633.808074
-3.0,50,5636.427572
-13.0,50,5636.856182
-17.0,50,5637.259612
-9.0,50,5637.693015
-4.0,50,5638.106905
-12.0,50,5638.519922
-11.0,50,5638.937017
-20.0,50,5639.371757
-1.0,50,5639.771137
-9.0,50,5640.187774
-18.0,50,5640.674202
-8.0,50,5643.271563
0.0,50,5645.921022
-20.0,50,5648.538593
-16.0,50,5651.148265
-6.0,50,5653.757602
-17.0,50,5656.390515
-8.0,50,5658.992345
-30.0,50,5661.591202
-9.0,50,5664.198654
-24.0,50,5666.832103
-21.0,50,5669.438581
-28.0,50,5672.058859
-7.0,50,5674.659526
-16.0,50,5677.290604
-39.0,50,5679.953212
-11.0,50,5682.518607
-18.0,50,5685.165095
-7.0,50,5687.72326
-18.0,50,5690.340696
0.0,50,5692.911451
-8.0,50,5695.551922
-17.0,50,5698.186759
-8.0,50,5700.803324
-18.0,50,5703.415509
-9.0,50,5706.023541
-50.0,50,5708.628128
0.0,50,5711.205162
-19.0,50,5713.863831
-17.0,50,5716.43492
-24.0,50,5719.037264
-46.0,50,5721.671676
-16.0,50,5724.272816
-13.0,50,5726.840823
-25.0,50,5729.499865
-19.0,50,5732.094986
0.0,50,5734.717721
-12.0,50,5737.364887
-30.0,50,5739.984869
-14.0,50,5742.596079
-18.0,50,5745.175991
-12.0,50,5747.812116
0.0,50,5750.361886
0.0,50,5753.007597
-18.0,50,5755.634228
-18.0,50,5758.280959
-6.0,50,5760.893074
-18.0,50,5763.493864
-10.0,50,5766.095343
-5.0,50,5768.749966
-6.0,50,5771.377264
-7.0,50,5771.797125
-11.0,50,5772.177989
-4.0,50,5772.590059
-8.0,50,5772.988467
-12.0,50,5773.398683
-7.0,50,5773.783144
-7.0,50,5774.194347
-11.0,50,5774.602921
-11.0,50,5775.004375
-20.0,50,5775.619174
-12.0,50,5778.267561
-12.0,50,5780.87063
-9.0,50,5783.522285
-21.0,50,5786.105335
-7.0,50,5788.736334
-14.0,50,5791.360748
-7.0,50,5793.984282
-13.0,50,5796.578311
-12.0,50,5799.185773
-25.0,50,5801.784037
-18.0,50,5804.422688
-12.0,50,5806.990445
-12.0,50,5809.647787
-24.0,50,5812.238923
-14.0,50,5814.841868
-5.0,50,5817.521161
-32.0,50,5820.099509
-16.0,50,5822.711401
-24.0,50,5825.319704
-7.0,50,5827.930195
-13.0,50,5830.603691
-27.0,50,5833.481709
-6.0,50,5836.174868
-15.0,50,5838.847256
0.0,50,5841.500561
-19.0,50,5844.117103
-23.0,50,5846.756248
-6.0,50,5849.316235
-14.0,50,5851.913908
-10.0,50,5854.587374
-12.0,50,5857.215908
0.0,50,5859.808032
-10.0,50,5862.426468
-17.0,50,5865.069908
0.0,50,5867.61946
-16.0,50,5870.272175
-18.0,50,5872.906504
-12.0,50,5875.498375
-18.0,50,5878.153248
-18.0,50,5880.691525
-40.0,50,5883.362996
-24.0,50,5885.974825
-9.0,50,5888.589996
-16.0,50,5891.250308
-19.0,50,5893.831367
-17.0,50,5896.446656
-44.0,50,5899.135458
-26.0,50,5901.743652
-12.0,50,5904.356516
-5.0,50,5906.978982
-13.0,50,5907.380112
-4.0,50,5907.814276
-4.0,50,5908.229645
-13.0,50,5908.646291
-7.0,50,5909.042964
-9.0,50,5909.447262
-13.0,50,5909.84584
-7.0,50,5910.286705
0.0,50,5910.66848
-20.0,50,5911.238477
-25.0,50,5913.86461
-13.0,50,5916.436902
-14.0,50,5919.101101
-8.0,50,5921.703233
-33.0,50,5924.30458
-7.0,50,5926.89418
-26.0,50,5929.49111
-21.0,50,5932.154858
-10.0,50,5934.742665
0.0,50,5937.327407
0.0,50,5939.98344
0.0,50,5942.586297
0.0,50,5945.201217
-30.0,50,5947.797734
-21.0,50,5950.415926
-29.0,50,5953.095709
0.0,50,5955.7123
-6.0,50,5958.318127
-17.0,50,5960.949043
-25.0,50,5963.53844
-10.0,50,5966.164472
0.0,50,5968.793553
-17.0,50,5971.434545
-10.0,50,5973.971699
-23.0,50,5976.643953
-27.0,50,5979.309492
-13.0,50,5981.915441
-12.0,50,5984.526012
-22.0,50,5987.146882
0.0,50,5989.727712
-20.0,50,5992.364782
-8.0,50,5994.942774
-9.0,50,5997.565598
-13.0,50,6000.170004
-16.0,50,6002.74384
-26.0,50,6005.375077
-16.0,50,6007.993504
-26.0,50,6010.649079
-17.0,50,6013.264438
-11.0,50,6015.850363
-18.0,50,6018.495476
-50.0,50,6021.079737
-22.0,50,6023.688755
-21.0,50,6026.282521
-19.0,50,6028.921861
-9.0,50,6031.561748
-8.0,50,6034.215353
-16.0,50,6036.797362
-13.0,50,6039.457919
-8.0,50,6042.08898
-23.0,50,6042.525901
-7.0,50,6042.963991
-7.0,50,6043.386491
0.0,50,6043.80577
-12.0,50,6044.232804
-6.0,50,6044.654101
-7.0,50,6045.102693
-3.0,50,6045.511427
-10.0,50,6045.900832
-16.0,50,6046.353201
-17.0,50,6048.999493
-23.0,50,6051.583144
-15.0,50,6054.215947
-11.0,50,6056.769887
-15.0,50,6059.390544
-5.0,50,6061.971791
-21.0,50,6064.546585
-18.0,50,6067.195497
-21.0,50,6069.82923
-17.0,50,6072.430762
-19.0,50,6075.010818
-41.0,50,6077.608786
-11.0,50,6080.236666
-11.0,50,6082.846725
-23.0,50,6085.457917
-5.0,50,6088.060552
-34.0,50,6090.664121
-14.0,50,6093.334814
-28.0,50,6095.890602
-23.0,50,6098.552534
-9.0,50,6101.175028
0.0,50,6103.756733
-11.0,50,6106.391607
-12.0,50,6109.014348
-17.0,50,6111.688047
-25.0,50,6114.580363
0.0,50,6117.43595
0.0,50,6120.141469
-18.0,50,6122.759136
-32.0,50,6125.369305
-11.0,50,6127.967744
0.0,50,6130.570428
-17.0,50,6133.20674
-29.0,50,6135.896068
0.0,50,6138.565277
-3.0,50,6141.226182
-16.0,50,6143.830982
-20.0,50,6146.42399
-9.0,50,6149.019274
-21.0,50,6151.650647
-10.0,50,6154.31329
-17.0,50,6156.870421
-18.0,50,6159.548886
-13.0,50,6162.127339
-9.0,50,6164.753888
-13.0,50,6167.50364
-23.0,50,6170.080059
-16.0,50,6172.682369
-9.0,50,6175.297087
-8.0,50,6177.922526
-3.0,50,6178.338073
0.0,50,6178.73628
-11.0,50,6179.138014
-8.0,50,6179.576189
-9.0,50,6179.994465
-8.0,50,6180.425969
-15.0,50,6180.849794
-11.0,50,6181.233807
-9.0,50,6181.672107
-17.0,50,6182.244471
-47.0,50,6185.05206
-9.0,50,6187.651811
-5.0,50,6190.233119
-20.0,50,6192.883525
-12.0,50,6195.46527
-11.0,50,6198.084232
-21.0,50,6200.71916
-6.0,50,6203.344494
-17.0,50,6205.923898
-24.0,50,6208.538973
-15.0,50,6211.169528
-24.0,50,6213.782784
-11.0,50,6216.405453
-8.0,50,6218.996304
-18.0,50,6221.599243
-15.0,50,6224.255454
-29.0,50,6226.83794
-11.0,50,6229.450222
-18.0,50,6232.099174
-24.0,50,6234.711429
-20.0,50,6237.382876
-11.0,50,6239.999216
-3.0,50,6242.55669
-13.0,50,6245.192982
-15.0,50,6247.825491
-18.0,50,6250.437851
-18.0,50,6253.069908
-19.0,50,6255.66671
-18.0,50,6258.318469
-15.0,50,6260.890121
-7.0,50,6263.495199
-32.0,50,6266.185239
-34.0,50,6268.760906
-13.0,50,6271.351912
0.0,50,6274.004836
0.0,50,6276.688921
-8.0,50,6279.358453
-13.0,50,6282.005027
0.0,50,6284.65503
-19.0,50,6287.239369
-11.0,50,6289.851931
-29.0,50,6292.451274
-18.0,50,6295.105251
-10.0,50,6297.771219
-10.0,50,6300.374739
-36.0,50,6303.054275
-49.0,50,6305.635214
-14.0,50,6308.20925
-34.0,50,6310.859429
-29.0,50,6313.519699
-3.0,50,6313.935772
-11.0,50,6314.334064
-25.0,50,6314.784718
-10.0,50,6315.186323
-8.0,50,6315.609497
-8.0,50,6316.03301
-7.0,50,6316.460084
-8.0,50,6316.874795
-13.0,50,6317.273906
-11.0,50,6317.723535
-26.0,50,6320.380234
-50.0,50,6322.998458
-13.0,50,6325.61002
-28.0,50,6328.212608
-22.0,50,6330.897095
-29.0,50,6333.506219
-16.0,50,6336.122458
-14.0,50,6338.718595
-6.0,50,6341.331447
-23.0,50,6343.97324
-13.0,50,6346.597304
-10.0,50,6349.2085
0.0,50,6351.848378
-17.0,50,6354.530735
-28.0,50,6357.232235
-23.0,50,6359.856355
-9.0,50,6362.482528
-14.0,50,6365.065549
-32.0,50,6367.71268
-21.0,50,6370.325761
-13.0,50,6372.963102
-12.0,50,6375.548277
-26.0,50,6378.14461
-12.0,50,6380.757272
-38.0,50,6383.344162
-12.0,50,6385.954721
-15.0,50,6388.590103
-20.0,50,6391.211444
0.0,50,6393.817239
0.0,50,6396.430602
-17.0,50,6399.037569
-25.0,50,6401.681354
-20.0,50,6404.251075
-23.0,50,6406.868135
-14.0,50,6409.462012
0.0,50,6412.06207
-11.0,50,6414.710838
-7.0,50,6417.336931
-20.0,50,6419.905811
-7.0,50,6422.551695
-11.0,50,6425.166507
-20.0,50,6427.790831
-9.0,50,6430.383493
0.0,50,6433.007792
-16.0,50,6435.562114
-20.0,50,6438.178948
-14.0,50,6440.791879
-11.0,50,6443.427084
-8.0,50,6446.056589
-12.0,50,6448.638773
-7.0,50,6449.056572
-5.0,50,6449.457255
-5.0,50,6449.88757
-10.0,50,6450.293535
-7.0,50,6450.701984
-11.0,50,6451.135285
-10.0,50,6451.507916
-4.0,50,6451.894141
-9.0,50,6452.311095
