<!-- ======================================================
    Model       :: Fetch
        Source      : OpenAI (https://github.com/openai) (9Sept'16)
					: Fetch Robotics (https://github.com/fetchrobotics/fetch_ros/tree/indigo-devel/fetch_description)
        
    Mujoco      :: Advanced physics simulation engine
        Source      : www.roboti.us
        Version     : 1.41
        Released    : 22Aug'16
        
    Author      :: Vikash Kumar
        Contacts    : kumar@roboti.us
        Last edits  : 05Oct'16
		
	Copyright 2016 Vikash Kumar
		Licensed under Apache License, Version 2.0 (the "License"); you may not use this file except in compliance with the License. You may obtain a copy of the License at http://www.apache.org/licenses/LICENSE-2.0 Unless required by applicable law or agreed to in writing, software distributed under the License is distributed on an "AS IS" BASIS, WITHOUT WARRANTIES OR CONDITIONS OF ANY KIND, either express or implied. See the License for the specific language governing permissions and limitations under the License.
====================================================== -->

<mujocoinclude>

	<compiler angle="radian"/>
    
    <actuator>
        <motor gear="1" ctrllimited="true" ctrlrange="-33.82 33.82" joint="robot:shoulder_pan_joint" name="shoulder_pan_joint" />
        <motor gear="1" ctrllimited="true" ctrlrange="-131.76 131.76" joint="robot:shoulder_lift_joint" name="shoulder_lift_joint" />
        <motor gear="1" ctrllimited="true" ctrlrange="-76.94 76.94" joint="robot:upperarm_roll_joint" name="upperarm_roll_joint" />
        <motor gear="1" ctrllimited="true" ctrlrange="-66.18 66.18" joint="robot:elbow_flex_joint" name="elbow_flex_joint" />
        <motor gear="1" ctrllimited="true" ctrlrange="-29.35 29.35" joint="robot:forearm_roll_joint" name="forearm_roll_joint" />
        <motor gear="1" ctrllimited="true" ctrlrange="-25.70 25.70" joint="robot:wrist_flex_joint" name="wrist_flex_joint" />
        <motor gear="1" ctrllimited="true" ctrlrange="-7.36 7.36" joint="robot:wrist_roll_joint" name="wrist_roll_joint" />
        <!--<motor gear="1" ctrllimited="true" ctrlrange="-60 60" joint="robot:r_gripper_finger_joint" name="r_gripper_finger_joint" />
        <motor gear="1" ctrllimited="true" ctrlrange="-60 60" joint="robot:l_gripper_finger_joint" name="l_gripper_finger_joint" />-->
		
		<!--<position kp="1e4" ctrllimited="true" ctrlrange="-1.6056 1.6056" joint="robot:shoulder_pan_joint" name="shoulder_pan_joint" />
        <position kp="1e4" ctrllimited="true" ctrlrange="-1.221 1.518" joint="robot:shoulder_lift_joint" name="shoulder_lift_joint" />
        <position kp="1e4" ctrllimited="true" ctrlrange="-3.14 3.14" joint="robot:upperarm_roll_joint" name="upperarm_roll_joint" />
        <position kp="1e4" ctrllimited="true" ctrlrange="-2.251 2.251" joint="robot:elbow_flex_joint" name="elbow_flex_joint" />
        <position kp="1e4" ctrllimited="true" ctrlrange="-3.14 3.14" joint="robot:forearm_roll_joint" name="forearm_roll_joint" />
        <position kp="1e4" ctrllimited="true" ctrlrange="-2.16 2.16" joint="robot:wrist_flex_joint" name="wrist_flex_joint" />
        <position kp="1e4" ctrllimited="true" ctrlrange="-3.14 3.14" joint="robot:wrist_roll_joint" name="wrist_roll_joint" />-->
		<position kp="1e4" ctrllimited="true" ctrlrange="0 .05" joint="robot:r_gripper_finger_joint" name="r_gripper_finger_joint" />
        <position kp="1e4" ctrllimited="true" ctrlrange="0 .05" joint="robot:l_gripper_finger_joint" name="l_gripper_finger_joint" />
    </actuator>

    <asset>
        <mesh name="base_link" file="robot/fetch/base_link_collision.stl" />
        <mesh name="r_wheel_link" file="robot/fetch/r_wheel_link_collision.stl" />
        <mesh name="l_wheel_link" file="robot/fetch/l_wheel_link_collision.stl" />
        <mesh name="torso_lift_link" file="robot/fetch/torso_lift_link_collision.stl" />
        <mesh name="head_pan_link" file="robot/fetch/head_pan_link_collision.stl" />
        <mesh name="head_tilt_link" file="robot/fetch/head_tilt_link_collision.stl" />
        <mesh name="shoulder_pan_link" file="robot/fetch/shoulder_pan_link_collision.stl" />
        <mesh name="shoulder_lift_link" file="robot/fetch/shoulder_lift_link_collision.stl" />
        <mesh name="upperarm_roll_link" file="robot/fetch/upperarm_roll_link_collision.stl" />
        <mesh name="elbow_flex_link" file="robot/fetch/elbow_flex_link_collision.stl" />
        <mesh name="forearm_roll_link" file="robot/fetch/forearm_roll_link_collision.stl" />
        <mesh name="wrist_flex_link" file="robot/fetch/wrist_flex_link_collision.stl" />
        <mesh name="wrist_roll_link" file="robot/fetch/wrist_roll_link_collision.stl" />
        <mesh name="gripper_link" file="robot/fetch/gripper_link.stl" />
        <mesh name="r_gripper_finger_link" file="robot/fetch/r_gripper_finger_link.stl" />
        <mesh name="l_gripper_finger_link" file="robot/fetch/l_gripper_finger_link.stl" />
        <mesh name="bellows_link" file="robot/fetch/bellows_link_collision.stl" />
        <mesh name="estop_link" file="robot/fetch/estop_link.stl" />
        <mesh name="laser_link" file="robot/fetch/laser_link.stl" />
        <mesh name="torso_fixed_link" file="robot/fetch/torso_fixed_link.stl" />
        <texture name="texgeom" type="cube" builtin="flat" rgb1="1 1 1" rgb2="1 1 1" mark="random" markrgb=".3 .3 .4" random="0.05" width="512" height="512"/>
        <material name="geomMat" texture="texgeom" specular="0.75" shininess=".03"/>
    </asset>
	
	<!--<equality>
        <weld body1="mocap" body2="gripper_link" solref="0.01 1" solimp=".02 .1 0.050"/>
	</equality>-->
	
    <contact>
        <exclude body1="r_gripper_finger_link" body2="l_gripper_finger_link"/>
    </contact>

	<default>
		<default class="fetch">
			<geom solref="0.008 1" solimp="0.93 0.97 0.001" margin="0.001" user="0" type="mesh" rgba="1 1 1 1" material="geomMat"/>
			<joint damping="50" stiffness="0" armature="1" limited="true"/>
			<default class="fetchGrey"> <geom rgba="0.356 0.361 0.376 1"/> </default>
			<default class="fetchBlue"> <geom rgba="0.086 0.506 0.767 1"/> </default>
			<default class="fetchGripper">
				<geom solref="0.008 1" solimp="0.93 0.97 0.01" margin="0.001" user="0" rgba="0.356 0.361 0.376 1" condim="4"/> 
				<joint solreflimit="0.006 1" solimplimit="0.99 0.999 0.001" damping="50" type="slide" limited="true"/>
			</default>
		</default>
	</default>
	
</mujocoinclude>
