# {"t_start": 1580854071.3840857, "env_id": "FetchSlideball-v6"} 
r,l,t
-75.0,75,10.535794
-75.0,75,16.349077
-75.0,75,21.880664
-75.0,75,24.879627
-75.0,75,28.999917
-75.0,75,32.15583
-75.0,75,37.834074
-75.0,75,42.747532
-75.0,75,48.108561
-75.0,75,52.567844
-75.0,75,58.015813
-75.0,75,63.604397
-75.0,75,68.475025
-75.0,75,72.500995
-75.0,75,78.423267
-75.0,75,82.407182
-75.0,75,87.846946
-75.0,75,92.400665
-75.0,75,95.374593
-75.0,75,99.73477
-75.0,75,106.050389
-75.0,75,109.60447
-75.0,75,114.634483
-75.0,75,120.335336
-75.0,75,123.860689
-75.0,75,129.285957
-75.0,75,132.56651
-75.0,75,137.348554
-75.0,75,140.918288
-75.0,75,148.005696
-75.0,75,151.138979
-75.0,75,157.467916
-75.0,75,162.385903
-75.0,75,166.31378
-75.0,75,170.156841
-75.0,75,175.577294
-75.0,75,180.821983
-75.0,75,189.290183
-75.0,75,194.375817
-75.0,75,199.959249
-75.0,75,203.154584
-75.0,75,207.503061
-75.0,75,212.075589
-75.0,75,218.119336
-75.0,75,221.562964
-75.0,75,225.995999
-75.0,75,233.429474
-75.0,75,236.806762
-75.0,75,242.765011
-75.0,75,246.439521
-75.0,75,252.329034
-75.0,75,253.124862
-75.0,75,253.917245
-75.0,75,254.664971
-75.0,75,257.057855
-75.0,75,259.0513
-75.0,75,259.776901
-75.0,75,260.513171
-75.0,75,261.305413
-75.0,75,261.981879
-75.0,75,262.858383
-75.0,75,267.34249
-75.0,75,271.78555
-75.0,75,277.66579
-75.0,75,281.465298
-75.0,75,286.369875
-75.0,75,291.9328
-75.0,75,295.46507
-75.0,75,300.99809
-75.0,75,305.595871
-75.0,75,310.04174
-75.0,75,313.900937
-75.0,75,319.545775
-75.0,75,325.551042
-75.0,75,328.963995
-75.0,75,333.333987
-75.0,75,339.656198
-75.0,75,343.318896
-75.0,75,348.926497
-75.0,75,351.84163
-75.0,75,357.42111
-75.0,75,361.371789
-75.0,75,366.011349
-75.0,75,370.439498
-75.0,75,373.3819
-75.0,75,378.793911
-75.0,75,381.985075
-75.0,75,387.259207
-75.0,75,390.109614
-75.0,75,394.284505
-75.0,75,400.147375
-75.0,75,403.297332
-75.0,75,408.718063
-75.0,75,411.916331
-75.0,75,417.295274
-75.0,75,420.454983
-75.0,75,426.175068
-75.0,75,432.512501
-75.0,75,436.417341
-75.0,75,441.516019
-75.0,75,449.163189
-75.0,75,455.898044
-75.0,75,460.076097
-75.0,75,466.550432
-75.0,75,473.770712
-75.0,75,479.018074
-75.0,75,485.644883
-75.0,75,492.743498
-75.0,75,496.882653
-75.0,75,503.677591
-75.0,75,510.112778
-75.0,75,512.575703
-75.0,75,514.813366
-75.0,75,515.671655
-75.0,75,516.582943
-75.0,75,517.484702
-75.0,75,518.375483
-75.0,75,520.966092
-75.0,75,523.079042
-75.0,75,523.920754
-75.0,75,524.805301
-75.0,75,531.376287
-75.0,75,535.662644
-75.0,75,542.132147
-75.0,75,547.397781
-75.0,75,555.549871
-75.0,75,560.083393
-75.0,75,566.115143
-75.0,75,573.299634
-75.0,75,579.080357
-75.0,75,584.822914
-75.0,75,590.622054
-75.0,75,596.468777
-75.0,75,602.35341
-75.0,75,609.42004
-75.0,75,616.233589
-75.0,75,622.254365
-75.0,75,628.394003
-75.0,75,634.582378
-75.0,75,641.638266
-75.0,75,647.799453
-75.0,75,653.869621
-75.0,75,659.566808
-75.0,75,665.471581
-75.0,75,671.508778
-75.0,75,678.799028
-75.0,75,685.02447
-75.0,75,688.160928
-75.0,75,692.936663
-75.0,75,696.013503
-75.0,75,698.923369
-75.0,75,701.774835
-75.0,75,704.755611
-75.0,75,707.638542
-75.0,75,710.54964
-75.0,75,713.41526
-75.0,75,716.32377
-75.0,75,719.185055
-75.0,75,722.102285
-75.0,75,724.988211
-75.0,75,727.839224
-75.0,75,730.730681
-75.0,75,733.908926
-75.0,75,736.940063
-75.0,75,739.933938
-75.0,75,742.965262
-75.0,75,745.928849
-75.0,75,748.997143
-75.0,75,752.015771
-75.0,75,755.105142
-75.0,75,758.18278
-75.0,75,758.958398
-75.0,75,759.711249
-75.0,75,760.476228
-75.0,75,761.255714
-75.0,75,762.003191
-75.0,75,762.793541
-75.0,75,763.597757
-75.0,75,764.350356
-75.0,75,765.109612
-75.0,75,765.903724
-75.0,75,768.807921
-75.0,75,771.798976
-75.0,75,774.806835
-75.0,75,777.750361
-75.0,75,780.794168
-75.0,75,783.751195
-75.0,75,786.955018
-75.0,75,789.945211
-75.0,75,792.887269
-75.0,75,796.175783
-75.0,75,799.955192
-75.0,75,803.004183
-75.0,75,805.927708
-75.0,75,808.90831
-75.0,75,812.589086
-75.0,75,816.101382
-75.0,75,819.655205
-75.0,75,822.914168
-75.0,75,826.296182
-75.0,75,829.986996
-75.0,75,833.942157
-75.0,75,837.440361
-75.0,75,841.467458
-75.0,75,845.488816
-75.0,75,849.552759
-75.0,75,853.619734
-75.0,75,857.60187
-75.0,75,861.603117
-75.0,75,865.544101
-75.0,75,869.629858
-75.0,75,873.627485
-75.0,75,877.751395
-75.0,75,881.680715
-75.0,75,885.668088
-75.0,75,889.703405
-75.0,75,893.773101
-75.0,75,897.743414
-75.0,75,901.737542
-75.0,75,905.98849
-75.0,75,909.850297
-75.0,75,913.914088
-75.0,75,918.049863
-75.0,75,922.003685
-75.0,75,926.02486
-75.0,75,930.090899
-75.0,75,934.132866
-75.0,75,938.190374
-75.0,75,942.248766
-75.0,75,946.31013
-75.0,75,950.44959
-75.0,75,951.435536
-75.0,75,952.419983
-75.0,75,953.415415
-75.0,75,954.38744
-75.0,75,955.313119
-75.0,75,956.298673
-75.0,75,957.258327
-75.0,75,958.189611
-75.0,75,959.089624
-75.0,75,960.134408
-75.0,75,964.15561
-75.0,75,968.305646
-75.0,75,972.344683
-75.0,75,976.34918
-75.0,75,980.371702
-75.0,75,984.42707
-75.0,75,988.517553
-75.0,75,992.508931
-75.0,75,996.441308
-75.0,75,1000.451032
-75.0,75,1004.478296
-75.0,75,1008.577456
-75.0,75,1012.690911
-75.0,75,1016.743981
-75.0,75,1020.835109
-75.0,75,1024.914345
-75.0,75,1028.997425
-75.0,75,1033.041899
-75.0,75,1037.136152
-75.0,75,1041.135936
-75.0,75,1044.931293
-75.0,75,1048.927049
-75.0,75,1053.01521
-75.0,75,1057.146844
-75.0,75,1061.109993
-75.0,75,1065.07972
-75.0,75,1069.053696
-75.0,75,1072.983243
-75.0,75,1076.99041
-75.0,75,1081.071235
-75.0,75,1085.147088
-75.0,75,1089.080419
-75.0,75,1093.129595
-75.0,75,1097.140389
-75.0,75,1101.105997
-75.0,75,1105.155487
-75.0,75,1109.17187
-75.0,75,1113.335815
-75.0,75,1117.347755
-75.0,75,1121.442467
-75.0,75,1125.580254
-75.0,75,1129.58051
-75.0,75,1133.700255
-75.0,75,1137.846883
-75.0,75,1141.834684
-75.0,75,1146.040705
-75.0,75,1150.14886
-75.0,75,1154.371428
-75.0,75,1158.486945
-75.0,75,1162.819095
-75.0,75,1163.808313
-75.0,75,1164.692872
-75.0,75,1165.677473
-75.0,75,1166.585249
-75.0,75,1167.538343
-75.0,75,1168.481793
-75.0,75,1169.391125
-75.0,75,1170.270767
-75.0,75,1171.141384
-75.0,75,1172.079009
-75.0,75,1176.108839
-75.0,75,1180.126234
-75.0,75,1184.153801
-75.0,75,1188.277027
-75.0,75,1192.355401
-75.0,75,1196.877288
-75.0,75,1201.119816
-75.0,75,1205.325045
-75.0,75,1209.486229
-75.0,75,1213.582919
-75.0,75,1217.76657
-75.0,75,1222.083431
-75.0,75,1226.293274
-75.0,75,1230.402262
-75.0,75,1234.44225
-75.0,75,1238.541642
-75.0,75,1242.637735
-75.0,75,1246.888355
-75.0,75,1251.134938
-75.0,75,1255.310497
-75.0,75,1259.559725
-75.0,75,1263.728631
-75.0,75,1267.855558
-75.0,75,1272.155221
-75.0,75,1276.284955
-75.0,75,1280.393413
-75.0,75,1284.596091
-75.0,75,1288.936146
-75.0,75,1293.2001
-75.0,75,1297.498007
-75.0,75,1301.667217
-75.0,75,1305.906049
-75.0,75,1310.204425
-75.0,75,1314.481006
-75.0,75,1318.654654
-75.0,75,1322.858594
-75.0,75,1327.075741
-75.0,75,1331.34237
-75.0,75,1335.461938
-75.0,75,1339.695798
-75.0,75,1343.935016
-75.0,75,1348.104587
-75.0,75,1352.329785
-75.0,75,1356.497993
-75.0,75,1360.696192
-75.0,75,1364.979571
-75.0,75,1369.039649
-75.0,75,1373.256706
-75.0,75,1377.357785
-75.0,75,1381.689204
-75.0,75,1382.599614
-75.0,75,1383.584035
-75.0,75,1384.360062
-75.0,75,1385.308259
-75.0,75,1386.422065
-75.0,75,1387.481032
-75.0,75,1388.456272
-75.0,75,1389.425953
-75.0,75,1390.233401
-75.0,75,1391.210549
-75.0,75,1395.156611
-75.0,75,1399.530324
-75.0,75,1403.829302
-75.0,75,1408.008416
-75.0,75,1412.320897
-75.0,75,1416.529628
-75.0,75,1420.845734
-75.0,75,1425.057479
-75.0,75,1429.340104
-75.0,75,1433.474526
-75.0,75,1437.751117
-75.0,75,1442.05282
-75.0,75,1446.287195
-75.0,75,1450.559246
-75.0,75,1454.738934
-75.0,75,1459.021302
-75.0,75,1463.35564
-75.0,75,1467.476696
-75.0,75,1471.728346
-75.0,75,1475.983701
-75.0,75,1480.185638
-75.0,75,1484.271119
-75.0,75,1488.653379
-75.0,75,1492.849872
-75.0,75,1497.184118
-75.0,75,1501.520943
-75.0,75,1505.761531
-75.0,75,1509.931
-75.0,75,1514.242893
-75.0,75,1518.502226
-75.0,75,1522.815454
-75.0,75,1527.080957
-75.0,75,1531.445807
-75.0,75,1535.116554
-75.0,75,1539.504636
-75.0,75,1543.730855
-75.0,75,1547.990256
-75.0,75,1552.179369
-75.0,75,1556.462337
-75.0,75,1560.725092
-75.0,75,1564.962395
-75.0,75,1569.168841
-75.0,75,1573.363469
-75.0,75,1577.656204
-75.0,75,1581.940232
-75.0,75,1586.209418
-75.0,75,1590.510741
-75.0,75,1594.861573
-75.0,75,1599.150172
-75.0,75,1603.468965
-75.0,75,1604.461092
-75.0,75,1605.521563
-75.0,75,1606.439888
-75.0,75,1607.396335
-75.0,75,1608.355636
-75.0,75,1609.322367
-75.0,75,1610.270097
-75.0,75,1611.239197
-75.0,75,1612.254474
-75.0,75,1613.471831
-75.0,75,1617.833444
-75.0,75,1622.055783
-75.0,75,1626.21235
-75.0,75,1630.683977
-75.0,75,1635.027645
-75.0,75,1639.490275
-75.0,75,1643.447897
-75.0,75,1647.675469
-75.0,75,1651.942727
-75.0,75,1656.275773
-75.0,75,1660.537328
-75.0,75,1664.896606
-75.0,75,1669.134932
-75.0,75,1673.326306
-75.0,75,1677.487921
-75.0,75,1681.845431
-75.0,75,1686.073634
-75.0,75,1690.263586
-75.0,75,1694.475457
-75.0,75,1698.672302
-75.0,75,1702.907426
-75.0,75,1707.169496
-75.0,75,1711.36193
-75.0,75,1715.562499
-75.0,75,1719.790699
-75.0,75,1724.057443
-75.0,75,1728.261159
-75.0,75,1732.500103
-75.0,75,1736.677177
-75.0,75,1740.98041
-75.0,75,1745.200361
-75.0,75,1749.475576
-75.0,75,1753.736007
-75.0,75,1758.102725
-75.0,75,1762.329096
-75.0,75,1766.621005
-75.0,75,1770.817466
-75.0,75,1775.121679
-75.0,75,1779.40471
-75.0,75,1783.637474
-75.0,75,1787.825413
-75.0,75,1792.072229
-75.0,75,1796.292122
-75.0,75,1800.517891
-75.0,75,1804.844369
-75.0,75,1809.003309
-75.0,75,1813.243618
-75.0,75,1817.515375
-75.0,75,1821.694888
-75.0,75,1826.052704
-75.0,75,1826.990311
-75.0,75,1827.962348
-75.0,75,1828.884754
-75.0,75,1829.8486
-75.0,75,1830.785263
-75.0,75,1831.734542
-75.0,75,1832.688849
-75.0,75,1833.606992
-75.0,75,1834.501487
-75.0,75,1835.741212
-75.0,75,1839.870996
-75.0,75,1844.097126
-75.0,75,1848.39863
-75.0,75,1852.605097
-75.0,75,1856.873873
-75.0,75,1861.179261
-75.0,75,1865.197414
-75.0,75,1869.536171
-75.0,75,1873.8456
-75.0,75,1878.074228
-75.0,75,1882.384394
-75.0,75,1886.641912
-75.0,75,1890.775098
-75.0,75,1895.026191
-75.0,75,1899.299394
-75.0,75,1903.572293
-75.0,75,1907.769305
-75.0,75,1912.057026
-75.0,75,1916.226829
-75.0,75,1920.623839
-75.0,75,1924.869541
-75.0,75,1929.113241
-75.0,75,1933.279244
-75.0,75,1937.509219
-75.0,75,1941.747311
-75.0,75,1946.010186
-75.0,75,1950.222623
-75.0,75,1954.468387
-75.0,75,1958.679806
-75.0,75,1962.92281
-75.0,75,1967.15265
-75.0,75,1971.414842
-75.0,75,1975.563166
-75.0,75,1979.787669
-75.0,75,1984.016041
-75.0,75,1988.306275
-75.0,75,1992.460273
-75.0,75,1996.761457
-75.0,75,2000.931222
-75.0,75,2005.282936
-75.0,75,2009.303856
-75.0,75,2013.50355
-75.0,75,2017.79808
-75.0,75,2022.130472
-75.0,75,2026.332931
-75.0,75,2030.616786
-75.0,75,2034.857914
-75.0,75,2039.090291
-75.0,75,2043.39992
-75.0,75,2047.660597
-75.0,75,2048.568369
-75.0,75,2049.479077
-75.0,75,2050.343136
-75.0,75,2051.290375
-75.0,75,2052.232543
-75.0,75,2053.105419
-75.0,75,2054.055682
-75.0,75,2054.965161
-75.0,75,2055.8976
-75.0,75,2057.122722
-75.0,75,2061.322295
-75.0,75,2065.595858
-75.0,75,2069.774766
-75.0,75,2073.970618
-75.0,75,2078.246911
-75.0,75,2082.456147
-75.0,75,2086.791011
-75.0,75,2091.026954
-75.0,75,2095.259536
-75.0,75,2099.70609
-75.0,75,2103.855383
-75.0,75,2108.011728
-75.0,75,2112.244993
-75.0,75,2116.503862
-75.0,75,2120.724372
-75.0,75,2124.859383
-75.0,75,2129.220618
-75.0,75,2133.418986
-75.0,75,2137.555567
-75.0,75,2141.775845
-75.0,75,2146.05754
-75.0,75,2150.204746
-75.0,75,2154.434905
-75.0,75,2158.516921
-75.0,75,2162.70887
-75.0,75,2166.961838
-75.0,75,2171.155207
-75.0,75,2175.393288
-75.0,75,2179.491413
-75.0,75,2183.605417
-75.0,75,2187.831406
-75.0,75,2192.072819
-75.0,75,2196.319323
-75.0,75,2200.501699
-75.0,75,2204.768271
-75.0,75,2209.010128
-75.0,75,2213.296706
-75.0,75,2217.59547
-75.0,75,2221.92564
-75.0,75,2226.083506
-75.0,75,2230.665994
-75.0,75,2234.941109
-75.0,75,2239.16037
-75.0,75,2243.460133
-75.0,75,2247.68603
-75.0,75,2251.995508
-75.0,75,2256.259436
-75.0,75,2260.649574
-75.0,75,2264.92246
-75.0,75,2269.221303
-75.0,75,2270.24693
-75.0,75,2271.216115
-75.0,75,2272.146719
-75.0,75,2273.070569
-75.0,75,2274.032179
-75.0,75,2274.96366
-75.0,75,2275.85124
-75.0,75,2276.726881
-75.0,75,2277.64628
-75.0,75,2278.568293
-75.0,75,2282.850698
-75.0,75,2287.015732
-75.0,75,2291.252808
-75.0,75,2295.364858
-75.0,75,2299.667444
-75.0,75,2303.861695
-75.0,75,2308.046679
-75.0,75,2312.202981
-75.0,75,2316.435242
-75.0,75,2320.521387
-75.0,75,2324.964062
-75.0,75,2328.934434
-75.0,75,2333.340434
-75.0,75,2337.770504
-75.0,75,2342.007006
-75.0,75,2346.222794
-75.0,75,2350.417203
-75.0,75,2354.684482
-75.0,75,2359.096601
-75.0,75,2363.302867
-75.0,75,2367.515563
-75.0,75,2371.735524
-75.0,75,2375.924018
-75.0,75,2380.079056
-75.0,75,2384.432611
-75.0,75,2388.643757
-75.0,75,2392.921792
-75.0,75,2397.191382
-75.0,75,2401.459089
-75.0,75,2405.668331
-75.0,75,2409.101506
-75.0,75,2413.243704
-75.0,75,2417.495466
-75.0,75,2421.679353
-75.0,75,2426.060713
-75.0,75,2430.339128
-75.0,75,2434.547805
-75.0,75,2438.774964
-75.0,75,2443.048194
-75.0,75,2447.364522
-75.0,75,2451.574539
-75.0,75,2456.01794
-75.0,75,2460.215145
-75.0,75,2464.547302
-75.0,75,2468.80156
-75.0,75,2472.987105
-75.0,75,2477.239254
-75.0,75,2481.498179
-75.0,75,2485.735809
-75.0,75,2489.988704
-75.0,75,2490.923936
-75.0,75,2491.954081
-75.0,75,2492.907262
-75.0,75,2493.767017
-75.0,75,2494.717821
-75.0,75,2495.582641
-75.0,75,2496.451338
-75.0,75,2497.371388
-75.0,75,2498.3317
-75.0,75,2499.737224
-75.0,75,2503.869595
-75.0,75,2508.055444
-75.0,75,2512.120443
-75.0,75,2516.061734
-75.0,75,2520.271878
-75.0,75,2524.758081
-75.0,75,2528.184684
-75.0,75,2531.62025
-75.0,75,2535.257006
-75.0,75,2538.59696
-75.0,75,2541.910111
-75.0,75,2545.292784
-75.0,75,2548.550852
-75.0,75,2551.506615
-75.0,75,2554.488317
-75.0,75,2557.424948
-75.0,75,2560.326557
-75.0,75,2563.267862
-75.0,75,2566.209691
-75.0,75,2569.146405
-75.0,75,2572.039405
-75.0,75,2574.915125
-75.0,75,2577.828876
-75.0,75,2580.745937
-75.0,75,2583.674648
-75.0,75,2586.567393
-75.0,75,2589.449476
-75.0,75,2592.393868
-75.0,75,2595.239778
-75.0,75,2598.15022
-75.0,75,2601.069876
-75.0,75,2603.998394
-75.0,75,2606.942407
-75.0,75,2609.893852
-75.0,75,2612.833846
-75.0,75,2615.754879
-75.0,75,2618.639092
-75.0,75,2621.630708
-75.0,75,2624.523145
-75.0,75,2627.434925
-75.0,75,2630.309626
-75.0,75,2633.288181
-75.0,75,2636.198849
-75.0,75,2639.152617
-75.0,75,2642.028691
-75.0,75,2644.975968
-75.0,75,2647.858958
-75.0,75,2650.785233
-75.0,75,2653.704783
-75.0,75,2656.649664
-75.0,75,2657.333253
-75.0,75,2658.030909
-75.0,75,2658.793167
-75.0,75,2659.577354
-75.0,75,2660.311618
-75.0,75,2661.036267
-75.0,75,2661.782393
-75.0,75,2662.516562
-75.0,75,2663.22534
-75.0,75,2664.139025
-75.0,75,2667.095248
-75.0,75,2669.991242
-75.0,75,2672.939592
-75.0,75,2675.854801
-75.0,75,2678.770357
-75.0,75,2681.707219
-75.0,75,2684.650237
-75.0,75,2687.723231
-75.0,75,2690.767505
-75.0,75,2693.779333
-75.0,75,2696.668295
-75.0,75,2699.648302
-75.0,75,2702.588768
-75.0,75,2705.516533
-75.0,75,2708.405605
-75.0,75,2711.382067
-75.0,75,2714.322315
-75.0,75,2717.257666
-75.0,75,2720.207788
-75.0,75,2723.120706
-75.0,75,2726.094138
-75.0,75,2729.066823
-75.0,75,2731.990416
-75.0,75,2734.957008
-75.0,75,2737.947356
-75.0,75,2741.020543
-75.0,75,2743.986206
-75.0,75,2746.934069
-75.0,75,2749.896068
-75.0,75,2752.813477
-75.0,75,2755.775006
-75.0,75,2758.658703
-75.0,75,2761.567519
-75.0,75,2764.543344
-75.0,75,2767.365861
-75.0,75,2770.308259
-75.0,75,2773.331574
-75.0,75,2776.43348
-75.0,75,2779.480585
-75.0,75,2782.462103
-75.0,75,2785.388719
-75.0,75,2788.319097
-75.0,75,2791.286479
-75.0,75,2794.255529
-75.0,75,2797.323488
-75.0,75,2800.236189
-75.0,75,2803.424364
-75.0,75,2806.471237
-75.0,75,2809.3983
-75.0,75,2812.371942
-75.0,75,2813.216659
-75.0,75,2813.98217
-75.0,75,2814.73393
-75.0,75,2815.574984
-75.0,75,2816.407249
-75.0,75,2817.207905
-75.0,75,2817.978663
-75.0,75,2818.741299
-75.0,75,2819.497762
-75.0,75,2820.510969
-75.0,75,2823.447456
-75.0,75,2826.638833
-75.0,75,2829.755736
-75.0,75,2832.885837
-75.0,75,2836.177864
-75.0,75,2839.372784
-75.0,75,2842.620052
-75.0,75,2845.83552
-75.0,75,2848.750331
-75.0,75,2851.87486
-75.0,75,2854.915453
-75.0,75,2858.010811
-75.0,75,2861.133665
-75.0,75,2864.289089
-75.0,75,2867.209769
-75.0,75,2870.225841
-75.0,75,2873.401126
-75.0,75,2876.545902
-75.0,75,2879.727129
-75.0,75,2882.732037
-75.0,75,2885.685622
-75.0,75,2888.62117
-75.0,75,2891.639694
-75.0,75,2894.81375
-75.0,75,2897.855318
-75.0,75,2900.967131
-75.0,75,2904.097661
-75.0,75,2907.356406
-75.0,75,2910.562871
-75.0,75,2913.960284
-75.0,75,2917.085948
-75.0,75,2920.227546
-75.0,75,2923.314351
-75.0,75,2926.329251
-75.0,75,2929.446232
-75.0,75,2932.486058
-75.0,75,2935.377485
-75.0,75,2938.555363
-75.0,75,2941.570143
-75.0,75,2944.660705
-75.0,75,2947.804166
-75.0,75,2950.825251
-75.0,75,2954.037107
-75.0,75,2956.991902
-75.0,75,2960.103126
-75.0,75,2963.378803
-75.0,75,2966.407118
-75.0,75,2969.672638
-75.0,75,2972.831624
-75.0,75,2976.191574
-75.0,75,2976.999347
-75.0,75,2977.80046
-75.0,75,2978.624947
-75.0,75,2979.373878
-75.0,75,2980.171455
-75.0,75,2981.090019
-75.0,75,2981.891207
-75.0,75,2982.687046
-75.0,75,2983.476994
-75.0,75,2984.458383
-75.0,75,2987.530164
-75.0,75,2990.521008
-75.0,75,2993.493637
-75.0,75,2996.478717
-75.0,75,2999.507611
-75.0,75,3002.482754
-75.0,75,3005.468157
-75.0,75,3008.410746
-75.0,75,3011.439239
-75.0,75,3014.488561
-75.0,75,3017.436853
-75.0,75,3020.394285
-75.0,75,3023.359771
-75.0,75,3026.347501
-75.0,75,3029.445446
-75.0,75,3032.421546
-75.0,75,3035.385008
-75.0,75,3038.578608
-75.0,75,3041.594813
-75.0,75,3044.804587
-75.0,75,3047.874611
-75.0,75,3050.925643
-75.0,75,3053.981143
-75.0,75,3056.985986
-75.0,75,3060.148844
-75.0,75,3063.117608
-75.0,75,3066.068272
-75.0,75,3069.134326
-75.0,75,3072.101552
-75.0,75,3074.995882
-75.0,75,3077.905728
-75.0,75,3080.886534
-75.0,75,3083.826125
-75.0,75,3086.877791
-75.0,75,3090.005763
-75.0,75,3093.124465
-75.0,75,3096.156494
-75.0,75,3099.180475
-75.0,75,3102.240024
-75.0,75,3105.326506
-75.0,75,3108.544123
-75.0,75,3111.596655
-75.0,75,3114.688175
-75.0,75,3117.82128
-75.0,75,3120.870198
-75.0,75,3123.799571
-75.0,75,3126.850562
-75.0,75,3129.777921
-75.0,75,3132.722909
-75.0,75,3136.117348
-75.0,75,3136.877645
-75.0,75,3137.642666
-75.0,75,3138.427963
-75.0,75,3139.338512
-75.0,75,3140.306432
-75.0,75,3141.323736
-75.0,75,3142.32994
-75.0,75,3143.304043
-75.0,75,3144.211056
-75.0,75,3145.298419
-75.0,75,3149.446048
-75.0,75,3153.577171
-75.0,75,3157.636633
-75.0,75,3161.694648
-75.0,75,3165.782726
-75.0,75,3169.823641
-75.0,75,3173.83256
-75.0,75,3177.72923
-75.0,75,3181.803778
-75.0,75,3185.736197
-75.0,75,3189.749488
-75.0,75,3193.763458
-75.0,75,3197.75794
-75.0,75,3201.843131
-75.0,75,3205.881033
-75.0,75,3209.988993
-75.0,75,3213.986501
-75.0,75,3217.922523
-75.0,75,3222.041967
-75.0,75,3225.988626
-75.0,75,3230.03939
-75.0,75,3234.130642
-75.0,75,3238.199197
-75.0,75,3242.265262
-75.0,75,3246.562008
-75.0,75,3250.655625
-75.0,75,3254.704239
-75.0,75,3258.680591
-75.0,75,3262.821696
-75.0,75,3266.916257
-75.0,75,3270.996821
-75.0,75,3275.007675
-75.0,75,3279.213956
-75.0,75,3283.350688
-75.0,75,3287.573337
-75.0,75,3291.913612
-75.0,75,3296.131057
-75.0,75,3300.364761
-75.0,75,3304.475656
-75.0,75,3308.764708
-75.0,75,3313.096095
-75.0,75,3317.289118
-75.0,75,3321.690796
-75.0,75,3325.894985
-75.0,75,3330.071904
-75.0,75,3334.247039
-75.0,75,3338.550614
-75.0,75,3342.817176
-75.0,75,3347.185233
-75.0,75,3351.98299
-75.0,75,3352.954186
-75.0,75,3353.954507
-75.0,75,3354.922172
-75.0,75,3355.848796
-75.0,75,3356.77207
-75.0,75,3357.698731
-75.0,75,3358.611422
-75.0,75,3359.59659
-75.0,75,3360.498618
-75.0,75,3361.574893
-75.0,75,3365.865884
-75.0,75,3369.993989
-75.0,75,3374.2406
-75.0,75,3378.566731
-75.0,75,3382.917527
-75.0,75,3387.131693
-75.0,75,3391.444188
-75.0,75,3395.70737
-75.0,75,3399.945258
-75.0,75,3404.158216
-75.0,75,3408.532037
-75.0,75,3412.80079
-75.0,75,3417.07595
-75.0,75,3421.563141
-75.0,75,3425.826079
-75.0,75,3430.057608
-75.0,75,3434.138732
-75.0,75,3438.572543
-75.0,75,3442.836473
-75.0,75,3446.869711
-75.0,75,3450.202211
-75.0,75,3453.196873
-75.0,75,3456.426362
-75.0,75,3459.769492
-75.0,75,3462.862514
-75.0,75,3465.919194
-75.0,75,3468.840191
-75.0,75,3471.891338
-75.0,75,3474.823595
-75.0,75,3477.675241
-75.0,75,3480.668004
-75.0,75,3483.610934
-75.0,75,3486.571369
-75.0,75,3489.519586
-75.0,75,3492.533625
-75.0,75,3495.488336
-75.0,75,3498.36952
-75.0,75,3501.433884
-75.0,75,3504.351715
-75.0,75,3507.322523
-75.0,75,3510.289973
-75.0,75,3513.234319
-75.0,75,3516.107158
-75.0,75,3519.032944
-75.0,75,3521.987046
-75.0,75,3524.916823
-75.0,75,3527.826416
-70.0,75,3530.736414
-75.0,75,3533.633038
-75.0,75,3536.557028
-75.0,75,3537.276744
-75.0,75,3538.013734
-75.0,75,3538.703243
-75.0,75,3539.468013
-75.0,75,3540.26088
-75.0,75,3540.999588
-75.0,75,3541.80564
-75.0,75,3542.562684
-75.0,75,3543.264721
-75.0,75,3544.203855
-75.0,75,3547.114908
-75.0,75,3550.090961
-75.0,75,3553.049976
-75.0,75,3556.019585
-75.0,75,3558.979946
-75.0,75,3561.918508
-75.0,75,3564.936358
-75.0,75,3567.869673
-75.0,75,3570.82215
-75.0,75,3573.798661
-75.0,75,3576.724426
-75.0,75,3579.697171
-75.0,75,3582.580081
-75.0,75,3585.544769
-75.0,75,3588.50303
-75.0,75,3591.494573
-75.0,75,3594.430929
-75.0,75,3597.362785
-75.0,75,3600.352694
-75.0,75,3603.289109
-75.0,75,3606.280458
-75.0,75,3609.260511
-75.0,75,3612.24591
-75.0,75,3615.185027
-75.0,75,3618.083925
-75.0,75,3621.10025
-75.0,75,3623.978176
-75.0,75,3626.937156
-75.0,75,3629.902455
-75.0,75,3633.038591
-75.0,75,3635.926617
-75.0,75,3639.147045
-75.0,75,3642.266163
-75.0,75,3645.241572
-75.0,75,3648.206465
-75.0,75,3651.14684
-75.0,75,3654.077807
-75.0,75,3657.054663
-75.0,75,3660.00304
-75.0,75,3663.1848
-75.0,75,3666.321223
-75.0,75,3669.328968
-75.0,75,3672.323042
-75.0,75,3675.212497
-75.0,75,3678.394017
-75.0,75,3681.449731
-75.0,75,3684.315725
-75.0,75,3687.23042
-75.0,75,3690.28195
-75.0,75,3693.261764
-75.0,75,3694.027369
-75.0,75,3694.768679
-75.0,75,3695.563151
-75.0,75,3696.359167
-75.0,75,3697.170675
-75.0,75,3698.021676
-75.0,75,3698.787286
-75.0,75,3699.514429
-75.0,75,3700.2888
-75.0,75,3701.101955
-75.0,75,3704.133406
-75.0,75,3707.334782
-75.0,75,3710.236641
-75.0,75,3713.201558
-75.0,75,3716.086146
-75.0,75,3719.211775
-75.0,75,3722.32686
-72.0,75,3725.369228
-75.0,75,3728.442847
-75.0,75,3731.447769
-75.0,75,3734.654189
-75.0,75,3737.715055
-75.0,75,3740.745894
-75.0,75,3743.749248
-75.0,75,3746.70628
-75.0,75,3749.657842
-75.0,75,3752.928327
-75.0,75,3756.077899
-75.0,75,3759.150808
-75.0,75,3762.122777
-75.0,75,3765.132465
-75.0,75,3768.410939
-75.0,75,3771.398474
-75.0,75,3774.577955
-75.0,75,3777.686396
-75.0,75,3780.774151
-75.0,75,3784.002839
-75.0,75,3787.28642
-75.0,75,3790.295512
-75.0,75,3793.282885
-75.0,75,3796.217557
-75.0,75,3799.508511
-75.0,75,3802.51119
-75.0,75,3805.678509
-75.0,75,3808.738375
-75.0,75,3811.756027
-75.0,75,3814.953876
-75.0,75,3818.210547
-75.0,75,3821.276258
-75.0,75,3824.167398
-75.0,75,3827.302948
-75.0,75,3830.541237
-75.0,75,3833.77274
-75.0,75,3837.985715
-75.0,75,3842.27991
-75.0,75,3846.324292
-75.0,75,3850.361922
-75.0,75,3854.493136
-75.0,75,3858.442323
-75.0,75,3862.713142
-75.0,75,3863.739781
-75.0,75,3864.713318
-75.0,75,3865.748652
-75.0,75,3866.642769
-71.0,75,3867.493702
-75.0,75,3868.38128
-75.0,75,3869.337871
-75.0,75,3870.227893
-75.0,75,3871.09206
-75.0,75,3872.023589
-75.0,75,3876.116193
-75.0,75,3880.199361
-75.0,75,3884.328319
-75.0,75,3888.292836
-75.0,75,3892.368662
-75.0,75,3896.392867
-75.0,75,3900.53368
-75.0,75,3904.602374
-75.0,75,3908.50423
-75.0,75,3912.834901
-75.0,75,3916.661417
-75.0,75,3920.82993
-75.0,75,3924.934412
-75.0,75,3928.987722
-75.0,75,3933.040222
-75.0,75,3937.04932
-75.0,75,3941.229712
-75.0,75,3945.262574
-75.0,75,3949.359231
-75.0,75,3953.356506
-75.0,75,3957.405406
-75.0,75,3961.617703
-75.0,75,3965.785123
-75.0,75,3969.949107
-75.0,75,3974.112504
-75.0,75,3978.254159
-75.0,75,3982.527249
-75.0,75,3986.778018
-75.0,75,3990.96565
-75.0,75,3995.366974
-75.0,75,3999.66548
-75.0,75,4003.900951
-75.0,75,4008.272275
-75.0,75,4012.577714
-75.0,75,4016.872904
-75.0,75,4021.370203
-75.0,75,4025.554716
-75.0,75,4030.028353
-75.0,75,4033.457046
-75.0,75,4037.791963
-75.0,75,4042.185977
-75.0,75,4046.391744
-75.0,75,4050.82764
-75.0,75,4055.091106
-75.0,75,4059.337927
-75.0,75,4063.589507
-75.0,75,4067.850735
-75.0,75,4072.110737
-75.0,75,4076.367834
-75.0,75,4080.63011
-75.0,75,4081.498727
-75.0,75,4082.393382
-75.0,75,4083.358073
-75.0,75,4084.305598
-75.0,75,4085.176122
-75.0,75,4086.049887
-75.0,75,4086.940418
-75.0,75,4087.803617
-75.0,75,4088.744674
-75.0,75,4089.758051
-75.0,75,4093.925664
-75.0,75,4098.119875
-75.0,75,4102.365685
-75.0,75,4106.644561
-75.0,75,4110.911804
-75.0,75,4115.150579
-75.0,75,4119.371488
-75.0,75,4123.671236
-75.0,75,4127.912068
-75.0,75,4132.217889
-75.0,75,4136.435094
-75.0,75,4140.788936
-75.0,75,4145.011425
-75.0,75,4149.332562
-75.0,75,4153.63675
-73.0,75,4157.774643
-75.0,75,4162.144908
-75.0,75,4165.732934
-75.0,75,4169.818088
-75.0,75,4173.066498
-75.0,75,4176.618056
-75.0,75,4180.201475
-75.0,75,4183.261166
-75.0,75,4187.009805
-75.0,75,4190.799601
-75.0,75,4194.490104
-75.0,75,4197.733301
-75.0,75,4201.126574
-75.0,75,4204.261672
-75.0,75,4207.459499
-75.0,75,4210.615724
-75.0,75,4213.946671
-75.0,75,4217.476346
-75.0,75,4220.46666
-75.0,75,4223.352339
-75.0,75,4226.323505
-75.0,75,4229.37486
-75.0,75,4232.316412
-75.0,75,4235.234105
-75.0,75,4238.253018
-75.0,75,4241.162884
-75.0,75,4244.143361
-75.0,75,4247.058577
-75.0,75,4250.003445
-75.0,75,4252.969626
-75.0,75,4255.894717
-75.0,75,4258.778156
-75.0,75,4261.731346
-75.0,75,4264.655237
-75.0,75,4267.651516
-75.0,75,4268.41391
-75.0,75,4269.160794
-75.0,75,4269.93115
-75.0,75,4270.715154
-75.0,75,4271.468838
-75.0,75,4272.304082
-71.0,75,4273.048926
-75.0,75,4273.790819
-75.0,75,4274.554096
-75.0,75,4275.47664
-75.0,75,4278.491012
-75.0,75,4281.185999
-75.0,75,4283.715224
-75.0,75,4286.276093
-75.0,75,4288.880154
-75.0,75,4291.458522
-75.0,75,4293.997427
-75.0,75,4296.523184
-75.0,75,4299.051375
-75.0,75,4301.623661
-75.0,75,4304.162848
-75.0,75,4306.85495
-70.0,75,4309.524766
-75.0,75,4312.129133
-75.0,75,4314.674616
-75.0,75,4317.414616
-75.0,75,4320.240909
-75.0,75,4323.36041
-75.0,75,4326.31593
-75.0,75,4329.974935
-75.0,75,4333.308646
-75.0,75,4336.165598
-75.0,75,4338.931025
-75.0,75,4341.62354
-75.0,75,4344.834339
-75.0,75,4347.792783
-75.0,75,4350.574711
-75.0,75,4353.335306
-75.0,75,4356.024176
-75.0,75,4358.810987
-75.0,75,4361.50552
-75.0,75,4364.536339
-75.0,75,4367.419757
-75.0,75,4370.108727
-75.0,75,4372.684627
-75.0,75,4375.238755
-75.0,75,4377.909581
-75.0,75,4380.564145
-75.0,75,4383.268351
-75.0,75,4385.934993
-75.0,75,4388.572208
-75.0,75,4391.288954
-75.0,75,4393.984872
-75.0,75,4396.652403
-75.0,75,4399.248048
-75.0,75,4401.817919
-75.0,75,4404.506897
-75.0,75,4407.34724
-75.0,75,4410.164052
-75.0,75,4413.358819
-75.0,75,4414.129558
-75.0,75,4414.858954
-75.0,75,4415.60837
-75.0,75,4416.34213
-75.0,75,4417.128614
-75.0,75,4417.861141
-75.0,75,4418.516396
-75.0,75,4419.174325
-75.0,75,4419.790672
-75.0,75,4420.792222
-75.0,75,4423.545481
-75.0,75,4426.086067
-75.0,75,4428.803182
-75.0,75,4431.961676
-75.0,75,4434.661089
-75.0,75,4437.420062
-75.0,75,4440.562679
-75.0,75,4443.797131
-75.0,75,4446.601159
-75.0,75,4449.165777
-75.0,75,4451.863024
-75.0,75,4454.489426
-75.0,75,4457.186895
-75.0,75,4459.813873
-75.0,75,4462.430971
-75.0,75,4465.070602
-75.0,75,4467.717534
-75.0,75,4470.740974
-75.0,75,4473.508006
-75.0,75,4476.169008
-75.0,75,4478.80307
-75.0,75,4481.446389
-75.0,75,4484.13064
-75.0,75,4486.906956
-75.0,75,4489.567875
-75.0,75,4492.118319
-75.0,75,4494.738992
-75.0,75,4497.3683
-75.0,75,4499.975341
-75.0,75,4502.546691
-75.0,75,4505.23754
-75.0,75,4507.910543
-75.0,75,4510.85783
-75.0,75,4513.438982
-75.0,75,4516.08111
-75.0,75,4519.059079
-75.0,75,4521.736002
-75.0,75,4524.660147
-75.0,75,4527.745281
-75.0,75,4530.33625
-75.0,75,4532.938745
-75.0,75,4535.550006
-75.0,75,4538.456636
-75.0,75,4541.110575
-75.0,75,4543.705044
-75.0,75,4546.369348
-75.0,75,4549.555928
-75.0,75,4553.064506
-75.0,75,4555.879013
-75.0,75,4558.897367
-75.0,75,4559.583489
-75.0,75,4560.325975
-75.0,75,4561.105563
-75.0,75,4561.860814
-75.0,75,4562.521703
-75.0,75,4563.253713
-75.0,75,4563.92987
-73.0,75,4564.667689
-75.0,75,4565.461671
-75.0,75,4566.255268
-75.0,75,4568.94617
-75.0,75,4571.644786
-75.0,75,4574.339734
-75.0,75,4576.955881
-75.0,75,4579.641665
-75.0,75,4582.243078
-75.0,75,4584.834609
-75.0,75,4587.481033
-75.0,75,4590.081712
-75.0,75,4592.705173
-75.0,75,4595.336676
-75.0,75,4597.886199
-75.0,75,4600.487394
-75.0,75,4603.109622
-75.0,75,4605.716262
-75.0,75,4608.242557
-75.0,75,4610.885387
-75.0,75,4613.469725
-75.0,75,4616.117829
-75.0,75,4618.781243
-75.0,75,4621.580309
-75.0,75,4624.381277
-75.0,75,4627.221392
-75.0,75,4629.92553
-75.0,75,4632.606226
-75.0,75,4635.586035
-75.0,75,4638.352272
-75.0,75,4641.009525
-75.0,75,4643.62956
-75.0,75,4646.298099
-75.0,75,4648.860514
-75.0,75,4651.38829
-75.0,75,4653.959785
-69.0,75,4656.505843
-75.0,75,4659.094751
-75.0,75,4661.838135
-75.0,75,4664.449468
-75.0,75,4667.005425
-75.0,75,4669.556222
-75.0,75,4672.136861
-75.0,75,4674.654333
-75.0,75,4677.279954
-75.0,75,4679.8319
-75.0,75,4682.357674
-75.0,75,4684.911391
-75.0,75,4687.475543
-75.0,75,4690.038566
-75.0,75,4692.566521
-75.0,75,4695.095984
-75.0,75,4697.714951
-75.0,75,4698.369942
-75.0,75,4699.116876
-75.0,75,4699.837086
-75.0,75,4700.5539
-75.0,75,4701.331396
-75.0,75,4702.159179
-75.0,75,4702.965647
-75.0,75,4703.895591
-75.0,75,4704.67081
-75.0,75,4705.45943
-75.0,75,4708.985497
-75.0,75,4712.257819
-75.0,75,4715.985255
-75.0,75,4719.576611
-75.0,75,4723.31212
-75.0,75,4726.927465
-75.0,75,4730.64968
-75.0,75,4734.305061
-75.0,75,4737.957786
-75.0,75,4741.576673
-75.0,75,4745.242113
-75.0,75,4748.762046
-75.0,75,4752.340309
-75.0,75,4756.037916
-75.0,75,4759.623819
-75.0,75,4763.408044
-75.0,75,4767.00815
-75.0,75,4770.626016
-75.0,75,4774.361405
-75.0,75,4778.116663
-75.0,75,4781.866726
-75.0,75,4785.651805
-75.0,75,4789.351953
-75.0,75,4793.01846
-75.0,75,4796.750399
-75.0,75,4800.455018
-75.0,75,4804.187835
-75.0,75,4807.802518
-75.0,75,4811.475304
-75.0,75,4815.211276
-75.0,75,4818.902687
-75.0,75,4822.456782
-75.0,75,4826.178893
-75.0,75,4829.154028
-75.0,75,4832.829855
-75.0,75,4836.477545
-75.0,75,4840.150815
-75.0,75,4843.869868
-75.0,75,4847.635114
-75.0,75,4851.360476
-75.0,75,4855.032233
-75.0,75,4858.686085
-75.0,75,4862.537364
-75.0,75,4866.244952
-75.0,75,4869.871501
-75.0,75,4873.593116
-75.0,75,4877.252112
-75.0,75,4880.970269
-75.0,75,4884.748307
-75.0,75,4888.483456
-75.0,75,4889.322344
-75.0,75,4890.141343
-75.0,75,4890.967838
-75.0,75,4891.781057
-75.0,75,4892.553332
-75.0,75,4893.393184
-75.0,75,4894.215187
-75.0,75,4894.980646
-75.0,75,4895.851485
-75.0,75,4896.942641
-75.0,75,4900.660964
-75.0,75,4904.344596
-75.0,75,4908.014998
-75.0,75,4911.605265
-75.0,75,4915.283635
-75.0,75,4918.979434
-75.0,75,4922.509949
-75.0,75,4926.183135
-72.0,75,4929.913619
-75.0,75,4933.520131
-75.0,75,4937.255505
-75.0,75,4940.993385
-75.0,75,4944.297362
-75.0,75,4948.227439
-75.0,75,4951.670546
-75.0,75,4955.442376
-75.0,75,4959.103417
-75.0,75,4962.830018
-75.0,75,4966.477128
-75.0,75,4970.141239
-75.0,75,4973.864164
-75.0,75,4977.545005
-75.0,75,4981.20082
-75.0,75,4984.941242
-75.0,75,4988.618825
-75.0,75,4992.224119
-75.0,75,4995.961174
-75.0,75,4999.608961
-75.0,75,5003.263851
-75.0,75,5006.919917
-75.0,75,5010.654543
-75.0,75,5014.372056
-75.0,75,5017.963646
-75.0,75,5021.617906
-75.0,75,5025.236264
-75.0,75,5028.865129
-75.0,75,5032.51471
-75.0,75,5036.218527
-75.0,75,5039.77925
-75.0,75,5043.407194
-75.0,75,5047.037648
-75.0,75,5050.76362
-75.0,75,5054.312608
-71.0,75,5057.94603
-75.0,75,5061.667708
-75.0,75,5065.207366
-75.0,75,5068.053717
-75.0,75,5071.184382
-75.0,75,5075.178454
-75.0,75,5078.732368
-75.0,75,5079.529555
-75.0,75,5080.3296
-75.0,75,5081.164718
-75.0,75,5081.985666
-75.0,75,5082.848525
-75.0,75,5083.633761
-75.0,75,5084.419052
-75.0,75,5085.279829
-75.0,75,5086.127842
-75.0,75,5087.02212
-75.0,75,5090.678639
-75.0,75,5094.527557
-75.0,75,5098.365085
-75.0,75,5102.048238
-75.0,75,5105.690082
-75.0,75,5109.323859
-75.0,75,5112.92229
-75.0,75,5116.716124
-75.0,75,5120.441638
-75.0,75,5124.360668
-75.0,75,5128.152828
-75.0,75,5131.850095
-75.0,75,5135.643537
-75.0,75,5139.288631
-75.0,75,5142.774223
-75.0,75,5146.922258
-75.0,75,5150.332688
-75.0,75,5154.029407
-75.0,75,5157.70045
-75.0,75,5161.385809
-75.0,75,5165.215683
-75.0,75,5168.855083
-75.0,75,5172.492868
-75.0,75,5176.273671
-75.0,75,5179.899759
-75.0,75,5183.739074
-75.0,75,5187.393252
-75.0,75,5191.118245
-75.0,75,5194.796813
-75.0,75,5198.638408
-75.0,75,5202.372229
-75.0,75,5206.039747
-75.0,75,5209.767508
-75.0,75,5213.469567
-75.0,75,5217.094412
-75.0,75,5220.811169
-75.0,75,5224.44625
-75.0,75,5228.146015
-75.0,75,5231.873618
-75.0,75,5235.460713
-75.0,75,5239.258835
-75.0,75,5242.916245
-75.0,75,5246.576318
-75.0,75,5250.258446
-75.0,75,5253.933059
-75.0,75,5257.661413
-75.0,75,5261.445795
-75.0,75,5265.106352
-75.0,75,5268.907663
-75.0,75,5272.784019
-75.0,75,5273.668618
-75.0,75,5274.534209
-75.0,75,5275.31829
-75.0,75,5276.166515
-75.0,75,5277.133126
-75.0,75,5278.095351
-75.0,75,5278.983011
-75.0,75,5279.780347
-75.0,75,5280.562657
-75.0,75,5281.410177
-75.0,75,5284.579072
-75.0,75,5288.345502
-75.0,75,5292.05215
-75.0,75,5295.795191
-75.0,75,5299.556815
-75.0,75,5303.290815
-75.0,75,5306.999647
-75.0,75,5310.72102
-75.0,75,5314.339234
-75.0,75,5318.116397
-75.0,75,5321.844241
-75.0,75,5325.595895
-75.0,75,5329.400608
-75.0,75,5333.090088
-75.0,75,5336.78003
-75.0,75,5340.621234
-75.0,75,5344.331852
-75.0,75,5348.110314
-75.0,75,5351.780732
-75.0,75,5355.522327
-75.0,75,5359.365368
-75.0,75,5363.067684
-75.0,75,5366.839592
-75.0,75,5370.682615
-75.0,75,5374.42613
-75.0,75,5378.132174
-75.0,75,5381.871894
-75.0,75,5385.595005
-75.0,75,5389.251547
-75.0,75,5392.79848
-75.0,75,5396.645422
-75.0,75,5399.889888
-75.0,75,5403.554959
-75.0,75,5407.327299
-75.0,75,5410.961637
-75.0,75,5414.74806
-75.0,75,5418.453533
-75.0,75,5422.149915
-75.0,75,5425.920315
-75.0,75,5429.560549
-75.0,75,5433.395674
-75.0,75,5437.056396
-75.0,75,5440.621203
-75.0,75,5444.366644
-75.0,75,5448.108347
-75.0,75,5451.906506
-75.0,75,5455.525287
-75.0,75,5459.216903
-75.0,75,5462.85587
-75.0,75,5466.646433
-75.0,75,5467.4824
-75.0,75,5468.261396
-75.0,75,5469.126726
-75.0,75,5470.010248
-75.0,75,5470.869017
-75.0,75,5471.787152
-75.0,75,5472.658574
-75.0,75,5473.429445
-75.0,75,5474.302345
-75.0,75,5475.303286
-75.0,75,5478.965981
-75.0,75,5482.650613
-75.0,75,5486.299175
-75.0,75,5489.978489
-75.0,75,5493.696338
-75.0,75,5497.358262
-75.0,75,5501.019572
-75.0,75,5504.679817
-75.0,75,5508.373718
-75.0,75,5511.985732
-75.0,75,5515.696529
-75.0,75,5519.343207
-75.0,75,5523.104667
-75.0,75,5526.675075
-75.0,75,5530.448378
-75.0,75,5534.204671
-75.0,75,5537.865303
-75.0,75,5541.544329
-75.0,75,5545.233659
-75.0,75,5548.285011
-75.0,75,5551.66618
-75.0,75,5555.429264
-75.0,75,5559.102209
-75.0,75,5562.810322
-75.0,75,5566.55001
-75.0,75,5570.360588
-75.0,75,5574.132599
-75.0,75,5577.931914
-75.0,75,5581.566334
-75.0,75,5585.289151
-75.0,75,5588.935629
-75.0,75,5592.589857
-75.0,75,5596.289861
-75.0,75,5599.973446
-75.0,75,5603.755283
-75.0,75,5607.489883
-75.0,75,5611.216099
-75.0,75,5614.881557
-75.0,75,5618.547166
-75.0,75,5622.232275
-75.0,75,5625.970886
-75.0,75,5629.587351
-75.0,75,5633.266245
-75.0,75,5636.851871
-75.0,75,5640.511126
-75.0,75,5644.178839
-75.0,75,5647.830154
-75.0,75,5651.63175
-75.0,75,5655.199716
-75.0,75,5658.844314
-75.0,75,5659.775051
-75.0,75,5660.669334
-75.0,75,5661.567425
-75.0,75,5662.442863
-75.0,75,5663.314808
-75.0,75,5664.14501
-72.0,75,5664.920515
-75.0,75,5665.774963
-75.0,75,5666.56917
-75.0,75,5667.424929
-75.0,75,5671.107475
-75.0,75,5674.953377
-75.0,75,5678.581803
-75.0,75,5682.27392
-75.0,75,5685.962761
-75.0,75,5689.615095
-75.0,75,5693.398199
-75.0,75,5697.02212
-75.0,75,5700.757503
-75.0,75,5704.392137
-75.0,75,5708.055322
-75.0,75,5711.793358
-75.0,75,5715.436675
-75.0,75,5719.061939
-72.0,75,5722.768179
-75.0,75,5726.389347
-75.0,75,5730.11366
-75.0,75,5733.788723
-75.0,75,5737.387816
-75.0,75,5741.035872
-75.0,75,5744.759965
-75.0,75,5748.362649
-71.0,75,5752.121116
-75.0,75,5755.742118
-75.0,75,5759.364393
-75.0,75,5762.89474
-75.0,75,5766.572784
-75.0,75,5770.214912
-75.0,75,5773.905276
-75.0,75,5777.687286
-75.0,75,5781.415695
-75.0,75,5785.064788
-75.0,75,5788.90218
-75.0,75,5792.464987
-75.0,75,5795.445276
-75.0,75,5799.416568
-75.0,75,5803.580314
-75.0,75,5807.516625
-75.0,75,5811.165028
-75.0,75,5814.137959
-75.0,75,5816.757136
-75.0,75,5819.318792
-75.0,75,5821.888862
-75.0,75,5824.516747
-75.0,75,5827.099839
-75.0,75,5829.765512
-75.0,75,5832.324731
-75.0,75,5834.884441
-75.0,75,5837.435025
-75.0,75,5840.02629
-75.0,75,5840.647833
-75.0,75,5841.317376
-75.0,75,5841.970264
-75.0,75,5842.646055
-75.0,75,5843.360999
-75.0,75,5844.055641
-75.0,75,5844.765666
-75.0,75,5845.44895
-75.0,75,5846.134311
-75.0,75,5846.995211
-75.0,75,5849.529508
-75.0,75,5852.11611
-75.0,75,5854.861784
-75.0,75,5857.333458
-75.0,75,5859.964053
-75.0,75,5862.498611
-75.0,75,5865.030619
-75.0,75,5867.579684
-75.0,75,5870.083986
-75.0,75,5872.669305
-75.0,75,5875.19474
-75.0,75,5877.771693
-75.0,75,5880.318412
-75.0,75,5882.82505
-75.0,75,5885.421439
-75.0,75,5887.983931
-75.0,75,5890.498719
-75.0,75,5893.015117
-75.0,75,5895.585571
-75.0,75,5898.160038
-75.0,75,5900.721253
-75.0,75,5903.254795
-75.0,75,5905.80364
-75.0,75,5908.343233
-72.0,75,5910.820296
-75.0,75,5913.377915
-75.0,75,5915.945399
-75.0,75,5918.545153
-75.0,75,5921.080559
-75.0,75,5923.628497
-75.0,75,5926.18914
-75.0,75,5928.794066
-75.0,75,5931.384446
-75.0,75,5934.090371
-75.0,75,5936.752098
-75.0,75,5939.427802
-75.0,75,5942.011015
-75.0,75,5944.601438
-75.0,75,5947.157718
-75.0,75,5949.768879
-75.0,75,5952.351962
-75.0,75,5954.943736
-75.0,75,5957.519683
-75.0,75,5960.28607
-75.0,75,5963.009519
-75.0,75,5965.609429
-75.0,75,5968.191641
-75.0,75,5970.740139
-75.0,75,5973.371019
-75.0,75,5976.005647
-75.0,75,5976.719346
-75.0,75,5977.438823
-75.0,75,5978.149204
-75.0,75,5978.874739
-75.0,75,5979.59721
-75.0,75,5980.316871
-75.0,75,5981.034003
-75.0,75,5981.721277
-75.0,75,5982.419832
-75.0,75,5983.146526
-75.0,75,5985.764643
-75.0,75,5988.442844
-75.0,75,5991.110008
-75.0,75,5993.782974
-75.0,75,5996.631124
-75.0,75,5999.799504
-75.0,75,6002.993895
-75.0,75,6005.829912
-75.0,75,6008.640637
-75.0,75,6011.410731
-75.0,75,6014.373239
-75.0,75,6017.205059
-75.0,75,6019.810811
-75.0,75,6022.491861
-75.0,75,6025.194648
-75.0,75,6027.841638
-75.0,75,6030.51996
-75.0,75,6033.336152
-75.0,75,6035.95828
-75.0,75,6038.600737
-75.0,75,6041.198697
-75.0,75,6043.743459
-75.0,75,6046.345526
-75.0,75,6048.918626
-75.0,75,6051.446078
-75.0,75,6054.049677
-75.0,75,6056.560986
-75.0,75,6059.139695
-75.0,75,6061.695562
-75.0,75,6064.239796
-75.0,75,6066.828308
-75.0,75,6069.424161
-75.0,75,6072.00893
-75.0,75,6074.631528
-75.0,75,6077.247917
-75.0,75,6079.890504
-75.0,75,6082.516235
-75.0,75,6085.016035
-75.0,75,6087.599332
-75.0,75,6090.140543
-75.0,75,6092.672728
-75.0,75,6095.324224
-75.0,75,6097.912573
-75.0,75,6100.512677
-75.0,75,6103.158935
-75.0,75,6105.821466
-75.0,75,6108.400839
-75.0,75,6110.997453
-75.0,75,6113.570983
-75.0,75,6116.303958
-75.0,75,6116.955465
-75.0,75,6117.612439
-75.0,75,6118.260831
-70.0,75,6118.976988
-75.0,75,6119.679461
-75.0,75,6120.320624
-75.0,75,6120.996494
-75.0,75,6121.702451
-75.0,75,6122.377138
-75.0,75,6123.250918
-75.0,75,6125.819626
-73.0,75,6128.356938
-75.0,75,6130.949432
-75.0,75,6133.469204
-75.0,75,6136.076838
-75.0,75,6138.641636
-75.0,75,6141.16464
-75.0,75,6143.71656
-75.0,75,6146.310804
-75.0,75,6148.880951
-75.0,75,6151.462102
-75.0,75,6154.037638
-75.0,75,6156.58832
-75.0,75,6159.184381
-75.0,75,6161.73472
-75.0,75,6164.33262
-75.0,75,6166.903914
-75.0,75,6169.458893
-75.0,75,6171.959242
-75.0,75,6174.593261
-75.0,75,6177.178721
-75.0,75,6179.745867
-75.0,75,6182.359845
-75.0,75,6184.985428
-75.0,75,6187.566528
-75.0,75,6190.167803
-75.0,75,6192.766786
-75.0,75,6195.341008
-75.0,75,6197.828293
-75.0,75,6200.439244
-75.0,75,6202.974189
-75.0,75,6205.512214
-75.0,75,6208.052264
-75.0,75,6210.638926
-75.0,75,6213.208608
-75.0,75,6215.724555
-75.0,75,6218.300507
-75.0,75,6220.886643
-75.0,75,6223.437073
-75.0,75,6226.061368
-75.0,75,6228.702944
-75.0,75,6231.306175
-75.0,75,6233.919743
-75.0,75,6236.536781
-75.0,75,6239.134435
-75.0,75,6241.719507
-75.0,75,6244.268993
-75.0,75,6246.848463
-75.0,75,6249.399332
-75.0,75,6252.077899
-75.0,75,6252.762365
-75.0,75,6253.412903
-75.0,75,6254.105266
-75.0,75,6254.767056
-75.0,75,6255.406395
-75.0,75,6256.088486
-75.0,75,6256.734336
-75.0,75,6257.435927
-75.0,75,6258.096773
-75.0,75,6258.92551
-75.0,75,6261.478501
-75.0,75,6264.0569
-75.0,75,6266.569337
-75.0,75,6269.194386
-75.0,75,6271.726859
-75.0,75,6274.246372
-75.0,75,6276.799428
-75.0,75,6279.355431
-75.0,75,6281.932957
-75.0,75,6284.499999
-75.0,75,6287.037286
-75.0,75,6289.641389
-75.0,75,6292.201068
-75.0,75,6294.747211
-75.0,75,6297.27608
-75.0,75,6299.957389
-72.0,75,6302.557473
-75.0,75,6305.184544
-75.0,75,6307.728399
-75.0,75,6310.355027
-75.0,75,6312.916349
-70.0,75,6315.457981
-75.0,75,6318.070986
-75.0,75,6320.713696
-75.0,75,6323.242015
-75.0,75,6325.779633
-75.0,75,6328.316083
-75.0,75,6330.890278
-75.0,75,6333.425846
-75.0,75,6335.969532
-75.0,75,6338.585165
-71.0,75,6341.161498
-75.0,75,6343.659729
-75.0,75,6346.267566
-75.0,75,6348.804319
-75.0,75,6351.38495
-75.0,75,6353.872491
-75.0,75,6356.490777
-75.0,75,6359.021474
-75.0,75,6361.625129
-75.0,75,6364.23524
-75.0,75,6366.818498
-75.0,75,6369.469184
-75.0,75,6372.133265
-75.0,75,6374.900198
-75.0,75,6377.448862
-75.0,75,6380.049215
-75.0,75,6382.587582
-72.0,75,6385.195296
-75.0,75,6387.776139
-75.0,75,6388.394215
-75.0,75,6389.068915
-75.0,75,6389.697877
-75.0,75,6390.310273
-75.0,75,6390.950487
-75.0,75,6391.55395
-75.0,75,6392.230896
-75.0,75,6392.88394
-75.0,75,6393.547385
-75.0,75,6394.441862
-75.0,75,6397.077943
-75.0,75,6399.563111
-75.0,75,6402.153298
-75.0,75,6404.71982
-73.0,75,6407.300486
-75.0,75,6409.846464
-75.0,75,6412.385987
-75.0,75,6414.942533
-69.0,75,6417.470996
-75.0,75,6420.008233
-75.0,75,6422.578539
-75.0,75,6425.100641
-75.0,75,6427.625903
-75.0,75,6430.197644
-75.0,75,6432.750965
-75.0,75,6435.295919
-75.0,75,6437.836273
-75.0,75,6440.391436
-75.0,75,6442.902137
-75.0,75,6445.468724
-75.0,75,6447.999953
-75.0,75,6450.566788
-75.0,75,6453.148151
-75.0,75,6455.685407
-75.0,75,6458.226685
-75.0,75,6460.831354
-75.0,75,6463.485878
-75.0,75,6466.207953
-75.0,75,6468.916295
-70.0,75,6471.538593
-75.0,75,6474.055759
-75.0,75,6476.680553
-75.0,75,6479.308981
-75.0,75,6481.87416
-75.0,75,6484.408062
-75.0,75,6486.921729
-75.0,75,6489.485236
-75.0,75,6492.062014
-75.0,75,6494.614658
-75.0,75,6497.199655
-75.0,75,6499.681308
-75.0,75,6502.304832
-75.0,75,6504.843747
-75.0,75,6507.390898
-75.0,75,6509.934919
-75.0,75,6512.478436
-75.0,75,6515.053876
-75.0,75,6517.537861
-75.0,75,6520.094187
-75.0,75,6522.680975
-75.0,75,6523.357726
-75.0,75,6523.99965
-75.0,75,6524.618295
-75.0,75,6525.287633
-75.0,75,6525.98221
-75.0,75,6526.587772
-75.0,75,6527.275965
-75.0,75,6527.955128
-75.0,75,6528.613569
-75.0,75,6529.387012
-75.0,75,6532.029863
-75.0,75,6534.553478
-75.0,75,6537.084172
-75.0,75,6539.727215
-75.0,75,6542.228835
-75.0,75,6544.78168
-75.0,75,6547.308133
-75.0,75,6549.922875
-75.0,75,6552.47397
-75.0,75,6555.005119
-75.0,75,6557.548123
-75.0,75,6560.154222
-75.0,75,6562.6619
-75.0,75,6565.187662
-75.0,75,6567.732856
-75.0,75,6570.311496
-75.0,75,6572.805039
-75.0,75,6575.438683
-75.0,75,6577.982711
-75.0,75,6580.578696
-75.0,75,6583.115339
-75.0,75,6585.61921
-75.0,75,6588.152473
-75.0,75,6590.689515
-75.0,75,6593.236604
-73.0,75,6595.828069
-75.0,75,6598.391412
-75.0,75,6600.937541
-75.0,75,6603.468506
-75.0,75,6605.997481
-75.0,75,6608.559797
-75.0,75,6611.090652
-75.0,75,6613.647743
-75.0,75,6616.208636
-75.0,75,6618.789733
-75.0,75,6621.447583
-75.0,75,6623.966419
-75.0,75,6626.503012
-75.0,75,6629.096642
-75.0,75,6631.622242
-75.0,75,6634.178157
-75.0,75,6636.789629
-75.0,75,6639.288017
-75.0,75,6641.875293
-75.0,75,6644.414197
-75.0,75,6647.018211
-72.0,75,6649.512371
-75.0,75,6652.055455
-75.0,75,6654.656545
-75.0,75,6657.238467
-75.0,75,6657.85619
-75.0,75,6658.513491
-75.0,75,6659.115309
-75.0,75,6659.808462
-75.0,75,6660.427502
-75.0,75,6661.060421
-75.0,75,6661.741641
-75.0,75,6662.389301
-75.0,75,6663.011538
-75.0,75,6663.787688
-75.0,75,6666.338272
-75.0,75,6669.050287
-75.0,75,6671.745583
-72.0,75,6674.331685
-75.0,75,6676.921886
-75.0,75,6679.537147
-75.0,75,6682.108602
-75.0,75,6684.685081
-75.0,75,6687.343029
-75.0,75,6689.83118
-73.0,75,6692.442297
-75.0,75,6695.136404
-75.0,75,6697.682034
-75.0,75,6700.202956
-75.0,75,6702.777133
-75.0,75,6705.440411
-75.0,75,6708.056962
-75.0,75,6710.63862
-75.0,75,6713.197931
-75.0,75,6715.783637
-75.0,75,6718.423589
-75.0,75,6720.931114
-75.0,75,6723.631697
-75.0,75,6726.23426
-75.0,75,6728.830987
-75.0,75,6731.402221
-75.0,75,6733.910533
-75.0,75,6736.495022
-75.0,75,6739.008632
-75.0,75,6741.587585
-75.0,75,6744.138181
-74.0,75,6746.712568
-75.0,75,6749.33347
-69.0,75,6751.864111
-75.0,75,6754.481202
-75.0,75,6757.107765
-75.0,75,6759.572174
-75.0,75,6762.242337
-75.0,75,6764.755075
-71.0,75,6767.298222
-75.0,75,6769.837051
-75.0,75,6772.376873
-75.0,75,6774.989889
-75.0,75,6777.637845
-75.0,75,6780.230476
-75.0,75,6782.833218
-75.0,75,6785.346128
-75.0,75,6787.992638
-75.0,75,6790.596121
-72.0,75,6793.244772
-75.0,75,6793.916587
-75.0,75,6794.551587
-75.0,75,6795.21207
-75.0,75,6795.849926
-75.0,75,6796.477011
-72.0,75,6797.150797
-75.0,75,6797.837378
-75.0,75,6798.528746
-75.0,75,6799.205899
-72.0,75,6799.909265
-75.0,75,6802.399652
-75.0,75,6805.079411
-75.0,75,6807.60114
-75.0,75,6810.234123
-75.0,75,6812.818796
-75.0,75,6815.389088
-75.0,75,6818.034532
-75.0,75,6820.567339
-75.0,75,6823.208216
-75.0,75,6825.790327
-75.0,75,6828.389481
-75.0,75,6830.937946
-75.0,75,6833.588206
-75.0,75,6836.116369
-75.0,75,6838.658457
-75.0,75,6841.464615
-71.0,75,6844.018157
-75.0,75,6846.635203
-75.0,75,6849.111241
-75.0,75,6851.778201
-75.0,75,6854.349192
-75.0,75,6857.041319
-75.0,75,6859.580978
-75.0,75,6862.277418
-75.0,75,6864.867439
-75.0,75,6867.467072
-75.0,75,6870.0833
-75.0,75,6872.635839
-73.0,75,6875.298648
-75.0,75,6877.927901
-75.0,75,6880.457715
-75.0,75,6883.02673
-75.0,75,6885.643178
-75.0,75,6888.184813
-75.0,75,6890.703969
-75.0,75,6893.30217
-75.0,75,6895.801322
-75.0,75,6898.367084
-75.0,75,6900.969245
-75.0,75,6903.483437
-75.0,75,6906.063013
-75.0,75,6908.635692
-75.0,75,6911.220252
-75.0,75,6913.819094
-70.0,75,6916.388952
-75.0,75,6919.029599
-75.0,75,6921.584955
-75.0,75,6924.173824
-75.0,75,6926.739499
-75.0,75,6929.362082
-75.0,75,6929.98272
-75.0,75,6930.572358
-75.0,75,6931.227455
-71.0,75,6931.906542
-75.0,75,6932.569608
-72.0,75,6933.177577
-75.0,75,6933.789452
-75.0,75,6934.430535
-75.0,75,6935.087042
-75.0,75,6935.997468
-75.0,75,6938.493674
-75.0,75,6941.11657
-75.0,75,6943.624364
-75.0,75,6946.202021
-75.0,75,6948.831377
-75.0,75,6951.377327
-75.0,75,6953.995016
-73.0,75,6956.62279
-75.0,75,6959.205978
-75.0,75,6961.777365
-75.0,75,6964.390612
-75.0,75,6966.910566
-75.0,75,6969.498932
-75.0,75,6972.115209
-75.0,75,6974.699962
-75.0,75,6977.261024
-75.0,75,6979.807216
-75.0,75,6982.415128
-75.0,75,6985.197255
-75.0,75,6987.960188
-75.0,75,6990.665155
-71.0,75,6993.439281
-75.0,75,6996.113204
-75.0,75,6998.768108
-75.0,75,7001.634767
-75.0,75,7004.287262
-75.0,75,7007.024597
-75.0,75,7009.68458
-75.0,75,7012.369762
-75.0,75,7015.04878
-75.0,75,7017.724454
-75.0,75,7020.483486
-75.0,75,7023.140782
-75.0,75,7025.766401
-75.0,75,7028.390654
-75.0,75,7030.976315
-75.0,75,7033.591769
-75.0,75,7036.181312
-75.0,75,7038.795346
-75.0,75,7041.374316
-75.0,75,7044.020622
-75.0,75,7046.662285
-75.0,75,7049.269544
-75.0,75,7051.914245
-75.0,75,7054.528422
-74.0,75,7057.515869
-75.0,75,7060.63169
-75.0,75,7063.505718
-75.0,75,7066.121946
-75.0,75,7068.710374
-75.0,75,7069.38693
-75.0,75,7070.032101
-72.0,75,7070.694358
-72.0,75,7071.364131
-75.0,75,7072.047458
-75.0,75,7072.68649
-75.0,75,7073.315364
-75.0,75,7073.973704
-75.0,75,7074.661188
-75.0,75,7075.415923
-75.0,75,7078.011778
-75.0,75,7080.703801
-75.0,75,7083.259123
-72.0,75,7085.809629
-75.0,75,7088.417808
-75.0,75,7090.986096
-75.0,75,7093.573692
-75.0,75,7096.174092
-75.0,75,7098.67693
-75.0,75,7101.23791
-75.0,75,7103.807696
-75.0,75,7106.374975
-75.0,75,7108.930726
-75.0,75,7111.509078
-75.0,75,7114.090297
-75.0,75,7116.679906
-75.0,75,7119.190262
-75.0,75,7121.81966
-75.0,75,7124.389721
-75.0,75,7127.025845
-75.0,75,7129.540809
-75.0,75,7132.133594
-75.0,75,7134.740393
-75.0,75,7137.324167
-75.0,75,7139.885525
-75.0,75,7142.432506
-75.0,75,7144.964212
-75.0,75,7147.61146
-75.0,75,7150.108318
-72.0,75,7152.679681
-75.0,75,7155.272191
-75.0,75,7157.832564
-75.0,75,7160.393504
-75.0,75,7162.991641
-75.0,75,7165.556593
-75.0,75,7168.096829
-75.0,75,7170.698676
-75.0,75,7173.284471
-75.0,75,7175.856024
-75.0,75,7178.389078
-75.0,75,7180.934602
-75.0,75,7183.509443
-75.0,75,7186.111515
-75.0,75,7188.684941
-75.0,75,7191.275835
-75.0,75,7193.868137
-67.0,75,7196.403714
-75.0,75,7199.00907
-75.0,75,7201.579237
-69.0,75,7204.136066
-75.0,75,7204.78187
-75.0,75,7205.409941
-75.0,75,7206.052066
-75.0,75,7206.687023
-75.0,75,7207.365298
-75.0,75,7207.986485
-75.0,75,7208.655004
-75.0,75,7209.314077
-75.0,75,7209.962495
-75.0,75,7210.88092
-75.0,75,7213.49808
-75.0,75,7216.076321
-75.0,75,7218.589583
-75.0,75,7221.209418
-75.0,75,7223.78389
-75.0,75,7226.410126
-75.0,75,7229.004755
-75.0,75,7231.613044
-75.0,75,7234.142916
-75.0,75,7236.692543
-72.0,75,7239.290432
-72.0,75,7241.782358
-75.0,75,7244.431915
-75.0,75,7246.966676
-75.0,75,7249.537817
-75.0,75,7252.139429
-75.0,75,7254.679702
-75.0,75,7257.268049
-75.0,75,7259.797888
-75.0,75,7262.417498
-75.0,75,7264.976995
-75.0,75,7267.519908
-70.0,75,7270.142666
-75.0,75,7272.70985
-75.0,75,7275.226739
-74.0,75,7277.804739
-70.0,75,7280.395438
-75.0,75,7282.995733
-75.0,75,7285.547775
-73.0,75,7288.124589
-75.0,75,7290.980409
-75.0,75,7293.6171
-75.0,75,7296.216922
-75.0,75,7298.787936
-75.0,75,7301.372484
-72.0,75,7303.916457
-75.0,75,7306.452799
-75.0,75,7309.011462
-75.0,75,7311.578616
-75.0,75,7314.085008
-75.0,75,7316.70347
-75.0,75,7319.24592
-75.0,75,7321.804468
-74.0,75,7324.414233
-75.0,75,7326.975546
-75.0,75,7329.494918
-75.0,75,7332.101442
-73.0,75,7334.666579
-75.0,75,7337.223161
-75.0,75,7339.808163
-75.0,75,7340.472017
-75.0,75,7341.129711
-74.0,75,7341.784509
-75.0,75,7342.436061
-75.0,75,7343.105844
-75.0,75,7343.762301
-73.0,75,7344.441943
-75.0,75,7345.099884
-75.0,75,7345.780733
-75.0,75,7346.503897
-75.0,75,7349.073504
-75.0,75,7351.63764
-75.0,75,7354.184603
-75.0,75,7356.778692
-75.0,75,7359.328607
-75.0,75,7361.906142
-75.0,75,7364.494514
-75.0,75,7367.07899
-75.0,75,7369.632615
-75.0,75,7372.197653
-75.0,75,7374.757693
-75.0,75,7377.260253
-75.0,75,7379.862397
-75.0,75,7382.490351
-75.0,75,7385.007801
-75.0,75,7387.644942
-75.0,75,7390.194613
-75.0,75,7392.698035
-75.0,75,7395.258198
-75.0,75,7397.81427
-75.0,75,7400.353847
-75.0,75,7402.944551
-75.0,75,7405.529556
-75.0,75,7408.074184
-73.0,75,7410.631027
-75.0,75,7413.19152
-75.0,75,7415.720346
-75.0,75,7418.339531
-75.0,75,7420.901425
-75.0,75,7423.468343
-75.0,75,7426.012331
-75.0,75,7428.643563
-75.0,75,7431.190057
-75.0,75,7433.731001
-75.0,75,7436.257241
-72.0,75,7438.798334
-75.0,75,7441.418792
-75.0,75,7444.042717
-75.0,75,7446.581052
-73.0,75,7449.195449
-75.0,75,7451.73985
-75.0,75,7454.310503
-75.0,75,7456.9152
-75.0,75,7459.467426
-75.0,75,7462.009461
-75.0,75,7464.616125
-71.0,75,7467.136034
-75.0,75,7469.69488
-75.0,75,7472.253806
-75.0,75,7474.872236
-75.0,75,7475.514859
-75.0,75,7476.158952
-75.0,75,7476.813562
-71.0,75,7477.488457
-73.0,75,7478.145097
-75.0,75,7478.858792
-75.0,75,7479.585972
-72.0,75,7480.276407
-75.0,75,7480.94757
-75.0,75,7481.632143
-75.0,75,7484.233061
-75.0,75,7486.788762
-75.0,75,7489.363394
-75.0,75,7491.97167
-73.0,75,7494.547959
-75.0,75,7497.118922
-72.0,75,7499.68478
-75.0,75,7502.198408
-75.0,75,7504.781144
-75.0,75,7507.362871
-75.0,75,7509.906875
-75.0,75,7512.505192
-75.0,75,7515.049303
-75.0,75,7517.601278
-75.0,75,7520.192659
-75.0,75,7522.741154
-75.0,75,7525.333868
-75.0,75,7527.851883
-75.0,75,7530.393793
-75.0,75,7533.023193
-75.0,75,7535.551833
-75.0,75,7538.117355
-70.0,75,7540.727452
-75.0,75,7543.302129
-75.0,75,7545.865627
-75.0,75,7548.472178
-75.0,75,7551.024835
-75.0,75,7553.559623
-75.0,75,7556.126019
-75.0,75,7558.680327
-75.0,75,7561.261967
-75.0,75,7563.815709
-75.0,75,7566.385693
-75.0,75,7568.970454
-75.0,75,7571.569439
-75.0,75,7574.139101
-75.0,75,7576.738172
-75.0,75,7579.301241
-75.0,75,7581.820396
-75.0,75,7584.410499
-72.0,75,7587.035589
-75.0,75,7589.560145
-75.0,75,7592.136795
-75.0,75,7594.679251
-75.0,75,7597.274203
-75.0,75,7599.847205
-71.0,75,7602.396336
-75.0,75,7604.966471
-75.0,75,7607.55737
-75.0,75,7610.136644
-75.0,75,7610.81697
-75.0,75,7611.471678
-75.0,75,7612.104573
-75.0,75,7612.73268
-75.0,75,7613.419432
-70.0,75,7614.089786
-75.0,75,7614.706378
-72.0,75,7615.379734
-75.0,75,7616.027676
-71.0,75,7616.824927
-75.0,75,7619.38387
-75.0,75,7621.983317
-75.0,75,7624.607634
-75.0,75,7627.188197
-75.0,75,7629.698736
-75.0,75,7632.314119
-75.0,75,7634.814806
-75.0,75,7637.465882
-75.0,75,7640.05212
-75.0,75,7642.569316
-75.0,75,7645.188459
-75.0,75,7647.73506
-75.0,75,7650.36596
-75.0,75,7652.944694
-75.0,75,7655.661388
-75.0,75,7658.261382
-75.0,75,7660.78853
-75.0,75,7663.350146
-75.0,75,7666.106893
-72.0,75,7668.690783
-75.0,75,7671.235548
-75.0,75,7673.821391
-75.0,75,7676.448781
-75.0,75,7679.053432
-75.0,75,7681.560196
-75.0,75,7684.113701
-75.0,75,7686.664446
-75.0,75,7689.34711
-75.0,75,7691.859772
-75.0,75,7694.439882
-75.0,75,7697.050191
-75.0,75,7699.61774
-75.0,75,7702.20654
-75.0,75,7704.778311
-75.0,75,7707.328942
-75.0,75,7709.942918
-75.0,75,7712.482501
-75.0,75,7715.027871
-75.0,75,7717.606462
-71.0,75,7720.183303
-75.0,75,7722.82086
-75.0,75,7725.356962
-73.0,75,7727.954199
-71.0,75,7730.482261
-75.0,75,7733.077443
-75.0,75,7735.627028
-73.0,75,7738.156692
-75.0,75,7740.748352
-75.0,75,7743.326499
-73.0,75,7745.935113
-73.0,75,7746.594814
-75.0,75,7747.279288
-75.0,75,7747.899197
-75.0,75,7748.541991
-75.0,75,7749.157444
-75.0,75,7749.824492
-73.0,75,7750.48362
-75.0,75,7751.153227
-75.0,75,7751.83368
-75.0,75,7752.713001
-75.0,75,7755.274753
-75.0,75,7757.868123
-75.0,75,7760.450933
-75.0,75,7763.096466
-75.0,75,7765.639395
-75.0,75,7768.196108
-75.0,75,7770.782866
-75.0,75,7773.363379
-75.0,75,7775.933187
-75.0,75,7778.441426
-75.0,75,7781.053293
-75.0,75,7783.637309
-75.0,75,7786.230884
-75.0,75,7788.83797
-75.0,75,7791.469479
-75.0,75,7794.037736
-75.0,75,7796.593173
-75.0,75,7799.237977
-75.0,75,7801.80594
-75.0,75,7804.354437
-75.0,75,7806.960765
-75.0,75,7809.539129
-75.0,75,7812.068579
-75.0,75,7814.66467
-75.0,75,7817.293368
-70.0,75,7819.81191
-75.0,75,7822.422208
-75.0,75,7825.002153
-75.0,75,7827.619688
-75.0,75,7830.135597
-73.0,75,7832.749273
-75.0,75,7835.331206
-75.0,75,7837.870545
-75.0,75,7840.547687
-75.0,75,7843.160475
-75.0,75,7845.697469
-75.0,75,7848.255118
-75.0,75,7850.90199
-72.0,75,7853.421234
-75.0,75,7856.011445
-75.0,75,7858.588844
-75.0,75,7861.185012
-75.0,75,7863.729461
-75.0,75,7866.292317
-75.0,75,7868.922535
-75.0,75,7871.603662
-75.0,75,7874.12423
-72.0,75,7876.73548
-75.0,75,7879.298656
-75.0,75,7881.925323
-75.0,75,7882.53562
-75.0,75,7883.248071
-71.0,75,7883.908596
-75.0,75,7884.608625
-75.0,75,7885.253764
-75.0,75,7885.969905
-75.0,75,7886.624966
-75.0,75,7887.33213
-75.0,75,7888.04653
-75.0,75,7888.783881
-75.0,75,7891.268347
-75.0,75,7893.908457
-75.0,75,7896.562108
-71.0,75,7899.145697
-75.0,75,7901.668693
-75.0,75,7904.29732
-75.0,75,7906.866983
-75.0,75,7909.519889
-75.0,75,7912.06725
-75.0,75,7914.672219
-75.0,75,7917.264972
-75.0,75,7919.833811
-72.0,75,7922.406522
-75.0,75,7925.037529
-75.0,75,7927.697817
-75.0,75,7930.281899
-75.0,75,7932.902676
-73.0,75,7935.478319
-75.0,75,7938.057334
-75.0,75,7940.641133
-75.0,75,7943.209996
-75.0,75,7945.84911
-75.0,75,7948.425016
-75.0,75,7951.07629
-75.0,75,7953.641561
-75.0,75,7956.185332
-75.0,75,7958.745039
-75.0,75,7961.391059
-75.0,75,7963.883101
-72.0,75,7966.555228
-75.0,75,7969.189491
-75.0,75,7971.757328
-75.0,75,7974.362309
-75.0,75,7976.930842
-75.0,75,7979.51688
-75.0,75,7982.095533
-75.0,75,7984.651926
-75.0,75,7987.268732
-75.0,75,7989.876236
-71.0,75,7992.428547
-75.0,75,7995.001446
-75.0,75,7997.614083
-75.0,75,8000.213151
-75.0,75,8002.770802
-75.0,75,8005.363271
-74.0,75,8007.890383
-75.0,75,8010.475138
-75.0,75,8013.153072
-75.0,75,8015.662736
-71.0,75,8018.306939
-72.0,75,8018.998302
-74.0,75,8019.665551
-75.0,75,8020.352575
-75.0,75,8021.006104
-75.0,75,8021.628323
-75.0,75,8022.249455
-75.0,75,8022.947142
-75.0,75,8023.611461
-75.0,75,8024.220279
-75.0,75,8025.141727
-75.0,75,8027.758313
-75.0,75,8030.45669
-75.0,75,8032.999748
-75.0,75,8035.558995
-75.0,75,8038.177714
-75.0,75,8040.77011
-75.0,75,8043.319668
-75.0,75,8045.914946
-75.0,75,8048.482594
-75.0,75,8051.071251
-75.0,75,8053.628915
-75.0,75,8056.273932
-74.0,75,8058.855643
-75.0,75,8061.472472
-75.0,75,8064.046473
-75.0,75,8066.604146
-75.0,75,8069.224602
-75.0,75,8071.867929
-75.0,75,8074.472332
-75.0,75,8077.064817
-75.0,75,8079.722886
-75.0,75,8082.288466
-71.0,75,8084.979186
-72.0,75,8087.517823
-75.0,75,8090.104388
-69.0,75,8092.697514
-75.0,75,8095.30312
-75.0,75,8097.922159
-75.0,75,8100.472055
-75.0,75,8103.063266
-75.0,75,8105.727949
-75.0,75,8108.326854
-75.0,75,8110.921379
-75.0,75,8113.477512
-75.0,75,8116.131393
-75.0,75,8118.723189
-72.0,75,8121.323287
-75.0,75,8123.884022
-75.0,75,8126.440608
-75.0,75,8129.06746
-75.0,75,8131.696713
-75.0,75,8134.351502
-72.0,75,8136.891057
-73.0,75,8139.515945
-75.0,75,8142.198333
-75.0,75,8144.844044
-75.0,75,8147.529651
-75.0,75,8150.126747
-75.0,75,8152.737277
-75.0,75,8155.375323
-75.0,75,8156.069125
-75.0,75,8156.75566
-75.0,75,8157.424736
-75.0,75,8158.136161
-70.0,75,8158.810233
-75.0,75,8159.495994
-75.0,75,8160.225418
-75.0,75,8160.897985
-75.0,75,8161.526557
-75.0,75,8162.351763
-75.0,75,8165.022329
-75.0,75,8167.702774
-75.0,75,8170.299091
-75.0,75,8173.046269
-75.0,75,8175.718731
-75.0,75,8178.338985
-75.0,75,8180.959074
-75.0,75,8183.639399
-75.0,75,8186.305222
-75.0,75,8188.979914
-75.0,75,8191.603469
-69.0,75,8194.325103
-75.0,75,8196.955207
-75.0,75,8199.691365
-75.0,75,8202.318719
-75.0,75,8204.911596
-75.0,75,8207.614404
-75.0,75,8210.212192
-75.0,75,8212.76332
-75.0,75,8215.408581
-75.0,75,8217.992656
-75.0,75,8220.625058
-75.0,75,8223.193537
-75.0,75,8225.845398
-75.0,75,8228.389249
-75.0,75,8231.02914
-72.0,75,8233.643431
-75.0,75,8236.331208
-70.0,75,8239.028642
-73.0,75,8241.841179
-73.0,75,8244.476967
-75.0,75,8247.237144
-75.0,75,8249.861538
-75.0,75,8252.498069
-75.0,75,8255.164614
-75.0,75,8257.892621
-73.0,75,8260.539205
-75.0,75,8263.148506
-75.0,75,8265.775597
-75.0,75,8268.47083
-75.0,75,8271.147923
-75.0,75,8273.82057
-75.0,75,8276.432894
-75.0,75,8279.099225
-75.0,75,8281.79969
-75.0,75,8284.428624
-71.0,75,8287.151719
-75.0,75,8289.932099
-75.0,75,8292.670576
-75.0,75,8295.350744
-75.0,75,8296.057898
-71.0,75,8296.748621
-75.0,75,8297.442959
-75.0,75,8298.143024
-75.0,75,8298.813727
-75.0,75,8299.519029
-75.0,75,8300.203424
-70.0,75,8300.823335
-75.0,75,8301.536535
-75.0,75,8302.481145
-75.0,75,8305.108418
-75.0,75,8307.743763
-75.0,75,8310.573851
-75.0,75,8313.321757
-75.0,75,8316.120765
-75.0,75,8318.712857
-70.0,75,8321.260223
-75.0,75,8323.947274
-75.0,75,8326.640187
-75.0,75,8329.312806
-75.0,75,8332.01751
-75.0,75,8334.544162
-75.0,75,8337.216903
-75.0,75,8339.901516
-75.0,75,8342.564018
-75.0,75,8345.203737
-75.0,75,8347.78484
-75.0,75,8350.391251
-75.0,75,8353.043039
-74.0,75,8355.607841
-75.0,75,8358.215768
-75.0,75,8360.852981
-75.0,75,8363.510195
-75.0,75,8366.112663
-75.0,75,8368.735887
-75.0,75,8371.3938
-75.0,75,8374.009903
-72.0,75,8376.60276
-75.0,75,8379.207804
-75.0,75,8381.794392
-75.0,75,8384.402122
-75.0,75,8387.057091
-75.0,75,8389.598727
-75.0,75,8392.229411
-70.0,75,8394.876956
-71.0,75,8397.518907
-75.0,75,8400.261156
-75.0,75,8402.941701
-72.0,75,8405.576489
-75.0,75,8408.277723
-75.0,75,8410.993951
-75.0,75,8413.633684
-75.0,75,8416.317649
-72.0,75,8418.981681
-75.0,75,8421.573559
-75.0,75,8424.200926
-75.0,75,8426.973998
-75.0,75,8429.639218
-75.0,75,8432.3446
-73.0,75,8434.992298
-71.0,75,8435.701538
-75.0,75,8436.403621
-75.0,75,8437.103282
-75.0,75,8437.801286
-75.0,75,8438.504007
-75.0,75,8439.26232
-75.0,75,8440.069349
-72.0,75,8440.791178
-75.0,75,8441.462318
-75.0,75,8442.264718
-75.0,75,8445.008362
-75.0,75,8447.63162
-75.0,75,8450.265246
-73.0,75,8452.942173
-75.0,75,8455.568747
-71.0,75,8458.200467
-75.0,75,8460.761581
-75.0,75,8463.381254
-75.0,75,8466.021993
-75.0,75,8468.584595
-71.0,75,8471.171134
-75.0,75,8473.745357
-75.0,75,8476.389613
-71.0,75,8478.985772
-75.0,75,8481.563928
-75.0,75,8484.157337
-75.0,75,8486.742095
-75.0,75,8489.340191
-75.0,75,8491.962904
-75.0,75,8494.587039
-75.0,75,8497.169386
-75.0,75,8499.902223
-75.0,75,8502.538176
-75.0,75,8505.191473
-75.0,75,8507.723367
-75.0,75,8510.404987
-75.0,75,8512.975663
-75.0,75,8515.584982
-75.0,75,8518.183364
-75.0,75,8520.754699
-75.0,75,8523.367051
-75.0,75,8526.021474
-75.0,75,8528.61474
-75.0,75,8531.262409
-72.0,75,8533.944478
-75.0,75,8536.601371
-75.0,75,8539.192123
-75.0,75,8541.756974
-75.0,75,8544.330414
-73.0,75,8546.897374
-75.0,75,8549.564387
-75.0,75,8552.197214
-71.0,75,8554.778779
-75.0,75,8557.37561
-75.0,75,8560.013711
-75.0,75,8562.557886
-74.0,75,8565.203679
-75.0,75,8567.893446
-75.0,75,8570.603731
-75.0,75,8573.37508
-75.0,75,8574.020303
-75.0,75,8574.753087
-75.0,75,8575.407599
-75.0,75,8576.103569
-75.0,75,8576.784633
-75.0,75,8577.517102
-75.0,75,8578.173266
-71.0,75,8578.857002
-75.0,75,8579.532208
