# {"t_start": 1580946935.2558155, "env_id": "FetchTosscube-v1"} 
r,l,t
-50.0,50,9.548128
-50.0,50,13.686624
-50.0,50,17.389392
-50.0,50,21.133285
-50.0,50,24.847875
-50.0,50,28.583697
-50.0,50,32.28929
-50.0,50,36.50338
-50.0,50,40.353673
-50.0,50,44.103974
-50.0,50,48.00498
-50.0,50,51.925693
-50.0,50,56.017466
-50.0,50,59.832701
-50.0,50,63.648079
-50.0,50,67.403903
-50.0,50,71.308567
-50.0,50,75.115153
-50.0,50,78.875122
-50.0,50,82.678257
-50.0,50,86.442601
-50.0,50,90.123912
-50.0,50,93.884726
-50.0,50,97.670976
-50.0,50,101.355161
-50.0,50,105.133492
-50.0,50,108.809287
-50.0,50,112.596151
-50.0,50,116.550917
-50.0,50,120.281316
-50.0,50,123.965921
-50.0,50,127.545011
-50.0,50,131.491692
-50.0,50,135.123439
-50.0,50,138.775645
-50.0,50,142.360197
-50.0,50,146.130355
-50.0,50,149.687934
-50.0,50,153.393305
-50.0,50,157.099892
-50.0,50,160.764449
-50.0,50,164.395881
-50.0,50,167.987601
-50.0,50,171.707536
-50.0,50,175.347685
-50.0,50,178.986512
-50.0,50,182.613034
-50.0,50,186.199314
-50.0,50,189.734108
-50.0,50,193.263211
-50.0,50,197.05613
-50.0,50,197.537736
-50.0,50,198.06531
-50.0,50,198.584317
-50.0,50,199.096227
-50.0,50,199.607628
-50.0,50,200.112557
-50.0,50,200.63249
-50.0,50,201.143482
-50.0,50,201.661476
-50.0,50,202.381
-50.0,50,206.038964
-50.0,50,209.694426
-50.0,50,213.393548
-50.0,50,217.130092
-50.0,50,220.796495
-50.0,50,224.518613
-50.0,50,228.173548
-50.0,50,231.883609
-50.0,50,235.584397
-50.0,50,239.250743
-50.0,50,242.715914
-50.0,50,246.570645
-50.0,50,249.886779
-50.0,50,254.602068
-50.0,50,258.708484
-50.0,50,262.757296
-50.0,50,266.490534
-50.0,50,270.284749
-50.0,50,274.090326
-50.0,50,277.921937
-50.0,50,281.702843
-50.0,50,285.563624
-50.0,50,289.367521
-50.0,50,293.252321
-50.0,50,297.143812
-50.0,50,300.990757
-50.0,50,304.741419
-50.0,50,308.701519
-50.0,50,312.394244
-50.0,50,316.25721
-50.0,50,320.078501
-50.0,50,324.170169
-50.0,50,328.090272
-50.0,50,332.008995
-50.0,50,335.987429
-50.0,50,339.927238
-50.0,50,343.742713
-50.0,50,347.624752
-50.0,50,351.455604
-50.0,50,355.312814
-50.0,50,359.115977
-50.0,50,363.021708
-50.0,50,366.728661
-50.0,50,370.522353
-50.0,50,374.272144
-50.0,50,378.116423
-50.0,50,382.013856
-50.0,50,385.195661
-50.0,50,388.950992
-50.0,50,392.83016
-50.0,50,393.358078
-50.0,50,393.877465
-50.0,50,394.415037
-50.0,50,394.937612
-50.0,50,395.475468
-50.0,50,396.04064
-50.0,50,396.599632
-50.0,50,397.154479
-50.0,50,397.726125
-50.0,50,398.361919
-50.0,50,402.436521
-50.0,50,406.393077
-50.0,50,410.409202
-50.0,50,414.218201
-50.0,50,418.046606
-50.0,50,421.849876
-50.0,50,425.630439
-50.0,50,429.523703
-50.0,50,433.367192
-50.0,50,437.179321
-50.0,50,440.996356
-50.0,50,444.798614
-50.0,50,448.585147
-50.0,50,452.327201
-50.0,50,456.086807
-50.0,50,459.857759
-50.0,50,463.693586
-50.0,50,467.563179
-50.0,50,471.329693
-50.0,50,475.10994
-50.0,50,478.984937
-50.0,50,482.851506
-50.0,50,486.547523
-50.0,50,490.422093
-50.0,50,494.437086
-50.0,50,498.219969
-50.0,50,502.079237
-50.0,50,505.932199
-50.0,50,509.714561
-50.0,50,513.587054
-50.0,50,517.456256
-50.0,50,521.419753
-50.0,50,525.306005
-50.0,50,529.236097
-50.0,50,533.09101
-50.0,50,537.040669
-50.0,50,540.911371
-50.0,50,544.818059
-50.0,50,548.680889
-50.0,50,552.525505
-50.0,50,556.476946
-50.0,50,560.227064
-50.0,50,564.068386
-50.0,50,567.923863
-50.0,50,571.749581
-50.0,50,575.604785
-50.0,50,579.442634
-50.0,50,583.259405
-50.0,50,587.172257
-50.0,50,591.087077
-50.0,50,591.608126
-50.0,50,592.157121
-50.0,50,592.665316
-50.0,50,593.200997
-50.0,50,593.740437
-50.0,50,594.279698
-50.0,50,594.788222
-50.0,50,595.300888
-50.0,50,595.826202
-50.0,50,596.414295
-50.0,50,600.3319
-50.0,50,604.114623
-50.0,50,607.928209
-50.0,50,611.674242
-50.0,50,615.504191
-50.0,50,619.275567
-50.0,50,623.115829
-50.0,50,627.0288
-50.0,50,630.778686
-50.0,50,634.634974
-50.0,50,638.468504
-50.0,50,642.213234
-50.0,50,646.166803
-50.0,50,650.236026
-50.0,50,654.286905
-50.0,50,658.471284
-50.0,50,662.470181
-50.0,50,666.489346
-50.0,50,670.104931
-50.0,50,674.211612
-50.0,50,678.181892
-50.0,50,682.058933
-50.0,50,685.965083
-50.0,50,689.742758
-50.0,50,693.574041
-50.0,50,697.368414
-50.0,50,701.209231
-50.0,50,705.179421
-50.0,50,709.031744
-50.0,50,712.847561
-50.0,50,716.633778
-50.0,50,720.490709
-50.0,50,724.312589
-50.0,50,728.046251
-50.0,50,731.852844
-50.0,50,735.669748
-50.0,50,739.594172
-50.0,50,743.435303
-50.0,50,747.203522
-50.0,50,751.100289
-50.0,50,755.014444
-50.0,50,758.849247
-50.0,50,762.714833
-50.0,50,766.442568
-50.0,50,770.33816
-50.0,50,774.250577
-50.0,50,778.178926
-50.0,50,782.060301
-50.0,50,785.963692
-50.0,50,789.808029
-50.0,50,790.326169
-50.0,50,790.852384
-50.0,50,791.351389
-50.0,50,791.877882
-50.0,50,792.3845
-50.0,50,792.918017
-50.0,50,793.422643
-50.0,50,793.960006
-50.0,50,794.46291
-50.0,50,795.098512
-50.0,50,798.861291
-50.0,50,802.800419
-50.0,50,806.694616
-50.0,50,810.537387
-50.0,50,814.434121
-50.0,50,818.317101
-50.0,50,822.153436
-50.0,50,826.124711
-50.0,50,829.979817
-50.0,50,833.856535
-50.0,50,837.782411
-50.0,50,841.700252
-50.0,50,845.563825
-50.0,50,849.409338
-50.0,50,853.101249
-50.0,50,856.983133
-50.0,50,860.745834
-50.0,50,864.533554
-50.0,50,868.294308
-50.0,50,872.103322
-50.0,50,875.879767
-50.0,50,879.588988
-50.0,50,883.352727
-50.0,50,887.082067
-50.0,50,890.534275
-50.0,50,893.182163
-50.0,50,895.842295
-50.0,50,898.44523
-50.0,50,901.091172
-50.0,50,903.735061
-50.0,50,906.373982
-50.0,50,909.017345
-50.0,50,911.631001
-50.0,50,914.236137
-50.0,50,916.893932
-50.0,50,919.53573
-50.0,50,922.180259
-50.0,50,924.788193
-50.0,50,927.380407
-50.0,50,930.012268
-50.0,50,932.618956
-50.0,50,935.245903
-50.0,50,937.855592
-50.0,50,940.482146
-50.0,50,943.07161
-50.0,50,945.685912
-50.0,50,948.323268
-50.0,50,950.901022
-50.0,50,953.598127
-50.0,50,956.218039
-50.0,50,956.606627
-50.0,50,957.024746
-50.0,50,957.4326
-50.0,50,957.855831
-50.0,50,958.275536
-50.0,50,958.675672
-50.0,50,959.105373
-50.0,50,959.534836
-50.0,50,959.943251
-50.0,50,960.433642
-50.0,50,963.064229
-50.0,50,965.717695
-50.0,50,968.350408
-50.0,50,970.948999
-50.0,50,973.559899
-50.0,50,976.192614
-50.0,50,978.78879
-50.0,50,981.403844
-50.0,50,984.016925
-50.0,50,986.58013
-50.0,50,989.258027
-50.0,50,991.850572
-50.0,50,994.497998
-50.0,50,997.132137
-50.0,50,999.748051
-50.0,50,1002.322869
-50.0,50,1004.932995
-50.0,50,1007.537673
-50.0,50,1010.145452
-50.0,50,1012.796318
-50.0,50,1015.357505
-50.0,50,1018.008523
-50.0,50,1020.648849
-50.0,50,1023.258002
-50.0,50,1025.852412
-50.0,50,1028.565463
-50.0,50,1031.193962
-50.0,50,1033.853168
-50.0,50,1037.16787
-50.0,50,1041.028617
-50.0,50,1044.789277
-50.0,50,1048.426896
-50.0,50,1052.128021
-50.0,50,1055.820647
-50.0,50,1059.431802
-50.0,50,1063.116673
-50.0,50,1066.747756
-50.0,50,1070.428989
-50.0,50,1074.045767
-50.0,50,1077.815252
-50.0,50,1081.577041
-50.0,50,1085.269655
-50.0,50,1088.986279
-50.0,50,1092.715003
-50.0,50,1096.408607
-50.0,50,1100.072199
-50.0,50,1103.834719
-50.0,50,1107.678116
-50.0,50,1111.405291
-50.0,50,1115.147676
-50.0,50,1115.624626
-50.0,50,1116.127393
-50.0,50,1116.664912
-50.0,50,1117.190284
-50.0,50,1117.699055
-50.0,50,1118.158391
-50.0,50,1118.683616
-50.0,50,1119.175422
-50.0,50,1119.709566
-50.0,50,1120.249662
-50.0,50,1124.021014
-50.0,50,1127.746307
-50.0,50,1131.558884
-50.0,50,1135.372621
-50.0,50,1139.28235
-50.0,50,1143.28315
-50.0,50,1147.181863
-50.0,50,1150.978665
-50.0,50,1154.639031
-50.0,50,1158.090138
-50.0,50,1160.884021
-50.0,50,1163.626795
-50.0,50,1166.303469
-50.0,50,1169.074193
-50.0,50,1171.770977
-50.0,50,1174.559426
-50.0,50,1177.236544
-50.0,50,1179.974042
-50.0,50,1182.657627
-50.0,50,1185.462944
-50.0,50,1188.21216
-50.0,50,1190.894758
-50.0,50,1193.649438
-50.0,50,1196.384223
-50.0,50,1199.17173
-50.0,50,1202.254483
-50.0,50,1205.168123
-50.0,50,1207.912361
-50.0,50,1210.654633
-50.0,50,1213.384974
-50.0,50,1216.06325
-50.0,50,1218.771856
-50.0,50,1221.44676
-50.0,50,1224.155977
-50.0,50,1226.795064
-50.0,50,1229.534178
-50.0,50,1232.185718
-50.0,50,1234.86542
-50.0,50,1237.490792
-50.0,50,1240.129959
-50.0,50,1242.801182
-50.0,50,1245.411041
-50.0,50,1248.156814
-50.0,50,1250.782514
-50.0,50,1253.513036
-50.0,50,1256.143656
-50.0,50,1258.85379
-50.0,50,1261.517823
-50.0,50,1264.352329
-50.0,50,1267.028545
-50.0,50,1267.444
-50.0,50,1267.872164
-50.0,50,1268.299105
-50.0,50,1268.729271
-50.0,50,1269.143784
-50.0,50,1269.590529
-50.0,50,1270.049277
-50.0,50,1270.471941
-50.0,50,1270.876813
-50.0,50,1271.434858
-50.0,50,1274.122109
-50.0,50,1276.822959
-50.0,50,1279.552619
-50.0,50,1282.214687
-50.0,50,1284.871947
-50.0,50,1287.551666
-50.0,50,1290.207944
-50.0,50,1292.907276
-50.0,50,1295.555038
-50.0,50,1298.190481
-50.0,50,1300.875403
-50.0,50,1303.601047
-50.0,50,1306.248194
-50.0,50,1309.015879
-50.0,50,1311.663002
-50.0,50,1314.318595
-50.0,50,1317.022695
-50.0,50,1319.754759
-50.0,50,1322.403784
-50.0,50,1325.073756
-50.0,50,1327.802897
-50.0,50,1330.499489
-50.0,50,1333.207453
-50.0,50,1335.876719
-50.0,50,1338.59585
-50.0,50,1341.281439
-50.0,50,1343.969506
-50.0,50,1346.648725
-50.0,50,1349.296217
-50.0,50,1352.047512
-50.0,50,1354.71471
-50.0,50,1357.43538
-50.0,50,1360.096745
-50.0,50,1362.813253
-50.0,50,1365.477635
-50.0,50,1368.192603
-50.0,50,1370.889505
-50.0,50,1373.597056
-50.0,50,1376.221593
-50.0,50,1378.913415
-50.0,50,1381.592803
-50.0,50,1384.247071
-50.0,50,1386.903375
-50.0,50,1389.551818
-50.0,50,1392.244166
-50.0,50,1394.919133
-50.0,50,1397.577219
-50.0,50,1400.289813
-50.0,50,1402.965184
-50.0,50,1405.632732
-50.0,50,1406.033677
-50.0,50,1406.500075
-50.0,50,1406.939729
-50.0,50,1407.352145
-50.0,50,1407.765263
-50.0,50,1408.199878
-50.0,50,1408.642332
-50.0,50,1409.065526
-50.0,50,1409.506564
-50.0,50,1410.002728
-50.0,50,1412.720044
-50.0,50,1415.394707
-50.0,50,1418.056826
-50.0,50,1420.735668
-50.0,50,1423.412436
-50.0,50,1426.104518
-50.0,50,1428.83105
-50.0,50,1431.511446
-50.0,50,1434.140974
-50.0,50,1436.818376
-50.0,50,1439.483181
-50.0,50,1442.150802
-50.0,50,1444.804102
-50.0,50,1447.4617
-50.0,50,1450.060714
-50.0,50,1452.799155
-50.0,50,1455.473091
-50.0,50,1458.147656
-50.0,50,1460.844769
-50.0,50,1463.503817
-50.0,50,1466.207909
-50.0,50,1468.905446
-50.0,50,1471.595649
-50.0,50,1474.240195
-50.0,50,1476.923635
-50.0,50,1479.593921
-50.0,50,1482.220136
-50.0,50,1484.915197
-50.0,50,1487.61606
-50.0,50,1490.275685
-50.0,50,1493.030249
-50.0,50,1495.68906
-50.0,50,1498.383463
-50.0,50,1501.039089
-50.0,50,1504.089031
-50.0,50,1507.13826
-50.0,50,1509.787079
-50.0,50,1512.544366
-50.0,50,1515.200607
-50.0,50,1517.989741
-50.0,50,1520.667
-50.0,50,1523.303982
-50.0,50,1525.956597
-50.0,50,1528.65609
-50.0,50,1531.828672
-50.0,50,1534.554462
-50.0,50,1537.415285
-50.0,50,1540.193286
-50.0,50,1543.478994
-50.0,50,1547.300808
-50.0,50,1547.807226
-50.0,50,1548.292782
-50.0,50,1548.766106
-50.0,50,1549.223145
-50.0,50,1549.713569
-50.0,50,1550.197619
-50.0,50,1550.686542
-50.0,50,1551.192761
-50.0,50,1551.674227
-50.0,50,1552.282984
-50.0,50,1555.475773
-50.0,50,1558.41889
-50.0,50,1561.390081
-50.0,50,1564.100312
-50.0,50,1566.942616
-50.0,50,1569.606714
-50.0,50,1572.387151
-50.0,50,1575.069533
-50.0,50,1577.758925
-50.0,50,1580.543949
-50.0,50,1583.269951
-50.0,50,1586.043581
-50.0,50,1588.69504
-50.0,50,1591.502114
-50.0,50,1594.224046
-50.0,50,1597.039414
-50.0,50,1599.789427
-50.0,50,1602.582533
-50.0,50,1605.302906
-50.0,50,1607.97518
-50.0,50,1610.659895
-50.0,50,1613.359976
-50.0,50,1616.073146
-50.0,50,1619.13613
-50.0,50,1621.83766
-50.0,50,1624.851848
-50.0,50,1627.483745
-50.0,50,1630.183753
-50.0,50,1632.850963
-50.0,50,1635.574901
-50.0,50,1638.404896
-50.0,50,1641.270853
-50.0,50,1643.958815
-50.0,50,1646.826824
-50.0,50,1649.660763
-50.0,50,1652.456885
-50.0,50,1655.197575
-50.0,50,1657.935949
-50.0,50,1660.652335
-50.0,50,1663.366986
-50.0,50,1666.074481
-50.0,50,1669.096562
-50.0,50,1671.920864
-50.0,50,1674.58707
-50.0,50,1677.367573
-50.0,50,1680.119447
-50.0,50,1683.131937
-50.0,50,1685.909773
-50.0,50,1688.59442
-50.0,50,1691.264705
-50.0,50,1691.719926
-50.0,50,1692.137876
-50.0,50,1692.54855
-50.0,50,1692.972646
-50.0,50,1693.412065
-50.0,50,1693.840273
-50.0,50,1694.260999
-50.0,50,1694.71418
-50.0,50,1695.139555
-50.0,50,1695.670927
-50.0,50,1698.484428
-50.0,50,1701.47894
-50.0,50,1704.356972
-50.0,50,1707.098524
-50.0,50,1709.838351
-50.0,50,1713.044526
-50.0,50,1716.32349
-50.0,50,1719.231464
-50.0,50,1722.225072
-50.0,50,1726.191694
-50.0,50,1730.119877
-50.0,50,1734.586915
-50.0,50,1738.941378
-50.0,50,1742.76923
-50.0,50,1746.936427
-50.0,50,1750.732652
-50.0,50,1754.565416
-50.0,50,1757.699383
-50.0,50,1760.886607
-50.0,50,1764.335565
-50.0,50,1767.768229
-50.0,50,1772.313052
-50.0,50,1775.897796
-50.0,50,1781.186195
-50.0,50,1785.713883
-50.0,50,1789.769911
-50.0,50,1792.784032
-50.0,50,1795.577132
-50.0,50,1798.313301
-50.0,50,1801.014484
-50.0,50,1804.066918
-50.0,50,1807.606944
-50.0,50,1811.352665
-50.0,50,1814.922516
-50.0,50,1818.633663
-50.0,50,1822.336608
-50.0,50,1826.049536
-50.0,50,1829.723783
-50.0,50,1833.406778
-50.0,50,1837.053658
-50.0,50,1840.686421
-50.0,50,1844.363096
-50.0,50,1848.028161
-50.0,50,1851.700147
-50.0,50,1855.417417
-50.0,50,1859.15638
-50.0,50,1862.783642
-50.0,50,1866.388683
-50.0,50,1870.106753
-50.0,50,1873.817178
-50.0,50,1874.298774
-50.0,50,1874.780961
-50.0,50,1875.288308
-50.0,50,1875.780463
-50.0,50,1876.282411
-50.0,50,1876.734352
-50.0,50,1877.212971
-50.0,50,1877.693078
-50.0,50,1878.155269
-50.0,50,1878.947551
-50.0,50,1882.605599
-50.0,50,1886.24719
-50.0,50,1890.003531
-50.0,50,1893.703715
-50.0,50,1897.334296
-50.0,50,1900.963802
-50.0,50,1904.670525
-50.0,50,1908.405423
-50.0,50,1912.053892
-50.0,50,1915.780859
-50.0,50,1919.438201
-50.0,50,1923.59184
-50.0,50,1927.505622
-50.0,50,1931.332133
-50.0,50,1935.168305
-50.0,50,1938.906217
-50.0,50,1942.827171
-50.0,50,1946.629685
-50.0,50,1950.473253
-50.0,50,1954.394184
-50.0,50,1958.23707
-50.0,50,1962.107162
-50.0,50,1965.978698
-50.0,50,1969.812955
-50.0,50,1973.590357
-50.0,50,1977.453484
-50.0,50,1981.440652
-50.0,50,1985.302148
-50.0,50,1989.195352
-50.0,50,1993.011944
-50.0,50,1996.840928
-50.0,50,2000.647007
-50.0,50,2004.641562
-50.0,50,2008.533945
-50.0,50,2012.293816
-50.0,50,2016.143072
-50.0,50,2019.905477
-50.0,50,2023.767928
-50.0,50,2027.685718
-50.0,50,2031.574946
-50.0,50,2035.537024
-50.0,50,2039.390188
-50.0,50,2043.239269
-50.0,50,2047.043642
-50.0,50,2050.085722
-50.0,50,2053.985139
-50.0,50,2057.839218
-50.0,50,2061.755181
-50.0,50,2065.624026
-50.0,50,2069.541541
-50.0,50,2070.032232
-50.0,50,2070.474891
-50.0,50,2070.974534
-50.0,50,2071.513979
-50.0,50,2072.015266
-50.0,50,2072.507056
-50.0,50,2072.995204
-50.0,50,2073.502411
-50.0,50,2074.017159
-50.0,50,2074.722833
-50.0,50,2078.627818
-50.0,50,2082.409275
-50.0,50,2086.264235
-50.0,50,2090.045291
-50.0,50,2093.816886
-50.0,50,2097.623157
-50.0,50,2101.475066
-50.0,50,2105.397007
-50.0,50,2109.145295
-50.0,50,2113.104354
-50.0,50,2116.944684
-50.0,50,2120.775316
-50.0,50,2124.653075
-50.0,50,2128.502548
-50.0,50,2132.493902
-50.0,50,2136.415665
-50.0,50,2140.274142
-50.0,50,2144.141917
-50.0,50,2147.981825
-50.0,50,2151.868271
-50.0,50,2155.72117
-50.0,50,2159.533701
-50.0,50,2163.359969
-50.0,50,2167.268861
-50.0,50,2171.173555
-50.0,50,2175.002643
-50.0,50,2178.930213
-50.0,50,2182.848463
-50.0,50,2186.676947
-50.0,50,2190.653117
-50.0,50,2194.542254
-50.0,50,2198.448864
-50.0,50,2202.315434
-50.0,50,2206.212625
-50.0,50,2210.021026
-50.0,50,2214.345007
-50.0,50,2218.368843
-50.0,50,2221.488274
-50.0,50,2225.195505
-50.0,50,2229.041773
-50.0,50,2232.907557
-50.0,50,2236.778659
-50.0,50,2240.641672
-50.0,50,2244.461667
-50.0,50,2248.278806
-50.0,50,2252.105678
-50.0,50,2255.992501
-50.0,50,2259.824553
-50.0,50,2263.640382
-50.0,50,2267.437432
-50.0,50,2267.989272
-50.0,50,2268.503267
-50.0,50,2269.013599
-50.0,50,2269.542401
-50.0,50,2270.041321
-50.0,50,2270.549362
-50.0,50,2271.072644
-50.0,50,2271.579017
-50.0,50,2272.126327
-50.0,50,2272.652929
-50.0,50,2276.496374
-50.0,50,2280.342683
-50.0,50,2284.247683
-50.0,50,2288.135154
-50.0,50,2292.060146
-50.0,50,2295.969529
-50.0,50,2299.851407
-50.0,50,2303.795581
-50.0,50,2307.699159
-50.0,50,2311.532526
-50.0,50,2315.456277
-50.0,50,2319.320709
-50.0,50,2323.312704
-50.0,50,2327.291294
-50.0,50,2331.128975
-50.0,50,2335.032136
-50.0,50,2339.022716
-50.0,50,2342.835147
-50.0,50,2346.149721
-50.0,50,2349.373755
-50.0,50,2352.453569
-50.0,50,2355.557656
-50.0,50,2358.440898
-50.0,50,2361.302062
-50.0,50,2364.223464
-50.0,50,2367.230682
-50.0,50,2370.455248
-50.0,50,2373.805478
-50.0,50,2377.216518
-50.0,50,2380.292448
-50.0,50,2383.484973
-50.0,50,2386.525509
-50.0,50,2389.692914
-50.0,50,2392.945697
-50.0,50,2396.197449
-50.0,50,2398.957857
-50.0,50,2401.979403
-50.0,50,2405.101315
-50.0,50,2408.59435
-50.0,50,2411.974956
-50.0,50,2415.562268
-50.0,50,2418.683898
-50.0,50,2421.639169
-50.0,50,2424.450511
-50.0,50,2427.292245
-50.0,50,2430.111944
-50.0,50,2432.957194
-50.0,50,2435.807515
-50.0,50,2438.67136
-50.0,50,2441.480995
-50.0,50,2441.944028
-50.0,50,2442.403399
-50.0,50,2442.871606
-50.0,50,2443.302668
-50.0,50,2443.750737
-50.0,50,2444.19893
-50.0,50,2444.659671
-50.0,50,2445.132617
-50.0,50,2445.552322
-50.0,50,2446.099311
-50.0,50,2448.976061
-50.0,50,2451.781663
-50.0,50,2454.60729
-50.0,50,2457.409512
-50.0,50,2460.277646
-50.0,50,2463.091588
-50.0,50,2465.907496
-50.0,50,2468.768467
-50.0,50,2471.582392
-50.0,50,2474.453112
-50.0,50,2477.299207
-50.0,50,2480.149855
-50.0,50,2482.946265
-50.0,50,2485.767303
-50.0,50,2488.628307
-50.0,50,2491.434862
-50.0,50,2494.241661
-50.0,50,2497.136166
-50.0,50,2499.937487
-50.0,50,2502.7751
-50.0,50,2505.571787
-50.0,50,2508.674052
-50.0,50,2512.122439
-50.0,50,2515.088744
-50.0,50,2517.90633
-50.0,50,2520.682193
-50.0,50,2523.681177
-50.0,50,2526.501596
-50.0,50,2529.975638
-50.0,50,2533.214005
-50.0,50,2536.205785
-50.0,50,2539.001288
-50.0,50,2541.711358
-50.0,50,2544.553208
-50.0,50,2547.202844
-50.0,50,2549.867691
-50.0,50,2552.974694
-50.0,50,2556.118599
-50.0,50,2558.979732
-50.0,50,2561.618849
-50.0,50,2564.39593
-50.0,50,2567.312709
-50.0,50,2570.255072
-50.0,50,2573.231441
-50.0,50,2576.512581
-50.0,50,2579.344328
-50.0,50,2582.193259
-50.0,50,2585.105829
-50.0,50,2587.966956
-50.0,50,2590.760082
-50.0,50,2591.182555
-50.0,50,2591.599923
-50.0,50,2592.042754
-50.0,50,2592.46287
-50.0,50,2592.90707
-50.0,50,2593.370189
-50.0,50,2593.789693
-50.0,50,2594.215636
-50.0,50,2594.631104
-50.0,50,2595.14344
-50.0,50,2597.862672
-50.0,50,2600.629965
-50.0,50,2603.669583
-50.0,50,2606.575775
-50.0,50,2609.563508
-50.0,50,2612.497261
-50.0,50,2615.384457
-50.0,50,2618.333345
-50.0,50,2621.239849
-50.0,50,2624.088131
-50.0,50,2626.924509
-50.0,50,2629.829896
-50.0,50,2632.612842
-50.0,50,2635.476933
-50.0,50,2638.21462
-50.0,50,2640.943171
-50.0,50,2643.700351
-50.0,50,2646.465762
-50.0,50,2649.255685
-50.0,50,2652.172605
-50.0,50,2654.997953
-50.0,50,2658.05762
-50.0,50,2660.989738
-50.0,50,2663.874207
-50.0,50,2666.684923
-50.0,50,2669.556186
-50.0,50,2672.874233
-50.0,50,2676.319801
-50.0,50,2679.558806
-50.0,50,2682.47612
-50.0,50,2685.340922
-50.0,50,2688.246071
-50.0,50,2690.986177
-50.0,50,2693.761941
-50.0,50,2696.498751
-50.0,50,2699.32616
-50.0,50,2702.079766
-50.0,50,2704.890793
-50.0,50,2707.720611
-50.0,50,2710.486289
-50.0,50,2713.237926
-50.0,50,2715.983683
-50.0,50,2718.757984
-50.0,50,2721.478989
-50.0,50,2724.248007
-50.0,50,2726.983716
-50.0,50,2729.737567
-50.0,50,2732.495928
-50.0,50,2735.257786
-50.0,50,2737.989852
-50.0,50,2738.475196
-50.0,50,2738.925374
-50.0,50,2739.34849
-50.0,50,2739.75058
-50.0,50,2740.187764
-50.0,50,2740.615962
-50.0,50,2741.033412
-50.0,50,2741.47294
-50.0,50,2741.924416
-50.0,50,2742.454585
-50.0,50,2745.208866
-50.0,50,2747.968454
-50.0,50,2750.7497
-50.0,50,2753.45891
-50.0,50,2756.183272
-50.0,50,2758.939619
-50.0,50,2762.010428
-50.0,50,2765.385138
-50.0,50,2768.690888
-50.0,50,2772.351346
-50.0,50,2775.913138
-50.0,50,2779.584186
-50.0,50,2783.303388
-50.0,50,2786.800453
-50.0,50,2789.893724
-50.0,50,2793.796166
-50.0,50,2797.53677
-50.0,50,2800.675395
-50.0,50,2803.816354
-50.0,50,2806.858385
-50.0,50,2810.147026
-50.0,50,2813.213564
-50.0,50,2816.437597
-50.0,50,2819.680217
-50.0,50,2822.892632
-50.0,50,2825.856235
-50.0,50,2828.811257
-50.0,50,2831.850184
-50.0,50,2834.808804
-50.0,50,2837.868748
-50.0,50,2841.184384
-50.0,50,2844.318828
-50.0,50,2847.461371
-50.0,50,2850.364135
-50.0,50,2853.20166
-50.0,50,2856.064162
-50.0,50,2858.939827
-50.0,50,2861.764387
-50.0,50,2864.576438
-50.0,50,2867.380006
-50.0,50,2870.202523
-50.0,50,2873.046419
-50.0,50,2875.951255
-50.0,50,2878.771326
-50.0,50,2881.543043
-50.0,50,2884.498972
-50.0,50,2887.399709
-50.0,50,2890.206097
-50.0,50,2893.011368
-50.0,50,2895.833617
-50.0,50,2896.286875
-50.0,50,2896.722758
-50.0,50,2897.152099
-50.0,50,2897.589643
-50.0,50,2898.055644
-50.0,50,2898.494385
-50.0,50,2898.915924
-50.0,50,2899.338214
-50.0,50,2899.744467
-50.0,50,2900.284786
-50.0,50,2903.179435
-50.0,50,2906.05314
-50.0,50,2908.848672
-50.0,50,2911.666374
-50.0,50,2914.513262
-50.0,50,2917.359627
-50.0,50,2920.126225
-50.0,50,2922.95636
-50.0,50,2925.697081
-50.0,50,2928.578323
-50.0,50,2931.445195
-50.0,50,2934.307711
-50.0,50,2937.113459
-50.0,50,2939.954889
-50.0,50,2942.739056
-50.0,50,2945.631996
-50.0,50,2948.446348
-50.0,50,2951.338863
-50.0,50,2954.164972
-50.0,50,2957.018524
-50.0,50,2959.876594
-50.0,50,2962.684625
-50.0,50,2965.396311
-50.0,50,2968.135213
-50.0,50,2970.896296
-50.0,50,2973.750477
-50.0,50,2976.708575
-50.0,50,2980.080708
-50.0,50,2983.769006
-50.0,50,2987.452664
-50.0,50,2991.343366
-50.0,50,2995.140059
-50.0,50,2999.02865
-50.0,50,3002.834434
-50.0,50,3006.638358
-50.0,50,3010.400971
-50.0,50,3014.413905
-50.0,50,3018.223174
-50.0,50,3022.101858
-50.0,50,3025.805698
-50.0,50,3029.705161
-50.0,50,3033.541584
-50.0,50,3037.430771
-50.0,50,3041.26252
-50.0,50,3044.98196
-50.0,50,3049.202605
-50.0,50,3052.620693
-50.0,50,3056.444529
-50.0,50,3060.420769
-50.0,50,3064.20813
-50.0,50,3064.699554
-50.0,50,3065.212801
-50.0,50,3065.738034
-50.0,50,3066.2417
-50.0,50,3066.745907
-50.0,50,3067.272873
-50.0,50,3067.746268
-50.0,50,3068.252139
-50.0,50,3068.737303
-50.0,50,3069.479255
-50.0,50,3073.344329
-50.0,50,3077.207507
-50.0,50,3081.080919
-50.0,50,3084.869566
-50.0,50,3088.607497
-50.0,50,3092.345353
-50.0,50,3096.192501
-50.0,50,3099.922764
-50.0,50,3103.789211
-50.0,50,3107.636053
-50.0,50,3111.451565
-50.0,50,3115.188456
-50.0,50,3118.9075
-50.0,50,3122.808996
-50.0,50,3126.801746
-50.0,50,3130.718582
-50.0,50,3134.724118
-50.0,50,3138.766922
-50.0,50,3142.390879
-50.0,50,3146.450151
-50.0,50,3150.476232
-50.0,50,3154.4793
-50.0,50,3158.409953
-50.0,50,3162.450918
-50.0,50,3166.462002
-50.0,50,3170.559841
-50.0,50,3174.653237
-50.0,50,3178.690698
-50.0,50,3182.75067
-50.0,50,3186.691193
-50.0,50,3190.706245
-50.0,50,3194.690089
-50.0,50,3198.736644
-50.0,50,3202.808267
-50.0,50,3206.762223
-50.0,50,3210.80399
-50.0,50,3214.860344
-50.0,50,3218.929599
-50.0,50,3222.844541
-50.0,50,3226.991967
-50.0,50,3230.99287
-50.0,50,3235.053752
-50.0,50,3239.039788
-50.0,50,3243.027303
-50.0,50,3247.239041
-50.0,50,3251.530629
-50.0,50,3255.436981
-50.0,50,3259.497884
-50.0,50,3263.468031
-50.0,50,3267.596005
-50.0,50,3268.066914
-50.0,50,3268.572003
-50.0,50,3269.12495
-50.0,50,3269.66013
-50.0,50,3270.132844
-50.0,50,3270.616707
-50.0,50,3271.135135
-50.0,50,3271.634102
-50.0,50,3272.133009
-50.0,50,3272.803613
-50.0,50,3276.79887
-50.0,50,3280.77639
-50.0,50,3284.696279
-50.0,50,3288.873145
-50.0,50,3292.787579
-50.0,50,3296.930263
-50.0,50,3300.895493
-50.0,50,3304.851343
-50.0,50,3308.858778
-50.0,50,3312.848241
-50.0,50,3316.724209
-50.0,50,3320.782024
-50.0,50,3324.89187
-50.0,50,3328.865875
-50.0,50,3332.765721
-50.0,50,3336.046089
-50.0,50,3338.849359
-50.0,50,3342.071173
-50.0,50,3345.033703
-50.0,50,3347.815172
-50.0,50,3350.701941
-50.0,50,3353.537699
-50.0,50,3356.281931
-50.0,50,3359.091079
-50.0,50,3361.818523
-50.0,50,3364.699318
-50.0,50,3367.442252
-50.0,50,3370.206688
-50.0,50,3373.148435
-50.0,50,3376.027616
-50.0,50,3378.888357
-50.0,50,3381.703556
-50.0,50,3384.502431
-50.0,50,3387.284089
-50.0,50,3390.062101
-50.0,50,3392.843154
-50.0,50,3395.625137
-50.0,50,3398.40742
-50.0,50,3401.151521
-50.0,50,3403.924075
-50.0,50,3406.67755
-50.0,50,3409.514281
-50.0,50,3412.285217
-50.0,50,3414.995636
-50.0,50,3417.750436
-50.0,50,3420.502732
-50.0,50,3423.406809
-50.0,50,3426.201546
-50.0,50,3428.998802
-50.0,50,3431.819873
-50.0,50,3432.250309
-50.0,50,3432.699487
-50.0,50,3433.184082
-50.0,50,3433.627149
-50.0,50,3434.057297
-50.0,50,3434.473713
-50.0,50,3434.883922
-50.0,50,3435.313805
-50.0,50,3435.733603
-50.0,50,3436.237445
-50.0,50,3439.062016
-50.0,50,3441.795521
-50.0,50,3444.64628
-50.0,50,3447.512614
-50.0,50,3450.291303
-50.0,50,3453.127456
-50.0,50,3456.066671
-50.0,50,3458.907516
-50.0,50,3461.84625
-50.0,50,3464.674984
-50.0,50,3467.487481
-50.0,50,3470.291483
-50.0,50,3473.149701
-50.0,50,3476.004616
-50.0,50,3478.817571
-50.0,50,3481.650868
-50.0,50,3484.499749
-50.0,50,3487.387357
-50.0,50,3490.205531
-50.0,50,3492.908149
-50.0,50,3495.686442
-50.0,50,3498.395351
-50.0,50,3501.127082
-50.0,50,3503.90671
-50.0,50,3506.632869
-50.0,50,3509.377538
-50.0,50,3512.096695
-50.0,50,3514.802673
-50.0,50,3517.589397
-50.0,50,3520.303512
-50.0,50,3523.02436
-50.0,50,3525.795625
-50.0,50,3528.554146
-50.0,50,3531.346434
-50.0,50,3534.328949
-50.0,50,3537.171218
-50.0,50,3539.901923
-50.0,50,3542.634569
-50.0,50,3545.338185
-50.0,50,3548.106581
-50.0,50,3550.92051
-50.0,50,3553.881917
-50.0,50,3556.729623
-50.0,50,3559.574337
-50.0,50,3562.415197
-50.0,50,3565.199943
-50.0,50,3567.950334
-50.0,50,3570.653578
-50.0,50,3573.432657
-50.0,50,3576.245441
-50.0,50,3576.679797
-50.0,50,3577.119317
-50.0,50,3577.569503
-50.0,50,3578.0215
-50.0,50,3578.439744
-50.0,50,3578.862058
-50.0,50,3579.27614
-50.0,50,3579.740207
-50.0,50,3580.241988
-50.0,50,3580.787144
-50.0,50,3583.776319
-50.0,50,3586.643895
-50.0,50,3589.556913
-50.0,50,3592.451472
-50.0,50,3595.390063
-50.0,50,3598.321664
-50.0,50,3601.144637
-50.0,50,3603.91723
-50.0,50,3606.835285
-50.0,50,3609.714748
-50.0,50,3612.551261
-50.0,50,3615.346067
-50.0,50,3618.11437
-50.0,50,3620.892481
-50.0,50,3623.635692
-50.0,50,3626.421871
-50.0,50,3629.184561
-50.0,50,3631.93168
-50.0,50,3634.694441
-50.0,50,3637.475128
-50.0,50,3640.180777
-50.0,50,3642.911025
-50.0,50,3645.691567
-50.0,50,3648.484122
-50.0,50,3651.265116
-50.0,50,3653.945018
-50.0,50,3656.740556
-50.0,50,3659.439198
-50.0,50,3662.224601
-50.0,50,3664.959357
-50.0,50,3667.725975
-50.0,50,3670.497136
-50.0,50,3673.285269
-50.0,50,3676.025823
-50.0,50,3678.824899
-50.0,50,3681.531595
-50.0,50,3684.272178
-50.0,50,3687.091706
-50.0,50,3689.83109
-50.0,50,3692.614563
-50.0,50,3695.390635
-50.0,50,3698.135706
-50.0,50,3700.876795
-50.0,50,3703.627869
-50.0,50,3706.390962
-50.0,50,3709.137583
-50.0,50,3711.951466
-50.0,50,3714.691933
-50.0,50,3717.428054
-50.0,50,3720.175043
-50.0,50,3720.593278
-50.0,50,3721.035095
-50.0,50,3721.450332
-50.0,50,3721.893116
-50.0,50,3722.306734
-50.0,50,3722.726938
-50.0,50,3723.156804
-50.0,50,3723.569144
-50.0,50,3723.994497
-50.0,50,3724.613421
-50.0,50,3727.341
-50.0,50,3730.124948
-50.0,50,3732.927776
-50.0,50,3735.690731
-50.0,50,3738.646725
-50.0,50,3741.690758
-50.0,50,3744.764074
-50.0,50,3747.857804
-50.0,50,3750.952346
-50.0,50,3754.00121
-50.0,50,3757.03977
-50.0,50,3760.134386
-50.0,50,3763.159862
-50.0,50,3766.107458
-50.0,50,3769.078645
-50.0,50,3772.087423
-50.0,50,3775.08707
-50.0,50,3778.038397
-50.0,50,3781.037662
-50.0,50,3783.984136
-50.0,50,3786.982958
-50.0,50,3790.026378
-50.0,50,3793.07636
-50.0,50,3796.114102
-50.0,50,3799.23186
-50.0,50,3802.303843
-50.0,50,3805.303319
-50.0,50,3808.391109
-50.0,50,3811.412188
-50.0,50,3814.539792
-50.0,50,3817.634085
-50.0,50,3820.698649
-50.0,50,3823.478347
-50.0,50,3826.459369
-50.0,50,3829.335454
-50.0,50,3832.155642
-50.0,50,3834.887763
-50.0,50,3837.657057
-50.0,50,3840.459363
-50.0,50,3843.178925
-50.0,50,3845.966427
-50.0,50,3848.742958
-50.0,50,3851.441042
-50.0,50,3854.194236
-50.0,50,3856.963816
-50.0,50,3859.70904
-50.0,50,3862.475364
-50.0,50,3865.231836
-50.0,50,3867.965823
-50.0,50,3870.703755
-50.0,50,3871.128611
-50.0,50,3871.597711
-50.0,50,3872.029058
-50.0,50,3872.472385
-50.0,50,3872.907545
-50.0,50,3873.319465
-50.0,50,3873.739166
-50.0,50,3874.166618
-50.0,50,3874.613284
-50.0,50,3875.112626
-50.0,50,3877.873248
-50.0,50,3880.603716
-50.0,50,3883.366659
-50.0,50,3886.153202
-50.0,50,3888.90894
-50.0,50,3891.659101
-50.0,50,3894.507303
-50.0,50,3897.501681
-50.0,50,3900.240968
-50.0,50,3903.004606
-50.0,50,3905.734363
-50.0,50,3908.526206
-50.0,50,3911.285134
-50.0,50,3914.041107
-50.0,50,3916.86994
-50.0,50,3920.123219
-50.0,50,3923.485104
-50.0,50,3926.847574
-50.0,50,3930.189398
-50.0,50,3933.568495
-50.0,50,3936.523437
-50.0,50,3939.746692
-50.0,50,3942.658829
-50.0,50,3945.800332
-50.0,50,3948.986894
-50.0,50,3952.134866
-50.0,50,3955.757264
-50.0,50,3959.121416
-50.0,50,3962.166434
-50.0,50,3965.467898
-50.0,50,3968.923771
-50.0,50,3972.060674
-50.0,50,3975.284935
-50.0,50,3978.113023
-50.0,50,3980.967418
-50.0,50,3984.132147
-50.0,50,3987.32629
-50.0,50,3990.488168
-50.0,50,3994.28447
-50.0,50,3997.33098
-50.0,50,4000.139845
-50.0,50,4003.121933
-50.0,50,4005.999475
-50.0,50,4008.928019
-50.0,50,4011.708142
-50.0,50,4014.482036
-50.0,50,4017.209049
-50.0,50,4020.005672
-50.0,50,4022.768035
-50.0,50,4025.500283
-50.0,50,4025.904715
-50.0,50,4026.343406
-50.0,50,4026.780877
-50.0,50,4027.176378
-50.0,50,4027.614898
-50.0,50,4028.071598
-50.0,50,4028.504909
-50.0,50,4028.940224
-50.0,50,4029.366123
-50.0,50,4029.933271
-50.0,50,4032.856822
-50.0,50,4035.623824
-50.0,50,4038.382609
-50.0,50,4041.200391
-50.0,50,4043.963701
-50.0,50,4046.732798
-50.0,50,4049.485422
-50.0,50,4052.28811
-50.0,50,4054.986131
-50.0,50,4057.78703
-50.0,50,4060.521837
-50.0,50,4063.273711
-50.0,50,4066.032369
-50.0,50,4068.820247
-50.0,50,4071.54119
-50.0,50,4074.359368
-50.0,50,4077.107173
-50.0,50,4079.826221
-50.0,50,4082.587265
-50.0,50,4085.335533
-50.0,50,4088.092565
-50.0,50,4090.859462
-50.0,50,4093.605065
-50.0,50,4096.346453
-50.0,50,4099.135234
-50.0,50,4101.999737
-50.0,50,4104.789854
-50.0,50,4107.560763
-50.0,50,4110.310417
-50.0,50,4113.035322
-50.0,50,4115.811342
-50.0,50,4118.554683
-50.0,50,4121.282894
-50.0,50,4124.069408
-50.0,50,4126.820858
-50.0,50,4129.617938
-50.0,50,4132.395577
-50.0,50,4135.117151
-50.0,50,4137.896704
-50.0,50,4140.623164
-50.0,50,4143.405914
-50.0,50,4146.294886
-50.0,50,4149.072644
-50.0,50,4151.787824
-50.0,50,4154.54265
-50.0,50,4157.252481
-50.0,50,4159.966478
-50.0,50,4162.797549
-50.0,50,4165.554463
-50.0,50,4168.316646
-50.0,50,4168.752558
-50.0,50,4169.174145
-50.0,50,4169.635886
-50.0,50,4170.069705
-50.0,50,4170.475421
-50.0,50,4170.91442
-50.0,50,4171.343629
-50.0,50,4171.784424
-50.0,50,4172.194696
-50.0,50,4172.681401
-50.0,50,4175.410958
-50.0,50,4178.231665
-50.0,50,4181.009885
-50.0,50,4183.845098
-50.0,50,4186.593659
-50.0,50,4189.35428
-50.0,50,4192.090206
-50.0,50,4194.853307
-50.0,50,4197.633072
-50.0,50,4200.385114
-50.0,50,4203.200226
-50.0,50,4205.915079
-50.0,50,4208.660459
-50.0,50,4211.444712
-50.0,50,4214.217644
-50.0,50,4216.964852
-50.0,50,4219.745199
-50.0,50,4222.483291
-50.0,50,4225.252484
-50.0,50,4228.066984
-50.0,50,4230.86784
-50.0,50,4233.677123
-50.0,50,4236.475483
-50.0,50,4239.337542
-50.0,50,4242.135551
-50.0,50,4244.98322
-50.0,50,4247.752013
-50.0,50,4250.590139
-50.0,50,4253.457222
-50.0,50,4256.371779
-50.0,50,4259.136444
-50.0,50,4262.014261
-50.0,50,4264.846281
-50.0,50,4267.625545
-50.0,50,4270.32917
-50.0,50,4273.114892
-50.0,50,4275.881726
-50.0,50,4278.623381
-50.0,50,4281.330433
-50.0,50,4284.091462
-50.0,50,4286.835867
-50.0,50,4289.551261
-50.0,50,4292.309071
-50.0,50,4295.092681
-50.0,50,4297.795479
-50.0,50,4300.605373
-50.0,50,4303.310966
-50.0,50,4306.076916
-50.0,50,4308.852252
-50.0,50,4311.581745
-50.0,50,4312.045735
-50.0,50,4312.463293
-50.0,50,4312.886783
-50.0,50,4313.3358
-50.0,50,4313.779892
-50.0,50,4314.207707
-50.0,50,4314.625259
-50.0,50,4315.035264
-50.0,50,4315.428021
-50.0,50,4315.98062
-50.0,50,4318.744995
-50.0,50,4321.63518
-50.0,50,4324.484375
-50.0,50,4327.56749
-50.0,50,4330.479235
-50.0,50,4333.546972
-50.0,50,4336.650044
-50.0,50,4339.93941
-50.0,50,4344.038384
-50.0,50,4347.470704
-50.0,50,4350.839571
-50.0,50,4353.876787
-50.0,50,4357.184563
-50.0,50,4360.15493
-50.0,50,4363.309081
-50.0,50,4366.285166
-50.0,50,4369.378903
-50.0,50,4372.402134
-50.0,50,4375.441437
-50.0,50,4378.548308
-50.0,50,4381.534781
-50.0,50,4384.476371
-50.0,50,4387.43083
-50.0,50,4390.384038
-50.0,50,4393.315205
-50.0,50,4396.377557
-50.0,50,4399.337388
-50.0,50,4402.326831
-50.0,50,4405.434394
-50.0,50,4408.63859
-50.0,50,4412.007769
-50.0,50,4415.491811
-50.0,50,4419.555029
-50.0,50,4422.504927
-50.0,50,4425.610554
-50.0,50,4428.582497
-50.0,50,4431.603476
-50.0,50,4434.977965
-50.0,50,4437.821196
-50.0,50,4440.668824
-50.0,50,4443.491527
-50.0,50,4446.368921
-50.0,50,4449.256704
-50.0,50,4452.343305
-50.0,50,4455.38943
-50.0,50,4458.854084
-50.0,50,4461.972254
-50.0,50,4464.889272
-50.0,50,4467.758369
-50.0,50,4470.607631
-50.0,50,4471.050719
-50.0,50,4471.496382
-50.0,50,4471.932752
-50.0,50,4472.386626
-50.0,50,4472.875253
-50.0,50,4473.301656
-50.0,50,4473.722576
-50.0,50,4474.146051
-50.0,50,4474.589279
-50.0,50,4475.081358
-50.0,50,4478.595465
-50.0,50,4481.448931
-50.0,50,4484.317943
-50.0,50,4487.206349
-50.0,50,4490.249184
-50.0,50,4493.587594
-50.0,50,4497.011034
-50.0,50,4499.94198
-50.0,50,4502.914099
-50.0,50,4506.212919
-50.0,50,4509.092595
-50.0,50,4512.098131
-50.0,50,4515.208966
-50.0,50,4518.120449
-50.0,50,4521.226855
-50.0,50,4524.334974
-50.0,50,4527.304143
-50.0,50,4530.401674
-50.0,50,4533.577925
-50.0,50,4536.352356
-50.0,50,4539.476239
-50.0,50,4542.416836
-50.0,50,4545.265527
-50.0,50,4548.087301
-50.0,50,4550.866585
-50.0,50,4553.732591
-50.0,50,4556.939852
-50.0,50,4559.95896
-50.0,50,4563.016466
-50.0,50,4565.914236
-50.0,50,4568.726787
-50.0,50,4571.550788
-50.0,50,4574.399016
-50.0,50,4577.273107
-50.0,50,4580.211703
-50.0,50,4582.917005
-50.0,50,4585.73131
-50.0,50,4588.490124
-50.0,50,4591.280167
-50.0,50,4594.016762
-50.0,50,4596.809332
-50.0,50,4599.613525
-50.0,50,4602.408604
-50.0,50,4605.151544
-50.0,50,4607.92079
-50.0,50,4610.678746
-50.0,50,4613.385076
-50.0,50,4616.257173
-50.0,50,4619.05015
-50.0,50,4621.920514
-50.0,50,4622.376232
-50.0,50,4622.789425
-50.0,50,4623.219375
-50.0,50,4623.67756
-50.0,50,4624.097979
-50.0,50,4624.539067
-50.0,50,4624.975502
-50.0,50,4625.433323
-50.0,50,4625.861873
-50.0,50,4626.55316
-50.0,50,4629.418854
-50.0,50,4632.313896
-50.0,50,4635.183356
-50.0,50,4638.033701
-50.0,50,4641.005284
-50.0,50,4644.012285
-50.0,50,4646.848376
-50.0,50,4649.623123
-50.0,50,4652.716248
-50.0,50,4655.765509
-50.0,50,4658.830685
-50.0,50,4661.836398
-50.0,50,4665.261633
-50.0,50,4668.81604
-50.0,50,4672.301549
-50.0,50,4675.45437
-50.0,50,4678.447493
-50.0,50,4681.439281
-50.0,50,4684.740591
-50.0,50,4687.83321
-50.0,50,4690.779675
-50.0,50,4693.819784
-50.0,50,4696.775867
-50.0,50,4699.738808
-50.0,50,4702.709275
-50.0,50,4705.66278
-50.0,50,4708.660215
-50.0,50,4711.718216
-50.0,50,4715.044829
-50.0,50,4718.006243
-50.0,50,4721.101085
-50.0,50,4724.032335
-50.0,50,4727.057467
-50.0,50,4730.002121
-50.0,50,4733.106723
-50.0,50,4736.084868
-50.0,50,4739.126656
-50.0,50,4742.179464
-50.0,50,4745.205221
-50.0,50,4747.951579
-50.0,50,4750.755564
-50.0,50,4753.552162
-50.0,50,4756.392088
-50.0,50,4759.149874
-50.0,50,4761.875736
-50.0,50,4764.655782
-50.0,50,4767.396061
-50.0,50,4770.140685
-50.0,50,4772.908582
-50.0,50,4775.770713
-50.0,50,4776.175351
-50.0,50,4776.630827
-50.0,50,4777.047102
-50.0,50,4777.494628
-50.0,50,4777.937026
-50.0,50,4778.389247
-50.0,50,4778.84872
-50.0,50,4779.29533
-50.0,50,4779.718336
-50.0,50,4780.235349
-50.0,50,4783.069009
-50.0,50,4785.805626
-50.0,50,4788.615014
-50.0,50,4791.342994
-50.0,50,4794.167056
-50.0,50,4796.928544
-50.0,50,4799.697928
-50.0,50,4802.521775
-50.0,50,4805.19493
-50.0,50,4808.03552
-50.0,50,4810.774641
-50.0,50,4813.524165
-50.0,50,4816.305388
-50.0,50,4819.074631
-50.0,50,4821.813586
-50.0,50,4824.595745
-50.0,50,4827.321702
-50.0,50,4830.093738
-50.0,50,4832.873147
-50.0,50,4835.625604
-50.0,50,4838.393574
-50.0,50,4841.187263
-50.0,50,4843.976527
-50.0,50,4846.732551
-50.0,50,4849.512648
-50.0,50,4852.364097
-50.0,50,4855.108985
-50.0,50,4857.822947
-50.0,50,4860.575183
-50.0,50,4863.381661
-50.0,50,4866.197964
-50.0,50,4868.960495
-50.0,50,4871.7648
-50.0,50,4874.523987
-50.0,50,4877.333656
-50.0,50,4880.118592
-50.0,50,4882.949254
-50.0,50,4885.701131
-50.0,50,4888.481767
-50.0,50,4891.275461
-50.0,50,4894.071228
-50.0,50,4896.834127
-50.0,50,4899.630003
-50.0,50,4902.383893
-50.0,50,4905.152836
-50.0,50,4907.931833
-50.0,50,4910.750721
-50.0,50,4913.538939
-50.0,50,4916.231912
-50.0,50,4919.025259
-50.0,50,4919.436865
-50.0,50,4919.893172
-50.0,50,4920.297615
-50.0,50,4920.762228
-50.0,50,4921.185952
-50.0,50,4921.635586
-50.0,50,4922.077932
-50.0,50,4922.51558
-50.0,50,4922.934139
-50.0,50,4923.391682
-50.0,50,4926.210429
-50.0,50,4928.907228
-50.0,50,4931.614589
-50.0,50,4934.466107
-50.0,50,4937.235149
-50.0,50,4940.015007
-50.0,50,4942.869218
-50.0,50,4945.690998
-50.0,50,4948.423164
-50.0,50,4951.185405
-50.0,50,4954.062814
-50.0,50,4956.851406
-50.0,50,4959.595769
-50.0,50,4962.333784
-50.0,50,4965.071615
-50.0,50,4967.93802
-50.0,50,4970.645633
-50.0,50,4973.432785
-50.0,50,4976.183221
-50.0,50,4978.913872
-50.0,50,4981.693882
-50.0,50,4984.433475
-50.0,50,4987.20383
-50.0,50,4989.920755
-50.0,50,4992.685811
-50.0,50,4995.433803
-50.0,50,4998.226423
-50.0,50,5000.998257
-50.0,50,5003.760535
-50.0,50,5006.572732
-50.0,50,5009.400998
-50.0,50,5012.233037
-50.0,50,5015.028781
-50.0,50,5017.832683
-50.0,50,5020.571667
-50.0,50,5023.347137
-50.0,50,5026.103724
-50.0,50,5029.149791
-50.0,50,5032.363067
-50.0,50,5035.610326
-50.0,50,5038.538989
-50.0,50,5041.548469
-50.0,50,5044.318473
-50.0,50,5047.142956
-50.0,50,5049.968546
-50.0,50,5052.756792
-50.0,50,5055.482274
-50.0,50,5058.333367
-50.0,50,5061.01557
-50.0,50,5063.808161
-50.0,50,5064.225911
-50.0,50,5064.654163
-50.0,50,5065.075627
-50.0,50,5065.551813
-50.0,50,5065.990514
-50.0,50,5066.401517
-50.0,50,5066.821211
-50.0,50,5067.276041
-50.0,50,5067.717258
-50.0,50,5068.188467
-50.0,50,5070.955435
-50.0,50,5073.72477
-50.0,50,5076.463005
-50.0,50,5079.202877
-50.0,50,5081.925772
-50.0,50,5084.73538
-50.0,50,5087.503785
-50.0,50,5090.279343
-50.0,50,5093.05662
-50.0,50,5095.90934
-50.0,50,5098.701317
-50.0,50,5101.594883
-50.0,50,5104.681515
-50.0,50,5107.92604
-50.0,50,5111.089058
-50.0,50,5114.070543
-50.0,50,5116.906853
-50.0,50,5119.689672
-50.0,50,5122.876182
-50.0,50,5125.835125
-50.0,50,5128.726159
-50.0,50,5131.824844
-50.0,50,5134.722176
-50.0,50,5137.456266
-50.0,50,5140.180303
-50.0,50,5142.964467
-50.0,50,5145.692596
-50.0,50,5148.414478
-50.0,50,5151.163217
-50.0,50,5154.158364
-50.0,50,5156.869993
-50.0,50,5159.538882
-50.0,50,5162.24216
-50.0,50,5164.961176
-50.0,50,5167.678514
-50.0,50,5170.354117
-50.0,50,5173.060941
-50.0,50,5175.77419
-50.0,50,5178.490753
-50.0,50,5181.1302
-50.0,50,5183.863227
-50.0,50,5186.568579
-50.0,50,5189.258051
-50.0,50,5191.940026
-50.0,50,5194.680915
-50.0,50,5197.407962
-50.0,50,5200.06442
-50.0,50,5202.793982
-50.0,50,5205.474435
-50.0,50,5208.194882
-50.0,50,5208.621324
-50.0,50,5209.039634
-50.0,50,5209.457379
-50.0,50,5209.915271
-50.0,50,5210.376587
-50.0,50,5210.788609
-50.0,50,5211.250855
-50.0,50,5211.724697
-50.0,50,5212.099387
-50.0,50,5212.540142
-50.0,50,5215.287207
-50.0,50,5217.945038
-50.0,50,5220.670956
-50.0,50,5223.378913
-50.0,50,5226.051451
-50.0,50,5228.78426
-50.0,50,5231.486878
-50.0,50,5234.211425
-50.0,50,5236.880375
-50.0,50,5239.556156
-50.0,50,5242.320658
-50.0,50,5244.978187
-50.0,50,5247.70674
-50.0,50,5250.400575
-50.0,50,5253.08719
-50.0,50,5255.783281
-50.0,50,5258.488063
-50.0,50,5261.19961
-50.0,50,5263.942781
-50.0,50,5266.591249
-50.0,50,5269.417198
-50.0,50,5272.154579
-50.0,50,5274.895881
-50.0,50,5277.583835
-50.0,50,5280.268445
-50.0,50,5282.951696
-50.0,50,5285.71079
-50.0,50,5288.383837
-50.0,50,5291.124133
-50.0,50,5293.881312
-50.0,50,5296.611068
-50.0,50,5299.340037
-50.0,50,5302.036312
-50.0,50,5304.736058
-50.0,50,5307.446666
-50.0,50,5310.185905
-50.0,50,5312.849346
-50.0,50,5315.533061
-50.0,50,5318.264961
-50.0,50,5320.95425
-50.0,50,5323.690109
-50.0,50,5326.387455
-50.0,50,5329.131579
-50.0,50,5331.806408
-50.0,50,5334.53553
-50.0,50,5337.229435
-50.0,50,5339.898923
-50.0,50,5342.611573
-50.0,50,5345.330186
-50.0,50,5348.069556
-50.0,50,5348.469366
-50.0,50,5348.873061
-50.0,50,5349.312334
-50.0,50,5349.718403
-50.0,50,5350.143068
-50.0,50,5350.565987
-50.0,50,5350.985219
-50.0,50,5351.389326
-50.0,50,5351.801222
-50.0,50,5352.367062
-50.0,50,5355.124839
-50.0,50,5357.796135
-50.0,50,5360.523864
-50.0,50,5363.24527
-50.0,50,5365.969292
-50.0,50,5368.660833
-50.0,50,5371.382241
-50.0,50,5374.080812
-50.0,50,5376.766688
-50.0,50,5379.500473
-50.0,50,5382.194392
-50.0,50,5384.902411
-50.0,50,5387.63159
-50.0,50,5390.340566
-50.0,50,5393.068438
-50.0,50,5395.732457
-50.0,50,5398.425539
-50.0,50,5401.15177
-50.0,50,5403.81569
-50.0,50,5406.490291
-50.0,50,5409.20973
-50.0,50,5411.919837
-50.0,50,5414.641804
-50.0,50,5417.316005
-50.0,50,5419.999763
-50.0,50,5422.88015
-50.0,50,5425.64614
-50.0,50,5428.373288
-50.0,50,5431.105807
-50.0,50,5433.830605
-50.0,50,5436.587885
-50.0,50,5439.324088
-50.0,50,5442.106314
-50.0,50,5444.884391
-50.0,50,5447.61057
-50.0,50,5450.414254
-50.0,50,5453.128268
-50.0,50,5455.831812
-50.0,50,5458.601067
-50.0,50,5461.330626
-50.0,50,5464.111909
-50.0,50,5466.92363
-50.0,50,5469.688264
-50.0,50,5472.404043
-50.0,50,5475.165334
-50.0,50,5477.943253
-50.0,50,5480.78649
-50.0,50,5483.549716
-50.0,50,5486.240235
-50.0,50,5488.935669
-50.0,50,5489.36756
-50.0,50,5489.813022
-50.0,50,5490.233265
-50.0,50,5490.679312
-50.0,50,5491.133692
-50.0,50,5491.554974
-50.0,50,5491.951011
-50.0,50,5492.375232
-50.0,50,5492.827587
-50.0,50,5493.366539
-50.0,50,5496.097642
-50.0,50,5498.850801
-50.0,50,5501.559237
-50.0,50,5504.240065
-50.0,50,5507.17849
-50.0,50,5509.938037
-50.0,50,5512.668557
-50.0,50,5515.461434
-50.0,50,5518.237812
-50.0,50,5520.939303
-50.0,50,5523.637528
-50.0,50,5526.282509
-50.0,50,5529.089889
-50.0,50,5531.777746
-50.0,50,5534.50543
-50.0,50,5537.245466
-50.0,50,5540.097081
-50.0,50,5542.846101
-50.0,50,5545.64327
-50.0,50,5548.367383
-50.0,50,5551.380368
-50.0,50,5554.304389
-50.0,50,5557.062924
-50.0,50,5559.850151
-50.0,50,5562.713028
-50.0,50,5565.444184
-50.0,50,5568.412824
-50.0,50,5571.256858
-50.0,50,5574.059735
-50.0,50,5576.747747
-50.0,50,5579.582038
-50.0,50,5582.624427
-50.0,50,5585.748905
-50.0,50,5588.836069
-50.0,50,5591.691413
-50.0,50,5594.569264
-50.0,50,5597.329468
-50.0,50,5600.194252
-50.0,50,5603.021017
-50.0,50,5605.753662
-50.0,50,5608.54156
-50.0,50,5611.372041
-50.0,50,5614.156456
-50.0,50,5616.841638
-50.0,50,5619.597498
-50.0,50,5622.37367
-50.0,50,5625.163043
-50.0,50,5627.905833
-50.0,50,5630.697876
-50.0,50,5633.430989
-50.0,50,5633.836598
-50.0,50,5634.288409
-50.0,50,5634.709895
-50.0,50,5635.144434
-50.0,50,5635.558031
-50.0,50,5635.991056
-50.0,50,5636.410205
-50.0,50,5636.843161
-50.0,50,5637.273813
-50.0,50,5637.762527
-50.0,50,5640.548109
-50.0,50,5643.28168
-50.0,50,5646.041413
-50.0,50,5648.773486
-50.0,50,5651.525463
-50.0,50,5654.261145
-50.0,50,5657.002238
-50.0,50,5659.702284
-50.0,50,5662.431594
-50.0,50,5665.130198
-50.0,50,5667.860378
-50.0,50,5670.626795
-50.0,50,5673.311562
-50.0,50,5676.095884
-50.0,50,5679.050362
-50.0,50,5682.235556
-50.0,50,5685.222938
-50.0,50,5688.106126
-50.0,50,5690.896451
-50.0,50,5693.75007
-50.0,50,5696.6318
-50.0,50,5699.499942
-50.0,50,5702.445345
-50.0,50,5705.327352
-50.0,50,5708.029036
-50.0,50,5710.785692
-50.0,50,5713.501545
-50.0,50,5716.23346
-50.0,50,5718.964425
-50.0,50,5721.699867
-50.0,50,5724.451015
-50.0,50,5727.311206
-50.0,50,5730.114945
-50.0,50,5732.852631
-50.0,50,5735.692954
-50.0,50,5738.408787
-50.0,50,5741.166454
-50.0,50,5743.931216
-50.0,50,5746.654875
-50.0,50,5749.428689
-50.0,50,5752.531043
-50.0,50,5755.63038
-50.0,50,5758.805376
-50.0,50,5761.779973
-50.0,50,5764.508688
-50.0,50,5767.2837
-50.0,50,5770.013707
-50.0,50,5772.833544
-50.0,50,5775.525176
-50.0,50,5778.375816
-50.0,50,5778.831357
-50.0,50,5779.265141
-50.0,50,5779.687917
-50.0,50,5780.114258
-50.0,50,5780.558115
-50.0,50,5780.970207
-50.0,50,5781.438209
-50.0,50,5781.886848
-50.0,50,5782.310369
-50.0,50,5782.800631
-50.0,50,5785.529013
-50.0,50,5788.326416
-50.0,50,5791.111441
-50.0,50,5793.872142
-50.0,50,5796.623483
-50.0,50,5799.369612
-50.0,50,5802.179353
-50.0,50,5804.953874
-50.0,50,5807.710594
-50.0,50,5810.46741
-50.0,50,5813.275803
-50.0,50,5816.073209
-50.0,50,5818.871787
-50.0,50,5821.670821
-50.0,50,5824.465772
-50.0,50,5827.248597
-50.0,50,5830.001287
-50.0,50,5832.75323
-50.0,50,5835.533859
-50.0,50,5838.271887
-50.0,50,5841.014951
-50.0,50,5843.834021
-50.0,50,5846.591422
-50.0,50,5849.341538
-50.0,50,5852.109549
-50.0,50,5854.92291
-50.0,50,5857.724735
-50.0,50,5860.49277
-50.0,50,5863.23118
-50.0,50,5866.024019
-50.0,50,5868.783947
-50.0,50,5871.573992
-50.0,50,5874.30677
-50.0,50,5877.078331
-50.0,50,5879.900568
-50.0,50,5882.614937
-50.0,50,5885.352952
-50.0,50,5888.135295
-50.0,50,5890.899054
-50.0,50,5893.662946
-50.0,50,5896.394481
-50.0,50,5899.163852
-50.0,50,5901.971934
-50.0,50,5904.707275
-50.0,50,5907.453487
-50.0,50,5910.195929
-50.0,50,5913.031679
-50.0,50,5915.791497
-50.0,50,5918.587023
-50.0,50,5921.361922
-50.0,50,5921.768626
-50.0,50,5922.233149
-50.0,50,5922.653673
-50.0,50,5923.083486
-50.0,50,5923.555736
-50.0,50,5923.958601
-50.0,50,5924.370738
-50.0,50,5924.824529
-50.0,50,5925.24712
-50.0,50,5925.780316
-50.0,50,5928.548914
-50.0,50,5931.36939
-50.0,50,5934.18239
-50.0,50,5936.910187
-50.0,50,5939.759002
-50.0,50,5942.71262
-50.0,50,5945.873026
-50.0,50,5949.114317
-50.0,50,5952.116831
-50.0,50,5954.922361
-50.0,50,5957.658078
-50.0,50,5960.521608
-50.0,50,5963.445662
-50.0,50,5966.352782
-50.0,50,5969.345467
-50.0,50,5972.293514
-50.0,50,5975.123288
-50.0,50,5978.087054
-50.0,50,5981.073908
-50.0,50,5983.881783
-50.0,50,5986.762515
-50.0,50,5989.79771
-50.0,50,5993.898914
-50.0,50,5997.967493
-50.0,50,6001.962512
-50.0,50,6005.839045
-50.0,50,6009.632609
-50.0,50,6013.477172
-50.0,50,6017.284465
-50.0,50,6021.165622
-50.0,50,6025.168766
-50.0,50,6028.962884
-50.0,50,6032.788885
-50.0,50,6036.549782
-50.0,50,6040.323079
-50.0,50,6044.142184
-50.0,50,6047.882701
-50.0,50,6051.727436
-50.0,50,6055.551087
-50.0,50,6059.275781
-50.0,50,6063.069375
-50.0,50,6066.960299
-50.0,50,6070.751663
-50.0,50,6074.567879
-50.0,50,6078.306266
-50.0,50,6082.030955
-50.0,50,6085.873111
-50.0,50,6089.665384
-50.0,50,6093.216985
-50.0,50,6097.32057
-50.0,50,6097.801315
-50.0,50,6098.272727
-50.0,50,6098.731557
-50.0,50,6099.263213
-50.0,50,6099.786929
-50.0,50,6100.294015
-50.0,50,6100.824274
-50.0,50,6101.303458
-50.0,50,6101.819468
-50.0,50,6102.494678
-50.0,50,6106.3611
-50.0,50,6110.17322
-50.0,50,6113.941848
-50.0,50,6117.872809
-50.0,50,6121.733097
-50.0,50,6125.577463
-50.0,50,6129.450902
-50.0,50,6133.321795
-50.0,50,6137.137459
-50.0,50,6140.995351
-50.0,50,6144.845768
-50.0,50,6148.649978
-50.0,50,6152.510495
-50.0,50,6156.332712
-50.0,50,6160.129239
-50.0,50,6163.98619
-50.0,50,6167.902805
-50.0,50,6171.918992
-50.0,50,6175.833493
-50.0,50,6179.861348
-50.0,50,6183.863416
-50.0,50,6187.774195
-50.0,50,6191.788807
-50.0,50,6195.864428
-50.0,50,6199.882519
-50.0,50,6203.895182
-50.0,50,6207.812047
-50.0,50,6211.868085
-50.0,50,6215.836978
-50.0,50,6219.867077
-50.0,50,6223.928662
-50.0,50,6227.978623
-50.0,50,6232.008163
-50.0,50,6235.972816
-50.0,50,6240.066711
-50.0,50,6244.070601
-50.0,50,6248.144268
-50.0,50,6252.10586
-50.0,50,6256.297388
-50.0,50,6260.292248
-50.0,50,6264.24478
-50.0,50,6268.236231
-50.0,50,6272.208718
-50.0,50,6276.151611
-50.0,50,6280.026658
-50.0,50,6283.98679
-50.0,50,6287.874861
-50.0,50,6291.863843
-50.0,50,6295.90372
-50.0,50,6299.842959
-50.0,50,6300.374999
-50.0,50,6300.916567
-50.0,50,6301.478594
-50.0,50,6301.998398
-50.0,50,6302.513511
-50.0,50,6303.050399
-50.0,50,6303.564079
-50.0,50,6304.030242
-50.0,50,6304.565271
-50.0,50,6305.299626
-50.0,50,6309.234904
-50.0,50,6313.183448
-50.0,50,6317.129476
-50.0,50,6321.214109
-50.0,50,6325.185253
-50.0,50,6329.228813
-50.0,50,6333.141626
-50.0,50,6337.140679
-50.0,50,6341.077864
-50.0,50,6345.056572
-50.0,50,6349.044792
-50.0,50,6353.051819
-50.0,50,6357.052187
-50.0,50,6361.005503
-50.0,50,6365.012363
-50.0,50,6369.016627
-50.0,50,6372.966054
-50.0,50,6376.993308
-50.0,50,6381.015696
-50.0,50,6384.90487
-50.0,50,6388.896756
-50.0,50,6392.858015
-50.0,50,6396.723531
-50.0,50,6400.779855
-50.0,50,6404.740889
-50.0,50,6408.701897
-50.0,50,6412.60207
-50.0,50,6416.516059
-50.0,50,6420.448986
-50.0,50,6424.364235
-50.0,50,6428.290046
-50.0,50,6432.260682
-50.0,50,6436.255427
-50.0,50,6440.250751
-50.0,50,6444.135479
-50.0,50,6448.088336
-50.0,50,6452.07243
-50.0,50,6456.120306
-50.0,50,6459.968484
-50.0,50,6463.966236
-50.0,50,6467.931243
-50.0,50,6471.876651
-50.0,50,6475.821476
-50.0,50,6479.877545
-50.0,50,6483.779808
-50.0,50,6487.718663
-50.0,50,6491.775721
-50.0,50,6495.777673
-50.0,50,6499.746462
-50.0,50,6503.678786
-50.0,50,6504.21641
-50.0,50,6504.761327
-50.0,50,6505.26837
-50.0,50,6505.816362
-50.0,50,6506.327096
-50.0,50,6506.851201
-50.0,50,6507.373588
-50.0,50,6507.915408
-50.0,50,6508.430498
-50.0,50,6508.994526
-50.0,50,6512.94731
-50.0,50,6516.890956
-50.0,50,6520.866277
-50.0,50,6525.37729
-50.0,50,6529.551366
-50.0,50,6533.970183
-50.0,50,6537.824044
-50.0,50,6541.778614
-50.0,50,6545.645839
-50.0,50,6549.662931
-50.0,50,6553.644547
-50.0,50,6557.616656
-50.0,50,6561.669206
-50.0,50,6565.560818
-50.0,50,6569.42171
-50.0,50,6573.474216
-50.0,50,6577.445887
-50.0,50,6581.4746
-50.0,50,6585.414916
-50.0,50,6589.349652
-50.0,50,6593.221271
-50.0,50,6597.207921
-50.0,50,6601.179887
-50.0,50,6605.212918
-50.0,50,6609.200789
-50.0,50,6613.205809
-50.0,50,6617.052861
-50.0,50,6620.939391
-50.0,50,6624.943298
-50.0,50,6628.814092
-50.0,50,6632.763563
-50.0,50,6636.664864
-50.0,50,6640.625486
-50.0,50,6644.508405
-50.0,50,6648.577373
-50.0,50,6651.897323
-50.0,50,6655.01661
-50.0,50,6658.272743
-50.0,50,6661.291424
-50.0,50,6664.418385
-50.0,50,6667.502294
-50.0,50,6670.466685
-50.0,50,6673.393555
-50.0,50,6676.334588
-50.0,50,6679.255471
-50.0,50,6682.11565
-50.0,50,6684.924382
-50.0,50,6687.865028
-50.0,50,6690.646862
-50.0,50,6693.615328
-50.0,50,6694.059678
-50.0,50,6694.518936
-50.0,50,6694.98709
-50.0,50,6695.440964
-50.0,50,6695.902717
-50.0,50,6696.468007
-50.0,50,6696.937592
-50.0,50,6697.390176
-50.0,50,6697.805169
-50.0,50,6698.28164
-50.0,50,6701.220965
-50.0,50,6704.01318
-50.0,50,6706.960539
-50.0,50,6709.895419
-50.0,50,6712.716389
-50.0,50,6715.78899
-50.0,50,6718.747337
-50.0,50,6721.762123
-50.0,50,6724.57886
-50.0,50,6727.528176
-50.0,50,6730.292622
-50.0,50,6733.140312
-50.0,50,6735.927618
-50.0,50,6738.738612
-50.0,50,6741.601223
-50.0,50,6744.398938
-50.0,50,6747.202324
-50.0,50,6750.093719
-50.0,50,6753.027146
-50.0,50,6755.839041
-50.0,50,6758.672479
-50.0,50,6761.519204
-50.0,50,6764.36393
-50.0,50,6767.22798
-50.0,50,6770.166969
-50.0,50,6772.989942
-50.0,50,6775.874817
-50.0,50,6778.816881
-50.0,50,6781.664229
-50.0,50,6784.535413
-50.0,50,6787.354873
-50.0,50,6790.16325
-50.0,50,6793.037795
-50.0,50,6795.841837
-50.0,50,6798.704419
-50.0,50,6801.630286
-50.0,50,6804.564131
-50.0,50,6807.41313
-50.0,50,6810.253158
-50.0,50,6813.07497
-50.0,50,6815.88517
-50.0,50,6818.703853
-50.0,50,6821.577409
-50.0,50,6824.43441
-50.0,50,6827.269298
-50.0,50,6830.166054
-50.0,50,6833.047962
-50.0,50,6835.8942
-50.0,50,6838.725809
-50.0,50,6841.571746
-50.0,50,6841.997012
-50.0,50,6842.455808
-50.0,50,6842.897958
-50.0,50,6843.35209
-50.0,50,6843.802953
-50.0,50,6844.241802
-50.0,50,6844.668045
-50.0,50,6845.095691
-50.0,50,6845.501463
-50.0,50,6846.012144
-50.0,50,6848.909961
-50.0,50,6851.791835
-50.0,50,6854.604337
-50.0,50,6857.461123
-50.0,50,6860.342341
-50.0,50,6863.21947
-50.0,50,6866.048875
-50.0,50,6868.945775
-50.0,50,6871.749591
-50.0,50,6874.6865
-50.0,50,6877.532398
-50.0,50,6880.475934
-50.0,50,6883.341954
-50.0,50,6886.30518
-50.0,50,6889.260971
-50.0,50,6892.131751
-50.0,50,6894.986812
-50.0,50,6897.891643
-50.0,50,6900.745859
-50.0,50,6903.644542
-50.0,50,6906.501989
-50.0,50,6909.30934
-50.0,50,6912.236302
-50.0,50,6915.100259
-50.0,50,6918.154067
-50.0,50,6921.160888
-50.0,50,6924.024332
-50.0,50,6926.877689
-50.0,50,6929.815147
-50.0,50,6932.67858
-50.0,50,6935.500134
-50.0,50,6938.356005
-50.0,50,6941.252694
-50.0,50,6944.175786
-50.0,50,6947.069863
-50.0,50,6949.985623
-50.0,50,6952.966409
-50.0,50,6955.887527
-50.0,50,6958.798311
-50.0,50,6961.703839
-50.0,50,6964.904032
-50.0,50,6968.31911
-50.0,50,6971.490859
-50.0,50,6974.447871
-50.0,50,6977.424623
-50.0,50,6980.361167
-50.0,50,6983.290994
-50.0,50,6986.154834
-50.0,50,6989.080666
-50.0,50,6991.950846
-50.0,50,6992.433561
-50.0,50,6992.955513
-50.0,50,6993.473753
-50.0,50,6993.984459
-50.0,50,6994.49155
-50.0,50,6995.019069
-50.0,50,6995.563616
-50.0,50,6996.10581
-50.0,50,6996.598865
-50.0,50,6997.089972
-50.0,50,6999.99226
-50.0,50,7002.905856
-50.0,50,7005.792446
-50.0,50,7008.698364
-50.0,50,7011.979918
-50.0,50,7015.1536
-50.0,50,7018.248958
-50.0,50,7021.410473
-50.0,50,7024.328709
-50.0,50,7027.219591
-50.0,50,7030.204636
-50.0,50,7033.123372
-50.0,50,7036.072211
-50.0,50,7039.144029
-50.0,50,7042.126758
-50.0,50,7045.190893
-50.0,50,7048.258219
-50.0,50,7051.299674
-50.0,50,7054.196213
-50.0,50,7057.092694
-50.0,50,7060.212964
-50.0,50,7063.140595
-50.0,50,7066.145173
-50.0,50,7068.998569
-50.0,50,7072.003354
-50.0,50,7074.934432
-50.0,50,7077.97847
-50.0,50,7080.978821
-50.0,50,7083.934031
-50.0,50,7086.883473
-50.0,50,7089.745696
-50.0,50,7092.65392
-50.0,50,7095.517874
-50.0,50,7098.387743
-50.0,50,7101.218628
-50.0,50,7104.036923
-50.0,50,7106.859598
-50.0,50,7109.719018
-50.0,50,7112.561589
-50.0,50,7115.448198
-50.0,50,7118.303605
-50.0,50,7121.167352
-50.0,50,7124.06036
-50.0,50,7126.948026
-50.0,50,7129.756217
-50.0,50,7132.63698
-50.0,50,7135.51438
-50.0,50,7138.411393
-50.0,50,7141.239658
-50.0,50,7144.112721
-50.0,50,7144.610046
-50.0,50,7145.118956
-50.0,50,7145.567281
-50.0,50,7146.050046
-50.0,50,7146.533236
-50.0,50,7147.023916
-50.0,50,7147.474745
-50.0,50,7147.937652
-50.0,50,7148.430188
-50.0,50,7149.071065
-50.0,50,7151.942872
-50.0,50,7154.814192
-50.0,50,7157.718573
-50.0,50,7160.584069
-50.0,50,7163.39195
-50.0,50,7166.276525
-50.0,50,7169.12993
-50.0,50,7171.960806
-50.0,50,7174.837634
-50.0,50,7177.662556
-50.0,50,7180.535987
-50.0,50,7183.400865
-50.0,50,7186.277858
-50.0,50,7189.119989
-50.0,50,7191.929151
-50.0,50,7194.885485
-50.0,50,7197.713101
-50.0,50,7200.468592
-50.0,50,7203.32356
-50.0,50,7206.212091
-50.0,50,7209.034092
-50.0,50,7211.83496
-50.0,50,7214.628168
-50.0,50,7217.516888
-50.0,50,7220.323127
-50.0,50,7223.144892
-50.0,50,7225.976128
-50.0,50,7228.783801
-50.0,50,7231.594192
-50.0,50,7234.447037
-50.0,50,7237.289628
-50.0,50,7240.13103
-50.0,50,7243.032808
-50.0,50,7245.892188
-50.0,50,7248.785972
-50.0,50,7251.608962
-50.0,50,7254.39024
-50.0,50,7257.274715
-50.0,50,7260.1059
-50.0,50,7262.976944
-50.0,50,7265.864859
-50.0,50,7268.741812
-50.0,50,7271.576732
-50.0,50,7274.467929
-50.0,50,7277.391562
-50.0,50,7280.245119
-50.0,50,7283.100507
-50.0,50,7285.973425
-50.0,50,7288.816027
-50.0,50,7291.625556
-50.0,50,7292.028695
-50.0,50,7292.456608
-50.0,50,7292.857047
-50.0,50,7293.25947
-50.0,50,7293.664302
-50.0,50,7294.089033
-50.0,50,7294.466044
-50.0,50,7294.887026
-50.0,50,7295.289658
-50.0,50,7295.89411
-50.0,50,7298.738636
-50.0,50,7301.54685
-50.0,50,7304.445485
-50.0,50,7307.32156
-50.0,50,7310.109008
-50.0,50,7312.954325
-50.0,50,7315.742661
-50.0,50,7318.534509
-50.0,50,7321.439708
-50.0,50,7324.433473
-50.0,50,7327.386058
-50.0,50,7330.284952
-50.0,50,7333.151434
-50.0,50,7336.064362
-50.0,50,7338.910353
-50.0,50,7341.856141
-50.0,50,7344.694796
-50.0,50,7347.641838
-50.0,50,7350.549745
-50.0,50,7353.421657
-50.0,50,7356.471566
-50.0,50,7359.441317
-50.0,50,7362.343435
-50.0,50,7365.281007
-50.0,50,7368.138114
-50.0,50,7370.99096
-50.0,50,7373.896435
-50.0,50,7376.718764
-50.0,50,7379.738296
-50.0,50,7382.719273
-50.0,50,7385.601209
-50.0,50,7388.40499
-50.0,50,7391.182835
-50.0,50,7393.966767
-50.0,50,7397.000744
-50.0,50,7399.891038
-50.0,50,7402.738461
-50.0,50,7405.606487
-50.0,50,7408.607525
-50.0,50,7411.474768
-50.0,50,7414.500069
-50.0,50,7417.56004
-50.0,50,7420.490055
-50.0,50,7423.329058
-50.0,50,7426.133285
-50.0,50,7428.93563
-50.0,50,7431.726183
-50.0,50,7434.784993
-50.0,50,7437.738987
-50.0,50,7440.7799
-50.0,50,7441.229743
-50.0,50,7441.695754
-50.0,50,7442.111151
-50.0,50,7442.556384
-50.0,50,7442.998514
-50.0,50,7443.407237
-50.0,50,7443.861318
-50.0,50,7444.318495
-50.0,50,7444.731609
-50.0,50,7445.26919
-50.0,50,7448.290643
-50.0,50,7451.180944
-50.0,50,7454.290926
-50.0,50,7457.20728
-50.0,50,7460.159778
-50.0,50,7462.979456
-50.0,50,7465.850907
-50.0,50,7468.755483
-50.0,50,7471.604664
-50.0,50,7474.467356
-50.0,50,7477.484257
-50.0,50,7480.398766
-50.0,50,7483.260077
-50.0,50,7486.268411
-50.0,50,7489.16371
-50.0,50,7492.002807
-50.0,50,7494.881735
-50.0,50,7497.701992
-50.0,50,7500.59127
-50.0,50,7503.440273
-50.0,50,7506.36285
-50.0,50,7509.241838
-50.0,50,7512.469193
-50.0,50,7515.980732
-50.0,50,7518.88132
-50.0,50,7521.792515
-50.0,50,7524.768078
-50.0,50,7527.741714
-50.0,50,7530.642268
-50.0,50,7533.713919
-50.0,50,7536.910174
-50.0,50,7539.804084
-50.0,50,7542.791978
-50.0,50,7545.649896
-50.0,50,7548.43421
-50.0,50,7551.319726
-50.0,50,7554.175012
-50.0,50,7557.107067
-50.0,50,7560.238018
-50.0,50,7563.373492
-50.0,50,7566.246299
-50.0,50,7569.097384
-50.0,50,7571.947417
-50.0,50,7574.801168
-50.0,50,7577.602325
-50.0,50,7580.466129
-50.0,50,7583.283775
-50.0,50,7586.143128
-50.0,50,7589.001836
-50.0,50,7591.851208
-50.0,50,7592.300959
-50.0,50,7592.743421
-50.0,50,7593.145056
-50.0,50,7593.545213
-50.0,50,7593.975133
-50.0,50,7594.413525
-50.0,50,7594.85648
-50.0,50,7595.263934
-50.0,50,7595.720118
-50.0,50,7596.306083
-50.0,50,7599.238332
-50.0,50,7602.071617
-50.0,50,7604.896623
-50.0,50,7607.70804
-50.0,50,7610.619874
-50.0,50,7613.457268
-50.0,50,7616.344733
-50.0,50,7619.151396
-50.0,50,7622.246582
-50.0,50,7625.200922
-50.0,50,7628.091269
-50.0,50,7630.98661
-50.0,50,7633.865083
-50.0,50,7636.711989
-50.0,50,7639.590215
-50.0,50,7642.479233
-50.0,50,7645.325433
-50.0,50,7648.203731
-50.0,50,7651.120836
-50.0,50,7654.090713
-50.0,50,7656.913241
-50.0,50,7659.744053
-50.0,50,7662.58547
-50.0,50,7665.428717
-50.0,50,7668.222955
-50.0,50,7671.200374
-50.0,50,7674.256648
-50.0,50,7677.380702
-50.0,50,7680.280604
-50.0,50,7683.098306
-50.0,50,7686.064861
-50.0,50,7688.905371
-50.0,50,7691.720791
-50.0,50,7694.595089
-50.0,50,7697.463756
-50.0,50,7700.465342
-50.0,50,7703.339936
-50.0,50,7706.201651
-50.0,50,7709.081634
-50.0,50,7711.946697
-50.0,50,7714.796398
-50.0,50,7717.694676
-50.0,50,7720.565708
-50.0,50,7723.396314
-50.0,50,7726.272122
-50.0,50,7729.199442
-50.0,50,7732.218165
-50.0,50,7735.238135
-50.0,50,7738.142417
-50.0,50,7741.004292
-50.0,50,7741.430548
-50.0,50,7741.892169
-50.0,50,7742.320892
-50.0,50,7742.757807
-50.0,50,7743.245364
-50.0,50,7743.696898
-50.0,50,7744.146595
-50.0,50,7744.572167
-50.0,50,7745.003245
-50.0,50,7745.565028
-50.0,50,7748.412256
-50.0,50,7751.533753
-50.0,50,7754.356219
-50.0,50,7757.201496
-50.0,50,7760.009395
-50.0,50,7762.853631
-50.0,50,7765.774431
-50.0,50,7768.638856
-50.0,50,7771.475132
-50.0,50,7774.391002
-50.0,50,7777.240409
-50.0,50,7780.086651
-50.0,50,7782.961939
-50.0,50,7785.829831
-50.0,50,7788.687136
-50.0,50,7791.551411
-50.0,50,7794.422954
-50.0,50,7797.29128
-50.0,50,7800.195192
-50.0,50,7803.097492
-50.0,50,7806.014884
-50.0,50,7809.346056
-50.0,50,7812.600966
-50.0,50,7816.085093
-50.0,50,7818.938295
-50.0,50,7821.78423
-50.0,50,7824.78676
-50.0,50,7827.658828
-50.0,50,7830.481151
-50.0,50,7833.567817
-50.0,50,7836.734382
-50.0,50,7839.798031
-50.0,50,7842.840325
-50.0,50,7845.717928
-50.0,50,7848.728483
-50.0,50,7851.609825
-50.0,50,7854.521425
-50.0,50,7857.35733
-50.0,50,7860.219204
-50.0,50,7863.111983
-50.0,50,7865.962169
-50.0,50,7868.84152
-50.0,50,7871.663527
-50.0,50,7874.528948
-50.0,50,7877.337224
-50.0,50,7880.176897
-50.0,50,7883.354086
-50.0,50,7886.560275
-50.0,50,7889.38947
-50.0,50,7892.304578
-50.0,50,7892.7657
-50.0,50,7893.198373
-50.0,50,7893.650974
-50.0,50,7894.072512
-50.0,50,7894.543186
-50.0,50,7895.058167
-50.0,50,7895.546582
-50.0,50,7896.014002
-50.0,50,7896.493292
-50.0,50,7896.973943
-50.0,50,7900.067918
-50.0,50,7902.985218
-50.0,50,7905.951019
-50.0,50,7908.805429
-50.0,50,7911.648419
-50.0,50,7914.510839
-50.0,50,7917.392519
-50.0,50,7920.270587
-50.0,50,7923.120883
-50.0,50,7925.980783
-50.0,50,7928.855564
-50.0,50,7931.706311
-50.0,50,7934.66122
-50.0,50,7937.490485
-50.0,50,7940.337942
-50.0,50,7943.221269
-50.0,50,7946.041131
-50.0,50,7948.953478
-50.0,50,7951.803144
-50.0,50,7954.637286
-50.0,50,7957.477858
-50.0,50,7960.280616
-50.0,50,7963.15737
-50.0,50,7966.014575
-50.0,50,7968.882884
-50.0,50,7971.69164
-50.0,50,7974.553997
-50.0,50,7977.392886
-50.0,50,7980.207807
-50.0,50,7983.104412
-50.0,50,7985.894643
-50.0,50,7988.704722
-50.0,50,7991.606838
-50.0,50,7994.439896
-50.0,50,7997.298699
-50.0,50,8000.1531
-50.0,50,8003.056323
-50.0,50,8005.913446
-50.0,50,8008.728982
-50.0,50,8011.623913
-50.0,50,8014.51105
-50.0,50,8017.310473
-50.0,50,8020.204759
-50.0,50,8022.989441
-50.0,50,8025.810871
-50.0,50,8028.687633
-50.0,50,8031.563417
-50.0,50,8034.385664
-50.0,50,8037.259581
-50.0,50,8040.150342
-50.0,50,8040.59783
-50.0,50,8041.069915
-50.0,50,8041.500309
-50.0,50,8041.945543
-50.0,50,8042.372258
-50.0,50,8042.822541
-50.0,50,8043.267412
-50.0,50,8043.747212
-50.0,50,8044.185147
