# {"env_id": "FetchToss-v5", "t_start": 1584969628.7436175} 
r,l,t
-50.0,50,8.651052
-50.0,50,11.495151
-50.0,50,14.100809
-50.0,50,16.707407
-50.0,50,19.307793
-50.0,50,21.935488
-50.0,50,24.520277
-50.0,50,27.160417
-50.0,50,29.733843
-50.0,50,32.326996
-50.0,50,34.889591
-50.0,50,37.513979
0.0,50,40.102901
-50.0,50,42.710084
-50.0,50,45.370194
-50.0,50,48.004889
-50.0,50,50.649367
-50.0,50,53.228483
-50.0,50,55.919014
-50.0,50,58.529203
-50.0,50,61.133376
-50.0,50,63.783197
-50.0,50,66.399817
-50.0,50,69.033389
-50.0,50,71.657037
-50.0,50,74.286817
-50.0,50,76.888463
-50.0,50,79.490096
-50.0,50,82.129964
-50.0,50,84.749238
-50.0,50,87.384402
0.0,50,90.008861
-50.0,50,92.669371
-50.0,50,95.26504
-50.0,50,97.871378
-50.0,50,100.90158
-50.0,50,103.880759
-50.0,50,106.516399
-50.0,50,109.136744
-50.0,50,111.770024
-50.0,50,114.429013
-50.0,50,117.071331
-50.0,50,119.649308
-50.0,50,122.248442
-50.0,50,124.890827
-50.0,50,127.488759
-50.0,50,130.130641
-50.0,50,132.705294
-50.0,50,135.329342
-50.0,50,137.964989
-50.0,50,140.608488
-50.0,50,140.986837
-50.0,50,141.387387
-50.0,50,141.778517
-50.0,50,142.175176
-50.0,50,142.593239
-50.0,50,142.983631
-50.0,50,143.392089
-50.0,50,143.819082
-50.0,50,144.236459
-50.0,50,144.880885
-50.0,50,147.473645
-50.0,50,150.053387
-50.0,50,152.713162
-50.0,50,155.306204
-50.0,50,157.910514
-50.0,50,160.53263
-50.0,50,163.153673
-50.0,50,165.804945
-50.0,50,168.393368
-50.0,50,171.002181
-50.0,50,173.623148
-50.0,50,176.242139
-50.0,50,178.836056
-50.0,50,181.464674
-50.0,50,184.122969
-50.0,50,186.73701
-50.0,50,189.353002
-50.0,50,191.997416
-50.0,50,194.637672
-50.0,50,197.223501
-50.0,50,199.855011
-50.0,50,202.485312
-50.0,50,205.137713
-50.0,50,207.753727
-24.0,50,210.356259
-50.0,50,212.976515
-50.0,50,215.605582
-50.0,50,218.268442
-50.0,50,220.855426
-50.0,50,223.503846
-50.0,50,226.107126
-50.0,50,228.741552
-50.0,50,231.318458
-50.0,50,234.004441
-50.0,50,236.600257
-50.0,50,239.190025
-50.0,50,241.832448
-50.0,50,244.45512
-50.0,50,247.079515
-50.0,50,249.708609
-50.0,50,252.327785
0.0,50,254.883491
-50.0,50,257.528755
-50.0,50,260.165426
0.0,50,262.781531
-50.0,50,265.43749
-50.0,50,268.038828
-50.0,50,270.628093
0.0,50,273.258302
-50.0,50,275.8618
-50.0,50,276.322329
-50.0,50,276.757507
-50.0,50,277.162875
-50.0,50,277.552628
-50.0,50,277.987526
-50.0,50,278.402972
-50.0,50,278.817507
-50.0,50,279.240457
-50.0,50,279.632841
-50.0,50,280.07832
-50.0,50,282.72458
-50.0,50,285.316206
-50.0,50,287.926902
-50.0,50,290.583036
-50.0,50,293.195184
-50.0,50,295.853748
-50.0,50,298.463458
-50.0,50,301.094564
-50.0,50,303.699193
-50.0,50,306.291623
-50.0,50,308.936154
-50.0,50,311.535403
-50.0,50,314.172699
-50.0,50,316.747014
-50.0,50,319.421251
-50.0,50,322.042552
-50.0,50,324.678625
-50.0,50,327.288782
-50.0,50,329.901926
-50.0,50,332.521871
-50.0,50,335.172455
-50.0,50,337.767537
-50.0,50,340.404169
-50.0,50,342.967705
-50.0,50,345.569474
-50.0,50,348.180188
-50.0,50,350.796059
-50.0,50,353.424787
-50.0,50,356.067727
-50.0,50,358.714105
-50.0,50,361.287549
-50.0,50,363.911257
-50.0,50,366.558224
-50.0,50,369.178424
-50.0,50,371.836583
-50.0,50,374.430726
-50.0,50,377.060424
-50.0,50,379.698956
-50.0,50,382.331977
-50.0,50,384.963374
-50.0,50,387.599128
-50.0,50,390.194527
-50.0,50,392.803616
-50.0,50,395.447451
-50.0,50,398.053522
-50.0,50,400.668888
-50.0,50,403.325064
-50.0,50,405.937409
-50.0,50,408.533586
-50.0,50,411.152887
-41.0,50,411.562745
-50.0,50,411.975279
-50.0,50,412.386272
-50.0,50,412.770251
-50.0,50,413.183876
-50.0,50,413.586976
-50.0,50,413.96436
-50.0,50,414.362433
-50.0,50,414.765033
-50.0,50,415.373331
-50.0,50,417.976909
-50.0,50,420.619647
-50.0,50,423.223367
-50.0,50,425.882823
-50.0,50,428.460132
-50.0,50,431.118819
-50.0,50,433.725802
-50.0,50,436.387839
-50.0,50,438.99327
-50.0,50,441.556336
-50.0,50,444.19235
-50.0,50,446.825137
-50.0,50,449.391287
-50.0,50,452.02734
-50.0,50,454.62293
-50.0,50,457.267258
-50.0,50,459.884868
-50.0,50,462.480776
-50.0,50,465.117578
-50.0,50,467.682656
-50.0,50,470.333146
-50.0,50,472.972842
-50.0,50,475.567153
-50.0,50,478.159781
-50.0,50,480.747417
-50.0,50,483.378431
-50.0,50,485.988141
-50.0,50,488.600995
-50.0,50,491.193094
-50.0,50,493.814215
-50.0,50,496.474192
-50.0,50,499.067229
-50.0,50,501.708246
-50.0,50,504.320509
-50.0,50,506.987972
-50.0,50,509.604169
-50.0,50,512.225513
-50.0,50,514.846535
-50.0,50,517.427179
-50.0,50,520.053599
-50.0,50,522.685046
-50.0,50,525.326693
-50.0,50,527.907796
-50.0,50,530.536
-50.0,50,533.134308
-50.0,50,535.776657
-50.0,50,538.37248
-50.0,50,540.991944
-50.0,50,543.555945
-50.0,50,546.187415
-50.0,50,546.615399
-50.0,50,547.051461
-50.0,50,547.456217
-50.0,50,547.876486
-50.0,50,548.273464
-50.0,50,548.665458
-50.0,50,549.068443
-50.0,50,549.479005
-50.0,50,549.904969
-50.0,50,550.381911
-50.0,50,553.026227
-50.0,50,555.645498
-50.0,50,558.311228
-50.0,50,560.910813
-50.0,50,563.523284
-50.0,50,566.135072
-50.0,50,568.788744
-50.0,50,571.416193
-50.0,50,574.005548
-50.0,50,576.625017
-50.0,50,579.221539
-50.0,50,581.848696
-50.0,50,584.471312
-50.0,50,587.085836
-50.0,50,589.698976
-50.0,50,592.306787
-50.0,50,594.977725
-50.0,50,597.58396
-50.0,50,600.149465
-50.0,50,602.833192
-50.0,50,605.428745
-50.0,50,608.056869
-50.0,50,610.666243
-50.0,50,613.270098
-50.0,50,615.901622
-50.0,50,618.563212
-50.0,50,621.168764
-50.0,50,623.813184
-50.0,50,626.433421
-50.0,50,629.041524
-50.0,50,631.69792
-50.0,50,634.282548
-50.0,50,636.897904
-50.0,50,639.56855
-50.0,50,642.172616
-50.0,50,644.757407
-50.0,50,647.339939
-50.0,50,649.998368
-50.0,50,652.543808
-50.0,50,655.212584
-50.0,50,657.82943
-50.0,50,660.47435
-50.0,50,663.072308
-50.0,50,665.714342
-50.0,50,668.308312
-50.0,50,670.916452
-50.0,50,673.525331
-50.0,50,676.166104
-50.0,50,678.806371
-50.0,50,681.394685
-50.0,50,681.811441
-50.0,50,682.210012
-50.0,50,682.621241
-50.0,50,683.027852
-50.0,50,683.421125
-50.0,50,683.842677
0.0,50,684.25598
-50.0,50,684.691573
-50.0,50,685.130509
-50.0,50,685.603488
-50.0,50,688.235561
-50.0,50,690.820165
-50.0,50,693.48513
-50.0,50,696.095876
-50.0,50,698.678698
-50.0,50,701.33077
-50.0,50,703.925955
-50.0,50,706.589226
-50.0,50,709.189376
-50.0,50,711.859177
-50.0,50,714.479749
-50.0,50,717.118089
-50.0,50,719.746891
-50.0,50,722.327959
-50.0,50,724.939822
-50.0,50,727.533625
-50.0,50,730.184911
-18.0,50,732.804011
-50.0,50,735.43094
-50.0,50,738.034357
-50.0,50,740.627534
-8.0,50,743.279658
-50.0,50,745.885284
-50.0,50,748.529632
-50.0,50,751.149294
-50.0,50,753.733052
-50.0,50,756.410515
-50.0,50,759.032466
-50.0,50,761.665743
-50.0,50,764.302487
-50.0,50,766.900354
-50.0,50,769.550847
-50.0,50,772.232374
-6.0,50,774.858839
0.0,50,777.46097
-50.0,50,780.076026
-50.0,50,782.686884
-50.0,50,785.324021
-50.0,50,787.936831
-50.0,50,790.561368
-50.0,50,793.170255
-50.0,50,795.792315
-50.0,50,798.437623
-50.0,50,801.051849
-50.0,50,803.654138
-50.0,50,806.221726
-50.0,50,808.897708
-50.0,50,811.584269
-50.0,50,814.163308
-50.0,50,816.825369
-50.0,50,817.214939
-50.0,50,817.610744
-50.0,50,818.039982
-50.0,50,818.510338
-50.0,50,818.924318
-50.0,50,819.313801
-50.0,50,819.722552
-3.0,50,820.115789
-50.0,50,820.586523
-50.0,50,821.155074
-49.0,50,823.838395
-50.0,50,826.491141
0.0,50,829.108181
-50.0,50,831.689789
-50.0,50,834.34447
-50.0,50,836.9299
-50.0,50,839.574306
-50.0,50,842.171733
-50.0,50,844.819649
-50.0,50,847.458987
-50.0,50,850.115533
-50.0,50,852.669925
-50.0,50,855.304555
-50.0,50,857.916804
-50.0,50,860.520564
-50.0,50,863.146035
-50.0,50,865.795431
-50.0,50,868.439941
-50.0,50,871.091215
-50.0,50,873.746876
-50.0,50,876.338365
-50.0,50,878.976558
-50.0,50,881.621861
-50.0,50,884.229045
-50.0,50,886.914156
-50.0,50,889.512957
-50.0,50,892.139781
-50.0,50,894.763047
-50.0,50,897.370277
-50.0,50,900.030302
-50.0,50,902.668286
-50.0,50,905.240123
-50.0,50,907.883385
-50.0,50,910.505795
-50.0,50,913.213971
-50.0,50,915.835741
-50.0,50,918.456967
-50.0,50,921.137871
-50.0,50,923.726435
-50.0,50,926.394709
-9.0,50,929.030346
-50.0,50,931.679265
-50.0,50,934.300989
-50.0,50,936.915676
-50.0,50,939.561279
-50.0,50,942.164431
-50.0,50,944.805496
-50.0,50,947.472568
-50.0,50,950.108895
0.0,50,952.742431
-50.0,50,953.15774
-50.0,50,953.580147
-50.0,50,953.978082
-48.0,50,954.405694
-50.0,50,954.847315
-50.0,50,955.294109
-50.0,50,955.722719
-50.0,50,956.118161
-50.0,50,956.509802
-50.0,50,957.09196
-50.0,50,959.720291
-50.0,50,962.370854
-50.0,50,965.041994
-50.0,50,967.680212
-50.0,50,970.266168
-50.0,50,972.93591
-21.0,50,975.549324
-50.0,50,978.22911
-50.0,50,980.835443
-50.0,50,983.459976
-50.0,50,986.119143
-50.0,50,988.809656
-50.0,50,991.432261
-50.0,50,994.065423
-50.0,50,996.74316
-50.0,50,999.450838
-50.0,50,1002.020256
-50.0,50,1004.675214
-50.0,50,1007.289484
-50.0,50,1009.971866
-50.0,50,1012.52674
-50.0,50,1015.248552
-50.0,50,1017.871264
-50.0,50,1020.525253
-50.0,50,1023.164552
-50.0,50,1025.755188
-50.0,50,1028.384416
-50.0,50,1031.028823
-50.0,50,1033.660454
-50.0,50,1036.301422
-50.0,50,1038.943046
0.0,50,1041.624758
-50.0,50,1044.236312
-50.0,50,1046.856942
-50.0,50,1049.46474
-38.0,50,1052.138351
-50.0,50,1054.774111
-50.0,50,1057.380537
-50.0,50,1060.010123
-15.0,50,1062.637099
-50.0,50,1065.270441
-50.0,50,1067.903416
-50.0,50,1070.534339
-48.0,50,1073.196971
-50.0,50,1075.8296
-50.0,50,1078.487957
-50.0,50,1081.101952
-50.0,50,1083.675617
-50.0,50,1086.274371
-50.0,50,1088.932756
-49.0,50,1089.347459
-50.0,50,1089.770574
-49.0,50,1090.191726
-27.0,50,1090.642474
-50.0,50,1091.052455
-50.0,50,1091.472748
-50.0,50,1091.88928
-50.0,50,1092.345859
-50.0,50,1092.742112
-50.0,50,1093.308107
-50.0,50,1095.992208
-50.0,50,1098.557722
-50.0,50,1101.235952
-50.0,50,1103.866864
-50.0,50,1106.478105
-50.0,50,1109.162469
-50.0,50,1111.785411
-50.0,50,1114.385651
-50.0,50,1117.079709
-50.0,50,1119.705026
-50.0,50,1122.334533
-50.0,50,1124.923327
-50.0,50,1127.579813
-50.0,50,1130.231183
-48.0,50,1132.826367
-50.0,50,1135.499389
-50.0,50,1138.114821
-50.0,50,1140.739361
-50.0,50,1143.345854
-50.0,50,1145.937355
-50.0,50,1148.611647
-42.0,50,1151.272124
-50.0,50,1153.85154
-50.0,50,1156.546885
-50.0,50,1159.185929
-50.0,50,1161.793393
-50.0,50,1164.45263
-50.0,50,1167.074298
-50.0,50,1169.680514
-49.0,50,1172.348061
-50.0,50,1175.022611
-50.0,50,1177.609857
-50.0,50,1180.280166
-50.0,50,1182.953838
-50.0,50,1185.647019
0.0,50,1188.286699
-17.0,50,1190.881289
-50.0,50,1193.567685
-50.0,50,1196.163718
-50.0,50,1198.78407
-15.0,50,1201.469972
-50.0,50,1204.094288
-11.0,50,1206.768733
-20.0,50,1209.412414
-50.0,50,1212.072488
-50.0,50,1214.662362
-50.0,50,1217.322465
-50.0,50,1219.933494
-50.0,50,1222.51522
-50.0,50,1225.158123
-50.0,50,1225.593619
-50.0,50,1226.043001
-50.0,50,1226.479886
-50.0,50,1226.890339
-50.0,50,1227.330354
-50.0,50,1227.71593
-50.0,50,1228.136932
-50.0,50,1228.554798
0.0,50,1228.9624
-50.0,50,1229.485013
-50.0,50,1232.13971
-50.0,50,1234.827633
-50.0,50,1237.448722
-50.0,50,1240.150802
-50.0,50,1242.806897
-50.0,50,1245.435716
0.0,50,1248.085108
-50.0,50,1250.702792
-50.0,50,1253.300291
-50.0,50,1255.957109
-5.0,50,1258.610067
-50.0,50,1261.254629
-50.0,50,1263.916859
-50.0,50,1266.517825
-50.0,50,1269.180862
-50.0,50,1271.811587
-50.0,50,1274.453977
-49.0,50,1277.131135
-33.0,50,1279.765609
-50.0,50,1282.411721
-50.0,50,1285.046201
-50.0,50,1287.677312
-50.0,50,1290.306906
-50.0,50,1292.943892
-50.0,50,1295.557813
-50.0,50,1298.240712
-50.0,50,1300.867091
-50.0,50,1303.560884
-50.0,50,1306.16912
-50.0,50,1308.801528
-50.0,50,1311.451719
-50.0,50,1314.073614
-11.0,50,1316.74137
-50.0,50,1319.380897
-50.0,50,1322.024591
-50.0,50,1324.657039
-50.0,50,1327.301908
-50.0,50,1329.986577
-10.0,50,1332.635026
-50.0,50,1335.299531
-50.0,50,1337.925707
-50.0,50,1340.609135
-8.0,50,1343.273809
-50.0,50,1345.949507
-50.0,50,1348.512977
-50.0,50,1351.202276
-50.0,50,1353.846105
-24.0,50,1356.494448
-50.0,50,1359.151283
-50.0,50,1361.823617
-50.0,50,1362.28777
-50.0,50,1362.725778
-50.0,50,1363.16641
-50.0,50,1363.586655
-50.0,50,1364.018998
0.0,50,1364.442347
-50.0,50,1364.856038
-8.0,50,1365.274946
-50.0,50,1365.679476
-50.0,50,1366.209666
-50.0,50,1368.854246
-36.0,50,1371.565787
-50.0,50,1374.211233
-50.0,50,1376.831843
-50.0,50,1379.437667
-50.0,50,1382.127681
0.0,50,1384.805322
-50.0,50,1387.452386
-14.0,50,1390.075765
-50.0,50,1392.716469
-50.0,50,1395.372588
-50.0,50,1397.97203
-50.0,50,1400.633057
-50.0,50,1403.309926
-50.0,50,1405.951796
-15.0,50,1408.615415
-50.0,50,1411.248364
-50.0,50,1413.893362
-50.0,50,1416.522001
-50.0,50,1419.166831
-50.0,50,1421.805343
-47.0,50,1424.502983
-38.0,50,1427.113547
-50.0,50,1429.725648
-50.0,50,1432.38516
-50.0,50,1435.061501
-50.0,50,1437.688789
-50.0,50,1440.367371
-50.0,50,1442.947453
-50.0,50,1445.609109
-50.0,50,1448.230217
-50.0,50,1450.849905
-49.0,50,1453.507562
-50.0,50,1456.14709
-50.0,50,1458.778552
-50.0,50,1461.424533
-50.0,50,1464.09373
-50.0,50,1466.719605
-50.0,50,1469.357301
-49.0,50,1472.012991
-36.0,50,1474.667184
-50.0,50,1477.314719
-50.0,50,1479.917035
-50.0,50,1482.525911
-50.0,50,1485.177071
-50.0,50,1487.848985
-50.0,50,1490.477429
-50.0,50,1493.13259
-50.0,50,1495.806273
-50.0,50,1498.48316
-25.0,50,1498.888133
-50.0,50,1499.339438
-50.0,50,1499.731297
-50.0,50,1500.178286
-50.0,50,1500.61654
-50.0,50,1501.066687
-50.0,50,1501.533402
-50.0,50,1501.997776
-50.0,50,1502.418146
-49.0,50,1502.868928
-50.0,50,1505.575557
-50.0,50,1508.243885
-23.0,50,1510.85788
-50.0,50,1513.490276
-50.0,50,1516.143707
-50.0,50,1518.76939
-50.0,50,1521.352116
-17.0,50,1524.039316
-50.0,50,1526.712142
-49.0,50,1529.316428
-50.0,50,1531.926288
-50.0,50,1534.571003
-50.0,50,1537.204358
-50.0,50,1539.86492
-50.0,50,1542.474992
-50.0,50,1545.109591
-42.0,50,1547.773279
-50.0,50,1550.467983
0.0,50,1553.078994
-50.0,50,1555.75702
-50.0,50,1558.368469
-49.0,50,1561.032439
-41.0,50,1563.667028
-31.0,50,1566.288139
-28.0,50,1568.963622
-27.0,50,1571.634651
-50.0,50,1574.220065
-50.0,50,1576.854865
-50.0,50,1579.52205
-50.0,50,1582.112743
-34.0,50,1584.773098
-50.0,50,1587.399511
-50.0,50,1590.061873
-50.0,50,1592.713436
-48.0,50,1595.356768
-50.0,50,1598.025866
-16.0,50,1600.700981
-25.0,50,1603.274944
-48.0,50,1605.974086
-44.0,50,1608.59953
-50.0,50,1611.286758
-50.0,50,1613.922444
-20.0,50,1616.528409
-50.0,50,1619.20549
0.0,50,1621.855381
-23.0,50,1624.47782
-50.0,50,1627.125945
-50.0,50,1629.831407
-50.0,50,1632.435962
-50.0,50,1635.123919
-11.0,50,1635.557807
-50.0,50,1635.977095
-9.0,50,1636.382378
-50.0,50,1636.791299
-16.0,50,1637.250465
-50.0,50,1637.709221
-50.0,50,1638.151924
-50.0,50,1638.57078
-11.0,50,1638.995108
-50.0,50,1639.665024
-50.0,50,1642.356787
-49.0,50,1645.012752
-6.0,50,1647.657856
-8.0,50,1650.342308
-50.0,50,1652.987615
-50.0,50,1655.653292
-41.0,50,1658.260233
-50.0,50,1660.882101
-50.0,50,1663.547776
-50.0,50,1666.210386
0.0,50,1668.860066
-50.0,50,1671.53601
-49.0,50,1674.200186
-50.0,50,1676.834208
-50.0,50,1679.503106
-12.0,50,1682.160721
-50.0,50,1684.875469
-50.0,50,1687.533959
-50.0,50,1690.233375
-42.0,50,1692.787413
-50.0,50,1695.462277
-50.0,50,1698.132254
-50.0,50,1700.781669
-50.0,50,1703.407776
-14.0,50,1706.110805
-50.0,50,1708.77706
-50.0,50,1711.443242
-50.0,50,1714.131121
-8.0,50,1716.767652
-50.0,50,1719.468303
-50.0,50,1722.093866
-50.0,50,1724.706394
-25.0,50,1727.35325
-50.0,50,1730.010641
-50.0,50,1732.650958
-50.0,50,1735.359013
-50.0,50,1738.048241
-23.0,50,1740.679453
-50.0,50,1743.322466
-50.0,50,1745.986162
-50.0,50,1748.640196
-50.0,50,1751.28125
-50.0,50,1753.959911
0.0,50,1756.588203
-11.0,50,1759.178321
-50.0,50,1761.831118
-19.0,50,1764.486864
-50.0,50,1767.097475
-50.0,50,1769.755343
-50.0,50,1772.426581
-50.0,50,1772.862291
-50.0,50,1773.314608
-49.0,50,1773.757794
-50.0,50,1774.162911
-50.0,50,1774.614526
-50.0,50,1775.021544
-5.0,50,1775.420852
0.0,50,1775.861417
-50.0,50,1776.269694
-50.0,50,1776.817799
-50.0,50,1779.496973
-50.0,50,1782.140881
-23.0,50,1784.825729
-50.0,50,1787.419293
-24.0,50,1790.111776
-50.0,50,1792.723609
-43.0,50,1795.427109
-22.0,50,1798.113578
-50.0,50,1800.785437
-19.0,50,1803.493868
-50.0,50,1806.109712
-50.0,50,1808.778674
-48.0,50,1811.446957
-15.0,50,1814.094017
-21.0,50,1816.713085
-21.0,50,1819.388761
-50.0,50,1821.98036
0.0,50,1824.639604
-50.0,50,1827.350403
-50.0,50,1829.97037
-50.0,50,1832.598052
-8.0,50,1835.247891
-50.0,50,1837.907249
-12.0,50,1840.579294
-50.0,50,1843.228506
-50.0,50,1845.865932
-50.0,50,1848.539595
-50.0,50,1851.171675
-16.0,50,1853.857792
-14.0,50,1856.452036
-50.0,50,1859.100897
-50.0,50,1861.735372
-50.0,50,1864.397215
-35.0,50,1867.095548
-17.0,50,1869.706516
-50.0,50,1872.410609
-50.0,50,1875.05497
-50.0,50,1877.70807
-33.0,50,1880.347605
-50.0,50,1882.998432
-50.0,50,1885.63596
-50.0,50,1888.288601
-50.0,50,1890.96593
-26.0,50,1893.572635
-50.0,50,1896.239972
-50.0,50,1898.890044
-47.0,50,1901.593644
0.0,50,1904.223167
-26.0,50,1906.882514
-50.0,50,1909.565178
-19.0,50,1910.015528
-50.0,50,1910.462372
-50.0,50,1910.861786
-50.0,50,1911.274537
-50.0,50,1911.705795
-9.0,50,1912.171767
-50.0,50,1912.617306
-50.0,50,1913.071956
-50.0,50,1913.519239
-16.0,50,1913.969914
-50.0,50,1916.683115
-13.0,50,1919.295128
-50.0,50,1921.975942
-16.0,50,1924.663912
-50.0,50,1927.331189
-38.0,50,1929.958953
-50.0,50,1932.607435
-32.0,50,1935.342163
-19.0,50,1938.017651
-50.0,50,1940.651618
-48.0,50,1943.292512
-19.0,50,1945.975976
-34.0,50,1948.604996
-50.0,50,1951.311444
-50.0,50,1953.94715
-50.0,50,1956.57526
-12.0,50,1959.217026
-50.0,50,1961.910246
-50.0,50,1964.511634
-50.0,50,1967.241992
-50.0,50,1969.811492
-17.0,50,1972.492866
-15.0,50,1975.190788
-50.0,50,1977.819716
-50.0,50,1980.413996
-45.0,50,1983.131182
-17.0,50,1985.756046
-50.0,50,1988.445498
-50.0,50,1991.069244
-17.0,50,1993.703665
-15.0,50,1996.378478
-50.0,50,1999.029063
-50.0,50,2001.598575
-50.0,50,2004.287045
-50.0,50,2006.928486
-50.0,50,2009.578611
-50.0,50,2012.207239
-50.0,50,2014.88186
-50.0,50,2017.535399
-35.0,50,2020.182984
-50.0,50,2022.867677
-8.0,50,2025.489387
-50.0,50,2028.18653
-8.0,50,2030.842773
-50.0,50,2033.50733
-50.0,50,2036.147488
-36.0,50,2038.799574
-50.0,50,2041.442814
-31.0,50,2044.085172
0.0,50,2046.713271
-10.0,50,2047.154268
-50.0,50,2047.584226
-12.0,50,2048.041828
-50.0,50,2048.539623
-50.0,50,2048.963878
-50.0,50,2049.406207
-50.0,50,2049.842158
-50.0,50,2050.247916
-7.0,50,2050.679666
-50.0,50,2051.137498
-34.0,50,2053.80739
-50.0,50,2056.501002
-40.0,50,2059.182978
-50.0,50,2061.879689
-44.0,50,2064.551793
-50.0,50,2067.222227
-50.0,50,2069.919089
-9.0,50,2072.55478
-50.0,50,2075.193567
-50.0,50,2077.824805
-34.0,50,2080.470183
-50.0,50,2083.164535
-50.0,50,2085.808325
-9.0,50,2088.443495
-50.0,50,2091.059245
-50.0,50,2093.770089
-50.0,50,2096.400705
-10.0,50,2099.069113
-50.0,50,2101.699117
-47.0,50,2104.122257
-11.0,50,2106.40712
-50.0,50,2108.776263
0.0,50,2111.0483
0.0,50,2113.395733
-50.0,50,2115.730751
-50.0,50,2118.069503
-50.0,50,2120.379275
-21.0,50,2122.721945
-50.0,50,2125.053876
0.0,50,2127.370724
-50.0,50,2129.732446
-50.0,50,2131.991875
-50.0,50,2134.305418
-50.0,50,2136.664558
-50.0,50,2138.976909
-14.0,50,2141.3023
-50.0,50,2143.622437
-50.0,50,2145.947584
-6.0,50,2148.265112
-39.0,50,2150.632995
0.0,50,2153.01394
-34.0,50,2155.331328
-50.0,50,2157.619862
-50.0,50,2159.974938
-50.0,50,2162.322851
-12.0,50,2164.644181
-14.0,50,2166.963406
-50.0,50,2169.294505
-50.0,50,2171.670835
-6.0,50,2174.007299
-50.0,50,2174.388112
-50.0,50,2174.797249
-50.0,50,2175.168176
-4.0,50,2175.561584
-13.0,50,2175.955348
-10.0,50,2176.358439
-50.0,50,2176.717218
-50.0,50,2177.070919
-50.0,50,2177.449578
-11.0,50,2177.909201
-40.0,50,2180.242079
-50.0,50,2182.550741
-16.0,50,2184.903417
-31.0,50,2187.209963
-19.0,50,2189.523137
-20.0,50,2191.880099
-17.0,50,2194.171036
-48.0,50,2196.511008
-50.0,50,2198.855443
-50.0,50,2201.181337
-43.0,50,2203.496725
-42.0,50,2205.820047
-21.0,50,2208.155546
-50.0,50,2210.521478
-50.0,50,2212.795632
-50.0,50,2215.135648
-45.0,50,2217.420463
-49.0,50,2219.766009
-34.0,50,2222.064238
-50.0,50,2224.397043
-50.0,50,2226.705078
-23.0,50,2229.037657
-50.0,50,2231.34992
-50.0,50,2233.726605
-50.0,50,2236.08282
-50.0,50,2238.405791
-18.0,50,2240.723429
-50.0,50,2243.068943
-50.0,50,2245.405631
-50.0,50,2247.763769
-50.0,50,2250.110293
-28.0,50,2252.434855
-50.0,50,2254.769922
-20.0,50,2257.090312
-50.0,50,2259.449461
-13.0,50,2261.777789
0.0,50,2264.099387
-50.0,50,2266.425066
-50.0,50,2268.704512
-50.0,50,2271.058562
-50.0,50,2273.361923
-44.0,50,2275.710959
-50.0,50,2278.032053
-24.0,50,2280.359966
-50.0,50,2282.677071
-35.0,50,2285.012312
-50.0,50,2287.326317
-50.0,50,2289.676214
-50.0,50,2291.976404
-5.0,50,2294.341161
-4.0,50,2294.709371
-50.0,50,2295.073872
-9.0,50,2295.456637
-50.0,50,2295.817473
-50.0,50,2296.220292
-50.0,50,2296.593818
-50.0,50,2297.002458
-50.0,50,2297.403961
-13.0,50,2297.802829
-50.0,50,2298.231221
-50.0,50,2300.565477
-50.0,50,2302.945628
-50.0,50,2305.249355
-50.0,50,2307.583232
-50.0,50,2309.877465
-50.0,50,2312.189678
-50.0,50,2314.474446
-29.0,50,2316.793461
-15.0,50,2319.111442
0.0,50,2321.384776
-50.0,50,2323.736331
-50.0,50,2326.013669
-50.0,50,2328.351059
-46.0,50,2330.621354
-50.0,50,2332.928917
-50.0,50,2335.219373
-50.0,50,2337.526856
0.0,50,2339.801029
-28.0,50,2342.107711
-22.0,50,2344.452889
0.0,50,2346.728834
-41.0,50,2348.998358
-50.0,50,2351.303203
-46.0,50,2353.610864
-48.0,50,2355.934008
-18.0,50,2358.210809
-50.0,50,2360.550294
-50.0,50,2362.87274
-50.0,50,2365.119157
-17.0,50,2367.441848
-18.0,50,2369.76038
-43.0,50,2372.053926
-43.0,50,2374.342101
-40.0,50,2376.615373
-50.0,50,2378.946537
-50.0,50,2381.195537
-50.0,50,2383.519211
-50.0,50,2385.805039
-50.0,50,2388.06126
-50.0,50,2390.408024
-14.0,50,2392.733386
-26.0,50,2394.975508
-29.0,50,2397.296112
-50.0,50,2399.642666
-41.0,50,2401.945823
-50.0,50,2404.265326
-23.0,50,2406.550006
-7.0,50,2408.891822
-50.0,50,2411.189584
-50.0,50,2413.484341
-50.0,50,2413.843585
-4.0,50,2414.223003
-50.0,50,2414.587735
-50.0,50,2414.975784
-5.0,50,2415.358826
-17.0,50,2415.752213
-9.0,50,2416.161766
-6.0,50,2416.553926
-50.0,50,2416.956159
-50.0,50,2417.450769
-46.0,50,2419.75229
-17.0,50,2422.066459
-16.0,50,2424.377675
0.0,50,2426.675358
-50.0,50,2428.963886
-13.0,50,2431.298956
-50.0,50,2433.566463
-7.0,50,2435.918625
-50.0,50,2438.16793
-47.0,50,2440.444657
-50.0,50,2442.782548
-50.0,50,2445.08914
-50.0,50,2447.395846
-50.0,50,2449.684182
-50.0,50,2451.954198
-6.0,50,2454.269665
0.0,50,2456.538064
-23.0,50,2458.912234
-24.0,50,2461.194906
-18.0,50,2463.471535
-50.0,50,2465.735573
-14.0,50,2468.07362
-50.0,50,2470.355068
-50.0,50,2472.640349
-43.0,50,2474.950978
-50.0,50,2477.245661
-50.0,50,2479.578105
-19.0,50,2481.837097
-50.0,50,2484.147266
-50.0,50,2486.438046
-36.0,50,2488.727337
-47.0,50,2491.010648
0.0,50,2493.303155
-46.0,50,2495.575842
-50.0,50,2497.838394
-50.0,50,2500.145541
-50.0,50,2502.491865
-50.0,50,2504.776382
-50.0,50,2507.061514
-50.0,50,2509.385396
-50.0,50,2511.677334
-50.0,50,2513.972672
-50.0,50,2516.251887
-12.0,50,2518.592363
-50.0,50,2520.88918
-38.0,50,2523.224799
-25.0,50,2525.539383
-44.0,50,2527.817521
-26.0,50,2530.152538
-50.0,50,2532.443596
-50.0,50,2532.812532
-50.0,50,2533.176302
-16.0,50,2533.547294
-14.0,50,2533.905856
-50.0,50,2534.285273
-10.0,50,2534.624796
-50.0,50,2535.003402
-20.0,50,2535.362005
-17.0,50,2535.75432
-32.0,50,2536.327166
-50.0,50,2538.614737
-50.0,50,2540.938015
-50.0,50,2543.201842
0.0,50,2545.546641
-6.0,50,2547.833219
-6.0,50,2550.113364
-50.0,50,2552.379232
-50.0,50,2554.711411
-50.0,50,2556.989887
-50.0,50,2559.307197
-24.0,50,2561.633353
-50.0,50,2563.910056
-50.0,50,2566.22774
-50.0,50,2568.53214
-42.0,50,2570.820426
-50.0,50,2573.145708
-50.0,50,2575.421952
-50.0,50,2577.734977
-50.0,50,2580.024554
-50.0,50,2582.332274
-32.0,50,2584.624576
-48.0,50,2586.891521
-50.0,50,2589.187376
-7.0,50,2591.501234
-50.0,50,2593.807946
-28.0,50,2596.114291
-13.0,50,2598.430716
-50.0,50,2600.699293
-50.0,50,2603.039663
-38.0,50,2605.342761
-50.0,50,2607.646402
-16.0,50,2609.954995
-50.0,50,2612.251545
-50.0,50,2614.586037
-15.0,50,2616.876459
-22.0,50,2619.182777
0.0,50,2621.49467
-48.0,50,2623.821031
-50.0,50,2626.129728
-31.0,50,2628.438931
-8.0,50,2630.740079
-50.0,50,2633.037948
-50.0,50,2635.366719
-44.0,50,2637.670971
-29.0,50,2639.977371
-50.0,50,2642.265863
-50.0,50,2644.595477
-50.0,50,2646.953428
-50.0,50,2649.235673
-50.0,50,2651.574218
-13.0,50,2651.97449
-50.0,50,2652.344531
-3.0,50,2652.70499
-50.0,50,2653.0858
-50.0,50,2653.488959
-46.0,50,2653.893804
-50.0,50,2654.260376
-50.0,50,2654.663262
-50.0,50,2655.068852
-50.0,50,2655.535553
-14.0,50,2657.844561
-50.0,50,2660.133384
-50.0,50,2662.456034
-49.0,50,2664.76953
-50.0,50,2667.04303
-14.0,50,2669.353227
-50.0,50,2671.629032
-10.0,50,2673.992831
-50.0,50,2676.251939
-27.0,50,2678.5217
-50.0,50,2680.871884
-50.0,50,2683.172798
-26.0,50,2685.521593
-4.0,50,2687.792141
-10.0,50,2690.117343
-37.0,50,2692.384828
-50.0,50,2694.68915
-10.0,50,2697.003785
-50.0,50,2699.313814
-50.0,50,2701.597489
-5.0,50,2703.917777
-30.0,50,2706.199163
-50.0,50,2708.580726
-23.0,50,2710.842082
-32.0,50,2713.172031
-50.0,50,2715.454433
-25.0,50,2717.775148
-50.0,50,2720.099071
-14.0,50,2722.368353
-20.0,50,2724.691053
-50.0,50,2726.99879
-30.0,50,2729.302775
-50.0,50,2731.603655
-23.0,50,2733.885657
-50.0,50,2736.171768
-50.0,50,2738.540219
-3.0,50,2740.831546
-50.0,50,2743.137695
-28.0,50,2745.400739
-50.0,50,2747.694297
-42.0,50,2750.011249
-50.0,50,2752.281777
-50.0,50,2754.642093
-50.0,50,2756.9017
-7.0,50,2759.240981
-3.0,50,2761.532469
-23.0,50,2763.845018
-47.0,50,2766.172197
-50.0,50,2768.490739
-50.0,50,2770.765258
-11.0,50,2771.148736
-17.0,50,2771.571688
-14.0,50,2771.95543
-11.0,50,2772.360692
-24.0,50,2772.733965
-5.0,50,2773.095696
-50.0,50,2773.478708
-50.0,50,2773.851317
-7.0,50,2774.233024
-29.0,50,2774.746619
-28.0,50,2777.090813
-36.0,50,2779.372586
-36.0,50,2781.712148
-19.0,50,2784.001099
-49.0,50,2786.342796
-50.0,50,2788.610177
0.0,50,2790.912143
-34.0,50,2793.214907
-20.0,50,2795.559762
0.0,50,2797.845608
-50.0,50,2800.179497
-22.0,50,2802.455979
-50.0,50,2804.785312
-20.0,50,2807.094295
-50.0,50,2809.363912
-27.0,50,2811.740034
-23.0,50,2814.030414
-34.0,50,2816.32564
-50.0,50,2818.626572
-20.0,50,2820.985151
-9.0,50,2823.307703
-50.0,50,2825.587973
-50.0,50,2827.955176
-15.0,50,2830.224609
-50.0,50,2832.535826
-24.0,50,2834.825505
-50.0,50,2837.161364
-50.0,50,2839.468052
-39.0,50,2841.789486
-50.0,50,2844.10278
-28.0,50,2846.423246
-13.0,50,2848.719176
-50.0,50,2850.987397
-50.0,50,2853.320019
-29.0,50,2855.609624
-35.0,50,2857.933245
-50.0,50,2860.231936
-50.0,50,2862.597846
-17.0,50,2864.898422
-14.0,50,2867.198197
-50.0,50,2869.509677
-8.0,50,2871.823082
-8.0,50,2874.151019
-14.0,50,2876.516252
-27.0,50,2878.814921
-8.0,50,2881.150067
-50.0,50,2883.471963
-50.0,50,2885.751151
-50.0,50,2888.062369
-12.0,50,2890.36958
-12.0,50,2890.774545
-50.0,50,2891.169688
-9.0,50,2891.585749
-8.0,50,2891.9666
-50.0,50,2892.353456
-50.0,50,2892.764644
-50.0,50,2893.151054
-8.0,50,2893.552123
-9.0,50,2893.896745
-50.0,50,2894.365279
-50.0,50,2896.704818
-20.0,50,2898.97443
-50.0,50,2901.347673
-50.0,50,2903.666261
-46.0,50,2906.00013
-21.0,50,2908.285976
-50.0,50,2910.604259
-26.0,50,2912.94963
-39.0,50,2915.220699
-50.0,50,2917.49596
-15.0,50,2919.797696
-50.0,50,2922.113718
-50.0,50,2924.480968
-50.0,50,2926.793018
-23.0,50,2929.095082
-8.0,50,2931.404528
-20.0,50,2933.653154
-36.0,50,2935.991472
-18.0,50,2938.294934
-50.0,50,2940.602231
-50.0,50,2942.916114
-50.0,50,2945.219523
-40.0,50,2947.557932
-13.0,50,2949.865379
-20.0,50,2952.20563
-50.0,50,2954.513085
-47.0,50,2956.796684
-50.0,50,2959.117173
-48.0,50,2961.443445
-50.0,50,2963.717602
-34.0,50,2966.006185
-50.0,50,2968.37154
-50.0,50,2970.638318
-7.0,50,2972.912024
-50.0,50,2975.26211
-45.0,50,2977.548896
-38.0,50,2979.897588
-50.0,50,2982.197223
-50.0,50,2984.505606
-50.0,50,2986.825874
-12.0,50,2989.124628
-48.0,50,2991.428081
-50.0,50,2993.745805
-50.0,50,2996.018175
-13.0,50,2998.340615
-50.0,50,3000.661407
-11.0,50,3002.973345
-38.0,50,3005.24802
-50.0,50,3007.565292
-6.0,50,3009.885681
-3.0,50,3010.309887
-50.0,50,3010.701547
-50.0,50,3011.096791
-50.0,50,3011.491763
-8.0,50,3011.90014
-50.0,50,3012.281963
-50.0,50,3012.677984
-50.0,50,3013.065794
-8.0,50,3013.461907
-9.0,50,3013.882048
-11.0,50,3016.175026
-25.0,50,3018.485152
-24.0,50,3020.801131
-50.0,50,3023.113288
-50.0,50,3025.43897
-6.0,50,3027.784113
-35.0,50,3030.070628
-15.0,50,3032.402816
-50.0,50,3034.718116
-50.0,50,3037.061152
-13.0,50,3039.366008
-14.0,50,3041.663167
-50.0,50,3043.959264
-50.0,50,3046.232894
-50.0,50,3048.55194
-50.0,50,3050.866404
-50.0,50,3053.208149
-50.0,50,3055.544957
-19.0,50,3057.801338
-48.0,50,3060.189167
-21.0,50,3062.491701
-24.0,50,3064.776757
-50.0,50,3067.058831
-50.0,50,3069.396908
-50.0,50,3071.687544
-32.0,50,3074.012594
-27.0,50,3076.303567
-17.0,50,3078.544211
-47.0,50,3080.918461
-19.0,50,3083.221011
-50.0,50,3085.520301
-41.0,50,3087.825924
-50.0,50,3090.140773
-10.0,50,3092.469034
-29.0,50,3094.767266
-50.0,50,3097.101116
-43.0,50,3099.413657
-3.0,50,3101.666228
0.0,50,3103.992614
-50.0,50,3106.325094
0.0,50,3108.617914
-50.0,50,3110.937012
-39.0,50,3113.240768
-50.0,50,3115.522554
-50.0,50,3117.811829
-50.0,50,3120.134608
-50.0,50,3122.447422
-50.0,50,3124.7619
-50.0,50,3127.056533
-13.0,50,3129.353732
-50.0,50,3129.729666
-4.0,50,3130.105745
-50.0,50,3130.507428
-50.0,50,3130.894988
-4.0,50,3131.27
-50.0,50,3131.625008
-6.0,50,3132.031428
-50.0,50,3132.448507
-49.0,50,3132.80782
-50.0,50,3133.327799
-50.0,50,3135.647542
-50.0,50,3137.983269
0.0,50,3140.290367
-49.0,50,3142.606575
-35.0,50,3144.939084
-50.0,50,3147.225091
-50.0,50,3149.510996
-50.0,50,3151.826053
-50.0,50,3154.174507
-39.0,50,3156.498986
-48.0,50,3158.80859
-13.0,50,3161.14255
-50.0,50,3163.454705
-29.0,50,3165.756911
0.0,50,3168.028569
-50.0,50,3170.332894
-11.0,50,3172.67537
-50.0,50,3174.983024
-22.0,50,3177.271336
-50.0,50,3179.543788
-23.0,50,3181.835856
-50.0,50,3184.169864
-45.0,50,3186.448526
-50.0,50,3188.716601
-50.0,50,3191.054195
-19.0,50,3193.392522
-20.0,50,3195.655235
-50.0,50,3198.02231
-50.0,50,3200.314021
-50.0,50,3202.616544
-50.0,50,3204.917132
-50.0,50,3207.220262
-50.0,50,3209.55256
-12.0,50,3211.872834
-50.0,50,3214.128657
-35.0,50,3216.507518
-11.0,50,3218.783082
-50.0,50,3221.136942
-9.0,50,3223.409102
-7.0,50,3225.699416
-50.0,50,3228.020375
-45.0,50,3230.342257
-17.0,50,3232.632956
-50.0,50,3234.927417
-50.0,50,3237.231788
-50.0,50,3239.524165
-50.0,50,3241.803227
-18.0,50,3244.152903
-50.0,50,3246.450751
-7.0,50,3248.772151
-23.0,50,3249.1282
-50.0,50,3249.531704
-50.0,50,3249.942172
-4.0,50,3250.325048
-50.0,50,3250.708575
-50.0,50,3251.092151
-50.0,50,3251.478884
-9.0,50,3251.85836
0.0,50,3252.21974
-50.0,50,3252.722403
-50.0,50,3255.06766
-50.0,50,3257.329086
-50.0,50,3259.665663
-50.0,50,3261.930422
-50.0,50,3264.300593
-50.0,50,3266.58607
-50.0,50,3268.90353
-50.0,50,3271.197222
-36.0,50,3273.512033
-50.0,50,3275.79615
-50.0,50,3278.134652
-50.0,50,3280.432497
-24.0,50,3282.719672
-50.0,50,3285.006665
0.0,50,3287.350045
-36.0,50,3289.626173
-10.0,50,3291.912417
-7.0,50,3294.230319
-50.0,50,3296.505106
-22.0,50,3298.81811
-50.0,50,3301.098832
-45.0,50,3303.422188
-25.0,50,3305.721935
-50.0,50,3308.042191
-50.0,50,3310.339228
-28.0,50,3312.631527
-20.0,50,3314.931525
-50.0,50,3317.21472
-28.0,50,3319.537127
-40.0,50,3321.835559
-31.0,50,3324.13883
-50.0,50,3326.474281
-50.0,50,3328.744348
-23.0,50,3331.107343
-50.0,50,3333.383168
-50.0,50,3335.697727
-27.0,50,3338.000052
-5.0,50,3340.382204
-50.0,50,3342.669348
-27.0,50,3344.975071
-37.0,50,3347.289623
-11.0,50,3349.602778
-17.0,50,3351.892939
-50.0,50,3354.201085
-34.0,50,3356.473007
-50.0,50,3358.81202
-24.0,50,3361.12857
-32.0,50,3363.429029
-50.0,50,3365.722568
-15.0,50,3368.056216
-50.0,50,3368.427103
-50.0,50,3368.820801
-50.0,50,3369.177752
-7.0,50,3369.557158
-50.0,50,3369.907342
-50.0,50,3370.287484
-16.0,50,3370.65108
-50.0,50,3371.012964
-50.0,50,3371.385238
-42.0,50,3371.965272
-16.0,50,3374.276236
-50.0,50,3376.554398
-38.0,50,3378.874223
-25.0,50,3381.184515
-7.0,50,3383.505015
-50.0,50,3385.788023
-18.0,50,3388.083843
-23.0,50,3390.40971
-21.0,50,3392.66051
-42.0,50,3394.985497
-48.0,50,3397.269994
-5.0,50,3399.612499
-29.0,50,3401.914336
-50.0,50,3404.209116
-32.0,50,3406.540504
-26.0,50,3408.835798
-50.0,50,3411.148046
-46.0,50,3413.459836
-50.0,50,3415.746899
-50.0,50,3418.038605
-50.0,50,3420.330848
-50.0,50,3422.635222
-50.0,50,3424.954983
-50.0,50,3427.285249
-50.0,50,3429.629459
-50.0,50,3431.945349
-7.0,50,3434.24993
-17.0,50,3436.546334
-39.0,50,3438.833216
-50.0,50,3441.163285
-50.0,50,3443.46413
-50.0,50,3445.764993
-42.0,50,3448.099141
-50.0,50,3450.391332
-42.0,50,3452.711198
-50.0,50,3454.997803
-50.0,50,3457.309941
-20.0,50,3459.625124
-22.0,50,3461.927736
-50.0,50,3464.228659
-50.0,50,3466.541788
-50.0,50,3468.867331
-49.0,50,3471.140113
-28.0,50,3473.408333
-14.0,50,3475.753273
-50.0,50,3478.046827
-18.0,50,3480.347957
-34.0,50,3482.620365
-21.0,50,3484.944283
-50.0,50,3487.233656
-9.0,50,3487.581576
-50.0,50,3487.950081
-7.0,50,3488.331001
0.0,50,3488.692146
-10.0,50,3489.071936
-50.0,50,3489.454062
-10.0,50,3489.82998
-13.0,50,3490.193115
-10.0,50,3490.580908
-13.0,50,3491.073175
-19.0,50,3493.339724
-50.0,50,3495.678564
-22.0,50,3497.962059
-20.0,50,3500.274776
-50.0,50,3502.517495
-19.0,50,3504.8499
-40.0,50,3507.120555
-35.0,50,3509.477541
-50.0,50,3511.758089
-50.0,50,3514.084734
-50.0,50,3516.41487
-50.0,50,3518.709829
-23.0,50,3520.984946
-13.0,50,3523.309796
-41.0,50,3525.611017
-11.0,50,3527.943001
-50.0,50,3530.229237
-36.0,50,3532.540502
-49.0,50,3534.843167
-21.0,50,3537.156332
-50.0,50,3539.478549
-44.0,50,3541.783138
-11.0,50,3544.054559
-15.0,50,3546.393581
-6.0,50,3548.667615
-50.0,50,3550.98631
-43.0,50,3553.265415
-10.0,50,3555.580931
-24.0,50,3557.886489
-50.0,50,3560.232194
-50.0,50,3562.514445
-12.0,50,3564.836053
-26.0,50,3567.157999
-41.0,50,3569.491337
-50.0,50,3571.796946
-27.0,50,3574.148052
-50.0,50,3576.427873
-28.0,50,3578.722953
-20.0,50,3581.064018
-36.0,50,3583.371849
-50.0,50,3585.662518
-50.0,50,3587.9742
-28.0,50,3590.262708
-50.0,50,3592.562164
-40.0,50,3594.854876
-50.0,50,3597.172976
-35.0,50,3599.471974
-50.0,50,3601.748837
-50.0,50,3604.056352
-50.0,50,3606.326016
-50.0,50,3606.72404
-50.0,50,3607.062222
-50.0,50,3607.454997
-50.0,50,3607.843339
-49.0,50,3608.230262
0.0,50,3608.557476
-25.0,50,3608.940242
-6.0,50,3609.301282
-50.0,50,3609.661842
-50.0,50,3610.24168
-42.0,50,3612.562954
-14.0,50,3614.879638
-50.0,50,3617.15273
-50.0,50,3619.454018
-50.0,50,3621.780117
-45.0,50,3624.065229
-50.0,50,3626.384575
-35.0,50,3628.654956
-14.0,50,3630.941846
-50.0,50,3633.266231
-50.0,50,3635.565983
-50.0,50,3637.858915
-13.0,50,3640.118209
-50.0,50,3642.432233
-50.0,50,3644.752459
-21.0,50,3647.04712
-47.0,50,3649.349263
-27.0,50,3651.623458
-16.0,50,3654.01081
-7.0,50,3656.281114
-50.0,50,3658.622901
-50.0,50,3660.876224
-45.0,50,3663.235973
-46.0,50,3665.505239
-13.0,50,3667.78518
-18.0,50,3670.064348
-26.0,50,3672.351501
-48.0,50,3674.660131
-50.0,50,3676.957051
-50.0,50,3679.241352
-50.0,50,3681.60778
-5.0,50,3683.872386
-50.0,50,3686.145412
-11.0,50,3688.423174
-27.0,50,3690.757966
-47.0,50,3693.068888
-50.0,50,3695.348549
-11.0,50,3697.690679
-43.0,50,3700.004768
-50.0,50,3702.262905
0.0,50,3704.585541
-50.0,50,3706.872311
-7.0,50,3709.203835
-18.0,50,3711.472443
-50.0,50,3713.76686
-50.0,50,3716.10272
-38.0,50,3718.381294
-31.0,50,3720.681312
-23.0,50,3722.956714
-50.0,50,3725.228724
-8.0,50,3725.603296
-50.0,50,3725.989793
-50.0,50,3726.348273
-50.0,50,3726.722762
-10.0,50,3727.108927
-50.0,50,3727.517597
-5.0,50,3727.899898
-10.0,50,3728.291666
-50.0,50,3728.678419
-50.0,50,3729.153531
-21.0,50,3731.441013
-50.0,50,3733.770205
-9.0,50,3736.10644
-50.0,50,3738.380358
-8.0,50,3740.676677
-50.0,50,3742.974287
-50.0,50,3745.295442
-50.0,50,3747.633484
-50.0,50,3749.933556
-50.0,50,3752.238243
-50.0,50,3754.528146
0.0,50,3756.818717
-50.0,50,3759.108536
-50.0,50,3761.433965
-50.0,50,3763.726815
-10.0,50,3765.984292
-17.0,50,3768.264486
-9.0,50,3770.601232
-50.0,50,3772.90274
-28.0,50,3775.177821
-14.0,50,3777.492298
-25.0,50,3779.772313
-50.0,50,3782.069744
-12.0,50,3784.406301
-50.0,50,3786.700514
-48.0,50,3788.977018
-24.0,50,3791.283749
-37.0,50,3793.571889
-7.0,50,3795.908427
-50.0,50,3798.198803
-29.0,50,3800.474003
-15.0,50,3802.77459
-20.0,50,3805.094209
-50.0,50,3807.414468
-13.0,50,3809.726035
-7.0,50,3812.089875
-50.0,50,3814.316553
-28.0,50,3816.67175
-50.0,50,3818.965144
-46.0,50,3821.26661
-11.0,50,3823.554293
-7.0,50,3825.843369
-31.0,50,3828.173168
-50.0,50,3830.457597
-50.0,50,3832.761291
-21.0,50,3835.036379
-50.0,50,3837.386954
-50.0,50,3839.649052
-38.0,50,3841.98775
-50.0,50,3844.322085
0.0,50,3844.681479
-49.0,50,3845.050662
-7.0,50,3845.413708
-38.0,50,3845.796023
-17.0,50,3846.179005
-50.0,50,3846.548708
-50.0,50,3846.907789
-7.0,50,3847.296222
-5.0,50,3847.682169
-28.0,50,3848.102721
-50.0,50,3850.411583
-19.0,50,3852.717409
-50.0,50,3855.010325
-26.0,50,3857.343444
-50.0,50,3859.632631
-16.0,50,3861.925637
-50.0,50,3864.231782
-50.0,50,3866.518378
-50.0,50,3868.824752
-25.0,50,3871.12453
-11.0,50,3873.430235
-50.0,50,3875.729675
-48.0,50,3878.048354
-50.0,50,3880.293426
-6.0,50,3882.577991
-50.0,50,3884.915674
-12.0,50,3887.253787
-16.0,50,3889.565704
-50.0,50,3891.823789
-10.0,50,3894.140745
-50.0,50,3896.452101
-23.0,50,3898.725103
-40.0,50,3901.005583
-7.0,50,3903.32896
-50.0,50,3905.648535
-50.0,50,3908.004722
-7.0,50,3910.254117
-8.0,50,3912.541296
-40.0,50,3914.844176
-50.0,50,3917.141155
-50.0,50,3919.452067
-12.0,50,3921.755187
-50.0,50,3924.072677
-50.0,50,3926.364463
-24.0,50,3928.687523
0.0,50,3930.970199
-50.0,50,3933.267829
-42.0,50,3935.552375
-50.0,50,3937.868708
-50.0,50,3940.147655
-50.0,50,3942.421237
-27.0,50,3944.729288
-32.0,50,3947.028062
-50.0,50,3949.359075
-47.0,50,3951.644064
-50.0,50,3953.996428
-15.0,50,3956.231929
-44.0,50,3958.563552
-50.0,50,3960.87485
-5.0,50,3963.179391
-5.0,50,3963.546985
-7.0,50,3963.912265
-8.0,50,3964.290976
-5.0,50,3964.644627
-50.0,50,3965.014747
-50.0,50,3965.361767
-12.0,50,3965.758461
-35.0,50,3966.12188
-7.0,50,3966.488106
-50.0,50,3967.010274
-50.0,50,3969.336316
-12.0,50,3971.658929
-5.0,50,3973.94281
-50.0,50,3976.246693
-35.0,50,3978.567477
-28.0,50,3980.843915
-46.0,50,3983.109616
-50.0,50,3985.452264
-9.0,50,3987.738587
-13.0,50,3990.053766
-50.0,50,3992.362512
-10.0,50,3994.612624
-50.0,50,3996.938954
-14.0,50,3999.219727
-50.0,50,4001.501649
-38.0,50,4003.821484
-50.0,50,4006.136261
-6.0,50,4008.436434
-50.0,50,4010.709763
-50.0,50,4013.000539
-9.0,50,4015.323309
-50.0,50,4017.615521
-50.0,50,4019.909025
-50.0,50,4022.176731
-19.0,50,4024.50274
-50.0,50,4026.801542
-39.0,50,4029.133981
-50.0,50,4031.4735
-49.0,50,4033.703375
-34.0,50,4036.025355
-50.0,50,4038.337105
-29.0,50,4040.624936
-50.0,50,4042.947909
-41.0,50,4045.202444
-19.0,50,4047.495216
-50.0,50,4049.809803
-44.0,50,4052.138253
-10.0,50,4054.459424
-50.0,50,4056.788322
-50.0,50,4059.065006
-34.0,50,4061.365061
-50.0,50,4063.710514
-45.0,50,4066.021461
-50.0,50,4068.320534
-6.0,50,4070.602952
-50.0,50,4072.923451
-50.0,50,4075.19173
-7.0,50,4077.48789
-11.0,50,4079.848433
-50.0,50,4082.128698
-3.0,50,4082.475229
-4.0,50,4082.84658
-18.0,50,4083.236094
-8.0,50,4083.570348
-50.0,50,4083.930726
-15.0,50,4084.287958
-10.0,50,4084.702829
-50.0,50,4085.084563
-50.0,50,4085.447132
-50.0,50,4085.96843
-43.0,50,4088.266866
-50.0,50,4090.58246
-35.0,50,4092.888644
-38.0,50,4095.19435
-50.0,50,4097.484254
-17.0,50,4099.814234
-50.0,50,4102.109064
-18.0,50,4104.41049
-50.0,50,4106.686393
-31.0,50,4108.99775
0.0,50,4111.33161
-15.0,50,4113.626829
-49.0,50,4115.92434
-34.0,50,4118.28886
-28.0,50,4120.562975
-15.0,50,4122.880134
-50.0,50,4125.209365
-23.0,50,4127.507977
-13.0,50,4129.772412
-12.0,50,4132.091748
-26.0,50,4134.414598
-50.0,50,4136.68854
-50.0,50,4138.992207
-50.0,50,4141.285283
-12.0,50,4143.596469
-12.0,50,4145.875865
-50.0,50,4148.190038
-50.0,50,4150.489574
-25.0,50,4152.800345
-34.0,50,4155.069895
-8.0,50,4157.385041
-50.0,50,4159.644217
-50.0,50,4161.985087
-6.0,50,4164.271992
-23.0,50,4166.552835
-20.0,50,4168.824095
-43.0,50,4171.126777
-50.0,50,4173.414132
-45.0,50,4175.731759
-31.0,50,4178.07137
-37.0,50,4180.365251
-7.0,50,4182.629461
-50.0,50,4184.964807
-12.0,50,4187.260176
-50.0,50,4189.546786
-36.0,50,4191.832589
-50.0,50,4194.150049
-35.0,50,4196.448938
-6.0,50,4198.755265
-50.0,50,4201.049254
-47.0,50,4201.417757
-9.0,50,4201.802854
-50.0,50,4202.196588
-9.0,50,4202.553798
-10.0,50,4202.938967
-50.0,50,4203.308669
-8.0,50,4203.694054
-11.0,50,4204.111426
-11.0,50,4204.487641
-50.0,50,4204.858801
-17.0,50,4207.116361
-50.0,50,4209.439164
-22.0,50,4211.736666
-22.0,50,4214.0442
-16.0,50,4216.326945
-50.0,50,4218.638783
-20.0,50,4220.955398
-29.0,50,4223.259937
-8.0,50,4225.59329
-50.0,50,4227.914401
-11.0,50,4230.198485
-50.0,50,4232.475283
-50.0,50,4234.773216
-38.0,50,4237.072639
-28.0,50,4239.410971
-50.0,50,4241.659324
-50.0,50,4244.039567
-13.0,50,4246.32975
-13.0,50,4248.633015
-35.0,50,4250.936691
-50.0,50,4253.258641
-50.0,50,4255.531846
-20.0,50,4257.826818
-8.0,50,4260.126859
-15.0,50,4262.471538
-48.0,50,4264.762741
-49.0,50,4267.040609
-17.0,50,4269.364996
-42.0,50,4271.669219
-50.0,50,4273.907373
-50.0,50,4276.231197
-50.0,50,4278.531916
-18.0,50,4280.824713
-50.0,50,4283.124257
-15.0,50,4285.423184
-50.0,50,4287.744197
-50.0,50,4290.025784
-13.0,50,4292.320706
-30.0,50,4294.66168
-50.0,50,4296.931489
-50.0,50,4299.212769
-50.0,50,4301.503083
-43.0,50,4303.794431
-3.0,50,4306.114455
-44.0,50,4308.410305
-50.0,50,4310.705025
-50.0,50,4313.012849
0.0,50,4315.290766
-50.0,50,4317.597217
-4.0,50,4319.922259
-50.0,50,4320.298241
-7.0,50,4320.690812
-50.0,50,4321.043162
-50.0,50,4321.386877
-7.0,50,4321.736353
-47.0,50,4322.076028
-8.0,50,4322.459764
-19.0,50,4322.8343
-7.0,50,4323.227621
-35.0,50,4323.705797
-4.0,50,4326.032687
-19.0,50,4328.351651
-17.0,50,4330.661355
-50.0,50,4332.989291
-9.0,50,4335.308759
-34.0,50,4337.594592
-35.0,50,4339.875401
-50.0,50,4342.20742
-50.0,50,4344.509916
-15.0,50,4346.803041
-17.0,50,4349.101493
-50.0,50,4351.34843
0.0,50,4353.67616
-20.0,50,4355.989919
0.0,50,4358.242511
-46.0,50,4360.552364
-50.0,50,4362.879455
-6.0,50,4365.155081
-10.0,50,4367.494757
-18.0,50,4369.779859
-50.0,50,4372.113486
-50.0,50,4374.371544
-50.0,50,4376.696429
-50.0,50,4378.977908
-50.0,50,4381.284705
-50.0,50,4383.590538
-50.0,50,4385.837016
-50.0,50,4388.183967
-7.0,50,4390.405577
-50.0,50,4392.753534
-5.0,50,4395.080157
-49.0,50,4397.346908
-16.0,50,4399.645127
-50.0,50,4401.946755
-50.0,50,4404.214772
-47.0,50,4406.519112
-35.0,50,4408.798873
-50.0,50,4411.100889
-50.0,50,4413.393947
-50.0,50,4415.674402
-13.0,50,4417.993855
-39.0,50,4420.313976
-50.0,50,4422.604676
-14.0,50,4424.87987
-31.0,50,4427.232993
-14.0,50,4429.489912
-45.0,50,4431.818017
-27.0,50,4434.107625
-50.0,50,4436.423671
-16.0,50,4438.746084
-11.0,50,4439.110432
-4.0,50,4439.4932
-45.0,50,4439.854635
-5.0,50,4440.239371
-8.0,50,4440.589483
-50.0,50,4440.953555
-50.0,50,4441.320558
-17.0,50,4441.706238
-5.0,50,4442.075561
-50.0,50,4442.535694
-27.0,50,4444.82237
-10.0,50,4447.156647
-50.0,50,4449.444175
-50.0,50,4451.76643
-27.0,50,4454.089288
-50.0,50,4456.355716
-11.0,50,4458.672164
-31.0,50,4460.969255
0.0,50,4463.303085
-17.0,50,4465.575674
-21.0,50,4467.882798
-9.0,50,4470.1483
-10.0,50,4472.527622
-35.0,50,4474.840955
-6.0,50,4477.108647
-50.0,50,4479.369287
-50.0,50,4481.670329
-34.0,50,4483.99003
-26.0,50,4486.26274
-48.0,50,4488.599466
-45.0,50,4490.860357
-13.0,50,4493.163578
-50.0,50,4495.455159
-50.0,50,4497.729976
-47.0,50,4500.05402
-19.0,50,4502.345296
-32.0,50,4504.70692
-50.0,50,4507.010919
-50.0,50,4509.293197
-15.0,50,4511.555466
-24.0,50,4513.884287
-47.0,50,4516.179135
-45.0,50,4518.477415
-50.0,50,4520.795914
-50.0,50,4523.094241
-2.0,50,4525.407329
-50.0,50,4527.683287
-44.0,50,4530.017198
-45.0,50,4532.31066
-47.0,50,4534.629235
-50.0,50,4536.920903
-50.0,50,4539.244746
-50.0,50,4541.574825
-24.0,50,4543.869407
-50.0,50,4546.187538
-40.0,50,4548.51695
-40.0,50,4550.781258
-36.0,50,4553.127995
-23.0,50,4555.383739
-50.0,50,4557.701077
-50.0,50,4558.068099
-12.0,50,4558.406367
-16.0,50,4558.759543
-10.0,50,4559.102256
-12.0,50,4559.477096
-21.0,50,4559.817845
-4.0,50,4560.166857
-6.0,50,4560.552396
-50.0,50,4560.906346
-50.0,50,4561.590263
-31.0,50,4563.86517
-42.0,50,4566.202005
-47.0,50,4568.507249
-15.0,50,4570.791666
-50.0,50,4573.102691
-50.0,50,4575.420871
-37.0,50,4577.717102
-49.0,50,4580.018472
-50.0,50,4582.348055
-47.0,50,4584.64818
-41.0,50,4586.94173
-50.0,50,4589.255468
-37.0,50,4591.512715
-44.0,50,4593.822115
-5.0,50,4596.093649
-19.0,50,4598.435855
-18.0,50,4600.774927
-10.0,50,4603.05684
-28.0,50,4605.373476
-4.0,50,4607.654441
-41.0,50,4609.94055
-50.0,50,4612.246004
-50.0,50,4614.549334
-50.0,50,4616.857445
-28.0,50,4619.130275
-50.0,50,4621.444903
-9.0,50,4623.760254
-16.0,50,4626.057336
-50.0,50,4628.349861
-50.0,50,4630.639921
-46.0,50,4632.908894
-50.0,50,4635.217822
-50.0,50,4637.513339
-16.0,50,4639.805218
-50.0,50,4642.088665
-50.0,50,4644.381474
-50.0,50,4646.663287
-24.0,50,4648.976593
-50.0,50,4651.313287
-50.0,50,4653.617946
-17.0,50,4655.909525
-9.0,50,4658.210813
0.0,50,4660.528919
-20.0,50,4662.872782
-50.0,50,4665.158127
-49.0,50,4667.428061
-31.0,50,4669.766709
-50.0,50,4672.021096
-45.0,50,4674.32694
-14.0,50,4676.657273
-14.0,50,4677.011824
-50.0,50,4677.403983
-12.0,50,4677.817751
-10.0,50,4678.235254
-5.0,50,4678.597258
-14.0,50,4678.980896
-50.0,50,4679.378317
-50.0,50,4679.773318
-50.0,50,4680.136288
-14.0,50,4680.507409
-50.0,50,4682.819957
-16.0,50,4685.110939
-43.0,50,4687.401491
-28.0,50,4689.69927
-50.0,50,4692.002626
-50.0,50,4694.310707
-38.0,50,4696.626605
-50.0,50,4698.934643
-9.0,50,4701.255592
-50.0,50,4703.499961
-50.0,50,4705.837345
-1.0,50,4708.111557
-50.0,50,4710.437292
-50.0,50,4712.703691
-48.0,50,4715.063469
-21.0,50,4717.352967
-50.0,50,4719.624035
-50.0,50,4721.932124
-50.0,50,4724.211887
-32.0,50,4726.512441
-50.0,50,4728.82392
-40.0,50,4731.129522
-30.0,50,4733.401308
-20.0,50,4735.681978
-40.0,50,4737.982296
-8.0,50,4740.252403
-12.0,50,4742.580174
-26.0,50,4744.912796
-27.0,50,4747.208859
-8.0,50,4749.500438
-37.0,50,4751.804889
-41.0,50,4754.100878
-39.0,50,4756.421376
-43.0,50,4758.679949
-25.0,50,4760.998065
-18.0,50,4763.326966
-19.0,50,4765.625413
-33.0,50,4767.914309
-50.0,50,4770.237094
-50.0,50,4772.537537
-50.0,50,4774.839
-50.0,50,4777.144039
-6.0,50,4779.476205
-15.0,50,4781.790905
-50.0,50,4784.092259
-15.0,50,4786.393776
-50.0,50,4788.691971
-10.0,50,4790.967456
0.0,50,4793.279747
-7.0,50,4795.58062
-10.0,50,4795.92444
-50.0,50,4796.32445
-49.0,50,4796.6822
-50.0,50,4797.049472
-6.0,50,4797.409223
-3.0,50,4797.764603
-23.0,50,4798.117037
-12.0,50,4798.497579
-3.0,50,4798.867676
-50.0,50,4799.401377
-50.0,50,4801.741514
-27.0,50,4804.033353
-14.0,50,4806.361914
-15.0,50,4808.642286
-50.0,50,4810.946293
-48.0,50,4813.289946
-45.0,50,4815.556977
-24.0,50,4817.904068
-50.0,50,4820.210538
-50.0,50,4822.510439
-50.0,50,4824.780685
-28.0,50,4827.083299
-50.0,50,4829.41023
-24.0,50,4831.702952
-12.0,50,4833.951458
-17.0,50,4836.253096
-30.0,50,4838.550387
-13.0,50,4840.847863
-50.0,50,4843.117422
-40.0,50,4845.374237
-20.0,50,4847.730922
-50.0,50,4850.058668
-29.0,50,4852.331388
-50.0,50,4854.620737
0.0,50,4856.965989
-50.0,50,4859.257081
-28.0,50,4861.538441
-30.0,50,4863.861309
-44.0,50,4866.172868
-50.0,50,4868.487436
-18.0,50,4870.786641
-24.0,50,4873.108341
-41.0,50,4875.423692
-14.0,50,4877.722294
-50.0,50,4880.038132
-41.0,50,4882.3547
-50.0,50,4884.649251
-6.0,50,4886.947924
-50.0,50,4889.261961
-48.0,50,4891.615704
-50.0,50,4893.884829
-14.0,50,4896.176194
-36.0,50,4898.542486
-50.0,50,4900.850366
-23.0,50,4903.119739
-50.0,50,4905.428046
-35.0,50,4907.768034
-50.0,50,4910.082188
-50.0,50,4912.376127
-6.0,50,4914.665792
-12.0,50,4915.0472
-10.0,50,4915.40537
-15.0,50,4915.791067
-7.0,50,4916.174837
-49.0,50,4916.553724
0.0,50,4916.936435
-10.0,50,4917.317533
-11.0,50,4917.728401
-10.0,50,4918.123125
-50.0,50,4918.516306
-50.0,50,4920.815799
-48.0,50,4923.092023
-50.0,50,4925.376153
-50.0,50,4927.737677
-20.0,50,4930.038717
-12.0,50,4932.32642
-44.0,50,4934.659368
-16.0,50,4936.937957
-50.0,50,4939.264593
-25.0,50,4941.584797
-23.0,50,4943.890044
-50.0,50,4946.230953
-50.0,50,4948.495811
-19.0,50,4950.823159
-50.0,50,4953.122578
-50.0,50,4955.445976
-9.0,50,4957.715572
-50.0,50,4960.036962
-50.0,50,4962.319377
-50.0,50,4964.641446
-24.0,50,4966.961178
-14.0,50,4969.281264
-45.0,50,4971.556215
-31.0,50,4973.872246
-21.0,50,4976.148196
0.0,50,4978.468718
-50.0,50,4980.810554
-50.0,50,4983.104686
-5.0,50,4985.439868
-50.0,50,4987.70541
-33.0,50,4990.021805
0.0,50,4992.355088
-48.0,50,4994.642306
0.0,50,4996.973843
-50.0,50,4999.297521
-50.0,50,5001.588828
-13.0,50,5003.910795
-50.0,50,5006.19062
-40.0,50,5008.48995
-6.0,50,5010.788722
-15.0,50,5013.041836
-25.0,50,5015.373609
-8.0,50,5017.72385
-35.0,50,5019.979372
-45.0,50,5022.331906
-46.0,50,5024.623719
-50.0,50,5026.912916
-50.0,50,5029.237372
-47.0,50,5031.551625
-9.0,50,5033.836124
-5.0,50,5034.243056
-49.0,50,5034.611501
-10.0,50,5034.969227
-13.0,50,5035.329029
-8.0,50,5035.735261
-20.0,50,5036.103852
-12.0,50,5036.485499
-50.0,50,5036.839008
-3.0,50,5037.190831
-50.0,50,5037.674737
-31.0,50,5040.013186
-13.0,50,5042.332074
-50.0,50,5044.626721
-25.0,50,5046.90578
-50.0,50,5049.193185
-50.0,50,5051.543677
0.0,50,5053.787787
-25.0,50,5056.154011
-50.0,50,5058.465021
-17.0,50,5060.769179
-8.0,50,5063.086425
-50.0,50,5065.365629
-22.0,50,5067.675598
-50.0,50,5070.016942
-50.0,50,5072.289707
-50.0,50,5074.575968
-21.0,50,5076.881609
-15.0,50,5079.187069
-32.0,50,5081.475523
-39.0,50,5083.775478
-14.0,50,5086.079041
-50.0,50,5088.394325
-16.0,50,5090.690952
-8.0,50,5092.996179
-50.0,50,5095.276314
-50.0,50,5097.58755
-50.0,50,5099.908592
-10.0,50,5102.231609
-50.0,50,5104.525223
-50.0,50,5106.826128
-5.0,50,5109.146545
-8.0,50,5111.439183
-50.0,50,5113.744833
-11.0,50,5116.036489
-50.0,50,5118.400708
-8.0,50,5120.742471
-45.0,50,5123.02691
-42.0,50,5125.362993
-50.0,50,5127.630669
-50.0,50,5129.965379
-48.0,50,5132.277992
-7.0,50,5134.655765
-50.0,50,5136.959635
-50.0,50,5139.276668
-50.0,50,5141.624863
-14.0,50,5143.932667
0.0,50,5146.247548
-20.0,50,5148.556709
-50.0,50,5150.847183
-49.0,50,5153.201078
-9.0,50,5153.580365
-16.0,50,5153.950612
-5.0,50,5154.319645
-4.0,50,5154.660139
-49.0,50,5155.053873
-11.0,50,5155.437588
-7.0,50,5155.815148
0.0,50,5156.167601
-47.0,50,5156.545015
-12.0,50,5157.030723
-27.0,50,5159.36843
-50.0,50,5161.693823
-13.0,50,5163.965282
-1.0,50,5166.300036
-50.0,50,5168.566821
-17.0,50,5170.876076
-7.0,50,5173.193105
-33.0,50,5175.477937
-50.0,50,5177.765817
-20.0,50,5180.05383
-8.0,50,5182.400815
-50.0,50,5184.6825
-50.0,50,5187.000852
-50.0,50,5189.312188
-11.0,50,5191.596174
-40.0,50,5193.925998
-47.0,50,5196.250715
-50.0,50,5198.545043
-18.0,50,5200.884367
-50.0,50,5203.209275
-50.0,50,5205.535988
-21.0,50,5207.816209
-50.0,50,5210.144996
-50.0,50,5212.496208
-46.0,50,5214.831574
-50.0,50,5217.090558
-45.0,50,5219.453161
-50.0,50,5221.774472
-48.0,50,5224.089477
-50.0,50,5226.386127
-26.0,50,5228.688375
-50.0,50,5231.014593
-27.0,50,5233.312693
0.0,50,5235.601621
-50.0,50,5237.911122
-50.0,50,5240.257094
-49.0,50,5242.574213
-50.0,50,5244.884433
-18.0,50,5247.212327
-49.0,50,5249.459101
-49.0,50,5251.769053
-7.0,50,5254.12057
-50.0,50,5256.419321
-15.0,50,5258.760331
-11.0,50,5261.043963
-11.0,50,5263.344349
-6.0,50,5265.658871
-50.0,50,5268.001066
-5.0,50,5270.297764
-10.0,50,5272.606305
0.0,50,5272.982562
-39.0,50,5273.351112
-50.0,50,5273.731008
0.0,50,5274.099483
-50.0,50,5274.491549
-47.0,50,5274.863443
-8.0,50,5275.271482
-20.0,50,5275.666303
-50.0,50,5276.004508
-50.0,50,5276.426705
-50.0,50,5278.773177
-50.0,50,5281.074074
-17.0,50,5283.38417
-26.0,50,5285.729283
-50.0,50,5288.052572
-50.0,50,5290.343783
-47.0,50,5292.63403
-39.0,50,5294.919374
-10.0,50,5297.248727
-50.0,50,5299.549972
-49.0,50,5301.846511
-50.0,50,5304.199346
-50.0,50,5306.491717
-9.0,50,5308.819958
-42.0,50,5311.120584
-50.0,50,5313.434713
0.0,50,5315.749926
-50.0,50,5318.055092
-50.0,50,5320.374436
-17.0,50,5322.68371
-16.0,50,5325.013435
-43.0,50,5327.346678
-35.0,50,5329.642787
-36.0,50,5331.973125
-50.0,50,5334.26334
0.0,50,5336.557633
-50.0,50,5338.8892
-49.0,50,5341.205146
-35.0,50,5343.486538
-49.0,50,5345.834166
-28.0,50,5348.128846
-26.0,50,5350.431444
-50.0,50,5352.716053
-10.0,50,5355.002791
-21.0,50,5357.346306
-50.0,50,5359.678103
-8.0,50,5361.947748
-11.0,50,5364.265358
-50.0,50,5366.552677
-44.0,50,5368.869192
-50.0,50,5371.194699
-50.0,50,5373.479686
-50.0,50,5375.816101
-17.0,50,5378.122926
-50.0,50,5380.424431
-24.0,50,5382.766525
-50.0,50,5385.054887
-45.0,50,5387.368802
-50.0,50,5389.639889
-6.0,50,5391.990511
-5.0,50,5392.354749
-50.0,50,5392.716156
-6.0,50,5393.088027
-12.0,50,5393.477947
-13.0,50,5393.878762
-10.0,50,5394.238503
-10.0,50,5394.620124
-13.0,50,5395.013954
-8.0,50,5395.397255
-50.0,50,5395.833677
-50.0,50,5398.14019
-50.0,50,5400.435548
0.0,50,5402.758879
-27.0,50,5405.108343
-44.0,50,5407.363429
-4.0,50,5409.698264
-50.0,50,5412.014047
-37.0,50,5414.312574
-16.0,50,5416.650411
-50.0,50,5418.954265
-22.0,50,5421.252488
-6.0,50,5423.572655
-39.0,50,5425.890238
-50.0,50,5428.197058
-5.0,50,5430.486866
-47.0,50,5432.814003
-13.0,50,5435.153144
-31.0,50,5437.451671
-8.0,50,5439.757637
-50.0,50,5442.049542
-47.0,50,5444.39062
-14.0,50,5446.698997
-16.0,50,5448.982371
-50.0,50,5451.296234
-30.0,50,5453.620061
-24.0,50,5455.922499
-48.0,50,5458.185145
-27.0,50,5460.528534
-38.0,50,5462.815735
-10.0,50,5465.140518
-14.0,50,5467.417762
-25.0,50,5469.740134
-27.0,50,5472.071912
-50.0,50,5474.368113
-50.0,50,5476.664809
-50.0,50,5478.993706
-27.0,50,5481.276645
-50.0,50,5483.601099
-50.0,50,5485.915567
-50.0,50,5488.210583
-46.0,50,5490.548382
-50.0,50,5492.844487
-4.0,50,5495.147978
-46.0,50,5497.478216
-50.0,50,5499.764054
-26.0,50,5502.069949
-21.0,50,5504.397052
-11.0,50,5506.697348
-5.0,50,5509.041116
-4.0,50,5511.358408
-20.0,50,5511.728332
-11.0,50,5512.084168
-16.0,50,5512.445212
-4.0,50,5512.832992
-5.0,50,5513.212953
-8.0,50,5513.598523
-11.0,50,5513.971295
-8.0,50,5514.311201
0.0,50,5514.69293
-24.0,50,5515.153362
-50.0,50,5517.462975
-50.0,50,5519.811052
-4.0,50,5522.108651
-12.0,50,5524.411002
0.0,50,5526.7531
-11.0,50,5529.064306
-50.0,50,5531.361492
-17.0,50,5533.659542
-21.0,50,5535.971678
-50.0,50,5538.306609
-32.0,50,5540.622746
-8.0,50,5542.929868
-50.0,50,5545.242186
-38.0,50,5547.54147
-50.0,50,5549.861586
-23.0,50,5552.160637
-47.0,50,5554.506287
-31.0,50,5556.806596
-49.0,50,5559.094459
-50.0,50,5561.418167
-50.0,50,5563.768853
-50.0,50,5566.049817
-50.0,50,5568.374506
-25.0,50,5570.685792
-50.0,50,5572.963151
-33.0,50,5575.287771
-4.0,50,5577.634413
-20.0,50,5579.908384
-50.0,50,5582.224144
-11.0,50,5584.55809
-50.0,50,5586.838811
-46.0,50,5589.152783
-39.0,50,5591.512063
-49.0,50,5593.788849
-50.0,50,5596.097994
-28.0,50,5598.422182
-50.0,50,5600.707469
-18.0,50,5603.024959
-19.0,50,5605.306277
-22.0,50,5607.58388
-40.0,50,5609.9137
-50.0,50,5612.205752
-11.0,50,5614.48629
-27.0,50,5616.781406
-50.0,50,5619.083916
-39.0,50,5621.388873
-50.0,50,5623.715929
-50.0,50,5626.025023
-9.0,50,5628.323439
-7.0,50,5630.66113
-17.0,50,5631.046772
-50.0,50,5631.453193
-46.0,50,5631.822967
-5.0,50,5632.183614
-4.0,50,5632.568293
-7.0,50,5632.968447
-8.0,50,5633.37049
-11.0,50,5633.761007
-4.0,50,5634.103244
-22.0,50,5634.499949
-50.0,50,5636.779837
-48.0,50,5639.108627
-46.0,50,5641.423751
-50.0,50,5643.70878
-18.0,50,5646.066426
-46.0,50,5648.399737
-21.0,50,5650.680603
-50.0,50,5652.985677
-50.0,50,5655.280807
-20.0,50,5657.561728
-49.0,50,5659.871878
-15.0,50,5662.182132
-24.0,50,5664.539357
-26.0,50,5666.874735
-24.0,50,5669.186509
-50.0,50,5671.50367
-42.0,50,5673.811832
-50.0,50,5676.145549
0.0,50,5678.414023
-50.0,50,5680.775734
-35.0,50,5683.085303
-50.0,50,5685.371911
-50.0,50,5687.68312
-20.0,50,5689.99278
-50.0,50,5692.265586
-39.0,50,5694.617192
-8.0,50,5696.972086
-50.0,50,5699.277354
-50.0,50,5701.590607
-10.0,50,5703.888927
-50.0,50,5706.185817
-50.0,50,5708.504975
-50.0,50,5710.801478
-44.0,50,5713.130116
-50.0,50,5715.419543
-50.0,50,5717.750847
-50.0,50,5720.034682
-11.0,50,5722.346186
-10.0,50,5724.609142
0.0,50,5726.96999
-50.0,50,5729.262447
-17.0,50,5731.576702
-17.0,50,5733.903244
-4.0,50,5736.203866
-21.0,50,5738.524167
-12.0,50,5740.842732
-43.0,50,5743.131988
-50.0,50,5745.458702
-50.0,50,5747.726593
-50.0,50,5750.099141
-13.0,50,5750.465335
-6.0,50,5750.862731
-11.0,50,5751.233369
-11.0,50,5751.633265
-47.0,50,5752.00283
-7.0,50,5752.371366
-7.0,50,5752.783209
-4.0,50,5753.168641
-12.0,50,5753.511965
-50.0,50,5753.893498
-32.0,50,5756.214013
-15.0,50,5758.537416
-50.0,50,5760.829399
-50.0,50,5763.137018
-50.0,50,5765.46337
-9.0,50,5767.798438
-50.0,50,5770.106882
-50.0,50,5772.412448
-45.0,50,5774.738703
-50.0,50,5777.025292
-8.0,50,5779.360748
-50.0,50,5781.625591
-50.0,50,5783.992107
-26.0,50,5786.289488
-11.0,50,5788.585571
-49.0,50,5790.892807
-10.0,50,5793.201611
-25.0,50,5795.557844
-50.0,50,5797.849876
0.0,50,5800.199906
-50.0,50,5802.549838
-50.0,50,5804.822387
-7.0,50,5807.118913
-50.0,50,5809.42672
-4.0,50,5811.679965
-29.0,50,5814.063518
-16.0,50,5816.385601
-50.0,50,5818.716968
-25.0,50,5821.024694
-50.0,50,5823.294466
-47.0,50,5825.641184
-44.0,50,5827.929253
-50.0,50,5830.254446
-8.0,50,5832.583308
-42.0,50,5834.907045
-50.0,50,5837.196615
-50.0,50,5839.567147
-44.0,50,5841.846821
-48.0,50,5844.141304
-8.0,50,5846.455814
-39.0,50,5848.79244
-48.0,50,5851.117352
-46.0,50,5853.416455
-50.0,50,5855.758431
-44.0,50,5858.052028
-15.0,50,5860.342416
-46.0,50,5862.663073
-13.0,50,5864.95124
-50.0,50,5867.276744
-50.0,50,5869.621882
0.0,50,5870.001726
-12.0,50,5870.380833
-47.0,50,5870.794168
-14.0,50,5871.142135
-49.0,50,5871.503322
-13.0,50,5871.864098
-5.0,50,5872.217295
-8.0,50,5872.587254
-9.0,50,5872.974113
-7.0,50,5873.457851
-50.0,50,5875.790184
-48.0,50,5878.171575
-50.0,50,5880.456643
-50.0,50,5882.784402
-6.0,50,5885.104194
-23.0,50,5887.420938
-49.0,50,5889.692349
-50.0,50,5891.9909
-50.0,50,5894.325674
-11.0,50,5896.649385
-50.0,50,5898.940641
-50.0,50,5901.239379
-34.0,50,5903.629115
-39.0,50,5905.911443
-11.0,50,5908.228648
-9.0,50,5910.544719
-50.0,50,5912.835434
-3.0,50,5915.143229
-33.0,50,5917.506184
-47.0,50,5919.801144
-50.0,50,5922.141389
-50.0,50,5924.461001
-50.0,50,5926.788971
-50.0,50,5929.097572
-50.0,50,5931.448398
-11.0,50,5933.751667
-12.0,50,5936.041332
-47.0,50,5938.399194
-16.0,50,5940.686008
-50.0,50,5943.021294
-50.0,50,5945.340745
0.0,50,5947.620894
-50.0,50,5949.96278
-16.0,50,5952.284195
-35.0,50,5954.562475
-30.0,50,5956.865313
-45.0,50,5959.183708
-42.0,50,5961.492255
-10.0,50,5963.778434
-39.0,50,5966.091242
-50.0,50,5968.40221
-14.0,50,5970.732385
-20.0,50,5973.049095
-14.0,50,5975.322026
-50.0,50,5977.647949
-50.0,50,5979.955453
-5.0,50,5982.298666
-6.0,50,5984.609602
-18.0,50,5986.935419
-4.0,50,5989.241755
-42.0,50,5989.648525
-14.0,50,5990.001618
-44.0,50,5990.388609
-50.0,50,5990.767785
-10.0,50,5991.103904
-15.0,50,5991.469853
-14.0,50,5991.846626
-5.0,50,5992.255206
-4.0,50,5992.624393
-36.0,50,5993.081486
-50.0,50,5995.391476
-50.0,50,5997.678711
-18.0,50,6000.017509
-50.0,50,6002.296151
-44.0,50,6004.624948
-44.0,50,6006.977015
-4.0,50,6009.27776
-50.0,50,6011.597741
-47.0,50,6013.944184
-50.0,50,6016.321156
-37.0,50,6018.646111
-50.0,50,6020.9585
-48.0,50,6023.273283
-33.0,50,6025.559602
-45.0,50,6027.888504
-50.0,50,6030.221219
-41.0,50,6032.490131
-50.0,50,6034.807167
-50.0,50,6037.139562
-18.0,50,6039.459672
0.0,50,6041.756515
-50.0,50,6044.128373
-36.0,50,6046.414944
-44.0,50,6048.687746
-47.0,50,6051.051635
-11.0,50,6053.364811
-10.0,50,6055.665034
-34.0,50,6057.953058
-6.0,50,6060.237494
-50.0,50,6062.554874
0.0,50,6064.896806
-24.0,50,6067.185846
-21.0,50,6069.520568
-47.0,50,6071.826426
-50.0,50,6074.173043
-50.0,50,6076.49409
-50.0,50,6078.806991
-28.0,50,6081.106322
0.0,50,6083.45286
-50.0,50,6085.748578
-50.0,50,6088.016475
-45.0,50,6090.346846
-46.0,50,6092.634507
-50.0,50,6094.949153
0.0,50,6097.21296
-50.0,50,6099.569852
-50.0,50,6101.883231
-42.0,50,6104.195154
-37.0,50,6106.460879
-4.0,50,6108.781531
-9.0,50,6109.15866
-9.0,50,6109.543014
-50.0,50,6109.925985
-15.0,50,6110.289566
0.0,50,6110.648191
-14.0,50,6111.064438
-7.0,50,6111.475039
-10.0,50,6111.843618
-44.0,50,6112.211467
-16.0,50,6112.669557
-34.0,50,6114.987525
-8.0,50,6117.313695
-50.0,50,6119.59777
-13.0,50,6121.961215
-50.0,50,6124.264361
-50.0,50,6126.576638
0.0,50,6128.867917
-50.0,50,6131.190437
-49.0,50,6133.475101
-18.0,50,6135.817972
-50.0,50,6138.146844
-32.0,50,6140.441318
-50.0,50,6142.779567
-5.0,50,6145.061736
-50.0,50,6147.402648
-28.0,50,6149.727019
-32.0,50,6152.054375
-50.0,50,6154.366386
-50.0,50,6156.677733
-32.0,50,6158.98931
-50.0,50,6161.320958
-50.0,50,6163.615441
-34.0,50,6165.924884
-43.0,50,6168.213996
-21.0,50,6170.53241
-50.0,50,6172.878314
-6.0,50,6175.18229
-46.0,50,6177.51931
-11.0,50,6179.846905
-38.0,50,6182.130936
-49.0,50,6184.502098
-9.0,50,6186.828039
-22.0,50,6189.152881
-32.0,50,6191.44825
-49.0,50,6193.780596
-10.0,50,6196.059936
-44.0,50,6198.368788
-50.0,50,6200.668277
-15.0,50,6202.960709
-48.0,50,6205.304942
-50.0,50,6207.644323
-33.0,50,6209.949887
-46.0,50,6212.29186
-50.0,50,6214.571901
-50.0,50,6216.928067
-50.0,50,6219.223149
-44.0,50,6221.553243
-22.0,50,6223.832481
-50.0,50,6226.176921
-10.0,50,6228.491538
-16.0,50,6228.866802
-7.0,50,6229.240496
-9.0,50,6229.587507
-6.0,50,6229.991395
-6.0,50,6230.413792
-5.0,50,6230.763784
-49.0,50,6231.168242
-49.0,50,6231.517776
0.0,50,6231.890692
