<mujoco model="ridgeback_ur5_robotiq_two_finger_gripper">
    <compiler angle="radian" />
    <size njmax="500" nconmax="100" />

    <asset>
        <include file="include/table_assets.xml"/>
        <include file="include/robot_assets.xml"/>
    </asset>

    <worldbody>
        <geom name="tableTop" material="MatGnd" type="plane" pos="0. 0. -0.3168" size="3.3 3.3 0.5" rgba="1. 1. 1. 1" contype="1" conaffinity="1"/>
        <include file="include/robot.xml"/>
    </worldbody>

    <include file="include/actuators.xml"/>
</mujoco>
