<!-- ======================================================
	Model 		:: Fetch_pole
		
	Mujoco		:: Advanced physics simulation engine
		Source		: www.roboti.us
		Version		: 1.50
		Released 	: 23Apr'17
		
	Author		:: Vikash Kumar
		Contacts 	: vikash@cs.washington.edu
		Last edits 	: 09May'18
		
	Copyright 2016 Vikash Kumar
		Licensed under Apache License, Version 2.0 (the "License"); you may not use this file except in compliance with the License. You may obtain a copy of the License at http://www.apache.org/licenses/LICENSE-2.0 Unless required by applicable law or agreed to in writing, software distributed under the License is distributed on an "AS IS" BASIS, WITHOUT WARRANTIES OR CONDITIONS OF ANY KIND, either express or implied. See the License for the specific language governing permissions and limitations under the License.
====================================================== -->

<mujoco model="fetch_pole(v150)">
	
	<!--assets-->
	<include file="robot/fetch/asset.xml"/>
	<asset>
        <texture name="texplane" type="2d" builtin="checker" rgb1=".2 .3 .4" rgb2=".1 0.15 0.2" width="100" height="100"/>  
        <material name='MatPlane' reflectance='0.5' texture="texplane" texrepeat="1 1" texuniform="true"/>
    </asset>
	
	<worldbody>
		<geom name='floor' pos='0 0 0' size='10 10 0.125' type='plane' material="MatPlane" condim='3'/>
		<light directional="false" cutoff="35" exponent="10" diffuse=".7 .7 .7" pos="1 -0.2 2.5" dir="-0.4 1 -1.5" specular=".3 .3 .3"/>	
		<site name='target' pos='1 .8 1.3' type='capsule' size='.02 .5' rgba='0 1 .4 .2'/>
		
		<!--FETCH-->
		<include file="robot/fetch/chain.xml"/>
		
		<!--POLE-->
		<body name='pole' pos='0.3 1.3 1.4' euler='.02 .03 .01'>
			<geom type='capsule' size='.02 .5' rgba='.9 .8 .95 1'/>
			<joint type='free' damping='0' limited='false'/>
		</body>
	</worldbody>

</mujoco>
