<!-- ======================================================
	Model 		:: Fetch with teleOp environment
		
	Mujoco		:: Advanced physics simulation engine
		Source		: www.roboti.us
		Version		: 1.50
		Released 	: 23Apr'17
		
	Author		:: Vikash Kumar
		Contacts 	: vikash@cs.washington.edu
		Last edits 	: 09May'18
		
	Copyright 2016 Vikash Kumar
		Licensed under Apache License, Version 2.0 (the "License"); you may not use this file except in compliance with the License. You may obtain a copy of the License at http://www.apache.org/licenses/LICENSE-2.0 Unless required by applicable law or agreed to in writing, software distributed under the License is distributed on an "AS IS" BASIS, WITHOUT WARRANTIES OR CONDITIONS OF ANY KIND, either express or implied. See the License for the specific language governing permissions and limitations under the License.
====================================================== -->


<mujoco model="fetch_teleOP(v150)">

	<include file="robot/fetch/asset.xml"/>
	<include file="door/asset.xml"/>
	<include file="table/asset.xml"/>
	<asset>
        <texture name="texplane" type="2d" builtin="checker" rgb1=".2 .3 .4" rgb2=".1 0.15 0.2" width="100" height="100"/>  
        <material name='MatPlane' reflectance='0.5' texture="texplane" texrepeat="1 1" texuniform="true"/>
        <texture name="texobj" type="cube" file="texture/marble.png"/>
		<material name="geomObj" texture="texobj" specular="0.95" shininess=".03" rgba=".8 .8 .8 1"/>
    </asset>
	
	<!-- Bind mocap -->
	<equality>
        <weld body1="mocap0" body2="gripper_link" solref="0.01 1" solimp=".02 .1 0.050"/>
	</equality>
	
	<worldbody>
	
		<geom name='floor' pos='0 0 0' size='10 10 0.125' type='plane' material="MatPlane" condim='3'/>
		<light directional="false" cutoff="35" exponent="10" diffuse=".7 .7 .7" pos="1 -0.2 2.5" dir="-0.4 1 -1.5" specular=".3 .3 .3"/>
		
		<!--Mocap body for tele-op-->
		<body name="mocap0" mocap="true" pos="0.300 1.234 0.786" euler="1.57 0 0">
            <geom type="mesh" mesh="gripper_link" group="2" euler="1.57 0 -1.57" contype="0" conaffinity="0" rgba=".5 .5 .5 0.15" pos="0 0 -0.16645"/>
			<geom type="mesh" mesh="wrist_roll_link" group="2" euler="0 1.57 0" contype="0" conaffinity="0" rgba=".5 .5 .5 0.15"/>
        </body>

		<include file="robot/fetch/chain.xml"/>
		
		<body name="Table" pos="0.3 1 0.5">
			<include file="table/chain.xml"/>	
		</body>
		
		<body name="DoorLR" pos="0.075 0.45 0.57" euler="0 0 1.57">
			<include file="door/chain0.xml"/>	
		</body>
		
		<body name="DoorUR" pos="0.075 0.45 1.175" euler="0 0 1.57">
			<include file="door/chain1.xml"/>	
		</body>
		
		<body name="Shelf" pos="-.7 -.2 0.5">
			<include file="shelf/chain.xml"/>	
		</body>
		
		<body name="obj0" pos=".9 .7 .6" euler="0 0 -.4">
			<geom type="box" size=".1 .03 .03" rgba="0.2 0.7 0.9 1.0" material="geomObj"/>
			<joint type="free" limited="false"/>
		</body>
		<body name="obj1" pos=".9 1.0 .6" euler="0 0 .1">
			<geom type="box" size=".03 .03 .1" rgba="0.9 0.7 0.7 1.0" material="geomObj"/>
			<joint type="free" limited="false"/>
		</body>
		<body name="obj2" pos=".6 1.1 .6" euler="0 0 .2">
			<geom type="box" size=".03 .03 .1" rgba="0.8 0.7 0.9 1.0" material="geomObj"/>
			<joint type="free" limited="false"/>
		</body>
		<body name="obj3" pos=".75 1.0 0.7" euler="0 0 -.2">
			<geom type="box" size=".03 .03 .1" rgba="0.7 0.9 0.9 1.0" material="geomObj"/>
			<joint type="free" limited="false"/>
		</body>
		<body name="obj4" pos=".8 0.8 .8"  euler="0 0 .5">
			<geom type="box" size=".1 .03 .03" rgba="0.8 0.9 0.7 1.0" material="geomObj"/>
			<joint type="free" limited="false"/>
		</body>
	</worldbody>

</mujoco>