# {"env_id": "FetchToss-v12", "t_start": 1585310729.0927358} 
r,l,t
-50.0,50,6.81741
-50.0,50,9.627131
-50.0,50,12.215635
-50.0,50,14.781401
-50.0,50,17.375785
-50.0,50,19.968809
-50.0,50,22.539023
-50.0,50,25.085361
-50.0,50,27.65273
-50.0,50,30.298823
-50.0,50,32.883472
-50.0,50,35.47872
-50.0,50,38.041058
-50.0,50,40.554106
-50.0,50,43.142332
-50.0,50,45.72534
-50.0,50,48.309731
-50.0,50,50.915447
-50.0,50,53.475451
-50.0,50,56.063441
-50.0,50,58.678056
-50.0,50,61.247355
-50.0,50,63.83198
-50.0,50,66.412514
-50.0,50,68.972266
-50.0,50,71.611483
-50.0,50,74.219512
-50.0,50,76.808122
-50.0,50,79.332979
-50.0,50,81.89541
-50.0,50,84.449655
-50.0,50,87.07155
-50.0,50,89.625719
-50.0,50,92.249592
-50.0,50,94.841244
-50.0,50,97.410841
-50.0,50,100.011989
-50.0,50,102.581384
-50.0,50,105.120276
-48.0,50,107.705655
-50.0,50,110.261825
-50.0,50,112.838553
-50.0,50,115.439473
-50.0,50,118.011211
-50.0,50,120.61955
-50.0,50,123.147959
-50.0,50,125.75791
-50.0,50,128.326787
-50.0,50,130.910494
-50.0,50,133.458462
-50.0,50,136.131032
-50.0,50,136.536525
-50.0,50,136.956723
-50.0,50,137.372932
-50.0,50,137.811747
-50.0,50,138.24855
-50.0,50,138.737125
-50.0,50,139.198475
-50.0,50,139.650537
-50.0,50,140.120853
-50.0,50,140.724695
-50.0,50,143.304816
-50.0,50,145.916734
-50.0,50,148.486494
-50.0,50,151.101468
-50.0,50,153.656262
-50.0,50,156.307808
-50.0,50,158.879808
-50.0,50,161.477742
-50.0,50,164.049794
-50.0,50,166.649389
-50.0,50,169.25623
-50.0,50,171.842519
-50.0,50,174.395307
-50.0,50,176.967727
-50.0,50,179.579342
-50.0,50,182.159887
-50.0,50,184.768076
-50.0,50,187.349124
-50.0,50,189.944246
0.0,50,192.495806
-50.0,50,195.066869
-50.0,50,197.696913
-50.0,50,200.278403
-50.0,50,202.897427
-50.0,50,205.450685
-50.0,50,208.02093
-50.0,50,210.619371
-50.0,50,213.220983
-50.0,50,215.817656
-50.0,50,218.356586
-50.0,50,220.956624
-50.0,50,223.547017
-50.0,50,226.124342
-50.0,50,228.813985
0.0,50,231.377802
-50.0,50,233.953351
-50.0,50,236.581712
-50.0,50,239.125438
-50.0,50,241.812134
-50.0,50,244.382502
-50.0,50,246.982254
-50.0,50,249.63624
-50.0,50,252.20956
-50.0,50,254.865585
-50.0,50,257.467429
-50.0,50,260.073481
-50.0,50,262.714623
-50.0,50,265.346877
-50.0,50,267.962686
-50.0,50,270.578607
-50.0,50,271.01699
-50.0,50,271.437879
-50.0,50,271.939735
-50.0,50,272.380255
-50.0,50,272.817039
-50.0,50,273.250118
-50.0,50,273.68824
-50.0,50,274.128418
-50.0,50,274.543606
-50.0,50,275.408171
-50.0,50,277.967252
-50.0,50,280.590784
-50.0,50,283.211072
-50.0,50,285.802568
-50.0,50,288.415383
-50.0,50,291.031977
-50.0,50,293.609896
-50.0,50,296.204193
-50.0,50,298.789945
-50.0,50,301.430511
-50.0,50,304.01295
-50.0,50,306.620434
-50.0,50,309.245415
-50.0,50,311.825746
-50.0,50,314.403669
-50.0,50,316.98366
-50.0,50,319.556564
-50.0,50,322.146508
-50.0,50,324.789047
-50.0,50,327.42258
-50.0,50,330.029675
-50.0,50,332.695946
-50.0,50,335.297825
-50.0,50,337.943842
-50.0,50,340.515504
-50.0,50,343.126997
-50.0,50,345.755064
-50.0,50,348.315435
-50.0,50,351.010808
-50.0,50,353.534726
-50.0,50,356.129818
0.0,50,358.713016
-50.0,50,361.373656
-50.0,50,363.975289
-50.0,50,366.578384
-50.0,50,369.180278
-50.0,50,371.760589
-50.0,50,374.400997
-50.0,50,376.94444
-50.0,50,379.568151
-50.0,50,382.146136
-50.0,50,384.779251
-50.0,50,387.360287
-50.0,50,389.996798
-50.0,50,392.55543
-50.0,50,395.155787
-50.0,50,397.776702
-50.0,50,400.403284
-50.0,50,403.032577
-50.0,50,405.593405
-50.0,50,406.067513
-50.0,50,406.571951
-50.0,50,407.016605
-50.0,50,407.44681
-50.0,50,407.893583
-50.0,50,408.354674
-50.0,50,408.793889
-50.0,50,409.224254
-50.0,50,409.645571
-50.0,50,410.123502
-50.0,50,412.713777
-50.0,50,415.315557
0.0,50,417.904883
-50.0,50,420.46698
-50.0,50,423.093356
-50.0,50,425.690465
-50.0,50,428.316923
-50.0,50,430.892738
-50.0,50,433.53534
-50.0,50,436.123873
-50.0,50,438.692514
-50.0,50,441.31846
-50.0,50,443.914065
-50.0,50,446.470258
-50.0,50,449.087595
-50.0,50,451.642673
-50.0,50,454.258951
-50.0,50,456.851448
-50.0,50,459.428162
-50.0,50,462.018125
-31.0,50,464.635962
-50.0,50,467.207081
-50.0,50,469.832025
-50.0,50,472.450049
-50.0,50,475.022284
-50.0,50,477.650682
-50.0,50,480.204709
-50.0,50,482.856059
-50.0,50,485.440738
-50.0,50,488.011719
-50.0,50,490.594203
-50.0,50,493.182976
-50.0,50,495.826148
-50.0,50,498.397111
-50.0,50,501.012948
-50.0,50,503.596175
-50.0,50,506.144217
-50.0,50,508.823412
0.0,50,511.432277
-50.0,50,514.002684
-50.0,50,516.601402
-50.0,50,519.219602
-50.0,50,521.852844
-50.0,50,524.433063
-50.0,50,527.058021
-50.0,50,529.665651
-50.0,50,532.321678
-50.0,50,534.880217
-50.0,50,537.518254
-50.0,50,540.158747
-50.0,50,540.587342
-50.0,50,541.008177
0.0,50,541.426756
-50.0,50,541.90544
-50.0,50,542.402048
-50.0,50,542.861104
-50.0,50,543.301724
-50.0,50,543.743826
-50.0,50,544.201485
-50.0,50,544.673454
-50.0,50,547.29273
-50.0,50,549.899567
-50.0,50,552.493585
-50.0,50,555.063665
-50.0,50,557.670897
-50.0,50,560.265998
-50.0,50,562.863955
-50.0,50,565.431419
-50.0,50,568.020075
-50.0,50,570.631622
-50.0,50,573.235262
-50.0,50,575.833155
-50.0,50,578.453376
-50.0,50,581.051629
-50.0,50,583.630158
-50.0,50,586.203038
-50.0,50,588.79968
-50.0,50,591.387596
-50.0,50,594.029178
-50.0,50,596.591744
-50.0,50,599.238867
-50.0,50,601.815416
-50.0,50,604.428698
-50.0,50,607.015515
-37.0,50,609.652471
-50.0,50,612.191609
-50.0,50,614.777952
-50.0,50,617.375936
-50.0,50,619.970563
-50.0,50,622.607937
-50.0,50,625.21388
-50.0,50,627.87773
0.0,50,630.464546
-50.0,50,632.994055
-15.0,50,635.65073
-50.0,50,638.246707
-50.0,50,640.800552
-50.0,50,643.413255
-50.0,50,646.079545
-50.0,50,648.647075
-50.0,50,651.225328
-50.0,50,653.831237
-50.0,50,656.45196
-50.0,50,659.031945
-50.0,50,661.658987
-50.0,50,664.247504
-50.0,50,666.847561
-50.0,50,669.404878
-50.0,50,672.06062
-50.0,50,674.675375
-50.0,50,675.092765
-50.0,50,675.53859
-50.0,50,675.963623
-7.0,50,676.402919
-50.0,50,676.834917
-50.0,50,677.256684
-19.0,50,677.725601
-50.0,50,678.170156
-50.0,50,678.642379
-50.0,50,679.238631
-50.0,50,681.858327
-50.0,50,684.39595
-50.0,50,687.04193
-50.0,50,689.639318
-50.0,50,692.254044
-50.0,50,694.865123
-50.0,50,697.483689
-50.0,50,700.132947
-50.0,50,702.74444
-50.0,50,705.334008
-50.0,50,707.935184
-50.0,50,710.517823
-50.0,50,713.229954
-50.0,50,715.810246
-50.0,50,718.419094
-50.0,50,720.988394
-14.0,50,723.575817
-50.0,50,726.148944
-50.0,50,728.7575
-50.0,50,731.3356
-30.0,50,733.993052
-50.0,50,736.531232
-50.0,50,739.154498
-50.0,50,741.727501
-50.0,50,744.357732
-50.0,50,746.926888
-47.0,50,749.504554
-50.0,50,752.123312
-50.0,50,754.726958
-50.0,50,757.336236
-50.0,50,759.948669
-50.0,50,762.561444
-50.0,50,765.179411
-50.0,50,767.790036
-50.0,50,770.371051
-50.0,50,772.994292
-50.0,50,775.529986
-50.0,50,778.162479
-50.0,50,780.761821
-50.0,50,783.365417
-50.0,50,785.997613
-50.0,50,788.607325
-50.0,50,791.161142
-50.0,50,793.74196
-50.0,50,796.363943
-50.0,50,798.950558
-47.0,50,801.534921
-50.0,50,804.114191
-50.0,50,806.723743
-50.0,50,809.308766
-50.0,50,809.766026
-50.0,50,810.243725
-50.0,50,810.746263
-50.0,50,811.202147
-50.0,50,811.682105
-50.0,50,812.141368
-50.0,50,812.601122
-50.0,50,813.027982
-35.0,50,813.455048
-50.0,50,813.887725
-50.0,50,816.524237
-50.0,50,819.128123
-50.0,50,821.774793
-50.0,50,824.346245
-50.0,50,826.913243
-50.0,50,829.490298
-50.0,50,832.070977
-50.0,50,834.64366
-13.0,50,837.254076
-50.0,50,839.914244
-50.0,50,842.515656
-50.0,50,845.088228
-50.0,50,847.673788
-50.0,50,850.280986
-50.0,50,852.911658
-50.0,50,855.497441
-50.0,50,858.085862
-50.0,50,860.714018
-38.0,50,863.321435
-50.0,50,865.881805
-34.0,50,868.442447
-50.0,50,871.104465
-50.0,50,873.72092
-50.0,50,876.281274
-50.0,50,878.920113
-50.0,50,881.500047
-50.0,50,884.148324
-50.0,50,886.747299
-50.0,50,889.367978
-14.0,50,891.955865
-50.0,50,894.543521
-48.0,50,897.13642
-40.0,50,899.7476
-50.0,50,902.410771
-50.0,50,904.946008
-10.0,50,907.583726
-50.0,50,910.156859
-50.0,50,912.77737
-50.0,50,915.374104
-50.0,50,917.97844
-50.0,50,920.586261
-50.0,50,923.155242
-50.0,50,925.774378
-50.0,50,928.373667
-9.0,50,930.964699
-50.0,50,933.624191
-50.0,50,936.208694
-50.0,50,938.803689
-50.0,50,941.335346
-50.0,50,943.936809
-50.0,50,944.364558
-22.0,50,944.870499
-47.0,50,945.376331
-10.0,50,945.841635
-50.0,50,946.308156
-50.0,50,946.778834
-50.0,50,947.230486
-50.0,50,947.71058
-50.0,50,948.14388
-50.0,50,948.59676
-50.0,50,951.174124
-47.0,50,953.874398
-50.0,50,956.425534
-50.0,50,959.024542
-50.0,50,961.657971
-50.0,50,964.229949
-50.0,50,966.802281
-50.0,50,969.467768
-50.0,50,972.078
-31.0,50,974.66061
-50.0,50,977.27669
-50.0,50,979.88672
-50.0,50,982.513303
-50.0,50,985.126475
-50.0,50,987.765312
-50.0,50,990.365512
-50.0,50,992.954382
-50.0,50,995.568121
-50.0,50,998.154631
-50.0,50,1000.81844
-50.0,50,1003.394599
-50.0,50,1005.974576
-50.0,50,1008.656015
-50.0,50,1011.230081
-50.0,50,1013.81806
-50.0,50,1016.451993
-50.0,50,1019.057052
-47.0,50,1021.676585
-50.0,50,1024.260383
-50.0,50,1026.878145
-49.0,50,1029.494664
-50.0,50,1032.115902
-50.0,50,1034.651646
-50.0,50,1037.276566
-50.0,50,1039.850868
-50.0,50,1042.464365
-11.0,50,1045.071482
-50.0,50,1047.686719
-50.0,50,1050.273275
-28.0,50,1052.876576
-50.0,50,1055.466112
-50.0,50,1058.096645
-50.0,50,1060.669828
-50.0,50,1063.246822
-50.0,50,1065.865047
-50.0,50,1068.468946
-16.0,50,1071.134557
-50.0,50,1073.710752
-50.0,50,1076.324933
-50.0,50,1078.89329
-6.0,50,1079.321757
-50.0,50,1079.770602
-22.0,50,1080.239259
-9.0,50,1080.71762
-9.0,50,1081.143376
-50.0,50,1081.578753
-50.0,50,1081.978908
-50.0,50,1082.428955
-50.0,50,1082.908108
-50.0,50,1083.447399
-14.0,50,1086.051079
-48.0,50,1088.669765
-48.0,50,1091.254907
-50.0,50,1093.809233
-49.0,50,1096.460207
-50.0,50,1099.050648
-50.0,50,1101.640336
-50.0,50,1104.234959
-50.0,50,1106.845552
-31.0,50,1109.408141
-43.0,50,1112.040625
-47.0,50,1114.666812
-42.0,50,1117.252308
-50.0,50,1119.834501
-50.0,50,1122.462583
-50.0,50,1125.090116
-50.0,50,1127.715059
-50.0,50,1130.31704
-50.0,50,1132.967765
-50.0,50,1135.603089
-50.0,50,1138.170631
-50.0,50,1140.818513
-50.0,50,1143.450706
-50.0,50,1146.080221
-21.0,50,1148.737092
-50.0,50,1151.30956
-35.0,50,1153.940262
-50.0,50,1156.510641
-6.0,50,1159.098407
-50.0,50,1161.716745
-50.0,50,1164.305466
-14.0,50,1166.918393
-50.0,50,1169.51368
-50.0,50,1172.100902
-50.0,50,1174.683724
-45.0,50,1177.23321
-50.0,50,1179.904838
-50.0,50,1182.528487
-14.0,50,1185.163585
-50.0,50,1187.794548
-47.0,50,1190.443891
-50.0,50,1193.057966
-50.0,50,1195.644567
-50.0,50,1198.243935
-50.0,50,1200.834443
-46.0,50,1203.403734
-50.0,50,1206.028204
-50.0,50,1208.686614
-7.0,50,1211.252229
-50.0,50,1213.846808
-49.0,50,1214.309956
-9.0,50,1214.758056
-50.0,50,1215.170935
-50.0,50,1215.628434
-50.0,50,1216.06144
-50.0,50,1216.549343
-50.0,50,1216.996357
-50.0,50,1217.451149
-50.0,50,1217.892038
-50.0,50,1218.369983
-50.0,50,1220.993302
-50.0,50,1223.587993
-50.0,50,1226.16315
-17.0,50,1228.731192
-50.0,50,1231.323632
-50.0,50,1233.963514
-50.0,50,1236.581235
-50.0,50,1239.191899
-50.0,50,1241.793798
-50.0,50,1244.423771
-41.0,50,1247.019436
-14.0,50,1249.63867
-50.0,50,1252.236848
-50.0,50,1254.861688
-49.0,50,1257.444418
-50.0,50,1260.055597
-28.0,50,1262.684587
-44.0,50,1265.291829
-50.0,50,1267.830969
-50.0,50,1270.47224
-50.0,50,1273.058931
-50.0,50,1275.697125
-42.0,50,1278.277628
-50.0,50,1280.927139
-50.0,50,1283.505758
-50.0,50,1286.089187
-50.0,50,1288.708008
-41.0,50,1291.312268
-50.0,50,1293.845511
-31.0,50,1296.499069
-49.0,50,1299.087558
-30.0,50,1301.688845
-50.0,50,1304.284664
-21.0,50,1306.8895
-14.0,50,1309.5072
-50.0,50,1312.094725
-13.0,50,1314.752837
-50.0,50,1317.3689
-35.0,50,1319.951437
-17.0,50,1322.591816
-50.0,50,1325.201967
-50.0,50,1327.792239
-50.0,50,1330.383975
-50.0,50,1332.99227
-50.0,50,1335.593741
-50.0,50,1338.230608
-19.0,50,1340.867808
-46.0,50,1343.475908
-50.0,50,1346.100456
-50.0,50,1348.691314
-11.0,50,1349.100619
-5.0,50,1349.549527
-50.0,50,1349.966388
-50.0,50,1350.405617
-50.0,50,1350.87951
-50.0,50,1351.342238
-50.0,50,1351.791685
-9.0,50,1352.252686
-50.0,50,1352.669739
-50.0,50,1353.346352
-50.0,50,1355.972938
0.0,50,1358.507836
0.0,50,1361.136162
-50.0,50,1363.799777
-50.0,50,1366.384493
-17.0,50,1368.964355
-50.0,50,1371.570767
0.0,50,1374.214166
-50.0,50,1376.836786
-50.0,50,1379.43241
-50.0,50,1382.044192
-32.0,50,1384.642362
-50.0,50,1387.251945
-50.0,50,1389.832961
-17.0,50,1392.470635
-8.0,50,1395.05438
-7.0,50,1397.696727
-50.0,50,1400.303492
-24.0,50,1402.992293
-50.0,50,1405.617174
-50.0,50,1408.178362
-50.0,50,1410.829384
-32.0,50,1413.438796
-50.0,50,1416.007382
-47.0,50,1418.654684
-9.0,50,1421.23894
-50.0,50,1423.804516
-50.0,50,1426.420766
-28.0,50,1429.043506
-50.0,50,1431.679973
-20.0,50,1434.28978
-18.0,50,1436.888198
-50.0,50,1439.472598
-13.0,50,1442.106468
-50.0,50,1444.708951
-50.0,50,1447.296436
-50.0,50,1449.965636
-50.0,50,1452.518595
-20.0,50,1455.170228
-50.0,50,1457.70946
-50.0,50,1460.334993
-50.0,50,1462.91512
-50.0,50,1465.554182
-16.0,50,1468.20119
-50.0,50,1470.7856
-50.0,50,1473.418426
-50.0,50,1475.978264
-5.0,50,1478.610361
-50.0,50,1481.213586
-17.0,50,1483.810692
-43.0,50,1484.280391
-7.0,50,1484.76249
-50.0,50,1485.238132
-8.0,50,1485.738617
-50.0,50,1486.169328
-5.0,50,1486.608005
-50.0,50,1487.039005
-50.0,50,1487.499447
-14.0,50,1487.948741
-50.0,50,1488.485768
-14.0,50,1491.140511
-50.0,50,1493.763996
-50.0,50,1496.34408
-49.0,50,1498.967113
-50.0,50,1501.57162
-50.0,50,1504.233146
-5.0,50,1506.879896
-50.0,50,1509.524592
-50.0,50,1512.085009
-50.0,50,1514.705642
-50.0,50,1517.344007
-50.0,50,1519.902907
-50.0,50,1522.516163
-35.0,50,1525.160302
-50.0,50,1527.774009
-50.0,50,1530.370182
-12.0,50,1532.941933
-50.0,50,1535.588073
-9.0,50,1538.1472
-15.0,50,1540.767462
-19.0,50,1543.384074
-50.0,50,1545.986751
-32.0,50,1548.587925
-50.0,50,1551.211944
-38.0,50,1553.820001
-50.0,50,1556.425873
-50.0,50,1559.00927
-49.0,50,1561.62881
-50.0,50,1564.251887
-50.0,50,1566.857178
-50.0,50,1569.446233
-20.0,50,1572.10274
-13.0,50,1574.719812
-11.0,50,1577.311584
0.0,50,1579.889992
-50.0,50,1582.49579
-50.0,50,1585.077723
-50.0,50,1587.713723
-50.0,50,1590.314432
-50.0,50,1592.899044
-50.0,50,1595.525185
-16.0,50,1598.188252
-28.0,50,1600.803967
0.0,50,1603.380243
-47.0,50,1605.995109
-50.0,50,1608.615141
-7.0,50,1611.233605
-11.0,50,1613.858462
-50.0,50,1616.491457
-50.0,50,1619.17248
-50.0,50,1619.634178
-11.0,50,1620.128981
-50.0,50,1620.636956
-30.0,50,1621.111818
-5.0,50,1621.574775
0.0,50,1622.02122
-50.0,50,1622.45168
-50.0,50,1622.93206
-4.0,50,1623.401078
-50.0,50,1623.910769
-40.0,50,1626.536188
-50.0,50,1629.10788
-27.0,50,1631.716449
-16.0,50,1634.298055
-50.0,50,1636.865861
-23.0,50,1639.564235
-50.0,50,1642.149031
-11.0,50,1644.778504
-39.0,50,1647.367377
-50.0,50,1649.951279
-50.0,50,1652.588672
-50.0,50,1655.202046
-50.0,50,1657.855427
-50.0,50,1660.423908
-22.0,50,1663.086059
-22.0,50,1665.676077
-23.0,50,1668.261564
-50.0,50,1670.905135
-50.0,50,1673.472571
-12.0,50,1676.10352
-50.0,50,1678.663079
-50.0,50,1681.267402
-50.0,50,1683.894039
-11.0,50,1686.499671
-50.0,50,1689.126151
-50.0,50,1691.730932
-50.0,50,1694.316874
-50.0,50,1696.899523
-48.0,50,1699.562018
-50.0,50,1702.157136
-11.0,50,1704.765768
-50.0,50,1707.369529
-50.0,50,1710.021059
-39.0,50,1712.649435
-50.0,50,1715.261601
-50.0,50,1717.8532
-48.0,50,1720.475508
-12.0,50,1723.062878
-35.0,50,1725.675927
-50.0,50,1728.30659
-50.0,50,1730.880996
-21.0,50,1733.493249
-50.0,50,1736.138981
-50.0,50,1738.746927
-50.0,50,1741.324643
-50.0,50,1743.897736
-9.0,50,1746.519186
-32.0,50,1749.128613
-30.0,50,1751.717941
-50.0,50,1754.319533
-50.0,50,1754.751444
-36.0,50,1755.204533
-50.0,50,1755.658748
-4.0,50,1756.13373
-9.0,50,1756.597615
-50.0,50,1757.061552
-9.0,50,1757.502752
-46.0,50,1757.957289
-10.0,50,1758.43148
-6.0,50,1759.079468
-50.0,50,1761.711578
-34.0,50,1764.341548
-47.0,50,1766.945313
-50.0,50,1769.575841
-50.0,50,1772.236446
-42.0,50,1774.853429
-50.0,50,1777.446951
-10.0,50,1780.097607
-50.0,50,1782.643049
-14.0,50,1785.229641
-50.0,50,1787.909052
-29.0,50,1790.481164
-21.0,50,1793.065207
-50.0,50,1795.63896
-9.0,50,1798.272409
-25.0,50,1800.86175
-50.0,50,1803.4896
-10.0,50,1806.069261
-50.0,50,1808.671063
0.0,50,1811.319146
-50.0,50,1813.929817
-50.0,50,1816.579506
-43.0,50,1819.195171
-50.0,50,1821.806221
-20.0,50,1824.422832
-50.0,50,1826.990737
-9.0,50,1829.573339
-50.0,50,1832.207382
-50.0,50,1834.898538
-41.0,50,1837.47141
-9.0,50,1840.154386
-19.0,50,1842.73196
-50.0,50,1845.401028
-50.0,50,1848.009509
-30.0,50,1850.620976
-18.0,50,1853.30069
-26.0,50,1856.18129
-50.0,50,1859.168695
-50.0,50,1862.129794
-50.0,50,1864.971442
-50.0,50,1867.601991
-50.0,50,1870.267342
-50.0,50,1872.856506
-50.0,50,1875.656994
-50.0,50,1878.593102
-50.0,50,1881.288419
-50.0,50,1883.932228
-50.0,50,1886.528676
-50.0,50,1889.201458
-4.0,50,1891.762619
-50.0,50,1892.227096
-50.0,50,1892.672308
-50.0,50,1893.11463
-37.0,50,1893.598247
-3.0,50,1894.057094
-50.0,50,1894.525879
-8.0,50,1895.00698
-50.0,50,1895.438091
-50.0,50,1895.867116
-8.0,50,1896.484289
-50.0,50,1899.100043
-11.0,50,1901.690801
-50.0,50,1904.339402
-50.0,50,1906.984291
-50.0,50,1909.567107
-50.0,50,1912.190892
-23.0,50,1914.772499
-16.0,50,1917.401064
-10.0,50,1920.002863
-50.0,50,1922.588945
-25.0,50,1925.246283
-50.0,50,1927.826551
-16.0,50,1930.467953
-16.0,50,1933.065864
-41.0,50,1935.701317
-50.0,50,1938.260115
-50.0,50,1940.938675
-50.0,50,1943.504515
-38.0,50,1946.146232
-50.0,50,1948.71643
-50.0,50,1951.302272
-50.0,50,1953.910977
-50.0,50,1956.521057
-50.0,50,1959.132137
-50.0,50,1961.726359
-10.0,50,1964.324802
-19.0,50,1966.963441
-50.0,50,1969.565262
-28.0,50,1972.169576
-50.0,50,1974.794571
-50.0,50,1977.400599
-50.0,50,1980.002025
-50.0,50,1982.663641
-39.0,50,1985.261817
-50.0,50,1987.822146
-50.0,50,1990.492221
-50.0,50,1993.081662
-50.0,50,1995.683665
-18.0,50,1998.317724
-38.0,50,2000.915093
-50.0,50,2003.516187
-50.0,50,2006.11951
-50.0,50,2008.721057
-50.0,50,2011.358088
-13.0,50,2013.966578
-50.0,50,2016.582754
-48.0,50,2019.164356
-48.0,50,2021.76847
-9.0,50,2024.381757
-7.0,50,2027.020961
-18.0,50,2027.484359
-50.0,50,2027.921371
-12.0,50,2028.390202
-10.0,50,2028.845466
-16.0,50,2029.356236
-7.0,50,2029.80203
-50.0,50,2030.256701
-12.0,50,2030.702748
-50.0,50,2031.16255
-50.0,50,2031.714795
-17.0,50,2034.352146
-50.0,50,2036.92392
-50.0,50,2039.539633
-40.0,50,2042.212173
-50.0,50,2044.790094
-50.0,50,2047.392808
-50.0,50,2050.029021
-50.0,50,2052.628058
-50.0,50,2055.250775
-50.0,50,2057.89346
-50.0,50,2060.500874
-30.0,50,2063.114305
-17.0,50,2065.753253
-14.0,50,2068.382135
-50.0,50,2070.992274
-8.0,50,2073.628258
-39.0,50,2076.237381
-10.0,50,2078.873044
-20.0,50,2081.466938
-9.0,50,2084.069214
-23.0,50,2086.682432
-30.0,50,2089.326354
-50.0,50,2091.935658
-43.0,50,2094.527696
-50.0,50,2097.144771
-50.0,50,2099.802226
-50.0,50,2102.362937
-50.0,50,2104.943416
-50.0,50,2107.562824
-18.0,50,2110.166799
-50.0,50,2112.744385
-50.0,50,2115.380744
-34.0,50,2117.972963
-50.0,50,2120.590145
-50.0,50,2123.223328
-50.0,50,2125.83788
-50.0,50,2128.425412
-12.0,50,2131.079556
-46.0,50,2133.689732
-50.0,50,2136.285066
-50.0,50,2138.895339
-50.0,50,2141.526623
-50.0,50,2144.157853
-50.0,50,2146.790263
-15.0,50,2149.454245
-17.0,50,2152.057622
-50.0,50,2154.663873
-26.0,50,2157.302807
-12.0,50,2159.90085
-50.0,50,2162.533726
-13.0,50,2163.015921
-3.0,50,2163.502276
-50.0,50,2163.968891
-50.0,50,2164.415026
-50.0,50,2164.895718
-50.0,50,2165.367284
-50.0,50,2165.80834
-50.0,50,2166.255066
-50.0,50,2166.739073
-50.0,50,2167.222371
-50.0,50,2169.898307
0.0,50,2172.511552
-17.0,50,2175.108498
-50.0,50,2177.715534
-9.0,50,2180.31466
-48.0,50,2182.949921
-50.0,50,2185.526937
-11.0,50,2188.159294
-10.0,50,2190.782291
-50.0,50,2193.401382
0.0,50,2196.015182
-50.0,50,2198.644396
-16.0,50,2201.254205
-43.0,50,2203.825653
-50.0,50,2206.503249
-32.0,50,2209.086767
-50.0,50,2211.778789
-50.0,50,2214.416816
-41.0,50,2217.02558
-50.0,50,2219.623829
-22.0,50,2222.225197
-50.0,50,2224.858713
-50.0,50,2227.417593
-50.0,50,2230.037119
-50.0,50,2232.632135
-14.0,50,2235.234048
-26.0,50,2237.857045
-50.0,50,2240.520199
-50.0,50,2243.070701
-50.0,50,2245.701691
-50.0,50,2248.328996
-50.0,50,2250.925489
0.0,50,2253.546141
-50.0,50,2256.16316
-23.0,50,2258.775949
-50.0,50,2261.390762
-25.0,50,2263.992458
-43.0,50,2266.611877
-50.0,50,2269.208273
-9.0,50,2271.841848
-50.0,50,2274.432684
-50.0,50,2277.062509
-47.0,50,2279.705096
-8.0,50,2282.29987
0.0,50,2284.892894
-40.0,50,2287.523387
-31.0,50,2290.16348
-8.0,50,2292.723511
-38.0,50,2295.342988
-5.0,50,2297.997413
-50.0,50,2298.438125
-50.0,50,2298.921683
-18.0,50,2299.430851
-50.0,50,2299.896324
-8.0,50,2300.386028
-50.0,50,2300.851951
-50.0,50,2301.337857
-50.0,50,2301.783647
-50.0,50,2302.211316
-12.0,50,2302.832035
-50.0,50,2305.459408
-25.0,50,2308.11012
-50.0,50,2310.717314
-50.0,50,2313.317366
-49.0,50,2315.956805
-50.0,50,2318.547016
-50.0,50,2321.196793
-8.0,50,2323.796233
-50.0,50,2326.383744
-17.0,50,2329.061644
-46.0,50,2331.669615
-50.0,50,2334.294699
-50.0,50,2336.94449
-24.0,50,2339.538172
-39.0,50,2342.172481
-50.0,50,2344.779397
-6.0,50,2347.404661
-11.0,50,2350.035239
-48.0,50,2352.621603
-29.0,50,2355.20314
-50.0,50,2357.824219
-50.0,50,2360.451329
-50.0,50,2363.08663
-50.0,50,2365.662854
-50.0,50,2368.293675
-30.0,50,2370.882658
-50.0,50,2373.502551
-50.0,50,2376.098327
-50.0,50,2378.728898
0.0,50,2381.302778
-27.0,50,2383.931452
-50.0,50,2386.568984
-50.0,50,2389.262739
0.0,50,2391.861945
-24.0,50,2394.472379
-6.0,50,2397.087675
-50.0,50,2399.743519
-50.0,50,2402.348525
-50.0,50,2404.899183
-46.0,50,2407.572424
-23.0,50,2410.128371
-50.0,50,2412.79136
-5.0,50,2415.391426
-25.0,50,2417.995744
-9.0,50,2420.578309
-50.0,50,2423.198931
-36.0,50,2425.831594
-22.0,50,2428.413788
-29.0,50,2431.046911
-4.0,50,2433.72761
-4.0,50,2434.196675
-7.0,50,2434.648015
-14.0,50,2435.153301
-8.0,50,2435.627677
-17.0,50,2436.120044
-50.0,50,2436.577604
-8.0,50,2437.066403
-6.0,50,2437.521749
-14.0,50,2437.988178
-50.0,50,2438.488066
-11.0,50,2441.09659
-50.0,50,2443.709877
-50.0,50,2446.304106
-50.0,50,2448.872637
-50.0,50,2451.527833
-50.0,50,2454.132005
-10.0,50,2456.745595
-50.0,50,2459.372055
-5.0,50,2461.977122
-50.0,50,2464.55818
-42.0,50,2467.221098
-50.0,50,2469.800462
-50.0,50,2472.449212
-29.0,50,2475.0944
-50.0,50,2477.698435
-50.0,50,2480.256219
-50.0,50,2482.856668
-50.0,50,2485.504197
0.0,50,2488.112857
-49.0,50,2490.759815
-29.0,50,2493.388184
-50.0,50,2495.959977
-38.0,50,2498.555585
-50.0,50,2501.162322
-28.0,50,2503.801398
-50.0,50,2506.388097
-15.0,50,2509.048042
-17.0,50,2511.641597
-42.0,50,2514.264428
0.0,50,2516.888239
-50.0,50,2519.490854
-50.0,50,2522.074847
-50.0,50,2524.730159
-16.0,50,2527.368078
-50.0,50,2529.933897
-4.0,50,2532.586082
-50.0,50,2535.178791
-14.0,50,2537.837477
-22.0,50,2540.485218
-50.0,50,2543.107944
-50.0,50,2545.732045
-50.0,50,2548.330862
-10.0,50,2550.958321
-50.0,50,2553.599976
-30.0,50,2556.209846
-19.0,50,2558.825915
-50.0,50,2561.418654
-50.0,50,2563.984846
-50.0,50,2566.57766
-13.0,50,2569.222771
-50.0,50,2569.669697
-13.0,50,2570.126858
-8.0,50,2570.603668
-50.0,50,2571.059862
-50.0,50,2571.544393
-5.0,50,2572.08474
-50.0,50,2572.531728
-50.0,50,2573.038912
-10.0,50,2573.506644
-50.0,50,2573.957755
-49.0,50,2576.613529
-50.0,50,2579.22298
-43.0,50,2581.836015
-39.0,50,2584.44439
-50.0,50,2587.079144
-50.0,50,2589.683281
-50.0,50,2592.290848
-50.0,50,2594.955284
-50.0,50,2597.511122
-50.0,50,2600.10577
-42.0,50,2602.772728
-35.0,50,2605.359643
-50.0,50,2607.972327
-14.0,50,2610.615115
-50.0,50,2613.197689
-19.0,50,2615.847053
-50.0,50,2618.435782
-32.0,50,2621.091419
-13.0,50,2623.739218
-50.0,50,2626.306441
-13.0,50,2628.920541
-4.0,50,2631.580176
-50.0,50,2634.239531
-50.0,50,2636.868779
-50.0,50,2639.456044
-50.0,50,2642.07171
-50.0,50,2644.64305
-50.0,50,2647.286652
-50.0,50,2649.909331
-50.0,50,2652.482674
-47.0,50,2655.132851
-50.0,50,2657.729491
-50.0,50,2660.395597
-20.0,50,2662.997851
-50.0,50,2665.589934
-29.0,50,2668.211308
-36.0,50,2670.785407
-50.0,50,2673.451157
-23.0,50,2676.03896
-50.0,50,2678.682426
-44.0,50,2681.299577
-10.0,50,2683.902129
-50.0,50,2686.54441
-23.0,50,2689.142115
-16.0,50,2691.739587
0.0,50,2694.378401
-13.0,50,2696.985334
-50.0,50,2699.610705
-9.0,50,2702.190563
-50.0,50,2704.823606
-50.0,50,2705.281717
-5.0,50,2705.791261
-3.0,50,2706.240373
-8.0,50,2706.730453
-50.0,50,2707.212802
-6.0,50,2707.650707
-9.0,50,2708.124632
-50.0,50,2708.596211
-50.0,50,2709.0328
-9.0,50,2709.465345
-50.0,50,2712.137237
-38.0,50,2714.781031
-30.0,50,2717.368391
-50.0,50,2720.032549
-50.0,50,2722.645357
-50.0,50,2725.229128
-32.0,50,2727.830506
-50.0,50,2730.449984
-50.0,50,2733.093851
-24.0,50,2735.663447
-50.0,50,2738.257339
-34.0,50,2740.877757
-50.0,50,2743.568801
-50.0,50,2746.208555
-50.0,50,2748.791919
-50.0,50,2751.417886
-50.0,50,2754.036913
-50.0,50,2756.670831
-17.0,50,2759.263149
-24.0,50,2761.865566
-24.0,50,2764.538449
-24.0,50,2767.134535
-50.0,50,2769.71635
-5.0,50,2772.327033
-50.0,50,2774.912275
-50.0,50,2777.551937
-50.0,50,2780.140481
-24.0,50,2782.765799
-15.0,50,2785.38939
-50.0,50,2787.984763
-50.0,50,2790.621717
-50.0,50,2793.243219
-25.0,50,2795.870056
-50.0,50,2798.488728
-50.0,50,2801.066995
-36.0,50,2803.687968
-50.0,50,2806.298602
-11.0,50,2808.94149
-5.0,50,2811.540485
-36.0,50,2814.168417
-50.0,50,2816.781429
-50.0,50,2819.421671
-50.0,50,2821.991776
-50.0,50,2824.562899
-22.0,50,2827.2367
-19.0,50,2829.858463
-9.0,50,2832.457789
-50.0,50,2835.057834
-50.0,50,2837.70085
-13.0,50,2840.316933
-14.0,50,2840.804834
-4.0,50,2841.245397
-9.0,50,2841.711855
-4.0,50,2842.171249
-8.0,50,2842.629233
-50.0,50,2843.09849
-50.0,50,2843.576276
-50.0,50,2844.068264
-4.0,50,2844.521887
-50.0,50,2845.055855
-35.0,50,2847.759076
-50.0,50,2850.370896
-48.0,50,2852.99139
-50.0,50,2855.640709
-50.0,50,2858.263261
-28.0,50,2860.900261
-43.0,50,2863.492848
-50.0,50,2866.143396
-9.0,50,2868.773528
-50.0,50,2871.34884
0.0,50,2873.957694
-35.0,50,2876.538485
-14.0,50,2879.167331
-43.0,50,2881.808664
-50.0,50,2884.436567
-50.0,50,2887.0619
-50.0,50,2889.733632
-5.0,50,2892.347059
-50.0,50,2894.986181
-6.0,50,2897.634917
-50.0,50,2900.206794
0.0,50,2902.860083
-50.0,50,2905.478139
-20.0,50,2908.128268
-12.0,50,2910.76273
-19.0,50,2913.323629
-50.0,50,2915.98159
-15.0,50,2918.609009
-50.0,50,2921.228055
-28.0,50,2923.843753
-15.0,50,2926.499172
-4.0,50,2929.10034
-34.0,50,2931.709246
-50.0,50,2934.289919
0.0,50,2936.910896
-18.0,50,2939.534318
-11.0,50,2942.121898
-50.0,50,2944.74507
-12.0,50,2947.382283
-50.0,50,2950.026058
-50.0,50,2952.640178
-29.0,50,2955.357768
-12.0,50,2957.948333
-7.0,50,2960.549058
-50.0,50,2963.146236
-50.0,50,2965.792895
-9.0,50,2968.410802
-9.0,50,2971.0194
-3.0,50,2973.626897
-7.0,50,2976.262527
-5.0,50,2976.687993
-39.0,50,2977.142927
-50.0,50,2977.604252
-19.0,50,2978.07204
-18.0,50,2978.525298
-50.0,50,2978.961606
-7.0,50,2979.400465
-50.0,50,2979.895482
-10.0,50,2980.361286
-27.0,50,2980.972998
-8.0,50,2983.557679
-50.0,50,2986.182141
-50.0,50,2988.832736
-50.0,50,2991.43819
-4.0,50,2994.057296
-50.0,50,2996.663642
-16.0,50,2999.312448
-25.0,50,3001.913563
-50.0,50,3004.569101
-50.0,50,3007.197533
-50.0,50,3009.801832
-50.0,50,3012.421078
-47.0,50,3015.072594
-50.0,50,3017.697341
-50.0,50,3020.300365
-50.0,50,3022.922222
-50.0,50,3025.558745
-50.0,50,3028.189558
-47.0,50,3030.810129
-44.0,50,3033.470158
-8.0,50,3036.092665
-22.0,50,3038.716051
-26.0,50,3041.325526
-50.0,50,3043.928175
-50.0,50,3046.541765
-21.0,50,3049.139537
-19.0,50,3051.74053
-26.0,50,3054.460807
-12.0,50,3057.070555
-50.0,50,3059.705586
-8.0,50,3062.330641
-11.0,50,3064.977648
-50.0,50,3067.61041
-16.0,50,3070.190198
-17.0,50,3072.808349
-12.0,50,3075.453358
-50.0,50,3078.07358
-35.0,50,3080.693704
-34.0,50,3083.348804
-39.0,50,3085.961401
-50.0,50,3088.56308
-32.0,50,3091.197408
-23.0,50,3093.86747
-50.0,50,3096.516979
-9.0,50,3099.101408
-50.0,50,3101.740146
-50.0,50,3104.35913
-16.0,50,3107.024419
-25.0,50,3109.618531
-6.0,50,3112.216229
-6.0,50,3112.689778
-32.0,50,3113.196478
-50.0,50,3113.630803
-5.0,50,3114.114226
-50.0,50,3114.555598
-50.0,50,3115.03266
-4.0,50,3115.514587
-50.0,50,3115.945595
-8.0,50,3116.379851
-31.0,50,3116.92563
-50.0,50,3119.499875
-24.0,50,3122.168214
-28.0,50,3124.776121
-16.0,50,3127.396112
-50.0,50,3130.010988
-4.0,50,3132.630967
-8.0,50,3135.276351
-50.0,50,3137.890352
-42.0,50,3140.514002
-7.0,50,3143.160973
-14.0,50,3145.782782
-50.0,50,3148.460038
-50.0,50,3151.099736
-12.0,50,3153.674264
-15.0,50,3156.31419
-50.0,50,3158.94221
-45.0,50,3161.51221
-50.0,50,3164.159849
-24.0,50,3166.725825
-50.0,50,3169.371424
-14.0,50,3171.980392
-50.0,50,3174.599738
-45.0,50,3177.204808
-50.0,50,3179.770604
-15.0,50,3182.43747
-50.0,50,3185.022394
-50.0,50,3187.62594
-5.0,50,3190.230584
-36.0,50,3192.803556
-50.0,50,3195.48318
-24.0,50,3198.076271
-50.0,50,3200.717559
-50.0,50,3203.340594
-50.0,50,3205.976885
-26.0,50,3208.560257
-48.0,50,3211.208502
-50.0,50,3213.782768
-16.0,50,3216.45494
-6.0,50,3219.018013
-13.0,50,3221.648156
-25.0,50,3224.225605
-50.0,50,3226.898427
-5.0,50,3229.529861
-24.0,50,3232.133503
-6.0,50,3234.701212
-50.0,50,3237.304209
-27.0,50,3239.936362
-50.0,50,3242.534065
-15.0,50,3245.162115
-50.0,50,3247.811937
-7.0,50,3248.310903
-50.0,50,3248.761858
-8.0,50,3249.220696
-43.0,50,3249.702484
-50.0,50,3250.180554
0.0,50,3250.635153
-8.0,50,3251.097433
-9.0,50,3251.564424
-5.0,50,3252.030899
-50.0,50,3252.491597
-50.0,50,3255.129152
-10.0,50,3257.714274
-3.0,50,3260.366716
-50.0,50,3262.991814
-28.0,50,3265.61244
-24.0,50,3268.221025
-26.0,50,3270.824977
-19.0,50,3273.457244
-4.0,50,3276.090746
-50.0,50,3278.703347
-50.0,50,3281.291886
-17.0,50,3283.908686
-50.0,50,3286.550583
-10.0,50,3289.120244
-14.0,50,3291.748371
-50.0,50,3294.33327
-50.0,50,3296.957491
-50.0,50,3299.581511
-50.0,50,3302.219364
-29.0,50,3304.797852
-23.0,50,3307.465572
-47.0,50,3310.0541
-50.0,50,3312.690392
-50.0,50,3315.304732
-5.0,50,3317.891723
-50.0,50,3320.558166
-29.0,50,3323.175184
-13.0,50,3325.795949
-12.0,50,3328.407762
-50.0,50,3331.100031
-5.0,50,3333.709222
-42.0,50,3336.362799
-50.0,50,3339.023189
-45.0,50,3341.680032
-50.0,50,3344.242663
-50.0,50,3346.882261
-50.0,50,3349.493245
-50.0,50,3352.104272
-50.0,50,3354.673319
-50.0,50,3357.288632
-50.0,50,3359.896781
-50.0,50,3362.472598
-9.0,50,3365.078807
0.0,50,3367.629023
-50.0,50,3370.226092
-45.0,50,3372.878429
-14.0,50,3375.469558
-50.0,50,3378.11221
-8.0,50,3380.664896
-6.0,50,3383.298495
-8.0,50,3383.771541
-50.0,50,3384.229285
-7.0,50,3384.690859
-12.0,50,3385.161479
-50.0,50,3385.604424
0.0,50,3386.065577
-14.0,50,3386.531184
-50.0,50,3387.020648
-6.0,50,3387.444928
-40.0,50,3387.952673
-50.0,50,3390.523288
-26.0,50,3393.10642
-50.0,50,3395.709097
-42.0,50,3398.312514
-38.0,50,3400.89187
-50.0,50,3403.500717
-14.0,50,3406.102849
-48.0,50,3408.687298
-28.0,50,3411.353122
-23.0,50,3413.922906
-50.0,50,3416.517471
-36.0,50,3419.169267
-50.0,50,3421.772027
-50.0,50,3424.378165
-50.0,50,3426.950454
-9.0,50,3429.604151
-15.0,50,3432.207163
-27.0,50,3434.780482
-50.0,50,3437.375979
-31.0,50,3439.947003
0.0,50,3442.568362
-50.0,50,3445.198876
-50.0,50,3447.763608
-50.0,50,3450.342617
-50.0,50,3453.001865
-50.0,50,3455.61836
-17.0,50,3458.251448
-43.0,50,3460.842869
-50.0,50,3463.42923
-18.0,50,3466.061442
-50.0,50,3468.675336
-12.0,50,3471.257581
-7.0,50,3473.889234
-50.0,50,3476.532264
-4.0,50,3479.184298
-9.0,50,3481.809685
-50.0,50,3484.410583
-13.0,50,3487.017122
-5.0,50,3489.663661
-10.0,50,3492.27073
-36.0,50,3494.840957
-24.0,50,3497.420722
-47.0,50,3500.038645
-30.0,50,3502.665863
-50.0,50,3505.309432
-50.0,50,3507.91921
-50.0,50,3510.542364
-50.0,50,3513.138052
-28.0,50,3515.77065
-11.0,50,3518.354281
-7.0,50,3518.789276
-7.0,50,3519.24003
-20.0,50,3519.687263
-50.0,50,3520.161301
-50.0,50,3520.605293
-7.0,50,3521.097468
-50.0,50,3521.54872
-50.0,50,3522.01202
-9.0,50,3522.461733
-6.0,50,3523.045138
-25.0,50,3525.64484
-50.0,50,3528.254224
-15.0,50,3530.889954
-12.0,50,3533.432024
-37.0,50,3536.093267
-22.0,50,3538.673378
-34.0,50,3541.31954
-50.0,50,3543.956768
-50.0,50,3546.57601
-50.0,50,3549.210823
-50.0,50,3551.851252
-7.0,50,3554.490134
-50.0,50,3557.06759
-20.0,50,3559.705
-50.0,50,3562.315667
-50.0,50,3564.927126
-13.0,50,3567.54054
0.0,50,3570.1594
-50.0,50,3572.770892
-14.0,50,3575.386377
-50.0,50,3577.995792
-25.0,50,3580.599529
-32.0,50,3583.209124
0.0,50,3585.870083
-50.0,50,3588.439021
-48.0,50,3591.042233
-50.0,50,3593.773993
-47.0,50,3596.345134
-8.0,50,3599.023856
-50.0,50,3601.645507
-14.0,50,3604.260491
-50.0,50,3606.879733
-50.0,50,3609.551429
-22.0,50,3612.189118
-12.0,50,3614.773387
-50.0,50,3617.380536
-31.0,50,3619.999514
-12.0,50,3622.58473
-33.0,50,3625.20331
-50.0,50,3627.830167
-10.0,50,3630.432172
-50.0,50,3633.05391
-50.0,50,3635.674529
-50.0,50,3638.291821
-47.0,50,3640.905539
-19.0,50,3643.584985
-50.0,50,3646.203584
-50.0,50,3648.814825
-9.0,50,3651.373231
-21.0,50,3654.031675
-4.0,50,3654.482504
-11.0,50,3654.924888
-50.0,50,3655.387669
-6.0,50,3655.85802
-50.0,50,3656.298119
-6.0,50,3656.730506
-8.0,50,3657.162282
-50.0,50,3657.635895
-9.0,50,3658.076468
-22.0,50,3658.681065
-39.0,50,3661.320191
-28.0,50,3663.928123
-50.0,50,3666.496672
-50.0,50,3669.127767
-50.0,50,3671.720388
-22.0,50,3674.347744
-25.0,50,3676.974955
-32.0,50,3679.595844
-43.0,50,3682.174315
-19.0,50,3684.807916
-50.0,50,3687.465503
-47.0,50,3690.076532
-50.0,50,3692.720825
-44.0,50,3695.310075
-34.0,50,3697.913045
-33.0,50,3700.515446
-42.0,50,3703.158673
-50.0,50,3705.716676
-23.0,50,3708.351629
-50.0,50,3710.955975
-21.0,50,3713.622453
-11.0,50,3716.249627
-50.0,50,3718.870162
-22.0,50,3721.441644
-35.0,50,3724.078909
-50.0,50,3726.745068
-30.0,50,3729.347594
-12.0,50,3732.004368
-50.0,50,3734.618045
-50.0,50,3737.209766
-50.0,50,3739.859819
-50.0,50,3742.467663
-50.0,50,3745.08684
-41.0,50,3747.716547
-50.0,50,3750.35594
-32.0,50,3753.006335
-45.0,50,3755.60386
-50.0,50,3758.178036
-50.0,50,3760.82811
0.0,50,3763.448488
-35.0,50,3766.082364
-16.0,50,3768.704844
-50.0,50,3771.298934
-10.0,50,3773.977484
-18.0,50,3776.572745
-47.0,50,3779.204226
0.0,50,3781.790797
-50.0,50,3784.435557
-35.0,50,3787.109763
-9.0,50,3789.712072
-5.0,50,3790.193763
-7.0,50,3790.671279
-8.0,50,3791.161703
-6.0,50,3791.611586
-50.0,50,3792.088615
-50.0,50,3792.564587
-9.0,50,3793.03862
-50.0,50,3793.497047
-50.0,50,3793.917375
-27.0,50,3794.364244
-50.0,50,3796.972198
-50.0,50,3799.567118
-33.0,50,3802.219888
-13.0,50,3804.807329
-36.0,50,3807.427925
-50.0,50,3810.072808
-50.0,50,3812.70668
-45.0,50,3815.321718
-14.0,50,3817.89161
-50.0,50,3820.526656
-25.0,50,3823.139482
-13.0,50,3825.720759
-13.0,50,3828.43126
-50.0,50,3831.049368
-20.0,50,3833.651537
-5.0,50,3836.262561
-49.0,50,3838.921616
-20.0,50,3841.509637
-33.0,50,3844.15013
-20.0,50,3846.761774
-50.0,50,3849.425523
-50.0,50,3852.016398
-21.0,50,3854.597766
-50.0,50,3857.224937
-50.0,50,3859.892282
0.0,50,3862.491739
-50.0,50,3865.140118
-50.0,50,3867.667548
-50.0,50,3870.310492
0.0,50,3872.920355
-20.0,50,3875.530953
-33.0,50,3878.149463
-49.0,50,3880.763887
0.0,50,3883.37635
-50.0,50,3886.023383
-17.0,50,3888.635427
-50.0,50,3891.235114
-5.0,50,3893.870093
-24.0,50,3896.491201
-11.0,50,3899.110696
-10.0,50,3901.746818
-50.0,50,3904.360667
-16.0,50,3906.942669
-50.0,50,3909.56022
-48.0,50,3912.161076
-50.0,50,3914.803483
-17.0,50,3917.437284
-50.0,50,3920.065925
-44.0,50,3922.669572
-50.0,50,3925.288779
-11.0,50,3925.731239
-7.0,50,3926.193004
-12.0,50,3926.648435
-5.0,50,3927.118375
-50.0,50,3927.588669
-6.0,50,3928.071426
-10.0,50,3928.579819
-15.0,50,3929.024277
-10.0,50,3929.500268
-8.0,50,3930.020811
-8.0,50,3932.630515
-9.0,50,3935.257133
-13.0,50,3937.838503
-14.0,50,3940.427437
-50.0,50,3943.060353
-50.0,50,3945.719855
-15.0,50,3948.34424
-44.0,50,3950.896496
-27.0,50,3953.539779
-50.0,50,3956.191736
-47.0,50,3958.791955
-18.0,50,3961.425578
-17.0,50,3964.013653
-7.0,50,3966.602065
-50.0,50,3969.219936
-50.0,50,3971.821944
-12.0,50,3974.416483
-50.0,50,3977.07973
-50.0,50,3979.670729
-26.0,50,3982.322669
-7.0,50,3984.900478
-50.0,50,3987.492647
-50.0,50,3990.147628
-46.0,50,3992.797922
-17.0,50,3995.451863
0.0,50,3998.025089
-50.0,50,4000.673054
-50.0,50,4003.266422
-50.0,50,4005.890106
-50.0,50,4008.53099
-50.0,50,4011.14739
-50.0,50,4013.73197
-50.0,50,4016.412076
-14.0,50,4018.984488
-44.0,50,4021.656148
-41.0,50,4024.248057
-28.0,50,4026.87102
-12.0,50,4029.460991
-19.0,50,4032.076752
-44.0,50,4034.70408
-50.0,50,4037.315769
-50.0,50,4039.898078
-8.0,50,4042.514877
-35.0,50,4045.165497
-50.0,50,4047.760803
-50.0,50,4050.418628
-50.0,50,4053.078292
-50.0,50,4055.673419
-50.0,50,4058.280612
-12.0,50,4060.929999
-10.0,50,4061.418066
-10.0,50,4061.906432
-50.0,50,4062.375721
0.0,50,4062.822097
-4.0,50,4063.270378
-7.0,50,4063.75097
-12.0,50,4064.212769
-6.0,50,4064.687238
-11.0,50,4065.166718
-45.0,50,4065.663729
0.0,50,4068.245041
-35.0,50,4070.889099
-16.0,50,4073.523692
-14.0,50,4076.145873
-7.0,50,4078.751005
-50.0,50,4081.373734
-14.0,50,4084.035741
-50.0,50,4086.646327
-25.0,50,4089.258173
-50.0,50,4091.87005
-32.0,50,4094.472903
-23.0,50,4097.122618
-34.0,50,4099.722549
-5.0,50,4102.364603
-42.0,50,4104.97877
-20.0,50,4107.61133
-50.0,50,4110.243464
-49.0,50,4112.865275
-48.0,50,4115.521948
-34.0,50,4118.102823
-50.0,50,4120.721021
-50.0,50,4123.306792
-23.0,50,4125.877439
-44.0,50,4128.506069
-50.0,50,4131.127486
-50.0,50,4133.761043
-28.0,50,4136.343575
-8.0,50,4139.007898
-6.0,50,4141.605431
-50.0,50,4144.283302
-29.0,50,4146.89062
-26.0,50,4149.522368
-50.0,50,4152.125761
-40.0,50,4154.711924
-50.0,50,4157.342698
-11.0,50,4159.95112
0.0,50,4162.571419
-37.0,50,4165.135851
-18.0,50,4167.723547
-37.0,50,4170.353225
-50.0,50,4172.935335
-13.0,50,4175.530963
-50.0,50,4178.203137
-50.0,50,4180.849888
-44.0,50,4183.445756
-49.0,50,4186.074111
-50.0,50,4188.686496
-27.0,50,4191.330778
-10.0,50,4193.951288
-50.0,50,4196.608159
-50.0,50,4197.086667
-7.0,50,4197.555825
-12.0,50,4198.003303
-5.0,50,4198.45854
-6.0,50,4198.930109
-12.0,50,4199.381031
-7.0,50,4199.858798
-4.0,50,4200.342757
-12.0,50,4200.780893
-50.0,50,4201.239007
-50.0,50,4203.878359
-50.0,50,4206.473934
-42.0,50,4209.092637
-31.0,50,4211.652263
-5.0,50,4214.253458
-7.0,50,4216.900826
-37.0,50,4219.559999
-14.0,50,4222.189157
-48.0,50,4224.793307
-8.0,50,4227.394415
-29.0,50,4230.015248
-40.0,50,4232.65877
-10.0,50,4235.217701
-50.0,50,4237.861509
-50.0,50,4240.47844
-32.0,50,4243.102853
-16.0,50,4245.714773
-38.0,50,4248.306009
-50.0,50,4250.916169
-13.0,50,4253.492411
-50.0,50,4256.129363
-35.0,50,4258.715129
-12.0,50,4261.350472
-37.0,50,4263.928068
-3.0,50,4266.539881
-28.0,50,4269.151582
-50.0,50,4271.767297
-50.0,50,4274.380417
-50.0,50,4276.965378
0.0,50,4279.59363
-50.0,50,4282.221462
-50.0,50,4284.8103
-47.0,50,4287.430902
-50.0,50,4290.116055
-50.0,50,4292.67854
-20.0,50,4295.32097
-50.0,50,4297.908685
-29.0,50,4300.52846
-50.0,50,4303.112341
-50.0,50,4305.725741
-8.0,50,4308.357447
-32.0,50,4311.02476
-15.0,50,4313.611396
-14.0,50,4316.216377
-49.0,50,4318.841039
-10.0,50,4321.481553
-40.0,50,4324.088761
-50.0,50,4326.705453
-50.0,50,4329.356902
-50.0,50,4331.982601
-50.0,50,4332.453683
-7.0,50,4332.899215
-50.0,50,4333.349777
-5.0,50,4333.817713
-7.0,50,4334.29616
-5.0,50,4334.773187
-14.0,50,4335.229529
-50.0,50,4335.674575
-50.0,50,4336.105256
-50.0,50,4336.60505
-24.0,50,4339.209344
0.0,50,4341.806476
-13.0,50,4344.434377
-12.0,50,4347.082204
-6.0,50,4349.726599
-50.0,50,4352.32889
-30.0,50,4354.964449
-50.0,50,4357.55483
-50.0,50,4360.189205
-31.0,50,4362.790709
-50.0,50,4365.400907
-49.0,50,4368.029357
-49.0,50,4370.667662
-46.0,50,4373.300933
-50.0,50,4375.903871
-10.0,50,4378.546525
-10.0,50,4381.180612
-44.0,50,4383.796803
-6.0,50,4386.39645
-50.0,50,4388.988038
-50.0,50,4391.666656
-50.0,50,4394.265511
-20.0,50,4396.934843
-11.0,50,4399.520335
-18.0,50,4402.119484
-14.0,50,4404.768035
-46.0,50,4407.367243
-50.0,50,4409.998245
-38.0,50,4412.636716
-3.0,50,4415.205513
0.0,50,4417.852943
-22.0,50,4420.497519
-50.0,50,4423.113626
-19.0,50,4425.692543
-50.0,50,4428.274261
-32.0,50,4430.972515
-50.0,50,4433.611228
-44.0,50,4436.199132
-50.0,50,4438.839654
-29.0,50,4441.430857
-50.0,50,4444.026717
-50.0,50,4446.641364
-50.0,50,4449.268461
-7.0,50,4451.896541
-50.0,50,4454.523914
-50.0,50,4457.13729
-22.0,50,4459.758023
-50.0,50,4462.39831
-50.0,50,4465.042439
-12.0,50,4467.700077
-8.0,50,4468.158573
-9.0,50,4468.610761
-50.0,50,4469.090813
-7.0,50,4469.55346
-4.0,50,4470.037059
-5.0,50,4470.530329
-7.0,50,4471.01416
-8.0,50,4471.517851
-7.0,50,4471.960201
-22.0,50,4472.469393
-26.0,50,4475.072518
-33.0,50,4477.695735
-43.0,50,4480.30286
-12.0,50,4482.872525
-20.0,50,4485.492606
-16.0,50,4488.169248
-45.0,50,4490.757798
-37.0,50,4493.40187
-50.0,50,4495.992549
-50.0,50,4498.57202
-44.0,50,4501.190716
-50.0,50,4503.776517
-6.0,50,4506.400899
-50.0,50,4509.008786
-12.0,50,4511.636396
0.0,50,4514.216468
-50.0,50,4516.806556
-13.0,50,4519.414797
-50.0,50,4522.018464
-50.0,50,4524.614153
-12.0,50,4527.221509
-50.0,50,4529.8508
-50.0,50,4532.465758
-14.0,50,4535.044404
-50.0,50,4537.683057
-22.0,50,4540.263011
-50.0,50,4542.890775
-7.0,50,4545.539693
-9.0,50,4548.162408
-43.0,50,4550.764192
-39.0,50,4553.400997
-19.0,50,4556.066264
-22.0,50,4558.648396
-50.0,50,4561.294697
-10.0,50,4563.876806
-5.0,50,4566.520308
-50.0,50,4569.128198
-15.0,50,4571.766014
-12.0,50,4574.41396
-50.0,50,4577.057726
-50.0,50,4579.658338
-50.0,50,4582.249528
-26.0,50,4584.884718
-8.0,50,4587.520485
-16.0,50,4590.137967
-50.0,50,4592.703804
-44.0,50,4595.382339
-16.0,50,4597.983538
-13.0,50,4600.642813
-50.0,50,4603.2581
-14.0,50,4603.743881
-11.0,50,4604.189017
-50.0,50,4604.653668
0.0,50,4605.09511
-7.0,50,4605.593267
-6.0,50,4606.050424
-5.0,50,4606.490319
-6.0,50,4606.943065
-5.0,50,4607.40044
-50.0,50,4607.928952
-5.0,50,4610.533762
-50.0,50,4613.161674
-32.0,50,4615.795999
-22.0,50,4618.366857
-18.0,50,4620.984498
-47.0,50,4623.551476
-50.0,50,4626.182129
-50.0,50,4628.810822
-50.0,50,4631.415334
-50.0,50,4634.048239
-4.0,50,4636.662493
-4.0,50,4639.254614
-24.0,50,4641.865888
-13.0,50,4644.49946
-50.0,50,4647.103285
-50.0,50,4649.732384
-50.0,50,4652.298547
-50.0,50,4654.948562
-4.0,50,4657.560408
-39.0,50,4660.203847
-15.0,50,4662.822442
-50.0,50,4665.448747
-9.0,50,4668.069478
-50.0,50,4670.680284
-50.0,50,4673.289165
-50.0,50,4675.844622
0.0,50,4678.523903
-50.0,50,4681.181312
-8.0,50,4683.793511
-11.0,50,4686.432827
-6.0,50,4689.04472
-8.0,50,4691.690635
-14.0,50,4694.24965
-27.0,50,4696.898169
-26.0,50,4699.512945
-50.0,50,4702.130899
-5.0,50,4704.781542
-50.0,50,4707.425122
-15.0,50,4710.035741
-45.0,50,4712.669428
-40.0,50,4715.304303
-50.0,50,4717.940404
-50.0,50,4720.530386
-7.0,50,4723.124408
-50.0,50,4725.76195
-30.0,50,4728.356977
-50.0,50,4731.063408
-50.0,50,4733.659767
-50.0,50,4736.260474
-16.0,50,4738.891553
-3.0,50,4739.352032
-10.0,50,4739.833684
-8.0,50,4740.27883
-37.0,50,4740.706109
-48.0,50,4741.197809
-50.0,50,4741.671513
-41.0,50,4742.125504
-12.0,50,4742.579447
-14.0,50,4743.009003
-42.0,50,4743.540118
-50.0,50,4746.157863
-50.0,50,4748.802564
-7.0,50,4751.381263
-50.0,50,4754.022098
-50.0,50,4756.643388
-23.0,50,4759.276289
-13.0,50,4761.872349
-50.0,50,4764.474563
-16.0,50,4767.129798
-50.0,50,4769.743387
-47.0,50,4772.306442
-43.0,50,4774.924336
-20.0,50,4777.551094
-20.0,50,4780.167379
-10.0,50,4782.757945
-46.0,50,4785.424217
-35.0,50,4788.017254
-10.0,50,4790.665387
-3.0,50,4793.303431
-23.0,50,4795.912916
-12.0,50,4798.520275
-50.0,50,4801.147647
-50.0,50,4803.787702
-50.0,50,4806.405499
-39.0,50,4809.038323
-12.0,50,4811.635937
-14.0,50,4814.269322
-50.0,50,4816.868881
-14.0,50,4819.537043
0.0,50,4822.192163
-50.0,50,4824.876963
-42.0,50,4827.484991
-50.0,50,4830.138368
-42.0,50,4832.806363
-47.0,50,4835.454087
-50.0,50,4838.01442
-50.0,50,4840.66565
-5.0,50,4843.283527
-7.0,50,4845.872431
-18.0,50,4848.521337
-50.0,50,4851.156696
-29.0,50,4853.806596
-49.0,50,4856.387934
-11.0,50,4859.02205
-42.0,50,4861.628536
-6.0,50,4864.233219
-50.0,50,4866.862753
-49.0,50,4869.414984
-37.0,50,4872.089364
-9.0,50,4874.697773
0.0,50,4875.159829
-50.0,50,4875.657534
-50.0,50,4876.097192
-10.0,50,4876.54626
-3.0,50,4876.99877
-50.0,50,4877.477216
-7.0,50,4877.946063
-7.0,50,4878.379807
-50.0,50,4878.869334
-38.0,50,4879.390777
-42.0,50,4881.99262
-15.0,50,4884.610258
-11.0,50,4887.241401
-7.0,50,4889.850025
-50.0,50,4892.50522
-27.0,50,4895.11031
-50.0,50,4897.725326
-6.0,50,4900.306969
-25.0,50,4902.90807
-31.0,50,4905.544148
-8.0,50,4908.115858
-50.0,50,4910.748517
-8.0,50,4913.356349
-50.0,50,4915.998212
-27.0,50,4918.567768
-50.0,50,4921.216316
-29.0,50,4923.877779
-50.0,50,4926.484663
-50.0,50,4929.038928
-50.0,50,4931.742569
-50.0,50,4934.297921
-50.0,50,4936.941191
-46.0,50,4939.539295
-42.0,50,4942.177385
-50.0,50,4944.771424
-43.0,50,4947.359291
-26.0,50,4949.970381
-48.0,50,4952.599363
-41.0,50,4955.203969
-50.0,50,4957.853528
-11.0,50,4960.43864
-42.0,50,4963.065355
-12.0,50,4965.731659
-50.0,50,4968.346733
-29.0,50,4970.983356
-47.0,50,4973.628211
-50.0,50,4976.23345
-17.0,50,4978.857898
-29.0,50,4981.482679
-14.0,50,4984.064177
-23.0,50,4986.710819
-50.0,50,4989.344344
-13.0,50,4991.969734
-39.0,50,4994.599506
-50.0,50,4997.220678
-50.0,50,4999.800033
-50.0,50,5002.454004
-45.0,50,5005.088768
-4.0,50,5007.687515
-13.0,50,5010.331809
-10.0,50,5010.787438
-11.0,50,5011.250369
-8.0,50,5011.719892
-50.0,50,5012.197779
-5.0,50,5012.674803
-9.0,50,5013.134111
-7.0,50,5013.596989
-50.0,50,5014.039517
-7.0,50,5014.48968
-50.0,50,5014.99264
-50.0,50,5017.589949
-50.0,50,5020.182947
-20.0,50,5022.826443
-10.0,50,5025.397482
-48.0,50,5028.012685
-50.0,50,5030.691028
-50.0,50,5033.315664
-50.0,50,5035.903977
-50.0,50,5038.47798
-47.0,50,5041.122176
-41.0,50,5043.764028
-11.0,50,5046.354096
-50.0,50,5048.969329
-18.0,50,5051.58783
-47.0,50,5054.18523
-50.0,50,5056.805227
-15.0,50,5059.403811
-50.0,50,5062.061828
-50.0,50,5064.69591
-13.0,50,5067.346879
-20.0,50,5069.944152
-50.0,50,5072.541258
-9.0,50,5075.21098
-20.0,50,5077.854868
-31.0,50,5080.436311
-50.0,50,5083.088836
-50.0,50,5085.71448
-10.0,50,5088.342371
-12.0,50,5090.942001
-23.0,50,5093.573322
-43.0,50,5096.203689
-16.0,50,5098.768301
-38.0,50,5101.408968
-49.0,50,5104.027167
-50.0,50,5106.634738
-50.0,50,5109.27227
-50.0,50,5111.917556
-46.0,50,5114.56868
-39.0,50,5117.186196
-41.0,50,5119.836592
-5.0,50,5122.465075
-40.0,50,5125.151752
-50.0,50,5127.763058
-50.0,50,5130.40708
-49.0,50,5133.047147
-50.0,50,5135.71742
-50.0,50,5138.320443
-50.0,50,5140.927437
-10.0,50,5143.581323
-9.0,50,5146.257238
-6.0,50,5146.721569
-13.0,50,5147.179067
-9.0,50,5147.638131
-9.0,50,5148.058052
-5.0,50,5148.515388
-3.0,50,5148.975616
-11.0,50,5149.446524
-14.0,50,5149.897245
-15.0,50,5150.340701
-35.0,50,5150.844376
-50.0,50,5153.488766
-19.0,50,5156.118981
-50.0,50,5158.751594
-46.0,50,5161.388395
-17.0,50,5164.039836
-35.0,50,5166.620288
-50.0,50,5169.239463
-43.0,50,5171.875741
-49.0,50,5174.480774
-46.0,50,5177.068197
-50.0,50,5179.69865
-10.0,50,5182.326539
-50.0,50,5184.970255
-40.0,50,5187.572799
-31.0,50,5190.169083
-50.0,50,5192.793309
-50.0,50,5195.364577
0.0,50,5198.010585
-25.0,50,5200.622234
-38.0,50,5203.22716
-12.0,50,5205.853672
-45.0,50,5208.510673
-36.0,50,5211.09958
-44.0,50,5213.767323
-43.0,50,5216.349035
-50.0,50,5218.953533
-19.0,50,5221.59858
-50.0,50,5224.229257
-50.0,50,5226.85522
-47.0,50,5229.514327
-50.0,50,5232.129366
-50.0,50,5234.76751
-38.0,50,5237.379674
-20.0,50,5240.077186
0.0,50,5242.661044
-39.0,50,5245.286304
-9.0,50,5247.903655
-50.0,50,5250.52703
-50.0,50,5253.116596
0.0,50,5255.697626
-50.0,50,5258.313436
-50.0,50,5260.904568
0.0,50,5263.541341
-6.0,50,5266.134628
-43.0,50,5268.779782
-50.0,50,5271.43281
-50.0,50,5274.056551
-21.0,50,5276.711359
-5.0,50,5279.273706
-7.0,50,5281.939373
-35.0,50,5282.405854
-37.0,50,5282.873984
-22.0,50,5283.319815
-50.0,50,5283.761646
-12.0,50,5284.226971
-11.0,50,5284.700641
-6.0,50,5285.168137
-9.0,50,5285.622685
-50.0,50,5286.059928
-35.0,50,5286.531537
-50.0,50,5289.162257
0.0,50,5291.789157
-50.0,50,5294.393061
-33.0,50,5296.999171
-50.0,50,5299.632069
-50.0,50,5302.247572
-36.0,50,5304.831802
-50.0,50,5307.503282
-50.0,50,5310.114554
-11.0,50,5312.737007
-50.0,50,5315.350794
-44.0,50,5318.000546
-50.0,50,5320.633189
-46.0,50,5323.27457
-41.0,50,5325.896603
-36.0,50,5328.490247
0.0,50,5331.161749
-50.0,50,5333.819151
-26.0,50,5336.452466
-50.0,50,5339.073269
-25.0,50,5341.706749
-34.0,50,5344.364484
-50.0,50,5346.993491
-50.0,50,5349.607235
-41.0,50,5352.232574
-44.0,50,5354.845357
-50.0,50,5357.408584
-50.0,50,5360.006294
-18.0,50,5362.660019
-7.0,50,5365.248963
-22.0,50,5367.852524
-50.0,50,5370.499676
-48.0,50,5373.118695
-19.0,50,5375.743621
-15.0,50,5378.322998
-50.0,50,5380.95139
-46.0,50,5383.575166
-50.0,50,5386.191309
-50.0,50,5388.829444
-14.0,50,5391.445805
-50.0,50,5394.061335
-50.0,50,5396.663542
-50.0,50,5399.290309
-10.0,50,5401.904373
-50.0,50,5404.574232
-50.0,50,5407.188177
-50.0,50,5409.749212
-50.0,50,5412.37376
-50.0,50,5414.987393
-50.0,50,5417.624434
-6.0,50,5418.056578
-5.0,50,5418.515029
-5.0,50,5418.961871
-13.0,50,5419.414715
-9.0,50,5419.858652
-5.0,50,5420.319456
-50.0,50,5420.787479
-6.0,50,5421.253736
-50.0,50,5421.675881
-50.0,50,5422.272933
-42.0,50,5424.916183
-11.0,50,5427.512043
-50.0,50,5430.152383
-50.0,50,5432.811247
-29.0,50,5435.436689
-50.0,50,5438.029209
-50.0,50,5440.665849
-37.0,50,5443.342705
-40.0,50,5445.886743
-50.0,50,5448.540536
-50.0,50,5451.164653
-50.0,50,5453.782178
-43.0,50,5456.465874
-50.0,50,5459.07388
-26.0,50,5461.733732
-18.0,50,5464.297131
-50.0,50,5466.910279
-42.0,50,5469.526739
-50.0,50,5472.125026
-20.0,50,5474.77902
-47.0,50,5477.351058
-20.0,50,5480.033767
-50.0,50,5482.649026
-15.0,50,5485.287804
-50.0,50,5487.913666
-31.0,50,5490.54348
-48.0,50,5493.153561
-19.0,50,5495.773918
-30.0,50,5498.379052
-15.0,50,5500.998828
-15.0,50,5503.63863
-9.0,50,5506.254199
-48.0,50,5508.880906
-49.0,50,5511.490924
0.0,50,5514.100622
-50.0,50,5516.753446
-38.0,50,5519.357273
-50.0,50,5521.95843
-50.0,50,5524.595236
-21.0,50,5527.2368
-46.0,50,5529.886481
-9.0,50,5532.506056
-50.0,50,5535.099988
-38.0,50,5537.734552
-49.0,50,5540.364804
-33.0,50,5543.006829
-50.0,50,5545.628212
-50.0,50,5548.229583
-50.0,50,5550.842251
-4.0,50,5553.508479
-3.0,50,5553.98119
-11.0,50,5554.451592
-50.0,50,5554.911726
-4.0,50,5555.375935
-4.0,50,5555.836613
-9.0,50,5556.302987
-26.0,50,5556.761526
-9.0,50,5557.200022
-7.0,50,5557.63949
-44.0,50,5558.197029
-50.0,50,5560.784999
-50.0,50,5563.453668
-13.0,50,5566.059307
-15.0,50,5568.702038
-32.0,50,5571.262652
-10.0,50,5573.90435
-50.0,50,5576.507831
-50.0,50,5579.153084
-50.0,50,5581.764241
-37.0,50,5584.373612
-9.0,50,5586.990651
-47.0,50,5589.637814
0.0,50,5592.231969
-50.0,50,5594.919942
-3.0,50,5597.53803
-29.0,50,5600.19131
-9.0,50,5602.813714
-50.0,50,5605.389075
-50.0,50,5608.017065
-50.0,50,5610.67047
-45.0,50,5613.300795
-50.0,50,5615.87232
-13.0,50,5618.525196
-41.0,50,5621.109374
-38.0,50,5623.748082
-24.0,50,5626.362142
-50.0,50,5629.030539
-46.0,50,5631.646921
-5.0,50,5634.276814
-50.0,50,5636.866799
-24.0,50,5639.441688
-50.0,50,5642.111781
-50.0,50,5644.708232
-24.0,50,5647.361719
-50.0,50,5649.945685
-50.0,50,5652.564168
-43.0,50,5655.163251
-43.0,50,5657.773687
-50.0,50,5660.3723
-43.0,50,5662.991186
-50.0,50,5665.611006
-29.0,50,5668.221703
-26.0,50,5670.834081
-50.0,50,5673.398335
-23.0,50,5676.088475
-50.0,50,5678.709562
-29.0,50,5681.323873
-50.0,50,5683.983978
-42.0,50,5686.561742
-15.0,50,5689.231174
-4.0,50,5689.661067
0.0,50,5690.119735
-50.0,50,5690.57476
-36.0,50,5691.046488
-7.0,50,5691.502739
-16.0,50,5691.930079
-50.0,50,5692.384125
-5.0,50,5692.892251
-6.0,50,5693.327145
-50.0,50,5693.816182
-50.0,50,5696.476845
-50.0,50,5699.122282
-50.0,50,5701.757136
-50.0,50,5704.373796
-18.0,50,5707.02277
-22.0,50,5709.670914
-33.0,50,5712.251763
-7.0,50,5714.926039
-19.0,50,5717.546422
-50.0,50,5720.155884
-50.0,50,5722.747651
-8.0,50,5725.38468
-50.0,50,5728.014183
-50.0,50,5730.608458
-50.0,50,5733.220113
-5.0,50,5735.891823
-20.0,50,5738.489368
-50.0,50,5741.106769
-43.0,50,5743.761597
-24.0,50,5746.379925
-50.0,50,5748.958765
-23.0,50,5751.565146
-26.0,50,5754.166328
-34.0,50,5756.810971
-48.0,50,5759.423997
-48.0,50,5762.042308
-45.0,50,5764.646893
-50.0,50,5767.285552
-12.0,50,5769.904205
-35.0,50,5772.522162
-9.0,50,5775.113225
-30.0,50,5777.739116
-12.0,50,5780.388306
-11.0,50,5782.962074
-10.0,50,5785.596289
-50.0,50,5788.176384
-36.0,50,5790.807997
-50.0,50,5793.415178
-37.0,50,5796.077961
-43.0,50,5798.680707
-16.0,50,5801.302693
-42.0,50,5803.95018
0.0,50,5806.567544
-11.0,50,5809.170926
-39.0,50,5811.795698
-20.0,50,5814.433186
-9.0,50,5817.104553
-50.0,50,5819.719108
-20.0,50,5822.340739
-11.0,50,5824.941082
-50.0,50,5825.37641
-11.0,50,5825.851241
-11.0,50,5826.319459
-50.0,50,5826.785579
-4.0,50,5827.230336
-10.0,50,5827.697061
-11.0,50,5828.152627
-50.0,50,5828.628816
-50.0,50,5829.055547
-46.0,50,5829.622797
-48.0,50,5832.180113
-16.0,50,5834.829593
0.0,50,5837.410479
-38.0,50,5840.091797
-50.0,50,5842.631976
-50.0,50,5845.331792
-16.0,50,5847.967469
-50.0,50,5850.520514
-15.0,50,5853.163631
-41.0,50,5855.760893
-48.0,50,5858.370315
-23.0,50,5860.969643
-50.0,50,5863.612267
-50.0,50,5866.219043
0.0,50,5868.847631
-50.0,50,5871.423831
-50.0,50,5874.123063
-19.0,50,5876.724351
-10.0,50,5879.298044
0.0,50,5881.99388
-10.0,50,5884.600271
-36.0,50,5887.196085
-24.0,50,5889.8155
-18.0,50,5892.425995
-50.0,50,5895.006885
-13.0,50,5897.60882
-50.0,50,5900.259306
-33.0,50,5902.905328
0.0,50,5905.478137
-50.0,50,5908.094091
-50.0,50,5910.751345
-8.0,50,5913.375571
-18.0,50,5915.980663
-12.0,50,5918.589393
-20.0,50,5921.240252
-44.0,50,5923.836888
-50.0,50,5926.419207
-6.0,50,5929.069571
-50.0,50,5931.713318
-39.0,50,5934.319838
-19.0,50,5936.949121
-46.0,50,5939.545911
-40.0,50,5942.185958
-43.0,50,5944.766987
-41.0,50,5947.402902
-50.0,50,5950.093674
-38.0,50,5952.67526
-50.0,50,5955.303729
-11.0,50,5957.936537
-50.0,50,5960.599317
-13.0,50,5961.070152
-50.0,50,5961.504526
-50.0,50,5961.959213
-6.0,50,5962.403072
-6.0,50,5962.871903
-3.0,50,5963.364781
-50.0,50,5963.8239
-50.0,50,5964.315192
-12.0,50,5964.746781
-50.0,50,5965.252764
-45.0,50,5967.882669
-28.0,50,5970.498951
0.0,50,5973.188562
0.0,50,5975.806767
-7.0,50,5978.411997
-10.0,50,5981.020151
-46.0,50,5983.637247
-50.0,50,5986.225607
-50.0,50,5988.838457
-7.0,50,5991.411428
-36.0,50,5994.090754
-50.0,50,5996.712349
-50.0,50,5999.325054
-12.0,50,6001.910715
-16.0,50,6004.560265
-3.0,50,6007.190819
-15.0,50,6009.861183
-50.0,50,6012.444824
-30.0,50,6015.079195
0.0,50,6017.703578
-9.0,50,6020.379656
-46.0,50,6022.999256
-14.0,50,6025.611482
-50.0,50,6028.262242
-20.0,50,6030.874686
-50.0,50,6033.531158
-50.0,50,6036.078177
-10.0,50,6038.747987
-12.0,50,6041.361479
-13.0,50,6043.951341
-50.0,50,6046.611188
-50.0,50,6049.265256
-50.0,50,6051.860555
-50.0,50,6054.466019
-33.0,50,6057.091525
-16.0,50,6059.713762
-7.0,50,6062.332052
-21.0,50,6064.917813
-41.0,50,6067.594822
-39.0,50,6070.181955
-50.0,50,6072.817061
-35.0,50,6075.460605
-16.0,50,6078.073608
-28.0,50,6080.745012
-50.0,50,6083.298797
-5.0,50,6085.926584
0.0,50,6088.533153
-50.0,50,6091.199049
-50.0,50,6093.79097
-12.0,50,6096.405176
-7.0,50,6096.892251
-6.0,50,6097.357811
-50.0,50,6097.791782
-45.0,50,6098.233023
-7.0,50,6098.704071
-6.0,50,6099.158779
-50.0,50,6099.57932
-3.0,50,6100.040961
-7.0,50,6100.4949
-34.0,50,6101.055886
-26.0,50,6103.692357
-50.0,50,6106.299551
-33.0,50,6108.913075
-49.0,50,6111.548327
-44.0,50,6114.175884
-50.0,50,6116.769973
-24.0,50,6119.443566
-50.0,50,6122.10571
-50.0,50,6124.716455
-14.0,50,6127.273581
-40.0,50,6129.936792
-24.0,50,6132.543858
-42.0,50,6135.142752
-50.0,50,6137.770826
-50.0,50,6140.354782
-10.0,50,6143.001227
-50.0,50,6145.597778
-8.0,50,6148.173858
-16.0,50,6150.853456
-50.0,50,6153.459615
-50.0,50,6156.105051
-50.0,50,6158.743155
-26.0,50,6161.364351
-11.0,50,6163.983927
-12.0,50,6166.596373
-50.0,50,6169.193937
-45.0,50,6171.862573
-8.0,50,6174.47489
-50.0,50,6177.12147
-50.0,50,6179.695664
-42.0,50,6182.322079
-34.0,50,6184.984326
-12.0,50,6187.614416
-20.0,50,6190.251597
-18.0,50,6192.903891
-39.0,50,6195.556449
-35.0,50,6198.169356
-18.0,50,6200.775921
-10.0,50,6203.363346
-17.0,50,6205.934622
-50.0,50,6208.578343
-23.0,50,6211.229131
0.0,50,6213.849368
-30.0,50,6216.499208
0.0,50,6219.088478
-50.0,50,6221.731284
-50.0,50,6224.342375
-50.0,50,6226.929903
-50.0,50,6229.553839
-4.0,50,6232.17366
-7.0,50,6232.625887
-7.0,50,6233.058949
0.0,50,6233.482904
-12.0,50,6233.931095
-5.0,50,6234.397669
-6.0,50,6234.825618
-13.0,50,6235.291565
-11.0,50,6235.756521
-11.0,50,6236.201478
-13.0,50,6236.715662
-48.0,50,6239.318461
-11.0,50,6241.913919
-25.0,50,6244.527956
-10.0,50,6247.184972
-44.0,50,6249.760073
-46.0,50,6252.371047
-50.0,50,6255.035881
-50.0,50,6257.676298
-50.0,50,6260.285425
-43.0,50,6262.937177
-34.0,50,6265.551595
-50.0,50,6268.206323
-11.0,50,6270.813373
-50.0,50,6273.456311
-46.0,50,6276.063363
-50.0,50,6278.672548
-6.0,50,6281.281419
-50.0,50,6283.930159
-29.0,50,6286.556407
-47.0,50,6289.180667
-33.0,50,6291.811677
-31.0,50,6294.425256
-41.0,50,6297.024491
-50.0,50,6299.636726
-42.0,50,6302.280703
-9.0,50,6304.912236
-9.0,50,6307.532189
-38.0,50,6310.231401
-50.0,50,6312.826773
-43.0,50,6315.420586
-50.0,50,6318.090508
-41.0,50,6320.667006
-50.0,50,6323.293403
-27.0,50,6325.926894
-49.0,50,6328.512398
-8.0,50,6331.213758
-50.0,50,6333.794739
-43.0,50,6336.409055
-12.0,50,6339.074541
-7.0,50,6341.724046
-29.0,50,6344.302172
-6.0,50,6346.995939
-19.0,50,6349.675858
-50.0,50,6352.295519
-40.0,50,6354.906526
-50.0,50,6357.574284
-10.0,50,6360.238881
-36.0,50,6362.884849
-50.0,50,6365.553617
-43.0,50,6368.134323
-6.0,50,6368.609802
-22.0,50,6369.068899
-44.0,50,6369.55377
-4.0,50,6370.000905
-50.0,50,6370.442594
-50.0,50,6370.897822
-5.0,50,6371.356659
-3.0,50,6371.818481
-50.0,50,6372.264822
-50.0,50,6372.83914
-50.0,50,6375.445827
-50.0,50,6378.048732
-50.0,50,6380.712795
-50.0,50,6383.347523
-16.0,50,6385.955823
-11.0,50,6388.582941
-46.0,50,6391.237922
-49.0,50,6393.849474
-50.0,50,6396.473391
-46.0,50,6399.126176
-9.0,50,6401.717909
-16.0,50,6404.330798
-50.0,50,6406.973333
-40.0,50,6409.60227
-50.0,50,6412.273517
-24.0,50,6414.925225
-11.0,50,6417.515143
-9.0,50,6420.171138
-41.0,50,6422.798844
-50.0,50,6425.380726
0.0,50,6427.985633
-43.0,50,6430.648818
-50.0,50,6433.305718
-50.0,50,6435.908657
-50.0,50,6438.527068
-50.0,50,6441.129844
-18.0,50,6443.747304
-10.0,50,6446.454099
-38.0,50,6449.066184
-50.0,50,6451.719173
-50.0,50,6454.307209
-10.0,50,6456.935539
-50.0,50,6459.598461
-15.0,50,6462.252765
-14.0,50,6464.851784
-30.0,50,6467.476179
-50.0,50,6470.139641
-26.0,50,6472.738504
-50.0,50,6475.380744
-42.0,50,6478.03024
-47.0,50,6480.648365
-50.0,50,6483.268268
-50.0,50,6485.896745
-4.0,50,6488.56055
-5.0,50,6491.169506
-48.0,50,6493.780062
-8.0,50,6496.391165
-50.0,50,6499.041371
-11.0,50,6501.650893
-9.0,50,6504.283936
-50.0,50,6504.71793
0.0,50,6505.155844
-15.0,50,6505.602085
-10.0,50,6506.062391
-50.0,50,6506.496104
-14.0,50,6506.947709
-10.0,50,6507.40633
-27.0,50,6507.836962
-50.0,50,6508.26889
-48.0,50,6508.89067
-50.0,50,6511.505164
-33.0,50,6514.151433
-19.0,50,6516.750656
-11.0,50,6519.433234
-23.0,50,6522.058052
-12.0,50,6524.679222
-41.0,50,6527.343664
-47.0,50,6529.93331
-37.0,50,6532.576097
-50.0,50,6535.202322
-50.0,50,6537.838806
-18.0,50,6540.467976
-50.0,50,6543.072533
-50.0,50,6545.706806
-50.0,50,6548.32005
-48.0,50,6550.93527
-41.0,50,6553.557712
-47.0,50,6556.205765
-29.0,50,6558.781231
-50.0,50,6561.419917
-50.0,50,6564.025077
-13.0,50,6566.678988
-35.0,50,6569.291133
-50.0,50,6571.87902
-50.0,50,6574.547946
-42.0,50,6577.157712
-50.0,50,6579.789598
-24.0,50,6582.431744
-15.0,50,6585.040293
-50.0,50,6587.675123
-50.0,50,6590.331407
-27.0,50,6592.982691
-50.0,50,6595.6189
-15.0,50,6598.249171
-5.0,50,6600.906988
-50.0,50,6603.547463
-50.0,50,6606.21336
-50.0,50,6608.843149
-50.0,50,6611.443363
-23.0,50,6614.034931
-50.0,50,6616.603691
-16.0,50,6619.293159
-50.0,50,6621.919605
-50.0,50,6624.520934
-50.0,50,6627.156904
-50.0,50,6629.813051
-29.0,50,6632.443928
-39.0,50,6635.021279
-50.0,50,6637.654864
-3.0,50,6640.307521
-6.0,50,6640.757422
-12.0,50,6641.217667
-50.0,50,6641.653276
-5.0,50,6642.130406
-50.0,50,6642.566283
-7.0,50,6643.019167
0.0,50,6643.465169
-5.0,50,6643.939444
-8.0,50,6644.419057
-10.0,50,6644.941841
-47.0,50,6647.568937
-42.0,50,6650.224665
-50.0,50,6652.862594
-50.0,50,6655.472269
-49.0,50,6658.127455
-32.0,50,6660.718064
-50.0,50,6663.324351
-23.0,50,6665.967205
-50.0,50,6668.589409
-50.0,50,6671.231848
-28.0,50,6673.874181
-41.0,50,6676.487741
-20.0,50,6679.113631
-27.0,50,6681.755504
-44.0,50,6684.331324
-50.0,50,6686.961948
-44.0,50,6689.566729
-50.0,50,6692.236919
-50.0,50,6694.845388
-30.0,50,6697.511881
0.0,50,6700.095091
-18.0,50,6702.743442
-43.0,50,6705.352436
-50.0,50,6708.004585
-41.0,50,6710.611546
-11.0,50,6713.229473
-17.0,50,6715.842056
-35.0,50,6718.479236
-50.0,50,6721.096878
-50.0,50,6723.777151
0.0,50,6726.376489
-50.0,50,6729.031528
-17.0,50,6731.696929
-50.0,50,6734.307419
-50.0,50,6736.931906
-50.0,50,6739.547472
-26.0,50,6742.185401
-50.0,50,6744.804783
-50.0,50,6747.413935
-50.0,50,6750.04248
-49.0,50,6752.708846
-7.0,50,6755.30393
-50.0,50,6757.947354
-50.0,50,6760.550551
-12.0,50,6763.14541
-50.0,50,6765.760713
-32.0,50,6768.40249
-15.0,50,6771.030494
-50.0,50,6773.66245
-5.0,50,6776.263531
-14.0,50,6776.692256
-5.0,50,6777.138383
-7.0,50,6777.618432
-50.0,50,6778.066527
-9.0,50,6778.53002
-6.0,50,6778.951451
-10.0,50,6779.407173
-12.0,50,6779.866589
-50.0,50,6780.314066
