# {"t_start": 1575548474.6907237, "env_id": "FetchSlide-v1"} 
r,l,t
-50.0,50,13.00579
-50.0,50,18.94882
-50.0,50,24.911279
-50.0,50,28.626892
-50.0,50,33.515048
-50.0,50,37.573107
-50.0,50,42.951627
-50.0,50,46.479383
-50.0,50,50.864307
-50.0,50,54.252499
-50.0,50,58.992636
-50.0,50,61.707486
-50.0,50,65.50997
-50.0,50,68.41454
-50.0,50,71.105685
-50.0,50,73.717704
-50.0,50,78.784288
-50.0,50,81.596174
-50.0,50,86.54891
-50.0,50,89.461092
-50.0,50,93.926137
-50.0,50,97.40468
-50.0,50,100.141212
-50.0,50,104.779939
-50.0,50,108.401336
-50.0,50,112.705195
-50.0,50,117.304357
-50.0,50,122.878614
-50.0,50,128.257428
-50.0,50,131.57859
-50.0,50,136.284973
-50.0,50,140.169206
-50.0,50,145.675876
-50.0,50,148.373855
-50.0,50,152.258287
-50.0,50,155.297022
-50.0,50,159.510629
-50.0,50,164.727746
-50.0,50,167.454834
-50.0,50,170.273362
-50.0,50,175.424014
-50.0,50,178.092366
-50.0,50,180.838831
-50.0,50,186.146637
-50.0,50,189.289932
-50.0,50,194.229591
-50.0,50,196.957036
-50.0,50,199.544391
-50.0,50,205.71665
-50.0,50,208.654296
-50.0,50,211.354852
-50.0,50,211.79463
-50.0,50,212.270434
-50.0,50,212.698574
-50.0,50,213.121534
-50.0,50,213.585847
-50.0,50,214.031424
-50.0,50,215.327862
-50.0,50,216.407394
-50.0,50,216.897274
-50.0,50,217.407866
-50.0,50,220.327446
-50.0,50,225.472919
-50.0,50,228.175515
-50.0,50,233.394293
-50.0,50,236.068425
-50.0,50,238.789758
-50.0,50,241.449212
-50.0,50,244.120663
-50.0,50,249.18412
-50.0,50,251.862536
-50.0,50,254.499278
-50.0,50,258.359936
-50.0,50,261.054311
-50.0,50,263.954698
-50.0,50,268.820389
-50.0,50,271.540685
-50.0,50,276.588318
-50.0,50,279.289169
-50.0,50,281.977767
-50.0,50,284.689959
-50.0,50,288.628289
-50.0,50,292.959158
-50.0,50,297.749776
-50.0,50,301.692953
-50.0,50,307.9279
-50.0,50,313.687671
-50.0,50,317.736966
-50.0,50,323.800425
-50.0,50,327.437922
-50.0,50,334.732299
-50.0,50,339.829123
-50.0,50,344.553521
-50.0,50,351.88595
-50.0,50,356.86705
-50.0,50,361.545943
-50.0,50,366.237885
-50.0,50,369.687507
-50.0,50,377.024239
-50.0,50,381.829843
-50.0,50,386.93525
-50.0,50,393.003354
-50.0,50,399.002372
-50.0,50,402.830085
-50.0,50,408.946931
-50.0,50,412.48928
-50.0,50,419.80395
-50.0,50,424.887131
-50.0,50,429.712466
-50.0,50,435.367004
-50.0,50,438.187759
-50.0,50,439.760289
-50.0,50,441.238425
-50.0,50,442.226178
-50.0,50,442.645969
-50.0,50,443.078203
-50.0,50,443.491899
-50.0,50,443.909119
-50.0,50,444.34418
-50.0,50,444.760277
-50.0,50,445.346426
-50.0,50,449.240135
-50.0,50,451.917139
-50.0,50,454.680493
-50.0,50,457.381302
-50.0,50,463.60784
-50.0,50,466.22877
-50.0,50,470.065633
-50.0,50,472.724245
-50.0,50,475.328617
-50.0,50,477.96254
-50.0,50,483.041745
-50.0,50,485.628617
-50.0,50,490.812965
-50.0,50,493.453161
-50.0,50,498.568581
-50.0,50,501.505564
-50.0,50,506.324859
-50.0,50,509.384442
-50.0,50,513.25752
-50.0,50,518.000642
-50.0,50,523.114504
-50.0,50,529.285261
-50.0,50,534.170497
-50.0,50,538.48979
-50.0,50,544.024367
-50.0,50,550.129302
-50.0,50,555.610706
-50.0,50,560.056877
-50.0,50,566.095548
-50.0,50,572.283695
-50.0,50,575.908781
-50.0,50,582.168214
-50.0,50,587.18844
-50.0,50,593.258277
-50.0,50,599.422672
-50.0,50,603.124717
-50.0,50,609.737976
-50.0,50,613.047136
-50.0,50,617.638815
-50.0,50,621.177454
-50.0,50,625.607842
-50.0,50,629.155817
-50.0,50,631.757238
-50.0,50,636.79521
-50.0,50,639.715771
-50.0,50,643.596095
-50.0,50,648.686868
-50.0,50,651.394959
-50.0,50,657.120547
-50.0,50,661.749937
-50.0,50,662.241022
-50.0,50,662.695371
-50.0,50,663.191709
-50.0,50,663.678533
-50.0,50,664.187762
-50.0,50,664.707324
-50.0,50,665.155787
-50.0,50,665.632142
-50.0,50,666.963279
-50.0,50,669.292434
-50.0,50,674.953855
-50.0,50,678.913827
-50.0,50,684.206071
-50.0,50,686.968101
-50.0,50,692.157035
-50.0,50,696.000884
-50.0,50,700.01411
-50.0,50,703.510426
-50.0,50,706.843728
-50.0,50,711.61314
-50.0,50,716.037621
-50.0,50,721.212023
-50.0,50,724.328786
-50.0,50,727.841982
-50.0,50,731.859285
-50.0,50,735.806754
-50.0,50,738.435324
-50.0,50,743.512443
-50.0,50,746.3372
-50.0,50,749.028676
-50.0,50,752.694724
-50.0,50,756.926377
-50.0,50,759.576369
-50.0,50,762.244778
-50.0,50,767.316813
-50.0,50,769.914939
-50.0,50,773.739831
-50.0,50,778.185951
-50.0,50,781.743007
-50.0,50,785.638746
-50.0,50,789.616583
-50.0,50,792.303929
-50.0,50,796.82064
-50.0,50,800.281676
-50.0,50,802.934384
-50.0,50,806.543425
-50.0,50,809.691304
-50.0,50,813.574536
-50.0,50,816.269233
-50.0,50,819.923656
-50.0,50,824.195452
-50.0,50,827.555721
-50.0,50,832.095745
-50.0,50,834.816693
-50.0,50,838.616517
-50.0,50,843.739669
-50.0,50,847.807019
-50.0,50,851.998514
-50.0,50,855.999713
-50.0,50,860.299497
-50.0,50,861.865341
-50.0,50,862.584728
-50.0,50,862.994725
-50.0,50,863.451626
-50.0,50,863.922033
-50.0,50,864.392498
-50.0,50,864.869099
-50.0,50,865.463808
-10.0,50,866.981677
-50.0,50,868.786003
-50.0,50,871.893802
-50.0,50,875.976526
-50.0,50,878.702568
-50.0,50,883.982671
-50.0,50,887.059611
-50.0,50,892.057374
-50.0,50,894.850061
-50.0,50,899.977119
-50.0,50,902.900931
-50.0,50,908.381075
-50.0,50,911.089646
-50.0,50,913.974667
-50.0,50,919.13259
-50.0,50,921.990965
-50.0,50,927.163994
-50.0,50,931.170243
-50.0,50,935.361262
-50.0,50,939.69257
-50.0,50,942.628594
-50.0,50,947.945417
-50.0,50,950.778394
-50.0,50,955.974729
-50.0,50,958.816682
-50.0,50,962.742924
-50.0,50,965.646286
-50.0,50,968.770123
-50.0,50,974.829833
-50.0,50,977.719411
-50.0,50,981.684704
-50.0,50,984.485344
-50.0,50,988.625253
-50.0,50,994.405139
-50.0,50,998.080014
-50.0,50,1002.777326
-50.0,50,1006.323282
-50.0,50,1011.262468
-50.0,50,1014.540166
-50.0,50,1019.751926
-50.0,50,1022.644057
-50.0,50,1025.52208
-50.0,50,1029.609921
-50.0,50,1032.368124
-50.0,50,1036.656806
-50.0,50,1040.587534
-50.0,50,1044.776419
-50.0,50,1048.853065
-50.0,50,1053.087203
-50.0,50,1057.035567
-50.0,50,1062.425429
-50.0,50,1065.807565
-50.0,50,1067.155142
-50.0,50,1069.134892
-45.0,50,1070.443893
-50.0,50,1070.918392
-50.0,50,1071.39749
-50.0,50,1071.888124
-50.0,50,1073.107998
-50.0,50,1074.974247
-50.0,50,1076.452939
-50.0,50,1077.012967
-50.0,50,1083.263594
-50.0,50,1087.036143
-50.0,50,1093.100887
-50.0,50,1097.435208
-50.0,50,1104.378854
-50.0,50,1110.277432
-50.0,50,1114.347913
-50.0,50,1120.395627
-50.0,50,1126.647801
-50.0,50,1130.281149
-50.0,50,1136.460891
-50.0,50,1141.481364
-50.0,50,1146.402409
-50.0,50,1152.481117
-50.0,50,1156.885557
-50.0,50,1161.489746
-50.0,50,1168.603453
-50.0,50,1174.457796
-50.0,50,1178.48128
-50.0,50,1184.559974
-50.0,50,1190.898475
-50.0,50,1194.135445
-50.0,50,1199.489523
-50.0,50,1202.421927
-50.0,50,1207.559133
-50.0,50,1211.768741
-50.0,50,1216.045386
-50.0,50,1220.125975
-46.0,50,1224.446378
-50.0,50,1228.305878
-50.0,50,1233.680158
-50.0,50,1236.498211
-50.0,50,1240.568023
-50.0,50,1243.229431
-50.0,50,1248.493587
-50.0,50,1252.083905
-50.0,50,1256.442115
-50.0,50,1259.518954
-50.0,50,1263.211846
-50.0,50,1267.469413
-50.0,50,1271.237361
-50.0,50,1275.078239
-50.0,50,1279.125293
-50.0,50,1282.974795
-50.0,50,1285.680737
-27.0,50,1290.821332
-50.0,50,1293.503546
-50.0,50,1297.143897
-50.0,50,1301.416436
-50.0,50,1304.771207
-50.0,50,1306.093525
-50.0,50,1306.547788
-50.0,50,1307.037452
-50.0,50,1307.463743
-45.0,50,1307.937048
-50.0,50,1308.355927
-50.0,50,1308.864369
-50.0,50,1309.319799
-50.0,50,1309.765542
-50.0,50,1310.246331
-50.0,50,1315.419369
-47.0,50,1318.084147
-50.0,50,1323.560753
-50.0,50,1326.229708
-50.0,50,1328.904794
-50.0,50,1334.107884
-50.0,50,1337.251393
-50.0,50,1342.150687
-50.0,50,1345.094054
-50.0,50,1350.223152
-45.0,50,1356.433721
-50.0,50,1362.497405
-50.0,50,1365.699778
-50.0,50,1370.029413
-50.0,50,1376.384378
-50.0,50,1380.230978
-50.0,50,1384.959345
-50.0,50,1388.320591
-50.0,50,1393.470591
-50.0,50,1396.31689
-50.0,50,1401.641907
-50.0,50,1404.58857
-50.0,50,1409.932762
-50.0,50,1412.863735
-50.0,50,1416.981103
-50.0,50,1422.831964
-49.0,50,1426.713557
-50.0,50,1432.009099
-50.0,50,1435.290865
-50.0,50,1440.828833
-50.0,50,1443.863193
-50.0,50,1449.235714
-50.0,50,1452.459097
-50.0,50,1456.478429
-50.0,50,1461.737424
-50.0,50,1465.012728
-50.0,50,1470.393179
-50.0,50,1473.382007
-50.0,50,1478.726761
-50.0,50,1481.691584
-50.0,50,1487.107624
-47.0,50,1490.065254
-50.0,50,1495.441323
-50.0,50,1498.348099
-50.0,50,1502.406365
-50.0,50,1505.243272
-50.0,50,1510.693209
-33.0,50,1513.653787
-50.0,50,1518.894233
-50.0,50,1521.795351
-50.0,50,1522.326046
-50.0,50,1522.823563
-50.0,50,1523.32409
-47.0,50,1523.821975
-50.0,50,1524.321648
-50.0,50,1525.568875
-50.0,50,1527.291777
-50.0,50,1528.782268
-41.0,50,1529.248926
-50.0,50,1529.853343
-50.0,50,1534.8307
-50.0,50,1538.100415
-50.0,50,1542.104661
-50.0,50,1545.133814
-48.0,50,1550.391531
-44.0,50,1555.02036
-50.0,50,1559.360775
-50.0,50,1563.637214
-50.0,50,1568.927975
-50.0,50,1572.349767
-50.0,50,1577.705722
-50.0,50,1580.691498
-50.0,50,1585.43629
-50.0,50,1590.923906
-50.0,50,1593.986231
-23.0,50,1599.322807
-25.0,50,1602.269405
-50.0,50,1607.623965
-50.0,50,1610.533679
-50.0,50,1615.924514
-50.0,50,1618.841578
-50.0,50,1624.215358
-50.0,50,1627.176464
-46.0,50,1631.28105
-50.0,50,1634.238514
-45.0,50,1639.594772
-50.0,50,1642.57642
-50.0,50,1647.986242
-50.0,50,1650.972522
-50.0,50,1656.363147
-45.0,50,1660.934969
-50.0,50,1664.947938
-46.0,50,1669.339919
-50.0,50,1672.185642
-50.0,50,1674.849677
-50.0,50,1681.7345
-50.0,50,1684.830384
-50.0,50,1689.586476
-50.0,50,1693.31073
-47.0,50,1696.845333
-50.0,50,1702.176062
-50.0,50,1705.118165
-50.0,50,1710.534055
-50.0,50,1713.401932
-50.0,50,1717.554753
-50.0,50,1723.097553
-13.0,50,1726.011895
-50.0,50,1731.465477
-50.0,50,1734.370672
-50.0,50,1738.526187
-50.0,50,1738.974036
-50.0,50,1739.489535
-50.0,50,1739.939659
-50.0,50,1740.7644
-50.0,50,1742.439826
-50.0,50,1744.270649
-50.0,50,1746.040438
-50.0,50,1746.8062
-50.0,50,1747.29539
-50.0,50,1747.858955
-47.0,50,1751.777065
-50.0,50,1756.4367
-50.0,50,1760.840094
-50.0,50,1765.013964
-50.0,50,1769.617207
-40.0,50,1774.366309
-50.0,50,1777.541834
-50.0,50,1781.99115
-50.0,50,1786.641438
-50.0,50,1789.518569
-35.0,50,1794.320514
-50.0,50,1798.616472
-50.0,50,1802.127541
-50.0,50,1806.921826
-50.0,50,1809.857922
-50.0,50,1814.448346
-50.0,50,1819.188406
-50.0,50,1822.417912
-50.0,50,1828.064951
-50.0,50,1832.665538
-50.0,50,1835.944398
-50.0,50,1840.219771
-50.0,50,1844.846037
-23.0,50,1847.755637
-50.0,50,1852.430918
-50.0,50,1856.650951
-50.0,50,1860.196259
-50.0,50,1864.889002
-50.0,50,1867.798436
-50.0,50,1872.398716
-50.0,50,1877.256617
-50.0,50,1880.257243
-50.0,50,1884.900631
-50.0,50,1890.143982
-41.0,50,1894.568055
-50.0,50,1898.603886
-50.0,50,1903.239364
-47.0,50,1907.024912
-42.0,50,1911.042171
-50.0,50,1915.833206
-50.0,50,1918.801545
-42.0,50,1923.464891
-50.0,50,1928.246156
-50.0,50,1931.123085
-50.0,50,1935.810244
-47.0,50,1939.246128
-45.0,50,1943.467752
-48.0,50,1947.890134
-50.0,50,1950.767642
-21.0,50,1956.595035
-50.0,50,1957.098347
-50.0,50,1957.585295
-50.0,50,1958.647007
-17.0,50,1960.336389
-50.0,50,1961.122934
-10.0,50,1961.613583
-19.0,50,1962.10233
-43.0,50,1962.629287
-50.0,50,1963.07709
-50.0,50,1963.605485
-50.0,50,1968.263916
-50.0,50,1973.112321
-50.0,50,1977.838534
-50.0,50,1980.956139
-50.0,50,1985.593786
-50.0,50,1990.483263
-50.0,50,1993.36445
-50.0,50,1999.267669
-50.0,50,2004.008339
-50.0,50,2007.25821
-50.0,50,2011.607135
-50.0,50,2016.313502
-50.0,50,2021.170794
-50.0,50,2024.045594
-50.0,50,2028.668177
-50.0,50,2033.493334
-50.0,50,2038.121523
-50.0,50,2042.775679
-47.0,50,2046.468921
-44.0,50,2050.633484
-50.0,50,2055.387258
-50.0,50,2059.405649
-50.0,50,2064.499557
-21.0,50,2069.120906
-47.0,50,2074.089164
-50.0,50,2077.203854
-50.0,50,2081.872681
-50.0,50,2086.572445
-50.0,50,2091.516337
-46.0,50,2094.466413
-50.0,50,2099.197608
-50.0,50,2104.795123
-50.0,50,2109.371297
-17.0,50,2113.256919
-50.0,50,2117.950904
-33.0,50,2122.661888
-32.0,50,2125.93604
-50.0,50,2130.691734
-48.0,50,2134.346454
-50.0,50,2138.513919
-50.0,50,2143.283464
-50.0,50,2146.373183
-50.0,50,2151.138666
-46.0,50,2156.047339
-50.0,50,2158.979389
-50.0,50,2163.673359
-42.0,50,2169.362064
-50.0,50,2174.289305
-46.0,50,2177.886276
-50.0,50,2182.625623
-33.0,50,2183.144808
-46.0,50,2183.665908
-50.0,50,2184.139387
-50.0,50,2184.954097
-26.0,50,2186.386851
-50.0,50,2187.697713
-50.0,50,2188.21257
-50.0,50,2188.695982
-50.0,50,2189.151948
-44.0,50,2190.073072
-50.0,50,2194.514684
-50.0,50,2199.407565
-50.0,50,2203.613197
-50.0,50,2207.260017
-50.0,50,2213.330668
-50.0,50,2218.244956
-50.0,50,2221.439157
-34.0,50,2225.9807
-50.0,50,2230.859874
-50.0,50,2235.76185
-50.0,50,2239.089873
-50.0,50,2243.553909
-50.0,50,2248.327302
-50.0,50,2253.058835
-50.0,50,2257.789032
-50.0,50,2262.130212
-50.0,50,2265.738209
-50.0,50,2270.584448
-47.0,50,2276.432946
-35.0,50,2281.158981
-50.0,50,2285.12115
-50.0,50,2288.147033
-50.0,50,2291.11766
-19.0,50,2294.123376
-50.0,50,2297.154124
-50.0,50,2300.192289
-50.0,50,2303.178445
-50.0,50,2306.223964
-50.0,50,2309.204242
-50.0,50,2312.278763
-50.0,50,2315.28848
-50.0,50,2318.312656
-50.0,50,2321.335552
-46.0,50,2324.383222
-50.0,50,2327.427649
-46.0,50,2330.398487
-46.0,50,2333.434234
-50.0,50,2336.500923
-50.0,50,2339.521844
-50.0,50,2342.527269
-43.0,50,2345.546138
-50.0,50,2348.607123
-50.0,50,2351.607587
-50.0,50,2354.570106
-50.0,50,2357.676519
-42.0,50,2360.709186
-50.0,50,2363.721525
-50.0,50,2366.648034
-50.0,50,2369.681
-25.0,50,2372.727996
-50.0,50,2373.19165
-50.0,50,2373.67082
-50.0,50,2374.206959
-48.0,50,2374.758482
-50.0,50,2375.339922
-16.0,50,2375.909622
-50.0,50,2376.42203
-50.0,50,2376.92516
-50.0,50,2377.446306
-50.0,50,2378.069371
-50.0,50,2381.194046
-50.0,50,2384.203076
-50.0,50,2387.166682
-45.0,50,2390.204087
-50.0,50,2393.226475
-21.0,50,2396.321589
-50.0,50,2399.290609
-10.0,50,2402.310742
-50.0,50,2405.394593
-45.0,50,2408.399648
-50.0,50,2411.387237
-50.0,50,2414.347484
-40.0,50,2417.443056
-50.0,50,2420.526586
-46.0,50,2423.454595
-50.0,50,2426.467772
-46.0,50,2429.536402
-50.0,50,2432.596593
-50.0,50,2435.578334
-50.0,50,2438.592192
-50.0,50,2441.602518
-50.0,50,2444.782916
-50.0,50,2447.806198
-50.0,50,2450.718973
-50.0,50,2453.649302
-45.0,50,2456.632087
-47.0,50,2459.578289
-30.0,50,2462.564013
-40.0,50,2465.592947
-50.0,50,2468.638307
-50.0,50,2471.569999
-50.0,50,2474.515857
-50.0,50,2477.490479
-46.0,50,2480.443131
-37.0,50,2483.409574
-50.0,50,2486.362206
-50.0,50,2489.373411
-44.0,50,2492.342588
-48.0,50,2495.332052
-50.0,50,2498.318276
-50.0,50,2501.235635
-50.0,50,2504.176908
-50.0,50,2507.215001
-47.0,50,2510.110799
-46.0,50,2513.158451
-50.0,50,2516.120879
-50.0,50,2519.058603
-50.0,50,2522.005068
-50.0,50,2524.978872
-50.0,50,2527.931574
-50.0,50,2528.427908
-50.0,50,2528.931831
-34.0,50,2529.471039
-35.0,50,2529.990332
-50.0,50,2530.47404
-50.0,50,2531.038887
-50.0,50,2531.575124
-50.0,50,2532.068072
-50.0,50,2532.627559
-46.0,50,2533.267091
-50.0,50,2536.175199
-47.0,50,2539.172073
-50.0,50,2542.143981
-50.0,50,2545.10671
-42.0,50,2548.077276
-40.0,50,2551.132735
-40.0,50,2554.144623
-50.0,50,2557.045117
-48.0,50,2560.032266
-48.0,50,2562.998013
-50.0,50,2565.90023
-50.0,50,2568.891002
-36.0,50,2571.786759
-39.0,50,2574.83609
-45.0,50,2577.804087
-50.0,50,2580.764814
-50.0,50,2583.701708
-50.0,50,2586.677248
-44.0,50,2589.590552
-50.0,50,2592.587697
-39.0,50,2595.521529
-50.0,50,2598.4781
-46.0,50,2601.379684
-50.0,50,2604.326541
-42.0,50,2607.656143
-32.0,50,2611.500356
-50.0,50,2615.031431
-50.0,50,2618.488498
-44.0,50,2621.237986
-46.0,50,2624.007481
-50.0,50,2626.800922
-50.0,50,2629.550863
-50.0,50,2632.602812
-50.0,50,2635.712248
-43.0,50,2638.513061
-50.0,50,2641.32653
-50.0,50,2644.463577
-50.0,50,2647.244929
-50.0,50,2650.137724
-23.0,50,2653.226428
-50.0,50,2656.29154
-50.0,50,2659.247722
-50.0,50,2662.29412
-50.0,50,2665.031096
-50.0,50,2667.807654
-43.0,50,2670.569505
-50.0,50,2673.325685
-50.0,50,2676.432268
-50.0,50,2679.494821
-50.0,50,2682.693372
-50.0,50,2683.211246
-46.0,50,2683.676865
-50.0,50,2684.190813
-45.0,50,2684.683999
-32.0,50,2685.204833
-50.0,50,2685.664357
-50.0,50,2686.182862
-50.0,50,2686.650247
-50.0,50,2687.127562
-50.0,50,2687.682281
-50.0,50,2690.526304
-50.0,50,2693.299007
-20.0,50,2696.091712
-44.0,50,2698.861874
-13.0,50,2701.590508
-47.0,50,2704.646263
-50.0,50,2707.513948
-38.0,50,2710.304638
-48.0,50,2713.435121
-45.0,50,2716.214434
-50.0,50,2719.05642
-50.0,50,2721.781397
-50.0,50,2724.478032
-50.0,50,2727.404702
-43.0,50,2730.384746
-45.0,50,2733.059938
-50.0,50,2735.955566
-37.0,50,2738.569119
-50.0,50,2741.607172
-27.0,50,2744.300703
-50.0,50,2747.159317
-50.0,50,2750.327987
-50.0,50,2754.127856
-50.0,50,2757.776141
-49.0,50,2761.475714
-50.0,50,2765.146277
-47.0,50,2768.782177
-48.0,50,2772.379393
-45.0,50,2776.03066
-22.0,50,2779.625586
-50.0,50,2783.32971
-45.0,50,2786.97308
-35.0,50,2790.650805
-43.0,50,2794.358702
-50.0,50,2797.968796
-50.0,50,2801.726503
-44.0,50,2805.365193
-45.0,50,2809.082365
-46.0,50,2812.66161
-22.0,50,2816.312323
-50.0,50,2819.910241
-39.0,50,2823.584328
-50.0,50,2827.300958
-50.0,50,2830.895181
-50.0,50,2834.592619
-50.0,50,2838.275187
-50.0,50,2841.945142
-50.0,50,2845.556318
-50.0,50,2849.306127
-50.0,50,2852.974737
-25.0,50,2853.470165
-31.0,50,2854.038271
-50.0,50,2854.646257
-50.0,50,2855.230238
-50.0,50,2855.786674
-44.0,50,2856.333148
-50.0,50,2856.936232
-45.0,50,2857.504341
-44.0,50,2858.052453
-50.0,50,2858.680211
-32.0,50,2862.388745
-50.0,50,2866.149157
-50.0,50,2869.826722
-33.0,50,2873.549351
-50.0,50,2877.244019
-43.0,50,2880.230052
-50.0,50,2882.860759
-50.0,50,2885.699231
-41.0,50,2888.331559
-50.0,50,2891.009762
-34.0,50,2893.63785
-50.0,50,2896.292259
-50.0,50,2899.00249
-50.0,50,2902.010905
-50.0,50,2904.990043
-50.0,50,2907.965635
-50.0,50,2910.933204
-50.0,50,2913.931849
-50.0,50,2916.877431
-47.0,50,2919.880135
-50.0,50,2922.886624
-50.0,50,2925.836096
-50.0,50,2928.822472
-50.0,50,2931.817303
-50.0,50,2934.770046
-50.0,50,2937.771312
-50.0,50,2940.810091
-50.0,50,2943.724852
-50.0,50,2946.753781
-32.0,50,2949.721282
-50.0,50,2952.716794
-50.0,50,2955.626097
-50.0,50,2958.614718
-50.0,50,2961.577703
-50.0,50,2964.576437
-47.0,50,2967.604582
-20.0,50,2970.749115
-50.0,50,2973.774345
-50.0,50,2976.745818
-48.0,50,2979.633
-44.0,50,2982.636559
-50.0,50,2985.590121
-50.0,50,2988.54634
-50.0,50,2991.569798
-50.0,50,2994.497566
-50.0,50,2997.55443
-50.0,50,3000.461672
-50.0,50,3003.481907
-50.0,50,3006.443862
-50.0,50,3009.38847
-43.0,50,3009.856827
-25.0,50,3010.37143
-35.0,50,3010.8714
-49.0,50,3011.375756
-50.0,50,3011.895305
-50.0,50,3012.390171
-44.0,50,3012.874793
-43.0,50,3013.354053
-50.0,50,3013.857421
-40.0,50,3014.493357
-50.0,50,3017.472225
-50.0,50,3020.464302
-50.0,50,3023.462232
-50.0,50,3026.40806
-50.0,50,3029.363901
-46.0,50,3032.366684
-50.0,50,3035.31206
-50.0,50,3038.269063
-50.0,50,3041.235878
-50.0,50,3044.263031
-43.0,50,3047.214593
-50.0,50,3050.156108
-50.0,50,3053.171041
-50.0,50,3056.168554
-50.0,50,3059.083708
-50.0,50,3062.119125
-22.0,50,3065.066816
-50.0,50,3068.034185
-39.0,50,3070.972116
-50.0,50,3074.001061
-50.0,50,3076.981424
-50.0,50,3079.963802
-50.0,50,3082.916309
-41.0,50,3085.888484
-50.0,50,3088.869349
-50.0,50,3091.89612
-50.0,50,3094.887667
-41.0,50,3097.835021
-50.0,50,3100.755821
-50.0,50,3103.718586
-35.0,50,3106.670356
-47.0,50,3109.671573
-50.0,50,3112.602603
-37.0,50,3115.519835
-50.0,50,3118.561957
-47.0,50,3121.542246
-50.0,50,3124.535577
-48.0,50,3127.453462
-50.0,50,3130.464892
-44.0,50,3133.414894
-50.0,50,3136.36918
-50.0,50,3139.373894
-47.0,50,3142.343683
-46.0,50,3145.293562
-6.0,50,3148.263158
-50.0,50,3151.26681
-47.0,50,3154.244885
-50.0,50,3157.199596
-50.0,50,3160.145583
-29.0,50,3163.167589
-31.0,50,3163.687778
-48.0,50,3164.226021
-29.0,50,3164.715024
-50.0,50,3165.216365
-38.0,50,3165.723041
-50.0,50,3166.241264
-42.0,50,3166.78935
-50.0,50,3167.284397
-13.0,50,3167.749779
-48.0,50,3168.312929
-35.0,50,3171.301899
-50.0,50,3174.252541
-44.0,50,3177.261388
-50.0,50,3180.237924
-50.0,50,3183.151492
-50.0,50,3186.191503
-50.0,50,3189.165121
-50.0,50,3192.156121
-50.0,50,3195.134921
-46.0,50,3198.101169
-50.0,50,3201.050224
-50.0,50,3204.023963
-50.0,50,3206.9819
-50.0,50,3209.907558
-50.0,50,3212.918395
-50.0,50,3215.866854
-50.0,50,3218.835653
-33.0,50,3221.784752
-50.0,50,3224.82761
-50.0,50,3227.792271
-50.0,50,3230.761336
-50.0,50,3233.704423
-43.0,50,3236.730637
-50.0,50,3239.653204
-42.0,50,3242.626818
-50.0,50,3245.566254
-50.0,50,3248.514001
-50.0,50,3251.464241
-47.0,50,3254.458714
-40.0,50,3257.513086
-45.0,50,3260.478038
-50.0,50,3263.462919
-50.0,50,3266.419096
-40.0,50,3269.341169
-46.0,50,3272.28049
-50.0,50,3275.306818
-50.0,50,3278.279168
-50.0,50,3281.320602
-50.0,50,3284.465439
-50.0,50,3287.419618
-42.0,50,3290.460215
-19.0,50,3293.38851
-50.0,50,3296.3759
-50.0,50,3299.373936
-50.0,50,3302.28438
-39.0,50,3305.310727
-50.0,50,3308.204317
-50.0,50,3311.226086
-40.0,50,3314.180445
-44.0,50,3317.20041
-16.0,50,3317.709847
-43.0,50,3318.204568
-50.0,50,3318.711519
-34.0,50,3319.189031
-42.0,50,3319.67132
-50.0,50,3320.208547
-50.0,50,3320.757885
-50.0,50,3321.284079
-50.0,50,3321.809729
-50.0,50,3322.328914
-50.0,50,3325.245136
-50.0,50,3328.223618
-50.0,50,3331.168426
-50.0,50,3334.157485
-50.0,50,3337.074549
-50.0,50,3340.044962
-50.0,50,3343.059399
-45.0,50,3346.014285
-50.0,50,3348.968926
-45.0,50,3351.949054
-47.0,50,3354.907835
-47.0,50,3357.904763
-44.0,50,3360.940826
-50.0,50,3364.091599
-45.0,50,3367.094963
-50.0,50,3370.078186
-50.0,50,3373.054062
-50.0,50,3376.050544
-50.0,50,3379.031981
-50.0,50,3382.077072
-50.0,50,3385.07527
-50.0,50,3388.03717
-50.0,50,3391.021452
-50.0,50,3393.935491
-50.0,50,3396.964683
-46.0,50,3399.956595
-45.0,50,3402.901047
-25.0,50,3405.865454
-50.0,50,3408.859909
-20.0,50,3411.818625
-46.0,50,3414.788403
-19.0,50,3417.797597
-29.0,50,3420.731649
-50.0,50,3423.894146
-50.0,50,3426.948423
-21.0,50,3429.946891
-50.0,50,3432.923911
-50.0,50,3435.939214
-50.0,50,3438.885417
-50.0,50,3441.924905
-50.0,50,3444.880462
-45.0,50,3447.84339
-47.0,50,3450.888482
-50.0,50,3453.823421
-38.0,50,3456.805637
-50.0,50,3459.983289
-50.0,50,3463.001949
-50.0,50,3465.98763
-50.0,50,3468.985368
-50.0,50,3471.969571
-19.0,50,3472.446303
-42.0,50,3472.924471
-45.0,50,3473.415456
-42.0,50,3473.926507
0.0,50,3474.491509
-5.0,50,3474.9804
-21.0,50,3475.459187
-50.0,50,3475.975579
-41.0,50,3476.467563
-50.0,50,3477.129179
-50.0,50,3480.080366
-50.0,50,3483.082482
-47.0,50,3486.0635
-44.0,50,3489.058083
-50.0,50,3492.056506
-50.0,50,3495.035762
-50.0,50,3497.985995
-45.0,50,3500.959675
-50.0,50,3503.970618
-50.0,50,3506.90583
-50.0,50,3509.914425
-42.0,50,3512.888128
-50.0,50,3515.824412
-50.0,50,3518.834898
-50.0,50,3521.811271
-50.0,50,3524.800258
-44.0,50,3527.77128
-43.0,50,3530.753663
-47.0,50,3533.690131
-47.0,50,3536.687951
-50.0,50,3539.706501
-42.0,50,3542.618611
-50.0,50,3545.670495
-50.0,50,3548.665351
-50.0,50,3551.611875
-44.0,50,3554.644665
-23.0,50,3557.575433
-50.0,50,3560.550328
-50.0,50,3563.488412
-50.0,50,3566.460128
-41.0,50,3569.519585
-50.0,50,3572.528831
-48.0,50,3575.497691
-36.0,50,3578.511837
-50.0,50,3581.47841
-44.0,50,3584.407023
-43.0,50,3587.439933
-50.0,50,3590.460543
-50.0,50,3593.409219
-47.0,50,3596.361905
-50.0,50,3599.329499
-47.0,50,3602.316023
-50.0,50,3605.263239
-50.0,50,3608.272274
-50.0,50,3611.243416
-50.0,50,3614.249948
-43.0,50,3617.224424
-48.0,50,3620.232828
-50.0,50,3623.163105
-50.0,50,3626.129051
-47.0,50,3626.687182
-44.0,50,3627.153093
-13.0,50,3627.668299
-50.0,50,3628.225601
-50.0,50,3628.737336
-13.0,50,3629.251016
-30.0,50,3629.800077
-50.0,50,3630.348856
-27.0,50,3630.807313
-42.0,50,3631.40853
-50.0,50,3634.410235
-46.0,50,3637.461786
-50.0,50,3640.425825
-50.0,50,3643.353632
-43.0,50,3646.326463
-50.0,50,3649.332303
-44.0,50,3652.314444
-50.0,50,3655.294848
-50.0,50,3658.298635
-50.0,50,3661.29459
-36.0,50,3664.194185
-47.0,50,3667.223979
-50.0,50,3670.184675
-50.0,50,3673.206911
-30.0,50,3676.200654
-50.0,50,3679.14362
-50.0,50,3682.121416
-50.0,50,3685.107337
-50.0,50,3688.232727
-50.0,50,3691.379076
-50.0,50,3694.389048
-25.0,50,3697.29042
-50.0,50,3700.294367
-46.0,50,3703.294661
-50.0,50,3706.242801
-50.0,50,3709.274923
-50.0,50,3712.217415
-50.0,50,3715.236161
-50.0,50,3718.169326
-35.0,50,3721.172683
-44.0,50,3724.208517
-44.0,50,3727.148647
-48.0,50,3730.152338
-50.0,50,3733.134867
-40.0,50,3736.128831
-49.0,50,3739.162262
-49.0,50,3742.152282
-46.0,50,3745.145648
-46.0,50,3748.159271
-50.0,50,3751.176531
-50.0,50,3754.144099
-42.0,50,3757.095082
-50.0,50,3760.210839
-50.0,50,3763.354457
-46.0,50,3766.408517
-50.0,50,3769.373744
-50.0,50,3772.323881
-50.0,50,3775.353155
-50.0,50,3778.33367
-20.0,50,3781.299064
-30.0,50,3781.779456
-38.0,50,3782.310263
-50.0,50,3782.810465
-45.0,50,3783.285791
-40.0,50,3783.784742
-10.0,50,3784.278002
-24.0,50,3784.807467
-42.0,50,3785.293396
-38.0,50,3785.782227
-50.0,50,3786.534452
-50.0,50,3789.594448
-46.0,50,3792.605768
-50.0,50,3795.667992
-47.0,50,3798.769835
-50.0,50,3801.978948
-42.0,50,3804.964664
-50.0,50,3808.008108
-28.0,50,3811.051753
-50.0,50,3814.108358
-29.0,50,3817.078188
-50.0,50,3820.053994
-50.0,50,3823.082373
-50.0,50,3826.086374
-47.0,50,3829.169646
-50.0,50,3832.134216
-50.0,50,3835.122137
-50.0,50,3838.098109
-34.0,50,3841.036011
-41.0,50,3844.069381
-47.0,50,3846.992577
-50.0,50,3850.005843
-50.0,50,3852.936743
-50.0,50,3855.885974
-50.0,50,3858.880357
-50.0,50,3861.856373
-37.0,50,3864.835811
-43.0,50,3867.788779
-45.0,50,3870.771023
-50.0,50,3873.818517
-47.0,50,3876.767621
-50.0,50,3879.780603
-33.0,50,3882.694981
-37.0,50,3885.694351
-21.0,50,3888.678512
-50.0,50,3891.643512
-48.0,50,3894.591907
-50.0,50,3897.609979
-39.0,50,3900.629811
-50.0,50,3903.611072
-50.0,50,3906.566557
-47.0,50,3909.563297
-50.0,50,3912.560126
-50.0,50,3915.710541
-44.0,50,3918.75625
-44.0,50,3921.748572
-50.0,50,3924.711716
-50.0,50,3927.653293
-50.0,50,3930.66175
-48.0,50,3933.628796
-40.0,50,3936.641641
-21.0,50,3937.116236
-45.0,50,3937.592047
-36.0,50,3938.126441
-47.0,50,3938.629655
-21.0,50,3939.115312
-30.0,50,3939.624649
-20.0,50,3940.129981
-50.0,50,3940.635156
-36.0,50,3941.14285
-50.0,50,3941.761312
-40.0,50,3944.781509
-50.0,50,3947.737262
-50.0,50,3950.708607
-50.0,50,3953.69474
-38.0,50,3956.706442
-33.0,50,3959.688193
-50.0,50,3962.653961
-22.0,50,3965.633393
-50.0,50,3968.650111
-23.0,50,3971.63173
-20.0,50,3974.568236
-41.0,50,3977.557746
-50.0,50,3980.493103
-45.0,50,3983.547254
-39.0,50,3986.490169
-30.0,50,3989.407008
-50.0,50,3992.413635
-48.0,50,3995.39725
-50.0,50,3998.356845
-50.0,50,4001.284354
-50.0,50,4004.300038
-46.0,50,4007.291322
-46.0,50,4010.254179
-50.0,50,4013.312197
-22.0,50,4016.25375
-44.0,50,4019.222234
-50.0,50,4022.17512
-50.0,50,4025.177565
-30.0,50,4028.128082
-50.0,50,4031.166017
-50.0,50,4034.108243
-24.0,50,4037.130355
-50.0,50,4040.075415
-26.0,50,4043.072115
-50.0,50,4046.037449
-41.0,50,4049.030981
-49.0,50,4051.967535
-50.0,50,4054.90914
-26.0,50,4057.93648
-37.0,50,4060.988604
-50.0,50,4064.211914
-50.0,50,4067.198384
-50.0,50,4070.144244
-50.0,50,4073.215515
-45.0,50,4076.203601
-50.0,50,4079.244416
-50.0,50,4082.174771
-45.0,50,4085.194766
-43.0,50,4088.157708
-50.0,50,4091.141055
-45.0,50,4091.64094
-27.0,50,4092.092637
-32.0,50,4092.6105
-46.0,50,4093.093971
-32.0,50,4093.559121
-42.0,50,4094.052228
-28.0,50,4094.562438
-28.0,50,4095.067776
-50.0,50,4095.573477
-50.0,50,4096.247319
-50.0,50,4099.320187
-50.0,50,4102.279901
-31.0,50,4105.255029
-37.0,50,4108.403912
-49.0,50,4111.444439
-50.0,50,4114.40584
-50.0,50,4117.410228
-50.0,50,4120.435255
-46.0,50,4123.358511
-50.0,50,4126.308387
-31.0,50,4129.329493
-40.0,50,4132.303859
-50.0,50,4135.267945
-50.0,50,4138.21921
-48.0,50,4141.199353
-37.0,50,4144.190161
-50.0,50,4147.100003
-50.0,50,4150.041768
-50.0,50,4153.103105
-20.0,50,4156.053147
-47.0,50,4159.022046
-35.0,50,4161.940663
-50.0,50,4164.961262
-50.0,50,4167.887132
-35.0,50,4170.860689
-44.0,50,4173.860697
-18.0,50,4176.822988
-50.0,50,4179.756095
-48.0,50,4182.745522
-50.0,50,4185.803433
-49.0,50,4189.014614
-43.0,50,4191.993303
-50.0,50,4194.973297
-40.0,50,4197.96323
-50.0,50,4200.978616
-50.0,50,4203.921246
-50.0,50,4206.901545
-45.0,50,4209.978922
-38.0,50,4212.996947
-50.0,50,4215.904979
-41.0,50,4218.940016
-50.0,50,4221.857491
-50.0,50,4224.916021
-43.0,50,4227.87277
-29.0,50,4230.847708
-42.0,50,4233.805283
-14.0,50,4236.766103
-32.0,50,4239.777054
-49.0,50,4242.732428
-34.0,50,4245.696084
0.0,50,4246.227826
-50.0,50,4246.730167
-50.0,50,4247.291899
-31.0,50,4247.847809
-6.0,50,4248.41812
-46.0,50,4248.963547
-42.0,50,4249.506042
-35.0,50,4250.002604
-50.0,50,4250.46856
-46.0,50,4250.956026
-46.0,50,4253.750334
-45.0,50,4256.494109
-50.0,50,4259.123605
-50.0,50,4261.816777
-50.0,50,4264.756325
-50.0,50,4267.502758
-37.0,50,4270.10498
-42.0,50,4272.757539
-50.0,50,4275.432491
-50.0,50,4278.076893
-46.0,50,4280.707256
-50.0,50,4283.314925
-50.0,50,4286.345113
-50.0,50,4289.827531
-23.0,50,4293.88277
-44.0,50,4297.228075
-45.0,50,4300.912359
-50.0,50,4304.699856
-33.0,50,4308.366667
-45.0,50,4311.992074
-50.0,50,4315.561698
-50.0,50,4319.225559
-50.0,50,4322.833016
-50.0,50,4326.533372
-37.0,50,4330.130439
-50.0,50,4333.775708
-42.0,50,4337.36745
-50.0,50,4341.019197
-43.0,50,4344.635463
-50.0,50,4348.206566
-50.0,50,4351.86667
-50.0,50,4355.470839
-45.0,50,4359.012599
-47.0,50,4362.577961
-50.0,50,4366.21045
-50.0,50,4369.747229
-32.0,50,4373.018441
-43.0,50,4376.154606
-41.0,50,4378.926827
-50.0,50,4381.628914
-46.0,50,4384.260196
-44.0,50,4386.888677
-50.0,50,4389.555224
-50.0,50,4392.224254
-35.0,50,4394.856344
-46.0,50,4397.467867
-50.0,50,4400.085957
-50.0,50,4402.755038
-47.0,50,4405.361839
-29.0,50,4407.990556
-50.0,50,4408.461732
-50.0,50,4408.919043
-41.0,50,4409.39343
-50.0,50,4409.849277
-45.0,50,4410.302962
-24.0,50,4410.762121
-50.0,50,4411.240618
-21.0,50,4411.715692
-50.0,50,4412.186514
-50.0,50,4412.764486
-24.0,50,4415.396823
-19.0,50,4418.058868
-45.0,50,4420.680156
-50.0,50,4423.29309
-42.0,50,4425.948433
-41.0,50,4428.602619
-50.0,50,4431.237469
-50.0,50,4433.896977
-37.0,50,4436.51169
-44.0,50,4439.137341
-45.0,50,4442.01397
-50.0,50,4444.924779
-50.0,50,4448.213472
-50.0,50,4451.29714
-50.0,50,4454.982815
-46.0,50,4458.519311
-50.0,50,4461.900655
-46.0,50,4465.618089
-43.0,50,4469.254176
-22.0,50,4472.874857
-33.0,50,4476.569625
-50.0,50,4480.185782
-50.0,50,4483.899017
-46.0,50,4487.672862
-40.0,50,4491.341625
-50.0,50,4495.017227
-50.0,50,4498.710124
-47.0,50,4502.531922
-47.0,50,4506.16704
-50.0,50,4509.883668
-47.0,50,4513.623322
-50.0,50,4517.3347
-50.0,50,4521.044109
-46.0,50,4524.701389
-50.0,50,4528.252811
-28.0,50,4531.992347
-50.0,50,4535.589177
-50.0,50,4539.322743
-50.0,50,4542.978531
-50.0,50,4546.67749
-50.0,50,4550.275245
-44.0,50,4553.980522
-45.0,50,4557.717384
-50.0,50,4561.304261
-50.0,50,4564.949421
-24.0,50,4568.636428
-34.0,50,4572.258068
-50.0,50,4575.904552
-50.0,50,4579.754397
-43.0,50,4583.45586
-38.0,50,4584.063697
-26.0,50,4584.676048
-50.0,50,4585.227622
-34.0,50,4585.786576
-33.0,50,4586.356862
-50.0,50,4586.872996
-30.0,50,4587.413563
-42.0,50,4587.987651
-49.0,50,4588.633109
-31.0,50,4589.319854
-49.0,50,4593.021822
-44.0,50,4596.639677
-41.0,50,4600.36095
-50.0,50,4604.045424
-50.0,50,4607.715882
-50.0,50,4611.387523
-41.0,50,4615.085603
-49.0,50,4618.862997
-50.0,50,4622.529707
-50.0,50,4626.163346
-44.0,50,4629.870366
-50.0,50,4633.428532
-50.0,50,4637.115531
-50.0,50,4640.719882
-50.0,50,4644.467308
-50.0,50,4648.06188
-50.0,50,4651.710372
-50.0,50,4655.474947
-46.0,50,4659.145847
-50.0,50,4662.505161
-23.0,50,4665.90597
-45.0,50,4669.993168
-42.0,50,4673.307747
-45.0,50,4676.789532
-24.0,50,4680.361004
-50.0,50,4683.447159
-50.0,50,4687.025839
-32.0,50,4690.818486
-46.0,50,4694.540111
-44.0,50,4698.260193
-40.0,50,4701.979235
-47.0,50,4705.670505
-34.0,50,4709.311395
-40.0,50,4713.046818
-43.0,50,4716.661814
-46.0,50,4720.258924
-48.0,50,4723.90024
-41.0,50,4727.629607
-25.0,50,4731.346916
-50.0,50,4734.993498
-41.0,50,4738.688423
-45.0,50,4742.478084
-19.0,50,4746.181898
-50.0,50,4749.833992
-33.0,50,4753.641763
-50.0,50,4757.474066
-50.0,50,4761.155426
-45.0,50,4764.985678
-40.0,50,4768.906456
-50.0,50,4772.708057
-28.0,50,4773.286142
-14.0,50,4773.844335
-32.0,50,4774.438634
-21.0,50,4775.030399
-31.0,50,4775.580411
-17.0,50,4776.129869
-50.0,50,4776.72618
-50.0,50,4777.285514
-50.0,50,4777.834525
-32.0,50,4778.594357
-50.0,50,4782.424917
-46.0,50,4786.220978
-45.0,50,4790.146735
-30.0,50,4793.912996
-50.0,50,4797.758811
-27.0,50,4801.552427
-32.0,50,4805.434974
-41.0,50,4809.273924
-27.0,50,4813.178845
-47.0,50,4817.093104
-50.0,50,4820.997356
-46.0,50,4824.850678
-50.0,50,4828.73736
-47.0,50,4832.696291
-28.0,50,4836.519878
-50.0,50,4840.48765
-47.0,50,4844.3407
-44.0,50,4848.258715
-50.0,50,4852.086336
-48.0,50,4855.870323
-50.0,50,4859.782772
-50.0,50,4863.652374
-50.0,50,4867.62336
-26.0,50,4871.466335
-50.0,50,4875.427311
-24.0,50,4879.368722
-50.0,50,4883.131033
-50.0,50,4887.108809
-50.0,50,4890.93536
-44.0,50,4894.283532
-50.0,50,4897.137033
-45.0,50,4899.843689
-37.0,50,4902.544722
-50.0,50,4905.575898
-50.0,50,4909.502049
-50.0,50,4912.83768
-50.0,50,4916.2672
-18.0,50,4919.242723
-27.0,50,4922.038789
-50.0,50,4925.104675
-50.0,50,4928.699905
-36.0,50,4931.99595
-43.0,50,4935.924164
-45.0,50,4939.671159
-33.0,50,4942.918735
-44.0,50,4946.430481
-37.0,50,4950.026696
-32.0,50,4953.269935
-50.0,50,4956.401857
-24.0,50,4959.762951
-29.0,50,4960.268556
-50.0,50,4960.747384
-22.0,50,4961.235252
-25.0,50,4961.789769
-41.0,50,4962.288359
-50.0,50,4962.80743
-46.0,50,4963.38017
-44.0,50,4963.881665
-43.0,50,4964.398624
-50.0,50,4965.149431
-37.0,50,4969.066716
-50.0,50,4972.162982
-49.0,50,4975.562168
-50.0,50,4979.361305
-45.0,50,4983.139393
-45.0,50,4986.38098
-50.0,50,4990.19244
-45.0,50,4994.019816
-50.0,50,4997.866736
-50.0,50,5001.096313
-50.0,50,5004.876054
-23.0,50,5008.691915
-50.0,50,5011.961289
-50.0,50,5014.983921
-50.0,50,5018.122742
-50.0,50,5021.195396
-50.0,50,5024.986409
-21.0,50,5028.131861
-45.0,50,5031.196604
-36.0,50,5034.201861
-50.0,50,5037.266175
-50.0,50,5040.366359
-50.0,50,5043.337113
-50.0,50,5046.431459
-44.0,50,5049.466892
-43.0,50,5052.499754
-50.0,50,5055.607014
-46.0,50,5058.6579
-50.0,50,5061.717763
-50.0,50,5064.8466
-50.0,50,5067.889123
-50.0,50,5070.920664
-46.0,50,5073.889809
-47.0,50,5077.696693
-42.0,50,5081.422331
-50.0,50,5084.488461
-30.0,50,5087.588639
-26.0,50,5090.548213
-50.0,50,5093.621563
-42.0,50,5096.588345
-4.0,50,5099.640603
-44.0,50,5102.684489
-50.0,50,5105.701948
-49.0,50,5108.765868
-50.0,50,5111.87483
0.0,50,5114.888925
-48.0,50,5117.985227
-50.0,50,5121.112243
-50.0,50,5124.162672
-50.0,50,5127.284457
-46.0,50,5127.795596
-22.0,50,5128.309032
-50.0,50,5128.832978
-41.0,50,5129.421737
-50.0,50,5129.95287
-44.0,50,5130.527244
-24.0,50,5131.094002
-43.0,50,5131.619505
-7.0,50,5132.087466
-50.0,50,5132.778732
-23.0,50,5135.789444
-50.0,50,5138.82994
-28.0,50,5141.940518
-50.0,50,5144.956623
-50.0,50,5148.116332
-50.0,50,5151.193242
-46.0,50,5154.237957
-41.0,50,5157.376038
-44.0,50,5160.376196
-50.0,50,5163.524827
-48.0,50,5166.565011
-36.0,50,5169.617379
-40.0,50,5172.703383
-50.0,50,5175.758676
-50.0,50,5178.740043
-14.0,50,5181.78074
-48.0,50,5184.888222
-46.0,50,5187.855545
-50.0,50,5190.884383
-40.0,50,5193.931275
-50.0,50,5196.945536
-33.0,50,5199.951469
-46.0,50,5202.973761
-50.0,50,5206.089449
-45.0,50,5209.028152
-42.0,50,5211.88448
-36.0,50,5215.129788
-50.0,50,5218.461913
-30.0,50,5221.508721
-50.0,50,5224.546805
-50.0,50,5227.590816
-50.0,50,5230.764812
-37.0,50,5233.781184
-46.0,50,5236.807043
-37.0,50,5239.844845
-50.0,50,5242.87113
-46.0,50,5245.964365
-50.0,50,5249.016198
-50.0,50,5252.239588
-45.0,50,5255.900582
-50.0,50,5259.270264
-30.0,50,5262.310403
-50.0,50,5265.366854
-50.0,50,5268.37265
-50.0,50,5271.520207
-31.0,50,5274.542319
-50.0,50,5277.586675
-50.0,50,5280.642396
-50.0,50,5283.941549
-50.0,50,5287.6504
-23.0,50,5288.132173
-27.0,50,5288.638095
-8.0,50,5289.156926
-20.0,50,5289.613061
-35.0,50,5290.138749
-26.0,50,5290.630616
-43.0,50,5291.166172
-37.0,50,5291.669813
-34.0,50,5292.161614
-46.0,50,5292.783749
-50.0,50,5295.477013
-50.0,50,5298.407188
-50.0,50,5301.927524
-50.0,50,5304.910747
-50.0,50,5307.945097
-36.0,50,5310.954775
-50.0,50,5313.99361
-50.0,50,5317.008975
-50.0,50,5320.067088
-50.0,50,5323.023533
-17.0,50,5326.025512
-25.0,50,5329.034156
-50.0,50,5332.127177
-50.0,50,5335.109452
-25.0,50,5338.195314
-50.0,50,5341.359264
-50.0,50,5344.364304
-41.0,50,5347.435934
-50.0,50,5350.461143
-46.0,50,5353.562867
-50.0,50,5356.66727
-50.0,50,5359.728421
-30.0,50,5362.865329
-50.0,50,5365.941219
-50.0,50,5368.914559
-50.0,50,5372.049274
-50.0,50,5375.203428
-50.0,50,5378.22682
-50.0,50,5381.279928
-45.0,50,5384.319514
-47.0,50,5387.350838
-50.0,50,5390.423395
-32.0,50,5393.483507
0.0,50,5396.604483
-50.0,50,5399.602813
-50.0,50,5402.711685
-50.0,50,5405.704364
-50.0,50,5408.861883
-50.0,50,5412.393982
-50.0,50,5416.007637
-50.0,50,5419.597238
-50.0,50,5423.322226
-50.0,50,5426.78029
-40.0,50,5430.001337
-50.0,50,5433.001153
-32.0,50,5436.078989
-50.0,50,5439.129625
-50.0,50,5442.200027
-50.0,50,5445.276765
-50.0,50,5448.261741
-50.0,50,5448.775036
-17.0,50,5449.260149
-40.0,50,5449.794225
-26.0,50,5450.275361
-23.0,50,5450.781228
-34.0,50,5451.296372
-46.0,50,5451.798392
-50.0,50,5452.308738
-40.0,50,5452.816301
-50.0,50,5453.595325
-47.0,50,5456.718693
-46.0,50,5459.723098
-50.0,50,5462.777166
-47.0,50,5465.863909
-41.0,50,5468.967624
-50.0,50,5471.984858
-42.0,50,5475.036498
-50.0,50,5478.161618
-49.0,50,5481.152409
-34.0,50,5484.203904
-50.0,50,5487.234687
-50.0,50,5490.283053
-50.0,50,5493.313229
-35.0,50,5496.323307
-50.0,50,5499.458866
-47.0,50,5502.565065
-50.0,50,5505.717072
-39.0,50,5509.081377
-25.0,50,5512.257446
-50.0,50,5515.240114
-50.0,50,5518.294982
-50.0,50,5521.434105
-50.0,50,5524.539102
-50.0,50,5527.538038
-46.0,50,5530.577994
-50.0,50,5533.655928
-44.0,50,5536.623738
-50.0,50,5539.789452
-44.0,50,5542.830808
-33.0,50,5545.830152
-26.0,50,5548.837337
-41.0,50,5551.845774
-45.0,50,5554.852489
-50.0,50,5557.890592
-37.0,50,5560.888689
-45.0,50,5563.89702
-50.0,50,5566.885851
-50.0,50,5569.997538
-50.0,50,5573.01119
-42.0,50,5576.047611
-45.0,50,5579.106488
-50.0,50,5582.138817
-49.0,50,5585.625374
-50.0,50,5589.216738
-50.0,50,5592.834275
-45.0,50,5596.572208
-47.0,50,5600.059886
-50.0,50,5603.799865
-50.0,50,5607.382836
-30.0,50,5611.216506
-21.0,50,5611.704263
-37.0,50,5612.214516
-9.0,50,5612.774957
-50.0,50,5613.293403
-45.0,50,5613.791356
-50.0,50,5614.337527
-28.0,50,5614.793293
-32.0,50,5615.31474
-28.0,50,5615.861573
-48.0,50,5616.474521
-50.0,50,5619.67938
0.0,50,5623.046725
-50.0,50,5626.98757
-46.0,50,5630.202789
-43.0,50,5633.242432
-42.0,50,5636.41949
-50.0,50,5640.005251
-37.0,50,5643.097507
-50.0,50,5646.113963
-50.0,50,5649.119174
-50.0,50,5652.190702
-46.0,50,5655.240055
-50.0,50,5658.332377
-37.0,50,5661.329436
-50.0,50,5664.595237
-50.0,50,5667.896586
-50.0,50,5671.299533
-30.0,50,5674.330661
-21.0,50,5678.212893
-28.0,50,5682.172614
-23.0,50,5686.242943
-50.0,50,5690.140367
-50.0,50,5693.800424
-50.0,50,5696.912607
-50.0,50,5700.06942
-50.0,50,5703.304268
-50.0,50,5706.706347
-50.0,50,5710.633429
-50.0,50,5714.476063
-26.0,50,5718.351357
-50.0,50,5721.968424
-18.0,50,5725.099606
-50.0,50,5728.165701
-46.0,50,5731.3396
-50.0,50,5734.462911
-50.0,50,5737.622952
-44.0,50,5740.841459
-45.0,50,5744.707386
-50.0,50,5748.381782
-50.0,50,5752.083468
-50.0,50,5755.217312
-50.0,50,5758.412281
-50.0,50,5761.547443
-34.0,50,5764.735137
-50.0,50,5767.995503
-50.0,50,5771.132723
-46.0,50,5774.23905
-48.0,50,5777.41459
-50.0,50,5780.542442
-45.0,50,5783.705418
-43.0,50,5784.238619
-37.0,50,5784.73982
-43.0,50,5785.319807
-45.0,50,5785.867568
-20.0,50,5786.403208
-46.0,50,5786.926515
-50.0,50,5787.460342
-29.0,50,5788.004662
-16.0,50,5788.510454
-50.0,50,5789.112598
-50.0,50,5792.22694
-46.0,50,5795.367719
-50.0,50,5798.521965
-50.0,50,5801.693047
-16.0,50,5804.792458
-50.0,50,5807.94292
-44.0,50,5811.066722
-42.0,50,5814.178216
-50.0,50,5817.293899
-50.0,50,5820.492401
-50.0,50,5823.584654
-39.0,50,5826.668407
-38.0,50,5829.925221
-46.0,50,5833.029847
-50.0,50,5836.192579
-44.0,50,5839.39452
-27.0,50,5842.57524
-41.0,50,5845.735224
-24.0,50,5848.814722
-23.0,50,5851.959979
-46.0,50,5855.05477
-45.0,50,5858.179451
-43.0,50,5861.332755
-16.0,50,5864.506814
-50.0,50,5867.542462
-46.0,50,5870.700037
-47.0,50,5874.381158
-25.0,50,5877.484044
-50.0,50,5880.621485
-44.0,50,5883.726808
-50.0,50,5886.868298
-34.0,50,5889.968141
-50.0,50,5893.10414
-50.0,50,5896.213704
-41.0,50,5899.280607
-50.0,50,5902.417152
-50.0,50,5905.513285
-40.0,50,5908.661582
-27.0,50,5911.793833
-31.0,50,5914.897175
-46.0,50,5918.009311
-45.0,50,5921.079013
-50.0,50,5924.172354
-50.0,50,5927.347735
-45.0,50,5930.432917
-47.0,50,5933.546162
-50.0,50,5936.772395
-50.0,50,5939.911202
-50.0,50,5943.093615
-20.0,50,5946.279885
-40.0,50,5946.826326
-28.0,50,5947.368308
-32.0,50,5947.897245
-40.0,50,5948.433486
-15.0,50,5948.954789
-39.0,50,5949.540113
-50.0,50,5950.095668
-50.0,50,5950.664279
-42.0,50,5951.22377
-50.0,50,5951.765396
-50.0,50,5954.970803
-50.0,50,5958.195129
-50.0,50,5961.402969
-50.0,50,5964.53337
-25.0,50,5967.677256
-50.0,50,5970.883604
-42.0,50,5974.041532
-50.0,50,5977.207025
-46.0,50,5980.346639
-50.0,50,5983.410527
-25.0,50,5986.63103
-50.0,50,5989.728332
-50.0,50,5992.860999
-50.0,50,5995.990789
-50.0,50,5999.153678
-50.0,50,6002.235038
-50.0,50,6005.40862
-50.0,50,6008.526984
-20.0,50,6011.652161
-42.0,50,6014.736645
-43.0,50,6017.85596
-40.0,50,6021.014447
-50.0,50,6024.118133
-50.0,50,6027.209819
-50.0,50,6030.333445
-50.0,50,6033.51082
-50.0,50,6036.590012
-50.0,50,6039.769371
-27.0,50,6042.980992
-50.0,50,6046.167864
-36.0,50,6049.279188
-12.0,50,6052.348167
-41.0,50,6055.500074
-44.0,50,6058.605888
-46.0,50,6061.707071
-47.0,50,6064.829876
-26.0,50,6068.022142
-35.0,50,6071.570596
-47.0,50,6074.75677
-50.0,50,6078.099456
-42.0,50,6081.1901
-50.0,50,6084.423714
-45.0,50,6087.498843
-50.0,50,6090.59169
-25.0,50,6093.698014
-50.0,50,6096.812302
-50.0,50,6100.005713
-50.0,50,6103.102349
-48.0,50,6106.243442
-16.0,50,6109.307199
-28.0,50,6109.817717
-23.0,50,6110.302537
-30.0,50,6110.816644
-18.0,50,6111.390569
-38.0,50,6111.913534
-50.0,50,6112.441653
-50.0,50,6112.997594
-36.0,50,6113.520476
-43.0,50,6114.058978
-40.0,50,6114.78552
-50.0,50,6117.93874
-38.0,50,6121.039428
-44.0,50,6124.174066
-48.0,50,6127.302288
-50.0,50,6130.363454
-50.0,50,6133.500173
-20.0,50,6136.632324
-50.0,50,6139.75847
-50.0,50,6142.826576
-22.0,50,6146.210074
-50.0,50,6149.616078
-50.0,50,6152.879715
-50.0,50,6156.186645
-34.0,50,6159.359479
-50.0,50,6162.446633
-50.0,50,6165.611174
-50.0,50,6168.701303
-46.0,50,6171.841879
-50.0,50,6174.922646
-50.0,50,6178.007195
-48.0,50,6181.154851
-46.0,50,6184.204427
-50.0,50,6187.336403
-44.0,50,6190.461902
-23.0,50,6193.595232
-50.0,50,6196.719674
-39.0,50,6199.842386
-48.0,50,6203.640265
-50.0,50,6207.533242
-46.0,50,6211.323166
-50.0,50,6214.412804
-50.0,50,6217.523833
-42.0,50,6220.63833
-48.0,50,6223.775636
-50.0,50,6226.883162
-50.0,50,6230.0446
-50.0,50,6233.106231
-50.0,50,6236.310138
-43.0,50,6240.109178
-47.0,50,6243.844428
-50.0,50,6247.719964
-50.0,50,6251.00052
-50.0,50,6254.703676
-45.0,50,6258.281863
-29.0,50,6261.277246
-47.0,50,6264.213849
-50.0,50,6267.516044
-50.0,50,6270.230894
-50.0,50,6274.116244
-42.0,50,6277.53899
-19.0,50,6278.116321
-50.0,50,6278.723842
-42.0,50,6279.285072
-22.0,50,6279.871262
-39.0,50,6280.451527
-20.0,50,6280.992239
-45.0,50,6281.552253
-50.0,50,6282.118375
-43.0,50,6282.678189
0.0,50,6283.489161
-50.0,50,6287.190888
-33.0,50,6290.932767
-50.0,50,6294.60228
-34.0,50,6298.30234
-16.0,50,6301.862833
-50.0,50,6305.590183
-50.0,50,6309.207343
-50.0,50,6312.869429
-43.0,50,6316.528414
-16.0,50,6320.327689
-50.0,50,6324.007015
-50.0,50,6327.815901
-50.0,50,6331.517265
-37.0,50,6335.190542
-44.0,50,6338.87751
-50.0,50,6342.587392
-50.0,50,6346.303056
-44.0,50,6350.014942
-48.0,50,6353.847394
-50.0,50,6357.485765
-46.0,50,6361.158484
-50.0,50,6364.971979
-31.0,50,6368.678672
-50.0,50,6372.276691
-40.0,50,6376.078384
-50.0,50,6379.755547
-31.0,50,6383.469702
-27.0,50,6387.30117
-46.0,50,6391.067708
-50.0,50,6394.752918
-49.0,50,6398.475108
-44.0,50,6402.266614
-50.0,50,6405.812296
-50.0,50,6409.168381
-12.0,50,6412.156623
-50.0,50,6415.068767
-45.0,50,6418.182651
-50.0,50,6421.303302
-25.0,50,6424.343811
-49.0,50,6427.425562
-50.0,50,6430.55891
-47.0,50,6433.692915
-33.0,50,6436.81304
-45.0,50,6439.875493
-46.0,50,6443.023228
-50.0,50,6445.794017
-25.0,50,6448.535512
-50.0,50,6451.80979
-35.0,50,6454.887337
-12.0,50,6458.261569
-37.0,50,6458.747969
-23.0,50,6459.245939
-48.0,50,6459.744968
-50.0,50,6460.184675
-27.0,50,6460.657759
-23.0,50,6461.141146
-21.0,50,6461.595699
-26.0,50,6462.068448
-39.0,50,6462.527166
-50.0,50,6463.398024
-45.0,50,6466.758662
-50.0,50,6470.0949
-50.0,50,6473.377391
-50.0,50,6476.723427
-13.0,50,6480.194385
-50.0,50,6483.601258
-50.0,50,6487.023423
-50.0,50,6490.470467
-50.0,50,6493.806839
-42.0,50,6497.1592
-45.0,50,6500.453934
-50.0,50,6503.841348
-48.0,50,6507.256846
-50.0,50,6510.786734
-50.0,50,6514.237771
-50.0,50,6517.725224
-37.0,50,6521.166018
-50.0,50,6524.724209
-50.0,50,6528.351716
-44.0,50,6531.93207
-50.0,50,6535.452777
-41.0,50,6539.018776
-50.0,50,6542.470484
-46.0,50,6545.88699
-40.0,50,6549.233648
-50.0,50,6552.296206
-47.0,50,6554.857273
-45.0,50,6557.238747
-47.0,50,6559.943185
-50.0,50,6563.003524
-31.0,50,6566.249859
-50.0,50,6569.833252
-50.0,50,6573.715552
-43.0,50,6576.78383
-46.0,50,6580.077117
-48.0,50,6583.5722
-40.0,50,6586.869363
-45.0,50,6589.939019
-50.0,50,6593.16685
-50.0,50,6596.402594
-50.0,50,6599.828675
-45.0,50,6603.182261
-50.0,50,6606.279544
-43.0,50,6609.330053
-39.0,50,6612.411482
-47.0,50,6615.357175
-45.0,50,6618.371504
-50.0,50,6621.439106
-46.0,50,6624.416363
-14.0,50,6627.37929
-50.0,50,6627.852402
-15.0,50,6628.316167
-50.0,50,6628.805164
-21.0,50,6629.274116
-11.0,50,6629.749997
-28.0,50,6630.270415
-21.0,50,6630.768791
-25.0,50,6631.226019
-24.0,50,6631.729557
-21.0,50,6632.281702
-24.0,50,6635.306926
-37.0,50,6638.364709
-26.0,50,6641.34851
-45.0,50,6644.227202
-45.0,50,6647.174791
-50.0,50,6650.028992
-36.0,50,6652.979915
-50.0,50,6655.926193
-47.0,50,6658.935975
-50.0,50,6661.915189
-50.0,50,6665.021827
-50.0,50,6667.974831
-45.0,50,6671.037311
-50.0,50,6674.020788
-50.0,50,6677.05088
-20.0,50,6679.984181
-33.0,50,6682.987149
-43.0,50,6686.022603
-50.0,50,6689.066814
-43.0,50,6692.058923
-45.0,50,6695.011895
-50.0,50,6697.994702
-37.0,50,6700.981178
-50.0,50,6703.994663
-50.0,50,6707.029457
-50.0,50,6710.068544
-50.0,50,6712.999078
-34.0,50,6715.932615
-50.0,50,6718.878134
-50.0,50,6722.043713
-20.0,50,6725.187705
-22.0,50,6728.266361
-45.0,50,6731.214117
-50.0,50,6734.21082
-50.0,50,6737.177193
-50.0,50,6740.115819
-48.0,50,6743.108174
-50.0,50,6746.211702
-50.0,50,6749.320736
-50.0,50,6752.4111
-45.0,50,6755.404206
-50.0,50,6758.534554
-50.0,50,6761.602014
-34.0,50,6764.590332
-50.0,50,6767.682394
-46.0,50,6770.709028
-48.0,50,6773.661504
-46.0,50,6776.724851
-50.0,50,6779.79759
-31.0,50,6782.758548
-50.0,50,6783.313045
-28.0,50,6783.798753
-27.0,50,6784.235008
-46.0,50,6784.727921
-19.0,50,6785.226449
-10.0,50,6785.694782
-35.0,50,6786.158791
-24.0,50,6786.632636
-50.0,50,6787.08606
-50.0,50,6787.639198
-50.0,50,6790.719754
-34.0,50,6793.774297
-23.0,50,6797.042234
-50.0,50,6800.196441
-50.0,50,6803.306118
-50.0,50,6806.442186
-50.0,50,6809.509431
-29.0,50,6812.479684
-25.0,50,6815.555063
-50.0,50,6818.929533
-45.0,50,6822.524997
-37.0,50,6825.922173
-33.0,50,6829.537136
-50.0,50,6832.567486
-18.0,50,6835.615015
-50.0,50,6838.598537
-50.0,50,6841.725224
-41.0,50,6844.899741
-24.0,50,6847.920941
-46.0,50,6851.182336
-43.0,50,6854.243553
-42.0,50,6857.319797
-15.0,50,6860.417646
-15.0,50,6863.51384
-50.0,50,6866.507118
-50.0,50,6869.575973
-47.0,50,6872.702782
-47.0,50,6875.647295
-21.0,50,6878.747301
-50.0,50,6881.73397
-50.0,50,6884.80021
-50.0,50,6887.826374
-32.0,50,6890.876989
-46.0,50,6893.945724
-44.0,50,6896.947431
-28.0,50,6900.025157
-50.0,50,6903.097627
-50.0,50,6906.152507
-50.0,50,6909.294784
-46.0,50,6912.321348
-50.0,50,6915.379913
-50.0,50,6918.378514
-47.0,50,6921.413283
-43.0,50,6924.491748
-47.0,50,6927.636324
-29.0,50,6930.877026
-45.0,50,6933.95468
-36.0,50,6937.05221
-50.0,50,6940.153448
-40.0,50,6943.234411
-44.0,50,6943.774086
-50.0,50,6944.298283
-10.0,50,6944.7921
-50.0,50,6945.27806
-21.0,50,6945.752541
-44.0,50,6946.287802
-39.0,50,6946.756177
-21.0,50,6947.254843
-19.0,50,6947.742258
-50.0,50,6948.262852
-50.0,50,6951.313299
-50.0,50,6954.391385
-50.0,50,6957.501565
-47.0,50,6960.588085
-50.0,50,6963.754747
-47.0,50,6966.838668
-25.0,50,6969.964813
-32.0,50,6973.322028
-30.0,50,6976.411947
-28.0,50,6979.448297
-47.0,50,6982.473395
-29.0,50,6985.600956
-50.0,50,6988.674483
-50.0,50,6991.846954
-14.0,50,6994.907864
-50.0,50,6997.950518
-50.0,50,7001.020385
-50.0,50,7004.219783
-32.0,50,7007.248139
-50.0,50,7010.282504
-50.0,50,7013.262471
-50.0,50,7016.329435
-20.0,50,7019.398883
-50.0,50,7022.484496
-50.0,50,7025.528732
-23.0,50,7028.619679
-42.0,50,7031.796573
-50.0,50,7034.920051
-50.0,50,7037.996606
-34.0,50,7041.050729
-42.0,50,7044.128327
-50.0,50,7047.187134
-37.0,50,7050.242247
-50.0,50,7053.274552
-45.0,50,7056.317208
-50.0,50,7059.343483
-44.0,50,7062.36171
-42.0,50,7065.367576
-50.0,50,7068.407973
-43.0,50,7071.437341
-20.0,50,7074.416601
-50.0,50,7077.467427
-50.0,50,7080.494772
-50.0,50,7083.470955
-50.0,50,7086.504796
-18.0,50,7089.450106
-37.0,50,7092.490639
-43.0,50,7095.511696
-50.0,50,7098.450482
-23.0,50,7101.389272
-46.0,50,7101.873125
-50.0,50,7102.392663
-50.0,50,7102.868662
-19.0,50,7103.331171
-50.0,50,7103.817306
-36.0,50,7104.280246
-33.0,50,7104.793973
-36.0,50,7105.278834
-50.0,50,7105.771968
-42.0,50,7106.223652
-47.0,50,7109.777221
-50.0,50,7113.518891
-49.0,50,7117.215458
-50.0,50,7120.844655
-37.0,50,7124.2612
-11.0,50,7127.480335
-33.0,50,7130.686143
-15.0,50,7133.918072
-50.0,50,7137.125561
-50.0,50,7140.233805
-19.0,50,7143.29534
-50.0,50,7146.353913
-47.0,50,7149.424498
-50.0,50,7152.528917
-50.0,50,7155.653711
-50.0,50,7158.79172
-26.0,50,7161.844269
-50.0,50,7164.982843
-50.0,50,7168.071775
-13.0,50,7171.136604
-46.0,50,7174.280659
-46.0,50,7177.410922
-50.0,50,7180.596747
-45.0,50,7183.729059
-50.0,50,7186.872571
-45.0,50,7189.937715
-50.0,50,7193.121578
-50.0,50,7196.391804
-50.0,50,7199.454238
-50.0,50,7202.503794
-44.0,50,7205.706583
-44.0,50,7209.043744
-50.0,50,7212.139728
-48.0,50,7215.192177
-46.0,50,7218.354937
-50.0,50,7221.43435
-50.0,50,7224.504293
-50.0,50,7227.560358
-42.0,50,7230.610766
-18.0,50,7233.686751
-50.0,50,7236.751708
-50.0,50,7239.805658
-50.0,50,7242.96914
-33.0,50,7246.014562
-50.0,50,7249.185421
-48.0,50,7252.20241
-50.0,50,7255.306924
-50.0,50,7258.632362
-50.0,50,7261.767832
-25.0,50,7264.897959
-26.0,50,7265.41449
-41.0,50,7265.903229
-44.0,50,7266.388259
-50.0,50,7266.866
-22.0,50,7267.342774
-50.0,50,7267.8732
-20.0,50,7268.336876
-25.0,50,7268.908228
-42.0,50,7269.444127
-41.0,50,7269.962535
-45.0,50,7273.051003
-50.0,50,7276.157502
-18.0,50,7279.223282
-45.0,50,7282.322682
-28.0,50,7285.392219
-50.0,50,7288.448949
-50.0,50,7291.481462
-50.0,50,7294.494738
-47.0,50,7297.536971
-42.0,50,7300.666027
-50.0,50,7303.667412
-50.0,50,7306.757164
-50.0,50,7309.85779
-50.0,50,7312.88427
-41.0,50,7315.861941
-50.0,50,7318.937432
-50.0,50,7321.887307
-50.0,50,7324.895685
-50.0,50,7328.154928
-50.0,50,7331.345457
-46.0,50,7334.340982
-28.0,50,7337.373765
-50.0,50,7340.361567
-50.0,50,7343.39302
-46.0,50,7346.434536
-50.0,50,7349.55745
-37.0,50,7352.667503
-50.0,50,7355.77073
-50.0,50,7358.86092
-50.0,50,7361.988407
-50.0,50,7364.984346
-37.0,50,7368.046493
-50.0,50,7371.132506
-43.0,50,7374.148034
-35.0,50,7377.059541
-37.0,50,7380.111618
-50.0,50,7383.155373
-50.0,50,7386.290926
-49.0,50,7389.381043
-20.0,50,7392.511222
-50.0,50,7395.671666
-40.0,50,7398.698242
-50.0,50,7401.846904
-41.0,50,7404.895195
-35.0,50,7407.987529
-50.0,50,7411.143265
-50.0,50,7414.148719
-43.0,50,7417.33039
-50.0,50,7420.535774
-28.0,50,7423.585018
-44.0,50,7424.075279
-46.0,50,7424.550446
-30.0,50,7425.030422
-41.0,50,7425.560956
-33.0,50,7426.007329
-21.0,50,7426.466543
-6.0,50,7426.952485
-36.0,50,7427.387586
-19.0,50,7427.848841
-46.0,50,7428.536089
-32.0,50,7431.556045
-50.0,50,7434.554898
-50.0,50,7437.532149
-50.0,50,7440.564646
-50.0,50,7443.575661
-50.0,50,7446.660587
-31.0,50,7449.748764
-50.0,50,7452.674892
-48.0,50,7455.79157
-46.0,50,7458.866979
-46.0,50,7461.909171
-50.0,50,7464.997879
-50.0,50,7468.03427
-46.0,50,7470.987262
-44.0,50,7474.258994
-43.0,50,7477.547976
-39.0,50,7480.82709
-34.0,50,7483.930615
-43.0,50,7486.973748
-50.0,50,7490.092709
-50.0,50,7493.186867
-50.0,50,7496.225552
-50.0,50,7499.30402
-50.0,50,7502.29179
-50.0,50,7505.414987
-29.0,50,7508.456892
-40.0,50,7511.601418
-26.0,50,7514.582994
-50.0,50,7517.568454
-31.0,50,7520.622554
-50.0,50,7523.654753
-43.0,50,7526.662783
-45.0,50,7529.687824
-50.0,50,7532.862929
-50.0,50,7535.856643
-45.0,50,7538.962195
-50.0,50,7542.025453
-50.0,50,7545.187378
-50.0,50,7548.56658
-17.0,50,7551.867953
-50.0,50,7555.13918
-50.0,50,7558.1534
-41.0,50,7560.990124
-45.0,50,7564.247493
-50.0,50,7567.319752
-50.0,50,7570.500667
-50.0,50,7573.599728
-50.0,50,7576.677612
-30.0,50,7579.780107
-32.0,50,7583.045604
-37.0,50,7583.546065
-39.0,50,7584.063871
-15.0,50,7584.557473
-21.0,50,7585.001623
-50.0,50,7585.487036
-50.0,50,7585.966037
-37.0,50,7586.458361
-40.0,50,7586.931741
-33.0,50,7587.420741
-50.0,50,7587.936767
-47.0,50,7590.938492
-50.0,50,7593.955509
-44.0,50,7597.006474
-34.0,50,7600.093226
-50.0,50,7603.130871
-29.0,50,7606.235649
-50.0,50,7609.403567
-43.0,50,7612.375382
-50.0,50,7615.532449
-50.0,50,7618.505251
-44.0,50,7621.584218
-32.0,50,7624.599244
-50.0,50,7627.692431
-31.0,50,7630.855011
-50.0,50,7634.048406
-50.0,50,7637.045103
-50.0,50,7640.118524
-50.0,50,7643.216952
-50.0,50,7646.18205
-50.0,50,7649.270582
-22.0,50,7652.330447
-50.0,50,7655.342294
-50.0,50,7658.407521
-50.0,50,7661.434256
-11.0,50,7664.529454
-47.0,50,7667.614078
-50.0,50,7669.92875
-50.0,50,7672.287903
-37.0,50,7674.594831
-50.0,50,7676.892741
-36.0,50,7679.194744
-50.0,50,7681.45188
-47.0,50,7683.793886
-50.0,50,7686.049731
-48.0,50,7688.411049
-35.0,50,7690.788164
-39.0,50,7693.164561
-44.0,50,7695.52079
-50.0,50,7697.785635
-50.0,50,7700.190858
-47.0,50,7702.556525
-50.0,50,7704.930215
-29.0,50,7707.278173
-32.0,50,7709.549896
-50.0,50,7711.812764
-50.0,50,7714.123835
-47.0,50,7716.437568
-50.0,50,7718.751661
-50.0,50,7721.202275
-15.0,50,7723.471462
-11.0,50,7723.880322
-21.0,50,7724.263463
-43.0,50,7724.669693
-29.0,50,7725.072984
-20.0,50,7725.486336
-22.0,50,7725.893779
-45.0,50,7726.277991
-24.0,50,7726.694405
-50.0,50,7727.12273
-45.0,50,7727.64732
-50.0,50,7729.979175
-50.0,50,7732.277714
-50.0,50,7734.573391
-46.0,50,7736.904036
-37.0,50,7739.1679
-47.0,50,7741.472478
-50.0,50,7743.753187
-47.0,50,7746.054194
-50.0,50,7748.330647
-50.0,50,7750.616387
-48.0,50,7752.911052
-45.0,50,7755.239675
-44.0,50,7757.528704
-45.0,50,7759.814407
-50.0,50,7762.11057
-9.0,50,7764.391778
-26.0,50,7766.68932
-40.0,50,7768.993968
-43.0,50,7771.292743
-50.0,50,7773.575942
-49.0,50,7775.910275
-34.0,50,7778.192598
-42.0,50,7780.464983
-35.0,50,7782.770697
-50.0,50,7785.060327
-50.0,50,7787.353523
-15.0,50,7789.676336
-50.0,50,7791.967459
-50.0,50,7794.296681
-19.0,50,7796.532309
-46.0,50,7798.891863
-37.0,50,7801.191278
-50.0,50,7803.602856
-30.0,50,7805.987028
-15.0,50,7808.334737
-47.0,50,7810.643335
-35.0,50,7813.279512
-50.0,50,7816.578745
-24.0,50,7819.997473
-39.0,50,7823.405768
-38.0,50,7826.711232
-42.0,50,7830.031377
-50.0,50,7833.195366
-39.0,50,7836.507246
-26.0,50,7839.726222
-50.0,50,7843.134202
-50.0,50,7846.399822
-50.0,50,7849.699562
-50.0,50,7853.041696
-28.0,50,7856.491724
-24.0,50,7857.012533
-50.0,50,7857.502416
-48.0,50,7858.009072
-33.0,50,7858.544541
-13.0,50,7859.046191
-42.0,50,7859.527114
-27.0,50,7860.089899
-29.0,50,7860.603322
-37.0,50,7861.102182
-50.0,50,7861.642583
-50.0,50,7864.989235
-50.0,50,7868.338738
-50.0,50,7871.581899
-50.0,50,7874.9197
-50.0,50,7878.293788
-50.0,50,7881.649471
-47.0,50,7884.928119
-33.0,50,7888.302023
-50.0,50,7891.62694
-48.0,50,7894.887159
-50.0,50,7898.33633
-42.0,50,7901.704938
-50.0,50,7905.071564
-50.0,50,7908.532375
-50.0,50,7911.879091
-31.0,50,7915.155504
-47.0,50,7918.467199
-50.0,50,7921.847381
-50.0,50,7925.154408
-50.0,50,7928.558984
-50.0,50,7932.038674
-50.0,50,7935.480992
-50.0,50,7938.868277
-47.0,50,7942.093277
-50.0,50,7945.519439
-29.0,50,7948.867461
-27.0,50,7952.270517
-30.0,50,7955.670271
-28.0,50,7959.032977
-38.0,50,7962.524418
-46.0,50,7966.201585
-50.0,50,7969.683477
-48.0,50,7973.085032
-46.0,50,7976.592465
-38.0,50,7980.003353
-49.0,50,7983.530793
-39.0,50,7986.88546
-32.0,50,7990.44905
-43.0,50,7993.858583
-46.0,50,7997.281382
-50.0,50,8000.5984
-31.0,50,8004.018142
-22.0,50,8007.456912
-50.0,50,8010.919298
-6.0,50,8014.319734
-50.0,50,8017.814451
-50.0,50,8021.252674
-50.0,50,8024.774154
-50.0,50,8028.29587
-50.0,50,8031.748609
-26.0,50,8032.26347
-50.0,50,8032.746503
-28.0,50,8033.256568
-18.0,50,8033.750789
-42.0,50,8034.284121
-21.0,50,8034.802449
-18.0,50,8035.31223
-50.0,50,8035.815816
-31.0,50,8036.331728
-36.0,50,8037.13622
-50.0,50,8040.628875
-50.0,50,8044.060242
-45.0,50,8047.577917
-24.0,50,8050.913502
-45.0,50,8054.351465
-50.0,50,8057.682395
-50.0,50,8061.046694
-48.0,50,8064.399118
-30.0,50,8067.749309
-26.0,50,8071.112808
-46.0,50,8074.415806
-20.0,50,8077.823129
-45.0,50,8081.172133
-50.0,50,8084.632862
-50.0,50,8088.051853
-47.0,50,8091.519862
-50.0,50,8094.99044
-22.0,50,8098.486391
-24.0,50,8101.967343
-50.0,50,8105.308629
-24.0,50,8108.854828
-50.0,50,8112.253277
-50.0,50,8115.743519
-28.0,50,8119.218641
-47.0,50,8122.538623
-50.0,50,8125.873729
-50.0,50,8129.25086
-22.0,50,8132.666168
-41.0,50,8136.084475
-50.0,50,8139.537481
-26.0,50,8142.999435
-22.0,50,8146.582002
-50.0,50,8150.076758
-50.0,50,8153.644693
-50.0,50,8157.236932
-46.0,50,8160.76049
-19.0,50,8164.113681
-50.0,50,8167.468356
-50.0,50,8170.699385
-50.0,50,8174.041008
-16.0,50,8177.383382
-50.0,50,8180.708144
-22.0,50,8183.99893
-23.0,50,8187.28627
-19.0,50,8190.621573
-36.0,50,8193.789706
-50.0,50,8196.654301
-50.0,50,8199.993222
-50.0,50,8203.669315
-33.0,50,8206.635372
-39.0,50,8207.094213
-22.0,50,8207.554402
-37.0,50,8207.985066
-26.0,50,8208.395082
-50.0,50,8208.821125
-35.0,50,8209.278264
-33.0,50,8209.727924
-14.0,50,8210.146086
-27.0,50,8210.594114
-50.0,50,8211.255454
-50.0,50,8214.71841
-36.0,50,8218.168349
-33.0,50,8221.824578
-43.0,50,8225.363458
-50.0,50,8228.939311
-46.0,50,8232.426897
-50.0,50,8235.891083
-39.0,50,8239.361121
-50.0,50,8242.771686
-50.0,50,8246.064595
-50.0,50,8249.554887
-38.0,50,8253.005786
-50.0,50,8256.467055
-50.0,50,8259.901995
-50.0,50,8263.446528
-50.0,50,8266.735179
-50.0,50,8269.951766
-50.0,50,8273.338068
-43.0,50,8276.663914
-45.0,50,8280.147328
-12.0,50,8283.64976
-50.0,50,8287.007359
-36.0,50,8290.430938
-50.0,50,8293.842638
-50.0,50,8297.432954
-44.0,50,8300.814924
-50.0,50,8304.18527
-15.0,50,8307.572468
-44.0,50,8310.96155
-50.0,50,8314.407941
-50.0,50,8317.875132
-50.0,50,8321.243867
-50.0,50,8324.694952
-28.0,50,8328.033187
-42.0,50,8331.38009
-50.0,50,8334.748837
-50.0,50,8338.099698
-50.0,50,8341.459991
-50.0,50,8344.806799
-50.0,50,8348.157796
-26.0,50,8351.650926
-50.0,50,8355.059729
-50.0,50,8358.515655
-45.0,50,8361.931699
-50.0,50,8365.267409
-50.0,50,8368.498329
-45.0,50,8371.915944
-50.0,50,8375.204627
-44.0,50,8378.522036
-33.0,50,8381.861647
-27.0,50,8382.330156
-28.0,50,8382.803385
-8.0,50,8383.272261
-20.0,50,8383.790135
-50.0,50,8384.343529
-5.0,50,8384.857326
-41.0,50,8385.379889
-24.0,50,8385.864397
-33.0,50,8386.329123
-44.0,50,8386.944761
-50.0,50,8390.209318
-49.0,50,8393.490707
-50.0,50,8396.851465
-19.0,50,8400.289421
-50.0,50,8403.627894
-29.0,50,8406.984607
-15.0,50,8410.419895
-42.0,50,8413.847532
-45.0,50,8417.21488
-45.0,50,8420.568657
-36.0,50,8423.996984
-50.0,50,8427.232003
-50.0,50,8430.862937
-50.0,50,8434.263629
-50.0,50,8437.787442
-27.0,50,8441.231968
-39.0,50,8444.319625
-36.0,50,8447.925691
-50.0,50,8451.397279
-50.0,50,8454.829696
-47.0,50,8458.313849
-30.0,50,8461.76259
-50.0,50,8465.245836
-43.0,50,8468.593464
-48.0,50,8471.941433
-46.0,50,8475.332539
-50.0,50,8478.563326
-50.0,50,8482.059444
-50.0,50,8485.507902
-50.0,50,8488.764484
-50.0,50,8492.096262
-45.0,50,8495.485945
-24.0,50,8498.797851
-50.0,50,8502.183568
-47.0,50,8505.524261
-46.0,50,8508.895217
-50.0,50,8512.393885
-46.0,50,8515.90977
-45.0,50,8519.523593
-44.0,50,8522.972394
-13.0,50,8526.370939
-50.0,50,8529.741084
-50.0,50,8533.12839
-50.0,50,8536.626114
-50.0,50,8539.888237
-50.0,50,8543.179349
-44.0,50,8546.549074
-47.0,50,8549.851293
-50.0,50,8553.205515
-29.0,50,8556.77383
-45.0,50,8557.249404
-29.0,50,8557.687964
-22.0,50,8558.165296
-24.0,50,8558.685269
-31.0,50,8559.158382
-46.0,50,8559.685402
-50.0,50,8560.174017
-47.0,50,8560.694212
-50.0,50,8561.174249
-50.0,50,8561.806663
-50.0,50,8565.239416
-50.0,50,8568.627103
-50.0,50,8572.025837
-44.0,50,8575.386214
-50.0,50,8578.759869
-50.0,50,8582.226989
-50.0,50,8585.556915
-50.0,50,8589.025327
-47.0,50,8592.399707
-47.0,50,8595.765552
-43.0,50,8599.133548
-50.0,50,8602.486737
-50.0,50,8605.798247
-50.0,50,8609.233942
-46.0,50,8612.662863
-50.0,50,8615.93815
-38.0,50,8619.39698
-27.0,50,8622.77514
-50.0,50,8625.841592
-50.0,50,8629.213267
-31.0,50,8631.945894
-50.0,50,8635.33504
-50.0,50,8638.926248
-50.0,50,8642.506116
-44.0,50,8645.915711
-50.0,50,8649.353258
-50.0,50,8652.736656
-44.0,50,8656.14693
-33.0,50,8659.482774
-43.0,50,8662.975953
-50.0,50,8666.363283
-50.0,50,8669.827904
-40.0,50,8673.267753
-46.0,50,8676.675662
-50.0,50,8680.042747
-43.0,50,8683.467757
-50.0,50,8686.812202
-50.0,50,8690.113788
-50.0,50,8693.565581
-50.0,50,8696.865338
-50.0,50,8700.19515
-18.0,50,8703.596416
-35.0,50,8706.846057
-50.0,50,8710.244287
-44.0,50,8713.55703
-50.0,50,8716.80001
-50.0,50,8720.017827
-50.0,50,8723.284074
-27.0,50,8726.576676
-47.0,50,8729.855079
-9.0,50,8730.369085
-31.0,50,8730.849426
-30.0,50,8731.375124
-50.0,50,8731.866773
-35.0,50,8732.382933
-50.0,50,8732.910397
-29.0,50,8733.396549
-19.0,50,8733.892399
-42.0,50,8734.392514
