# {"env_id": "FetchPickAndPlaceball-v1", "t_start": 1580822451.9152133} 
r,l,t
0.0,50,5.238442
-50.0,50,7.970094
-50.0,50,10.502961
-50.0,50,13.007823
-50.0,50,15.535277
-50.0,50,18.06325
-50.0,50,20.571587
-50.0,50,23.07687
-50.0,50,25.578515
-50.0,50,28.131502
-50.0,50,30.618239
-50.0,50,33.153104
-50.0,50,35.690585
-50.0,50,38.254493
-50.0,50,40.753095
-50.0,50,43.29914
-50.0,50,45.802444
-50.0,50,48.346912
-50.0,50,50.920817
-50.0,50,53.497195
-50.0,50,56.025321
-50.0,50,58.616594
-50.0,50,61.140104
-50.0,50,63.660954
-50.0,50,66.152678
-50.0,50,68.687594
-50.0,50,71.222306
-50.0,50,73.749687
-50.0,50,76.286405
-50.0,50,78.789508
-50.0,50,81.31676
-50.0,50,83.896646
-50.0,50,86.413898
-50.0,50,88.952653
-50.0,50,91.490369
-50.0,50,93.988209
-50.0,50,96.499645
-50.0,50,99.031702
-50.0,50,101.59281
-50.0,50,104.135602
-50.0,50,106.667351
-50.0,50,109.198369
-50.0,50,111.775488
-50.0,50,114.347378
-50.0,50,116.86162
-50.0,50,119.361596
-50.0,50,121.89336
-50.0,50,124.432848
-50.0,50,126.931355
-50.0,50,129.458015
-50.0,50,132.059285
-50.0,50,132.435592
-50.0,50,132.858864
-50.0,50,133.252055
-50.0,50,133.620997
-50.0,50,134.011501
-50.0,50,134.409341
-50.0,50,134.798459
-50.0,50,135.192249
-50.0,50,135.549992
-50.0,50,136.035148
-50.0,50,138.564807
-50.0,50,141.08857
-18.0,50,143.69256
-50.0,50,146.15623
-50.0,50,148.717977
-50.0,50,151.291939
-50.0,50,153.794764
-50.0,50,156.341365
-50.0,50,158.930705
-50.0,50,161.431536
-50.0,50,163.964744
-50.0,50,166.544488
-50.0,50,169.092284
-50.0,50,171.62505
-50.0,50,174.169865
-50.0,50,176.689873
-50.0,50,179.224102
-50.0,50,181.772827
-50.0,50,184.357059
-50.0,50,186.890363
-50.0,50,189.45681
-50.0,50,191.991338
-50.0,50,194.528745
-50.0,50,197.057445
-50.0,50,199.649101
-50.0,50,202.166001
-50.0,50,204.677572
-50.0,50,207.218277
-50.0,50,209.771993
-50.0,50,212.296106
-50.0,50,214.844974
-50.0,50,217.393893
-50.0,50,220.011663
-50.0,50,222.498948
-50.0,50,225.054763
-50.0,50,227.601642
-50.0,50,230.159258
-50.0,50,232.658987
-50.0,50,235.225584
-50.0,50,237.742052
-50.0,50,240.291873
-50.0,50,242.813489
-50.0,50,245.37729
-50.0,50,247.930573
-50.0,50,250.469089
-50.0,50,253.03691
-50.0,50,255.603397
-50.0,50,258.112189
-50.0,50,260.662174
-50.0,50,263.218036
-50.0,50,263.595103
-50.0,50,263.974417
-50.0,50,264.379096
-50.0,50,264.770465
-50.0,50,265.199782
-50.0,50,265.590393
-50.0,50,265.973024
-50.0,50,266.341073
-50.0,50,266.721448
-50.0,50,267.209415
0.0,50,269.803673
-50.0,50,272.349014
-50.0,50,274.907501
-50.0,50,277.465687
-50.0,50,279.986923
-50.0,50,282.554097
0.0,50,285.083909
-50.0,50,287.624049
-50.0,50,290.176912
-50.0,50,292.728829
-50.0,50,295.251888
-50.0,50,297.882172
-50.0,50,300.425564
-50.0,50,302.91151
0.0,50,305.472048
-50.0,50,308.038157
-50.0,50,310.563297
-50.0,50,313.120303
-50.0,50,315.651572
-50.0,50,318.200758
-50.0,50,320.724135
-50.0,50,323.278588
-50.0,50,325.83029
-50.0,50,328.365233
-50.0,50,330.913956
-50.0,50,333.478466
-50.0,50,336.04472
-50.0,50,338.561608
-50.0,50,341.129017
-50.0,50,343.671231
-50.0,50,346.201092
-50.0,50,348.767834
-50.0,50,351.302998
-50.0,50,353.904965
-50.0,50,356.44457
0.0,50,359.001201
-50.0,50,361.537074
-50.0,50,364.115597
-50.0,50,366.671593
0.0,50,369.253616
-50.0,50,371.777205
-50.0,50,374.367202
-50.0,50,376.922477
-50.0,50,379.526826
-50.0,50,382.051226
-50.0,50,384.569876
-50.0,50,387.11888
-50.0,50,389.717922
-50.0,50,392.238601
-50.0,50,394.817674
-50.0,50,395.221935
-50.0,50,395.610205
-50.0,50,396.004305
-50.0,50,396.385877
-50.0,50,396.774632
-50.0,50,397.182028
-50.0,50,397.574703
-50.0,50,397.980102
-50.0,50,398.346319
-50.0,50,398.764749
-50.0,50,401.326415
-50.0,50,403.88781
-50.0,50,406.429658
-50.0,50,408.969686
-50.0,50,411.540076
-50.0,50,414.096173
-50.0,50,416.658742
-50.0,50,419.186872
-50.0,50,421.77686
-50.0,50,424.326782
-50.0,50,426.838428
-50.0,50,429.417327
-50.0,50,431.950696
-50.0,50,434.500199
-50.0,50,437.04495
-50.0,50,439.63944
-50.0,50,442.164317
-50.0,50,444.71681
-50.0,50,447.261503
-50.0,50,449.81826
-50.0,50,452.370917
-50.0,50,454.900816
-50.0,50,457.525626
-50.0,50,460.039375
-50.0,50,462.596601
-50.0,50,465.165847
-50.0,50,467.709381
-50.0,50,470.268788
-50.0,50,472.831866
-50.0,50,475.370739
-50.0,50,477.930049
-50.0,50,480.470867
-50.0,50,483.038716
-50.0,50,485.600159
-50.0,50,488.115217
-50.0,50,490.767241
-50.0,50,493.333307
0.0,50,495.842191
0.0,50,498.398978
-50.0,50,500.951075
-50.0,50,503.460513
-50.0,50,506.003872
-50.0,50,508.569896
-50.0,50,511.108495
-50.0,50,513.627377
-50.0,50,516.190117
-50.0,50,518.706645
-50.0,50,521.210539
-50.0,50,523.800851
-50.0,50,526.340594
-50.0,50,526.733394
-50.0,50,527.125726
-50.0,50,527.50819
-50.0,50,527.929572
-50.0,50,528.350313
-50.0,50,528.720685
-50.0,50,529.140836
-50.0,50,529.502046
-50.0,50,529.919956
-50.0,50,530.298385
-50.0,50,532.910293
-50.0,50,535.483221
-50.0,50,538.007643
-50.0,50,540.553943
-50.0,50,543.099759
-50.0,50,545.662476
-50.0,50,548.182057
-50.0,50,550.759089
-50.0,50,553.336856
-50.0,50,555.862391
-50.0,50,558.37834
-50.0,50,560.916809
0.0,50,563.47748
-50.0,50,565.996624
-50.0,50,568.549781
0.0,50,571.07812
-50.0,50,573.642677
-50.0,50,576.158456
-50.0,50,578.721358
-50.0,50,581.239123
-50.0,50,583.81341
-50.0,50,586.406363
-50.0,50,588.954146
-50.0,50,591.500163
-40.0,50,594.032842
-50.0,50,596.578213
-50.0,50,599.097731
-50.0,50,601.626973
-50.0,50,604.231689
-50.0,50,606.756914
-50.0,50,609.287115
-50.0,50,611.8641
-50.0,50,614.465162
-50.0,50,617.039366
-50.0,50,619.563795
-50.0,50,622.075403
-50.0,50,624.640769
-50.0,50,627.182384
-50.0,50,629.710992
-50.0,50,632.262437
-50.0,50,634.775396
-50.0,50,637.327138
-50.0,50,639.88937
0.0,50,642.457844
-50.0,50,645.014569
-50.0,50,647.576638
-50.0,50,650.082115
-50.0,50,652.639589
-50.0,50,655.152685
-50.0,50,657.70972
-50.0,50,658.113974
-50.0,50,658.491342
-50.0,50,658.87372
-50.0,50,659.266094
-50.0,50,659.688066
-50.0,50,660.061817
-50.0,50,660.425718
-50.0,50,660.799402
-50.0,50,661.216731
-50.0,50,661.742998
-50.0,50,664.304591
-50.0,50,666.841729
-50.0,50,669.398542
-50.0,50,671.953337
-50.0,50,674.491336
-50.0,50,677.07448
-50.0,50,679.579726
-50.0,50,682.116777
-50.0,50,684.697339
-50.0,50,687.249398
-50.0,50,689.822572
-50.0,50,692.348218
-50.0,50,694.927317
-50.0,50,697.457503
-50.0,50,700.012216
-22.0,50,702.655272
-50.0,50,705.258747
0.0,50,707.897058
-50.0,50,710.493362
-50.0,50,713.020737
-50.0,50,715.547741
-50.0,50,718.05755
-50.0,50,720.622159
-50.0,50,723.160015
-50.0,50,725.676237
-24.0,50,728.278543
-50.0,50,730.862708
-50.0,50,733.375903
-50.0,50,735.94359
-50.0,50,738.533563
-50.0,50,741.114996
-50.0,50,743.722106
0.0,50,746.322486
-50.0,50,749.002286
-50.0,50,751.632314
-50.0,50,754.218874
-50.0,50,756.773381
-50.0,50,759.354361
-50.0,50,761.917855
-50.0,50,764.480102
-50.0,50,767.010148
-50.0,50,769.614834
-50.0,50,772.286927
-50.0,50,774.924009
-50.0,50,777.479253
-50.0,50,780.083238
-50.0,50,782.669487
-50.0,50,785.307444
-50.0,50,788.024286
-50.0,50,790.729883
-50.0,50,791.1295
-50.0,50,791.537683
-50.0,50,791.942492
-50.0,50,792.314235
-50.0,50,792.710802
-50.0,50,793.169952
-50.0,50,793.549925
-50.0,50,793.968999
-50.0,50,794.358268
-50.0,50,794.867371
-50.0,50,797.494839
-50.0,50,800.230458
-50.0,50,802.838049
-50.0,50,805.404733
0.0,50,807.948284
-50.0,50,810.478918
-50.0,50,813.023425
-50.0,50,815.560534
-50.0,50,818.060185
-50.0,50,820.632782
-50.0,50,823.155162
-50.0,50,825.678044
-50.0,50,828.307415
-50.0,50,830.843916
-50.0,50,833.361363
-50.0,50,835.875522
-50.0,50,838.436244
-50.0,50,841.01336
-50.0,50,843.546904
-50.0,50,846.083898
-50.0,50,848.631737
-50.0,50,851.156707
-50.0,50,853.679263
-50.0,50,856.277352
-50.0,50,858.809847
-50.0,50,861.364214
-50.0,50,863.914989
-50.0,50,866.634594
-50.0,50,869.37925
-50.0,50,872.08331
-44.0,50,874.615798
-50.0,50,877.307073
-50.0,50,879.868396
-50.0,50,882.537526
-50.0,50,885.131927
-50.0,50,887.726827
-50.0,50,890.407133
-50.0,50,892.97737
-50.0,50,895.502461
-50.0,50,898.021822
-50.0,50,900.583582
-50.0,50,903.134699
-50.0,50,905.684435
-50.0,50,908.240003
-50.0,50,910.80617
-50.0,50,913.359976
-50.0,50,915.929646
-50.0,50,918.438565
-50.0,50,920.985238
-50.0,50,923.513087
-50.0,50,923.904679
-50.0,50,924.3212
-50.0,50,924.726604
-17.0,50,925.12642
-50.0,50,925.537393
-50.0,50,925.951655
-50.0,50,926.341694
-50.0,50,926.736115
-50.0,50,927.116118
-50.0,50,927.591193
-50.0,50,930.147955
-50.0,50,932.711712
-50.0,50,935.514771
-50.0,50,938.123258
-50.0,50,940.708848
-50.0,50,943.321893
-50.0,50,945.927879
-50.0,50,948.716109
-50.0,50,951.321775
-50.0,50,953.927022
-50.0,50,956.605425
-50.0,50,959.223654
-50.0,50,961.920239
-50.0,50,964.53687
0.0,50,967.237824
-50.0,50,969.807953
-50.0,50,972.434305
-50.0,50,974.997067
-50.0,50,977.614466
-50.0,50,980.163116
-50.0,50,982.739207
-50.0,50,985.264069
-50.0,50,987.857047
-50.0,50,990.421165
-50.0,50,993.004947
-50.0,50,995.57179
-50.0,50,998.126034
-50.0,50,1000.765398
-50.0,50,1003.333966
-50.0,50,1005.935262
-50.0,50,1008.582087
-50.0,50,1011.227786
-50.0,50,1013.820225
-50.0,50,1016.408787
-50.0,50,1018.947711
-50.0,50,1021.692756
-50.0,50,1024.301461
-50.0,50,1026.852056
-50.0,50,1029.421083
-50.0,50,1032.030153
-9.0,50,1034.580082
-50.0,50,1037.128179
-50.0,50,1039.821376
-50.0,50,1042.369576
-50.0,50,1044.987742
-50.0,50,1047.581685
-50.0,50,1050.146775
-50.0,50,1052.642445
-50.0,50,1055.215203
-50.0,50,1057.817459
-50.0,50,1058.200998
-50.0,50,1058.616108
-50.0,50,1059.00451
-50.0,50,1059.415588
-50.0,50,1059.81967
-50.0,50,1060.240555
-50.0,50,1060.665283
-50.0,50,1061.106071
-50.0,50,1061.522155
-50.0,50,1061.943064
-50.0,50,1064.519596
-50.0,50,1067.057888
-50.0,50,1069.604946
-50.0,50,1072.165657
-50.0,50,1074.7034
-50.0,50,1077.274828
-50.0,50,1079.82968
-50.0,50,1082.425914
-50.0,50,1084.954302
0.0,50,1087.465872
-50.0,50,1090.028266
-50.0,50,1092.576626
-50.0,50,1095.098559
-50.0,50,1097.690184
0.0,50,1100.212387
-50.0,50,1102.749448
-50.0,50,1105.296986
-50.0,50,1107.86853
-50.0,50,1110.43053
-50.0,50,1112.976579
-50.0,50,1115.545591
-50.0,50,1118.084251
-50.0,50,1120.595312
-50.0,50,1123.166446
-50.0,50,1125.698032
-50.0,50,1128.238282
-50.0,50,1130.773212
-50.0,50,1133.357831
-46.0,50,1135.90698
-50.0,50,1138.466662
-50.0,50,1141.008374
-50.0,50,1143.582028
-50.0,50,1146.139536
-50.0,50,1148.665444
-50.0,50,1151.267857
-50.0,50,1153.818051
-50.0,50,1156.349522
-50.0,50,1158.929257
-50.0,50,1161.431319
-50.0,50,1163.971437
-50.0,50,1166.517202
-50.0,50,1169.055856
-48.0,50,1171.582607
-50.0,50,1174.172599
-50.0,50,1176.715219
-50.0,50,1179.291352
-50.0,50,1181.876423
-49.0,50,1184.438531
-50.0,50,1186.986181
-50.0,50,1189.517447
-50.0,50,1189.905307
-50.0,50,1190.294585
-50.0,50,1190.658894
-50.0,50,1191.041869
-50.0,50,1191.41082
-50.0,50,1191.772818
-50.0,50,1192.177919
-50.0,50,1192.587579
-50.0,50,1192.96293
-50.0,50,1193.645732
-12.0,50,1196.21879
-32.0,50,1198.758152
-50.0,50,1201.320011
-50.0,50,1203.881841
-50.0,50,1206.400478
-50.0,50,1208.95064
-50.0,50,1211.521669
-50.0,50,1214.079474
-50.0,50,1216.607399
-50.0,50,1219.161177
-24.0,50,1221.709104
-50.0,50,1224.263398
-50.0,50,1226.772064
-50.0,50,1229.351617
-50.0,50,1231.870088
-50.0,50,1234.487485
-50.0,50,1236.977412
-45.0,50,1239.599344
-49.0,50,1242.159558
-48.0,50,1244.682584
-50.0,50,1247.250778
-50.0,50,1249.871477
-50.0,50,1252.429117
-50.0,50,1254.966438
-50.0,50,1257.519722
-50.0,50,1260.098208
-31.0,50,1262.656783
-50.0,50,1265.192921
-50.0,50,1267.769547
-50.0,50,1270.347167
-50.0,50,1272.872974
-50.0,50,1275.415863
-50.0,50,1278.006027
-50.0,50,1280.550743
-50.0,50,1283.073035
-50.0,50,1285.672165
-50.0,50,1288.204078
-50.0,50,1290.782437
-50.0,50,1293.374972
-50.0,50,1295.920874
-50.0,50,1298.472883
-50.0,50,1301.031126
-50.0,50,1303.614875
0.0,50,1306.171657
-50.0,50,1308.707996
-50.0,50,1311.320683
-19.0,50,1313.904349
-50.0,50,1316.429707
-50.0,50,1318.990112
-50.0,50,1321.550167
-50.0,50,1321.947611
-50.0,50,1322.410721
-50.0,50,1322.814813
-50.0,50,1323.234752
-50.0,50,1323.627178
-13.0,50,1324.022112
-50.0,50,1324.434265
-49.0,50,1324.84114
-45.0,50,1325.258026
-50.0,50,1325.749207
-50.0,50,1328.294307
-50.0,50,1330.865745
-50.0,50,1333.389338
-50.0,50,1335.988028
-50.0,50,1338.520093
-50.0,50,1341.103611
-50.0,50,1343.670968
-50.0,50,1346.230333
-50.0,50,1348.783717
-50.0,50,1351.307017
-50.0,50,1353.906016
-50.0,50,1356.441188
-43.0,50,1359.007377
-45.0,50,1361.605508
-14.0,50,1364.141172
-50.0,50,1366.713943
-50.0,50,1369.240951
-50.0,50,1371.82338
-50.0,50,1374.386526
-50.0,50,1376.939052
-50.0,50,1379.482332
-50.0,50,1382.061172
-50.0,50,1384.600036
-50.0,50,1387.145215
-50.0,50,1389.737956
-27.0,50,1392.276138
-50.0,50,1394.870429
-50.0,50,1397.402793
0.0,50,1399.972636
-50.0,50,1402.53616
-31.0,50,1405.087905
-50.0,50,1407.671376
-50.0,50,1410.18956
-50.0,50,1412.7474
-50.0,50,1415.284878
-40.0,50,1417.880594
-50.0,50,1420.420392
-50.0,50,1422.982633
-50.0,50,1425.563647
-42.0,50,1428.150782
-50.0,50,1430.707922
-50.0,50,1433.272997
-24.0,50,1435.832993
-50.0,50,1438.372861
-50.0,50,1440.904499
-23.0,50,1443.445838
-50.0,50,1446.035187
-50.0,50,1448.623818
-50.0,50,1451.2011
-41.0,50,1453.734627
-50.0,50,1454.129537
-20.0,50,1454.568791
0.0,50,1454.97485
-12.0,50,1455.363014
-50.0,50,1455.782596
-27.0,50,1456.177773
-50.0,50,1456.55327
-50.0,50,1456.98706
-24.0,50,1457.375431
-47.0,50,1457.943841
-50.0,50,1460.540112
-50.0,50,1463.082721
-50.0,50,1465.634739
-50.0,50,1468.197263
-50.0,50,1470.758172
-50.0,50,1473.350122
-50.0,50,1475.914411
-50.0,50,1478.429278
-7.0,50,1480.973976
-44.0,50,1483.572836
-50.0,50,1486.142452
-50.0,50,1488.704066
-50.0,50,1491.248305
-50.0,50,1493.831641
-16.0,50,1496.37238
-50.0,50,1498.934735
-48.0,50,1501.486959
-50.0,50,1504.036006
-50.0,50,1506.592083
-50.0,50,1509.134447
-50.0,50,1511.709342
-50.0,50,1514.230703
-12.0,50,1516.781875
-37.0,50,1519.374113
-50.0,50,1521.905531
-18.0,50,1524.4488
-24.0,50,1526.957496
-50.0,50,1529.559662
-50.0,50,1532.178452
-50.0,50,1534.729648
-50.0,50,1537.282996
-50.0,50,1539.818444
-18.0,50,1542.435272
-50.0,50,1545.010975
-35.0,50,1547.541446
-50.0,50,1550.116655
-50.0,50,1552.68356
-50.0,50,1555.268354
-50.0,50,1557.811481
-10.0,50,1560.376851
-50.0,50,1562.954146
-41.0,50,1565.532795
-50.0,50,1568.119508
-50.0,50,1570.703705
-43.0,50,1573.272926
-50.0,50,1575.859121
-50.0,50,1578.439789
-49.0,50,1581.022804
-41.0,50,1583.535695
-50.0,50,1586.140312
-50.0,50,1586.541139
-50.0,50,1586.947975
-4.0,50,1587.327577
-50.0,50,1587.732668
-50.0,50,1588.126457
-10.0,50,1588.505962
-50.0,50,1588.901288
-50.0,50,1589.275703
-11.0,50,1589.702154
-24.0,50,1590.252988
-50.0,50,1592.793816
-43.0,50,1595.368576
-35.0,50,1597.941524
-27.0,50,1600.554122
-50.0,50,1603.080511
-12.0,50,1605.693967
-50.0,50,1608.239811
-50.0,50,1610.847834
-50.0,50,1613.42795
-50.0,50,1615.938938
-7.0,50,1618.502809
-50.0,50,1621.101349
-50.0,50,1623.638463
-50.0,50,1626.186705
-18.0,50,1628.739669
0.0,50,1631.289025
-13.0,50,1633.845153
-35.0,50,1636.407461
-50.0,50,1638.994352
-50.0,50,1641.522446
-50.0,50,1644.108717
-50.0,50,1646.642438
-50.0,50,1649.234219
-50.0,50,1651.780629
-50.0,50,1654.377526
-50.0,50,1656.909693
-48.0,50,1659.48064
-50.0,50,1662.062309
-50.0,50,1664.578767
-50.0,50,1667.12467
-50.0,50,1669.725315
-50.0,50,1672.290956
-50.0,50,1674.833635
-9.0,50,1677.423977
0.0,50,1679.978542
-22.0,50,1682.525479
-50.0,50,1685.106137
-28.0,50,1687.634942
-22.0,50,1690.200994
-50.0,50,1692.739522
-50.0,50,1695.376108
-50.0,50,1697.895037
-50.0,50,1700.455779
-22.0,50,1703.091968
0.0,50,1705.676584
-50.0,50,1708.283691
-41.0,50,1710.828478
-50.0,50,1713.389042
-25.0,50,1715.952576
-31.0,50,1718.524354
-50.0,50,1718.999278
-50.0,50,1719.438115
-50.0,50,1719.858221
-15.0,50,1720.282508
-50.0,50,1720.699761
-11.0,50,1721.127245
-50.0,50,1721.54459
-34.0,50,1721.969632
-27.0,50,1722.354132
-50.0,50,1722.857911
-50.0,50,1725.4329
-21.0,50,1728.026067
-50.0,50,1730.640598
-47.0,50,1733.209716
-50.0,50,1735.823177
-50.0,50,1738.361198
-50.0,50,1740.958123
-49.0,50,1743.48852
-24.0,50,1746.075372
-18.0,50,1748.610403
-50.0,50,1751.175984
-50.0,50,1753.769182
-50.0,50,1756.33089
-50.0,50,1758.930521
-50.0,50,1761.508103
-50.0,50,1764.070278
-50.0,50,1766.681
-50.0,50,1769.249921
-12.0,50,1771.81989
-50.0,50,1774.358923
-50.0,50,1776.918134
-10.0,50,1779.495285
-50.0,50,1782.06342
-50.0,50,1784.60623
-50.0,50,1787.183268
0.0,50,1789.748145
-8.0,50,1792.317334
-50.0,50,1794.857881
-50.0,50,1797.460128
-14.0,50,1800.037173
-50.0,50,1802.600211
-50.0,50,1805.16554
-50.0,50,1807.744624
-50.0,50,1810.340861
-50.0,50,1812.931896
-27.0,50,1815.452797
-27.0,50,1818.025486
-50.0,50,1820.61144
-50.0,50,1823.160947
0.0,50,1825.725938
-50.0,50,1828.336686
-50.0,50,1830.943733
-20.0,50,1833.508931
-50.0,50,1836.100829
0.0,50,1838.637936
-50.0,50,1841.197275
-50.0,50,1843.759811
-50.0,50,1846.339618
-11.0,50,1848.896325
-50.0,50,1851.473919
-50.0,50,1851.855488
-7.0,50,1852.283272
-13.0,50,1852.676528
-50.0,50,1853.113754
-50.0,50,1853.528514
-17.0,50,1853.926665
-10.0,50,1854.364808
-35.0,50,1854.753367
-50.0,50,1855.151177
-29.0,50,1855.573071
-50.0,50,1858.12885
-50.0,50,1860.703148
-50.0,50,1863.309161
-29.0,50,1865.919697
0.0,50,1868.582956
-50.0,50,1871.23598
-14.0,50,1873.826121
-19.0,50,1876.515567
-50.0,50,1879.122111
-50.0,50,1881.940887
-50.0,50,1884.602376
-50.0,50,1887.189224
-15.0,50,1889.853353
-38.0,50,1892.510454
-50.0,50,1895.053072
-50.0,50,1897.619129
-26.0,50,1900.211967
-50.0,50,1902.847899
-17.0,50,1905.376703
-50.0,50,1907.947981
-50.0,50,1910.502776
-50.0,50,1913.074488
-28.0,50,1915.653566
-18.0,50,1918.194101
-44.0,50,1920.747773
-50.0,50,1923.299228
-30.0,50,1925.822213
-42.0,50,1928.432279
-39.0,50,1931.01999
-50.0,50,1933.614966
-50.0,50,1936.191142
0.0,50,1938.716224
-42.0,50,1941.321769
-50.0,50,1943.886881
-50.0,50,1946.409382
-31.0,50,1948.944079
-50.0,50,1951.534301
-15.0,50,1954.155625
-50.0,50,1956.766434
-50.0,50,1959.283049
-50.0,50,1961.852699
-21.0,50,1964.479926
-17.0,50,1967.011828
-50.0,50,1969.584688
-50.0,50,1972.124216
-50.0,50,1974.666132
0.0,50,1977.260611
-50.0,50,1979.862164
-50.0,50,1982.406608
-22.0,50,1984.918749
-50.0,50,1985.325256
-50.0,50,1985.731007
-50.0,50,1986.128563
-50.0,50,1986.508436
-13.0,50,1986.933252
-50.0,50,1987.358489
-50.0,50,1987.753268
-14.0,50,1988.144711
-50.0,50,1988.550027
-36.0,50,1989.158376
-50.0,50,1991.693963
-50.0,50,1994.217225
-13.0,50,1996.756558
-50.0,50,1999.328156
-9.0,50,2001.851023
-50.0,50,2004.451964
-47.0,50,2006.99736
-50.0,50,2009.570249
-20.0,50,2012.11237
-50.0,50,2014.648031
-50.0,50,2017.266536
-50.0,50,2019.822649
-40.0,50,2022.372633
-44.0,50,2024.942301
-6.0,50,2027.516531
0.0,50,2030.089238
-50.0,50,2032.623295
-50.0,50,2035.17171
-50.0,50,2037.793473
-50.0,50,2040.325457
-50.0,50,2042.896748
-46.0,50,2045.414118
-50.0,50,2047.988218
-13.0,50,2050.607801
-50.0,50,2053.195935
-42.0,50,2055.771435
-37.0,50,2058.352988
-50.0,50,2060.9001
-33.0,50,2063.468576
-40.0,50,2066.015872
-50.0,50,2068.596269
-24.0,50,2071.160622
-9.0,50,2073.715013
-50.0,50,2076.29594
-28.0,50,2078.869706
0.0,50,2081.443275
-50.0,50,2083.951056
-50.0,50,2086.528755
-39.0,50,2089.09462
-50.0,50,2091.65424
-50.0,50,2094.200371
-37.0,50,2096.796405
-50.0,50,2099.304931
-12.0,50,2101.872195
-50.0,50,2104.504129
-50.0,50,2107.026339
-50.0,50,2109.632898
-50.0,50,2112.162118
0.0,50,2114.723123
-50.0,50,2117.322797
-8.0,50,2117.701174
-50.0,50,2118.107815
-50.0,50,2118.493713
-20.0,50,2118.91003
-16.0,50,2119.376144
-8.0,50,2119.775979
-50.0,50,2120.17089
-50.0,50,2120.584674
-50.0,50,2121.045043
-50.0,50,2121.551837
-16.0,50,2124.164752
-13.0,50,2126.716471
-15.0,50,2129.307231
-50.0,50,2131.864691
-50.0,50,2134.391793
-50.0,50,2136.95014
-12.0,50,2139.51761
-20.0,50,2142.064485
-17.0,50,2144.641693
-23.0,50,2147.175064
-50.0,50,2149.710634
-39.0,50,2152.285846
-36.0,50,2154.916261
-50.0,50,2157.446001
-43.0,50,2160.003907
0.0,50,2162.550509
-21.0,50,2165.101346
-13.0,50,2167.656546
-20.0,50,2170.241142
-9.0,50,2172.820875
-34.0,50,2175.376626
-50.0,50,2177.976835
-50.0,50,2180.508729
-47.0,50,2183.126059
-50.0,50,2185.706679
-40.0,50,2188.279581
-20.0,50,2190.820623
-50.0,50,2193.369366
-24.0,50,2195.933435
-50.0,50,2198.517807
-29.0,50,2201.094435
-50.0,50,2203.630439
-50.0,50,2206.237593
-45.0,50,2208.753305
-15.0,50,2211.29448
-33.0,50,2213.824152
-41.0,50,2216.40465
-50.0,50,2218.952353
-50.0,50,2221.560488
-41.0,50,2224.110981
-15.0,50,2226.688123
-50.0,50,2229.198485
-45.0,50,2231.808765
-13.0,50,2234.279243
-18.0,50,2236.874314
-28.0,50,2239.491533
-50.0,50,2242.055306
-32.0,50,2244.612011
-50.0,50,2247.182235
-50.0,50,2249.743814
-50.0,50,2250.136163
-15.0,50,2250.537199
-50.0,50,2250.944935
-50.0,50,2251.373681
-50.0,50,2251.764303
-50.0,50,2252.141131
-13.0,50,2252.54303
-12.0,50,2252.936908
-12.0,50,2253.340789
-18.0,50,2253.856736
-48.0,50,2256.446157
-15.0,50,2258.984987
-50.0,50,2261.518255
-11.0,50,2264.045353
-50.0,50,2266.595706
-50.0,50,2269.16969
-50.0,50,2271.691146
-26.0,50,2274.248791
-29.0,50,2276.80682
-50.0,50,2279.430761
-8.0,50,2282.002464
-50.0,50,2284.601999
-50.0,50,2287.191028
-50.0,50,2289.765548
-46.0,50,2292.279021
-50.0,50,2294.886951
-50.0,50,2297.461322
-50.0,50,2300.069726
-50.0,50,2302.602659
-50.0,50,2305.219689
-13.0,50,2307.745673
-50.0,50,2310.350214
-43.0,50,2312.94381
-11.0,50,2315.488457
-50.0,50,2318.079402
-48.0,50,2320.677467
-50.0,50,2323.256141
-18.0,50,2325.833074
-12.0,50,2328.412878
-9.0,50,2331.000555
-28.0,50,2333.621253
-50.0,50,2336.153655
-50.0,50,2338.7072
-44.0,50,2341.251265
-33.0,50,2343.814736
-50.0,50,2346.398158
-29.0,50,2348.969385
-50.0,50,2351.519548
-50.0,50,2354.117186
0.0,50,2356.637469
-45.0,50,2359.264608
-50.0,50,2361.819995
-50.0,50,2364.42808
-50.0,50,2367.000955
0.0,50,2369.5633
0.0,50,2372.14404
-50.0,50,2374.716132
-5.0,50,2377.31214
-50.0,50,2379.86566
-50.0,50,2382.50266
-12.0,50,2382.901154
-50.0,50,2383.311625
-10.0,50,2383.717011
-7.0,50,2384.103819
0.0,50,2384.506515
-50.0,50,2384.929255
-10.0,50,2385.365747
-50.0,50,2385.7511
-50.0,50,2386.173531
-50.0,50,2386.641032
-34.0,50,2389.213816
-29.0,50,2391.748508
-17.0,50,2394.305928
-21.0,50,2396.850365
-19.0,50,2399.426592
-24.0,50,2401.972605
-9.0,50,2404.574273
-50.0,50,2407.150818
-50.0,50,2409.701825
-28.0,50,2412.311804
-11.0,50,2414.915862
-50.0,50,2417.453436
-50.0,50,2419.960221
-50.0,50,2422.539595
0.0,50,2425.111066
-30.0,50,2427.6642
-19.0,50,2430.240739
-50.0,50,2432.816632
-50.0,50,2435.404496
-15.0,50,2437.930401
-50.0,50,2440.492482
-50.0,50,2443.171406
-36.0,50,2445.771992
-12.0,50,2448.302456
-36.0,50,2450.897039
-50.0,50,2453.473181
-50.0,50,2456.019597
-50.0,50,2458.596861
-50.0,50,2461.195149
-50.0,50,2463.753777
-17.0,50,2466.281658
-50.0,50,2468.895706
-50.0,50,2471.478885
-50.0,50,2473.982814
-31.0,50,2476.55841
-40.0,50,2479.179221
-50.0,50,2481.758736
-50.0,50,2484.319639
-6.0,50,2486.880136
-15.0,50,2489.506816
-50.0,50,2492.072824
-13.0,50,2494.648763
-50.0,50,2497.182547
-11.0,50,2499.778306
-49.0,50,2502.333815
-39.0,50,2504.937514
-50.0,50,2507.497743
-50.0,50,2510.068252
-17.0,50,2512.637112
-50.0,50,2515.268921
-12.0,50,2515.661621
-5.0,50,2516.085528
-12.0,50,2516.457777
-14.0,50,2516.862791
-46.0,50,2517.251367
-50.0,50,2517.67876
-10.0,50,2518.077219
0.0,50,2518.453165
-11.0,50,2518.899243
-50.0,50,2519.476034
-33.0,50,2522.081856
-50.0,50,2524.650459
-21.0,50,2527.203651
-50.0,50,2529.808817
-50.0,50,2532.407241
-50.0,50,2534.968009
-6.0,50,2537.517544
-21.0,50,2540.155041
0.0,50,2542.705424
-28.0,50,2545.297228
-21.0,50,2547.879729
-50.0,50,2550.46424
-11.0,50,2553.058773
-50.0,50,2555.65742
-30.0,50,2558.230477
-49.0,50,2560.801071
-21.0,50,2563.348855
-50.0,50,2565.951939
-18.0,50,2568.508414
-14.0,50,2571.099692
-10.0,50,2573.679153
-50.0,50,2576.261887
-21.0,50,2578.838781
-50.0,50,2581.408914
-50.0,50,2584.025876
-22.0,50,2586.583474
-17.0,50,2589.176215
-4.0,50,2591.75031
-50.0,50,2594.3222
-25.0,50,2596.90099
-18.0,50,2599.489751
-14.0,50,2601.994677
-50.0,50,2604.637697
-50.0,50,2607.221555
-50.0,50,2609.787146
-17.0,50,2612.340218
-50.0,50,2614.885035
-8.0,50,2617.491777
-18.0,50,2620.051018
-41.0,50,2622.62536
-15.0,50,2625.217537
-50.0,50,2627.803667
-50.0,50,2630.405324
-50.0,50,2632.984886
-50.0,50,2635.626437
-45.0,50,2638.177466
-50.0,50,2640.815051
0.0,50,2643.362033
-50.0,50,2645.951686
-7.0,50,2648.510503
-50.0,50,2648.920099
-20.0,50,2649.327013
-8.0,50,2649.724837
-50.0,50,2650.15319
-50.0,50,2650.530645
-6.0,50,2650.948401
-3.0,50,2651.362251
-47.0,50,2651.78516
-10.0,50,2652.169042
-50.0,50,2652.676785
-25.0,50,2655.240105
-15.0,50,2657.791664
-16.0,50,2660.346441
-32.0,50,2662.905218
-22.0,50,2665.479695
-26.0,50,2668.060025
-50.0,50,2670.58983
-28.0,50,2673.177635
-28.0,50,2675.757707
-25.0,50,2678.295305
-31.0,50,2680.883601
-50.0,50,2683.470809
-50.0,50,2686.070952
-8.0,50,2688.588769
-22.0,50,2691.116377
-12.0,50,2693.728481
-50.0,50,2696.355863
-50.0,50,2698.924774
-50.0,50,2701.465477
-50.0,50,2704.047879
-50.0,50,2706.559763
-50.0,50,2709.164792
-50.0,50,2711.712195
-17.0,50,2714.279669
-50.0,50,2716.911072
-50.0,50,2719.509713
-50.0,50,2722.093832
0.0,50,2724.656207
-12.0,50,2727.221798
-29.0,50,2729.821939
-50.0,50,2732.39731
-23.0,50,2734.969373
-50.0,50,2737.582912
-48.0,50,2740.121649
-10.0,50,2742.710995
-50.0,50,2745.291147
-22.0,50,2747.896579
-50.0,50,2750.46114
-15.0,50,2752.989737
-50.0,50,2755.609282
-18.0,50,2758.183422
-46.0,50,2760.790474
-25.0,50,2763.336607
-17.0,50,2765.90255
-6.0,50,2768.462135
-50.0,50,2771.046403
-50.0,50,2773.585318
-12.0,50,2776.194064
-50.0,50,2778.736818
-48.0,50,2781.357923
-8.0,50,2781.77247
-50.0,50,2782.247478
-50.0,50,2782.657807
-15.0,50,2783.047756
-5.0,50,2783.462988
0.0,50,2783.866855
-50.0,50,2784.264028
-7.0,50,2784.672408
-4.0,50,2785.081215
-14.0,50,2785.651638
-50.0,50,2788.252928
-36.0,50,2790.85397
-50.0,50,2793.40786
-13.0,50,2795.978948
-22.0,50,2798.555091
-24.0,50,2801.160139
-50.0,50,2803.753192
-50.0,50,2806.284966
-13.0,50,2808.922981
-50.0,50,2811.46229
-50.0,50,2814.035237
-48.0,50,2816.600501
-12.0,50,2819.190869
-50.0,50,2821.780823
-10.0,50,2824.319367
-50.0,50,2826.866455
-50.0,50,2829.495227
-50.0,50,2832.04632
-50.0,50,2834.709239
0.0,50,2837.272651
-20.0,50,2839.825608
-50.0,50,2842.415967
-35.0,50,2844.988717
-43.0,50,2847.556158
-36.0,50,2850.146167
-10.0,50,2852.711041
-32.0,50,2855.337862
-50.0,50,2857.852432
-22.0,50,2860.450113
-27.0,50,2863.060628
-27.0,50,2865.633561
-11.0,50,2868.204781
-50.0,50,2870.765131
-12.0,50,2873.351849
-11.0,50,2875.885332
-14.0,50,2878.452524
-7.0,50,2881.088463
-37.0,50,2883.639416
-50.0,50,2886.277846
-14.0,50,2888.87409
-50.0,50,2891.406535
0.0,50,2893.981312
-48.0,50,2896.56937
-49.0,50,2899.133351
-18.0,50,2901.718121
-38.0,50,2904.291609
-12.0,50,2906.86735
-19.0,50,2909.512366
0.0,50,2912.088891
-6.0,50,2914.721723
-10.0,50,2915.167672
-12.0,50,2915.601438
-8.0,50,2916.015827
-50.0,50,2916.432688
-50.0,50,2916.823128
-5.0,50,2917.238998
-50.0,50,2917.700047
-13.0,50,2918.161942
-20.0,50,2918.592779
-50.0,50,2919.035077
0.0,50,2921.643614
-23.0,50,2924.231218
-36.0,50,2926.795949
-50.0,50,2929.390727
-18.0,50,2931.971411
-16.0,50,2934.536927
-50.0,50,2937.154877
-43.0,50,2939.676923
-8.0,50,2942.278423
-14.0,50,2944.881525
-30.0,50,2947.455616
-13.0,50,2949.996828
-50.0,50,2952.586103
-9.0,50,2955.169335
-50.0,50,2957.759163
-31.0,50,2960.305816
-31.0,50,2962.917163
-50.0,50,2965.523012
-15.0,50,2968.071412
-20.0,50,2970.659113
-23.0,50,2973.252703
-10.0,50,2975.802012
-50.0,50,2978.330964
-14.0,50,2980.925625
-50.0,50,2983.485699
-22.0,50,2986.034583
-13.0,50,2988.653534
-46.0,50,2991.256977
-32.0,50,2993.837491
-50.0,50,2996.399973
-12.0,50,2998.956772
-29.0,50,3001.480577
-50.0,50,3004.084126
-6.0,50,3006.686263
-50.0,50,3009.294489
-50.0,50,3011.891987
-50.0,50,3014.488871
-28.0,50,3017.062615
-50.0,50,3019.620764
-50.0,50,3022.221857
-28.0,50,3024.80148
-50.0,50,3027.406817
-42.0,50,3029.957415
-11.0,50,3032.542184
-50.0,50,3035.085507
-50.0,50,3037.646766
-50.0,50,3040.272731
-50.0,50,3042.852225
-20.0,50,3045.371729
-41.0,50,3047.96012
-45.0,50,3048.37563
-7.0,50,3048.801256
-6.0,50,3049.196077
-10.0,50,3049.616369
-11.0,50,3050.020816
-50.0,50,3050.433007
-8.0,50,3050.84818
-7.0,50,3051.257408
-9.0,50,3051.682605
-50.0,50,3052.26143
-50.0,50,3054.836313
-50.0,50,3057.416628
-3.0,50,3060.000248
-50.0,50,3062.504945
-27.0,50,3065.088571
-8.0,50,3067.63905
-26.0,50,3070.225502
-50.0,50,3072.775992
0.0,50,3075.398599
-10.0,50,3077.961183
-50.0,50,3080.517289
-50.0,50,3083.147559
-50.0,50,3085.731794
-15.0,50,3088.330201
-10.0,50,3090.886333
-50.0,50,3093.501305
-50.0,50,3096.060498
-50.0,50,3098.620191
-50.0,50,3101.264965
-50.0,50,3103.807866
-15.0,50,3106.387262
-38.0,50,3108.922259
-46.0,50,3111.560563
-19.0,50,3114.11607
-19.0,50,3116.734259
-50.0,50,3119.300685
-3.0,50,3121.854586
-16.0,50,3124.408111
-10.0,50,3126.986078
-50.0,50,3129.582529
-10.0,50,3132.191704
-50.0,50,3134.723503
-50.0,50,3137.352491
-50.0,50,3139.955141
-17.0,50,3142.528014
-50.0,50,3145.111422
-14.0,50,3147.683655
-50.0,50,3150.298078
-27.0,50,3152.920933
-50.0,50,3155.48481
-24.0,50,3158.066721
-50.0,50,3160.603573
-50.0,50,3163.212007
-15.0,50,3165.779393
-46.0,50,3168.372566
0.0,50,3170.957522
-10.0,50,3173.53889
-50.0,50,3176.08021
-18.0,50,3178.672884
-47.0,50,3181.279548
-15.0,50,3181.687101
-50.0,50,3182.131508
-9.0,50,3182.574096
-50.0,50,3183.030968
-13.0,50,3183.467691
-11.0,50,3183.907052
-6.0,50,3184.339143
-12.0,50,3184.832316
-4.0,50,3185.207654
-30.0,50,3185.635249
-50.0,50,3188.236067
-50.0,50,3190.782203
-50.0,50,3193.326423
-49.0,50,3195.956115
-50.0,50,3198.478549
-17.0,50,3201.098619
-17.0,50,3203.683154
-42.0,50,3206.287755
-23.0,50,3208.886593
-25.0,50,3211.472098
-18.0,50,3214.025788
-50.0,50,3216.591888
-31.0,50,3219.140828
-19.0,50,3221.742506
-50.0,50,3224.300976
-50.0,50,3226.875422
-19.0,50,3229.458585
-50.0,50,3231.962491
-50.0,50,3234.541189
-14.0,50,3237.145457
-50.0,50,3239.693923
-50.0,50,3242.336235
-31.0,50,3244.910096
-50.0,50,3247.451692
-14.0,50,3250.093624
-50.0,50,3252.661004
-48.0,50,3255.246832
-50.0,50,3257.840472
-50.0,50,3260.419055
-19.0,50,3263.005044
-50.0,50,3265.572301
-50.0,50,3268.170877
-14.0,50,3270.767062
-47.0,50,3273.330866
-50.0,50,3275.881375
-46.0,50,3278.457561
-14.0,50,3281.057737
-28.0,50,3283.646284
-31.0,50,3286.219301
-50.0,50,3288.786142
-10.0,50,3291.403482
-24.0,50,3293.99718
-12.0,50,3296.575812
-11.0,50,3299.125505
-50.0,50,3301.748327
-17.0,50,3304.295354
-12.0,50,3306.862891
-37.0,50,3309.455777
-50.0,50,3312.07115
-50.0,50,3314.629336
-11.0,50,3315.04284
-6.0,50,3315.483701
-10.0,50,3315.886837
-8.0,50,3316.321294
-13.0,50,3316.772734
-50.0,50,3317.223677
-14.0,50,3317.674514
-11.0,50,3318.115192
-48.0,50,3318.54547
-12.0,50,3318.94721
-50.0,50,3321.535655
-50.0,50,3324.117367
-50.0,50,3326.643976
-28.0,50,3329.235307
-50.0,50,3331.842548
0.0,50,3334.430708
-50.0,50,3336.974426
-19.0,50,3339.583301
-15.0,50,3342.156246
-50.0,50,3344.71142
-17.0,50,3347.314286
-20.0,50,3349.873954
-45.0,50,3352.4536
-26.0,50,3355.018096
-22.0,50,3357.601681
-50.0,50,3360.216052
-32.0,50,3362.797831
-14.0,50,3365.391003
-50.0,50,3367.939172
-45.0,50,3370.544233
-50.0,50,3373.125987
-43.0,50,3375.683844
0.0,50,3378.302755
-36.0,50,3380.865003
-11.0,50,3383.511422
-50.0,50,3386.115593
-50.0,50,3388.649939
-50.0,50,3391.255843
-13.0,50,3393.810168
-17.0,50,3396.436655
-12.0,50,3399.038351
-20.0,50,3401.618693
-43.0,50,3404.225631
-17.0,50,3406.803138
-44.0,50,3409.389819
-38.0,50,3411.968704
-50.0,50,3414.5547
-37.0,50,3417.154137
-11.0,50,3419.71994
-39.0,50,3422.279609
-50.0,50,3424.877693
0.0,50,3427.452011
-18.0,50,3430.063367
-17.0,50,3432.661033
-49.0,50,3435.259528
-33.0,50,3437.82238
-35.0,50,3440.439189
-43.0,50,3443.04602
-9.0,50,3445.640147
-15.0,50,3448.180165
-50.0,50,3448.59432
-50.0,50,3449.00683
-17.0,50,3449.429402
-50.0,50,3449.832452
-15.0,50,3450.273292
-14.0,50,3450.680395
-10.0,50,3451.10951
-50.0,50,3451.53997
-4.0,50,3451.969497
-44.0,50,3452.393239
-15.0,50,3455.0406
-46.0,50,3457.642138
-38.0,50,3460.227663
-11.0,50,3462.842573
-18.0,50,3465.425599
-30.0,50,3468.015291
-22.0,50,3470.594292
-9.0,50,3473.186425
-40.0,50,3475.781708
-39.0,50,3478.35884
0.0,50,3480.945526
-47.0,50,3483.540177
-50.0,50,3486.1745
-50.0,50,3488.746436
-47.0,50,3491.326244
-50.0,50,3494.024089
-15.0,50,3496.870235
-21.0,50,3499.662273
-50.0,50,3502.452136
-44.0,50,3505.312612
-35.0,50,3507.945857
-33.0,50,3510.519683
-15.0,50,3513.121364
-48.0,50,3515.737116
-50.0,50,3518.344128
-47.0,50,3520.910891
-12.0,50,3523.497015
-50.0,50,3526.09513
-50.0,50,3528.721132
-31.0,50,3531.427535
-20.0,50,3534.158569
-19.0,50,3536.780923
-50.0,50,3539.366651
-42.0,50,3541.912807
-50.0,50,3544.553622
-45.0,50,3547.113611
-9.0,50,3549.700812
-50.0,50,3552.319165
-24.0,50,3554.919446
-19.0,50,3557.479198
-50.0,50,3560.073085
-10.0,50,3562.646237
-5.0,50,3565.264652
-50.0,50,3567.877162
-7.0,50,3570.453528
-8.0,50,3573.04212
-37.0,50,3575.589701
-18.0,50,3578.148562
-40.0,50,3580.765027
-50.0,50,3583.382351
-12.0,50,3583.80841
-50.0,50,3584.253645
-8.0,50,3584.693752
-6.0,50,3585.141538
-50.0,50,3585.554397
-9.0,50,3585.975794
-50.0,50,3586.408693
-4.0,50,3586.845398
-8.0,50,3587.245149
-38.0,50,3587.698082
-50.0,50,3590.293848
-50.0,50,3592.91468
-13.0,50,3595.472328
-31.0,50,3598.072004
-50.0,50,3600.670624
-50.0,50,3603.265188
-11.0,50,3605.7958
-50.0,50,3608.43176
-35.0,50,3610.999405
-49.0,50,3613.533292
-22.0,50,3616.150543
-50.0,50,3618.717043
-18.0,50,3621.358009
-50.0,50,3624.012668
-20.0,50,3626.584347
-50.0,50,3629.170002
-18.0,50,3631.735825
-23.0,50,3634.280171
-50.0,50,3636.880203
-24.0,50,3639.453474
-50.0,50,3642.035629
-20.0,50,3644.62725
-46.0,50,3647.253002
-26.0,50,3649.823793
-48.0,50,3652.372585
-28.0,50,3654.969653
-32.0,50,3657.588229
-50.0,50,3660.170371
-50.0,50,3662.782768
-27.0,50,3665.389703
-18.0,50,3667.979991
-37.0,50,3670.600197
-50.0,50,3673.207286
-38.0,50,3675.76893
-14.0,50,3678.311417
-26.0,50,3680.948926
-50.0,50,3683.494783
-15.0,50,3686.109395
-16.0,50,3688.697461
-50.0,50,3691.268544
-50.0,50,3693.87005
-21.0,50,3696.435329
-18.0,50,3699.032448
-6.0,50,3701.632742
-45.0,50,3704.201526
-24.0,50,3706.815253
-39.0,50,3709.364941
-50.0,50,3711.975916
-50.0,50,3714.582752
-50.0,50,3717.191332
-8.0,50,3717.625925
-12.0,50,3718.025556
-50.0,50,3718.461627
-11.0,50,3718.921227
-50.0,50,3719.346974
-50.0,50,3719.73444
-8.0,50,3720.190211
-8.0,50,3720.587627
-5.0,50,3721.019761
-50.0,50,3721.532577
-50.0,50,3724.15372
-9.0,50,3726.714088
-28.0,50,3729.321284
-34.0,50,3731.930948
-18.0,50,3734.546928
-33.0,50,3737.145686
-33.0,50,3739.711146
0.0,50,3742.319561
-20.0,50,3744.915152
0.0,50,3747.536279
-29.0,50,3750.147312
-50.0,50,3752.714736
-50.0,50,3755.313111
-50.0,50,3757.891924
-18.0,50,3760.445682
-24.0,50,3763.081795
-17.0,50,3765.638289
0.0,50,3768.253218
-47.0,50,3770.844284
-20.0,50,3773.478144
0.0,50,3776.029054
-48.0,50,3778.616299
-44.0,50,3781.212135
-50.0,50,3783.817603
-50.0,50,3786.391499
-50.0,50,3788.984957
-50.0,50,3791.561971
-16.0,50,3794.17686
-12.0,50,3796.698433
-23.0,50,3799.294092
-34.0,50,3801.874682
-18.0,50,3804.464549
-22.0,50,3807.048861
-30.0,50,3809.642376
0.0,50,3812.20393
-43.0,50,3814.817122
-13.0,50,3817.418051
-46.0,50,3819.932323
-37.0,50,3822.537585
-50.0,50,3825.147984
-50.0,50,3827.703288
-29.0,50,3830.294225
-21.0,50,3832.875969
-36.0,50,3835.520541
-50.0,50,3838.109102
-5.0,50,3840.685496
-49.0,50,3843.279196
-32.0,50,3845.887299
-40.0,50,3848.464401
-38.0,50,3851.100899
-4.0,50,3851.534624
-50.0,50,3851.947851
-22.0,50,3852.390971
-12.0,50,3852.792874
-5.0,50,3853.2449
-12.0,50,3853.663029
-6.0,50,3854.126989
-14.0,50,3854.514867
-16.0,50,3854.934733
-29.0,50,3855.496285
-11.0,50,3858.09563
-34.0,50,3860.724385
-20.0,50,3863.282185
-25.0,50,3865.863524
-50.0,50,3868.480766
-21.0,50,3871.084791
-16.0,50,3873.655953
-33.0,50,3876.259638
-50.0,50,3878.841789
-50.0,50,3881.436526
-26.0,50,3884.063396
-20.0,50,3886.641417
-27.0,50,3889.177701
0.0,50,3891.798558
0.0,50,3894.377684
-32.0,50,3896.963628
-17.0,50,3899.533675
-35.0,50,3902.122533
-48.0,50,3904.752267
-19.0,50,3907.351418
-12.0,50,3909.922518
-50.0,50,3912.466209
-11.0,50,3915.088091
-50.0,50,3917.643035
-50.0,50,3920.205689
-7.0,50,3922.775901
-41.0,50,3925.400494
-36.0,50,3927.963701
-30.0,50,3930.552308
-8.0,50,3933.114591
-26.0,50,3935.704458
-13.0,50,3938.259333
-50.0,50,3940.854747
-33.0,50,3943.435541
-10.0,50,3945.982335
-15.0,50,3948.578362
-47.0,50,3951.141433
-27.0,50,3953.72179
-23.0,50,3956.330749
-16.0,50,3958.939424
-21.0,50,3961.540174
-37.0,50,3964.131122
-41.0,50,3966.741596
-19.0,50,3969.28107
-49.0,50,3971.872052
-50.0,50,3974.43125
-16.0,50,3977.015136
-22.0,50,3979.596949
-50.0,50,3982.169648
-5.0,50,3984.766606
-7.0,50,3985.196857
-5.0,50,3985.624811
0.0,50,3986.05093
-8.0,50,3986.499674
-6.0,50,3986.909683
-9.0,50,3987.39736
-44.0,50,3987.858526
-10.0,50,3988.307879
-26.0,50,3988.715128
-50.0,50,3989.144518
-28.0,50,3991.714424
-16.0,50,3994.270144
-50.0,50,3996.817281
-20.0,50,3999.384431
-27.0,50,4002.007963
-26.0,50,4004.545633
-46.0,50,4007.185833
-50.0,50,4009.818269
-9.0,50,4012.383278
-50.0,50,4014.975833
-34.0,50,4017.597736
-31.0,50,4020.215837
-40.0,50,4022.768502
-23.0,50,4025.359541
-30.0,50,4027.951725
-43.0,50,4030.507799
-50.0,50,4033.098382
-50.0,50,4035.691482
-50.0,50,4038.265609
-22.0,50,4040.86149
-48.0,50,4043.433743
-14.0,50,4046.006795
-10.0,50,4048.644986
-5.0,50,4051.240256
0.0,50,4053.811861
-28.0,50,4056.448078
-20.0,50,4059.024256
-32.0,50,4061.611442
-27.0,50,4064.159173
-39.0,50,4066.739876
-50.0,50,4069.31562
-18.0,50,4071.869644
-28.0,50,4074.502303
-14.0,50,4077.06312
-27.0,50,4079.633086
-32.0,50,4082.240757
-6.0,50,4084.84572
-50.0,50,4087.444404
-50.0,50,4090.006782
-50.0,50,4092.571193
-13.0,50,4095.1689
-17.0,50,4097.773866
-33.0,50,4100.362208
-17.0,50,4102.963161
-41.0,50,4105.5086
-50.0,50,4108.108044
-22.0,50,4110.672204
-50.0,50,4113.283845
-50.0,50,4115.837728
-6.0,50,4118.515592
-10.0,50,4118.969275
-11.0,50,4119.389616
-9.0,50,4119.813605
-50.0,50,4120.262646
-23.0,50,4120.672681
-12.0,50,4121.075819
-7.0,50,4121.476756
-12.0,50,4121.886533
-12.0,50,4122.293483
-34.0,50,4122.759476
-43.0,50,4125.353174
-29.0,50,4127.899315
-50.0,50,4130.512751
-47.0,50,4133.081504
-29.0,50,4135.625275
-21.0,50,4138.193489
-14.0,50,4140.804876
-44.0,50,4143.434647
-50.0,50,4146.029505
-26.0,50,4148.611774
-32.0,50,4151.199234
-31.0,50,4153.771438
-18.0,50,4156.359303
-35.0,50,4158.905849
-41.0,50,4161.463186
-50.0,50,4164.056727
-7.0,50,4166.68459
-20.0,50,4169.230293
-50.0,50,4171.824033
-10.0,50,4174.410372
-50.0,50,4176.98064
-47.0,50,4179.559247
-26.0,50,4182.173066
-16.0,50,4184.759343
-16.0,50,4187.34475
-6.0,50,4189.927831
-19.0,50,4192.494171
-50.0,50,4195.049917
-44.0,50,4197.633499
-32.0,50,4200.184461
-47.0,50,4202.773244
-4.0,50,4205.337748
-22.0,50,4207.905689
-16.0,50,4210.504827
-19.0,50,4213.120094
-24.0,50,4215.719153
-50.0,50,4218.284125
-11.0,50,4220.808437
-50.0,50,4223.43495
-50.0,50,4225.976652
-36.0,50,4228.589181
-20.0,50,4231.20817
-48.0,50,4233.76627
-19.0,50,4236.358423
-14.0,50,4238.921715
-12.0,50,4241.487383
-27.0,50,4244.083759
-50.0,50,4246.670451
-11.0,50,4249.259202
-7.0,50,4251.8091
-7.0,50,4252.194299
-50.0,50,4252.603238
-6.0,50,4253.028681
-46.0,50,4253.45303
-9.0,50,4253.880491
0.0,50,4254.293487
-5.0,50,4254.743721
-8.0,50,4255.159484
-9.0,50,4255.555307
-24.0,50,4256.1332
-22.0,50,4258.665836
-41.0,50,4261.266177
-18.0,50,4263.820364
-38.0,50,4266.455038
-37.0,50,4269.085385
-44.0,50,4271.668673
-50.0,50,4274.244236
-21.0,50,4276.850994
-16.0,50,4279.408932
-18.0,50,4281.982149
-19.0,50,4284.56556
-50.0,50,4287.146438
-34.0,50,4289.691605
-50.0,50,4292.29259
-38.0,50,4294.901906
-50.0,50,4297.445083
-25.0,50,4300.046246
-13.0,50,4302.619055
-13.0,50,4305.219247
-45.0,50,4307.814275
-50.0,50,4310.417519
-31.0,50,4313.005354
-6.0,50,4315.558903
-27.0,50,4318.139652
-14.0,50,4320.697869
-9.0,50,4323.275264
-50.0,50,4325.890006
-10.0,50,4328.475856
-33.0,50,4331.076273
-39.0,50,4333.613313
-50.0,50,4336.233957
-50.0,50,4338.823813
-11.0,50,4341.369744
-20.0,50,4344.013323
-12.0,50,4346.622278
-31.0,50,4349.229314
-50.0,50,4351.8359
-24.0,50,4354.373587
-50.0,50,4356.985701
-50.0,50,4359.566229
-10.0,50,4362.156827
-1.0,50,4364.747416
-39.0,50,4367.296799
-50.0,50,4369.871686
-50.0,50,4372.505241
0.0,50,4375.051024
-28.0,50,4377.627343
-23.0,50,4380.201067
-17.0,50,4382.798083
-12.0,50,4385.418626
-7.0,50,4385.87911
-10.0,50,4386.324996
-14.0,50,4386.745098
-29.0,50,4387.184414
0.0,50,4387.598744
-34.0,50,4388.045319
-50.0,50,4388.432778
-5.0,50,4388.825181
-6.0,50,4389.254117
-15.0,50,4389.727065
-15.0,50,4392.295702
-37.0,50,4394.884599
-49.0,50,4397.482494
-10.0,50,4400.106567
-13.0,50,4402.616042
-50.0,50,4405.248671
-28.0,50,4407.870793
-50.0,50,4410.480191
-50.0,50,4413.045804
-14.0,50,4415.62633
-15.0,50,4418.206655
-15.0,50,4420.758239
-11.0,50,4423.369326
-28.0,50,4425.886264
-15.0,50,4428.471478
-14.0,50,4431.031131
-50.0,50,4433.650473
-50.0,50,4436.222228
-29.0,50,4438.750766
-13.0,50,4441.361992
-15.0,50,4443.929626
-36.0,50,4446.445242
-50.0,50,4449.094252
-33.0,50,4451.67333
-42.0,50,4454.309367
-13.0,50,4456.902021
-20.0,50,4459.514293
-50.0,50,4462.095083
-26.0,50,4464.713528
-33.0,50,4467.297395
-44.0,50,4469.890099
-50.0,50,4472.412874
-12.0,50,4475.010771
-38.0,50,4477.588365
-25.0,50,4480.204239
-50.0,50,4482.786811
-32.0,50,4485.32882
-47.0,50,4487.958197
-28.0,50,4490.561462
-50.0,50,4493.110436
-31.0,50,4495.723908
-48.0,50,4498.350677
-17.0,50,4500.917734
-50.0,50,4503.46186
-50.0,50,4506.069374
-50.0,50,4508.608371
-50.0,50,4511.228342
-17.0,50,4513.833791
-50.0,50,4516.381985
-9.0,50,4518.98896
-50.0,50,4519.432449
-7.0,50,4519.836998
-50.0,50,4520.298374
-5.0,50,4520.717997
-11.0,50,4521.163876
-6.0,50,4521.56475
-9.0,50,4521.969179
-9.0,50,4522.377643
-9.0,50,4522.799393
-16.0,50,4523.245281
-50.0,50,4525.873538
-50.0,50,4528.440515
-45.0,50,4531.029975
-30.0,50,4533.611812
-18.0,50,4536.209367
-25.0,50,4538.776697
-11.0,50,4541.343852
-50.0,50,4543.938112
-24.0,50,4546.525487
-14.0,50,4549.090713
-50.0,50,4551.662642
-7.0,50,4554.232058
-13.0,50,4556.798445
-7.0,50,4559.386549
-46.0,50,4561.981684
-50.0,50,4564.554727
-18.0,50,4567.14932
-4.0,50,4569.727231
-19.0,50,4572.258695
-21.0,50,4574.884862
0.0,50,4577.444201
-26.0,50,4580.027314
-50.0,50,4582.600578
-21.0,50,4585.213517
-11.0,50,4587.755868
-17.0,50,4590.360379
-42.0,50,4592.917695
-50.0,50,4595.503481
-14.0,50,4598.094
-50.0,50,4600.663919
-36.0,50,4603.266237
-14.0,50,4605.845658
-23.0,50,4608.452635
-47.0,50,4611.045872
-42.0,50,4613.594989
-50.0,50,4616.18883
-11.0,50,4618.750686
-26.0,50,4621.328192
-50.0,50,4623.965794
-25.0,50,4626.503898
-14.0,50,4629.137088
-50.0,50,4631.724658
0.0,50,4634.287379
-18.0,50,4636.842136
-32.0,50,4639.426254
-50.0,50,4641.991511
-50.0,50,4644.62635
-28.0,50,4647.190015
0.0,50,4649.770343
-9.0,50,4652.363116
-5.0,50,4652.787848
-5.0,50,4653.189462
-11.0,50,4653.600967
-7.0,50,4653.999756
-9.0,50,4654.424844
-6.0,50,4654.831103
-10.0,50,4655.251128
-9.0,50,4655.689805
-6.0,50,4656.096989
-15.0,50,4656.562342
-50.0,50,4659.193343
-11.0,50,4661.745952
-23.0,50,4664.369054
-23.0,50,4666.971961
-50.0,50,4669.545996
-50.0,50,4672.106227
-26.0,50,4674.704693
-50.0,50,4677.24631
-22.0,50,4679.867249
-50.0,50,4682.399273
-50.0,50,4684.980006
-50.0,50,4687.592115
-50.0,50,4690.19073
-49.0,50,4692.821708
-22.0,50,4695.382517
-32.0,50,4697.918192
-12.0,50,4700.543499
-20.0,50,4703.120904
-50.0,50,4705.702563
-29.0,50,4708.233345
-15.0,50,4710.851958
0.0,50,4713.367546
-46.0,50,4716.004781
-50.0,50,4718.566865
-50.0,50,4721.162968
-50.0,50,4723.748328
-50.0,50,4726.350801
-49.0,50,4728.886822
-38.0,50,4731.513681
-4.0,50,4734.082806
-17.0,50,4736.64086
-50.0,50,4739.272935
-15.0,50,4741.817897
-50.0,50,4744.405069
-45.0,50,4747.007521
-11.0,50,4749.572682
-13.0,50,4752.18296
-19.0,50,4754.733371
-15.0,50,4757.449682
-40.0,50,4760.01649
-26.0,50,4762.624386
-50.0,50,4765.16327
-23.0,50,4767.778378
-18.0,50,4770.367845
-13.0,50,4772.979638
-10.0,50,4775.54239
-38.0,50,4778.111758
-44.0,50,4780.697901
-50.0,50,4783.318856
-9.0,50,4785.928517
-21.0,50,4786.354612
-10.0,50,4786.775829
-6.0,50,4787.184618
-9.0,50,4787.612163
-12.0,50,4788.045328
-5.0,50,4788.473092
-7.0,50,4788.894107
-10.0,50,4789.301406
-11.0,50,4789.699778
-50.0,50,4790.166236
-18.0,50,4792.692183
-34.0,50,4795.324869
-41.0,50,4797.950892
-33.0,50,4800.516779
-40.0,50,4803.09841
-12.0,50,4805.717492
-24.0,50,4808.309966
-9.0,50,4810.89766
-50.0,50,4813.457238
-24.0,50,4816.015337
-37.0,50,4818.604628
-41.0,50,4821.16395
-31.0,50,4823.757418
-29.0,50,4826.307512
0.0,50,4828.947048
-35.0,50,4831.506977
-22.0,50,4834.118792
-15.0,50,4836.670456
-45.0,50,4839.284446
-42.0,50,4841.839385
-31.0,50,4844.457216
-48.0,50,4847.059663
-50.0,50,4849.651716
-42.0,50,4852.236647
-19.0,50,4854.819397
-18.0,50,4857.416826
-50.0,50,4859.974278
-8.0,50,4862.594457
-14.0,50,4865.160366
-28.0,50,4867.74837
-50.0,50,4870.351544
0.0,50,4872.884861
-16.0,50,4875.48482
-38.0,50,4878.094956
-14.0,50,4880.658861
-50.0,50,4883.267292
-23.0,50,4885.855757
-17.0,50,4888.437819
-30.0,50,4891.03703
-26.0,50,4893.597479
-50.0,50,4896.210398
-37.0,50,4898.806434
-4.0,50,4901.390585
-43.0,50,4903.998307
-21.0,50,4906.571446
-16.0,50,4909.135263
-46.0,50,4911.709685
-25.0,50,4914.331848
-50.0,50,4916.901412
-10.0,50,4919.529979
-4.0,50,4919.993663
-9.0,50,4920.427001
-9.0,50,4920.88451
-6.0,50,4921.314756
0.0,50,4921.718267
-10.0,50,4922.143444
-5.0,50,4922.597826
-9.0,50,4923.020032
-6.0,50,4923.452262
-20.0,50,4923.978937
-49.0,50,4926.555945
-6.0,50,4929.162148
-8.0,50,4931.797047
-9.0,50,4934.355248
-16.0,50,4936.963735
-20.0,50,4939.525978
-14.0,50,4942.17098
-18.0,50,4944.722193
-28.0,50,4947.303329
-6.0,50,4949.869309
-4.0,50,4952.44944
-10.0,50,4955.045095
-13.0,50,4957.665756
-46.0,50,4960.234581
-10.0,50,4962.84504
-50.0,50,4965.439106
-38.0,50,4967.985884
-30.0,50,4970.609844
-50.0,50,4973.154777
-29.0,50,4975.709759
-19.0,50,4978.297886
-11.0,50,4980.873296
-45.0,50,4983.495067
-7.0,50,4986.076886
-30.0,50,4988.628931
-50.0,50,4991.206843
-12.0,50,4993.809225
-22.0,50,4996.385066
-37.0,50,4998.991501
-50.0,50,5001.600451
-4.0,50,5004.222609
-17.0,50,5006.771132
-50.0,50,5009.370541
-22.0,50,5011.944754
-30.0,50,5014.555768
-50.0,50,5017.095787
-17.0,50,5019.678711
-15.0,50,5022.290931
-41.0,50,5024.862515
-34.0,50,5027.440446
-20.0,50,5030.083019
-41.0,50,5032.669605
-17.0,50,5035.22396
-33.0,50,5037.822169
-50.0,50,5040.413191
-50.0,50,5042.96871
-35.0,50,5045.579174
-34.0,50,5048.156319
-8.0,50,5050.728996
-13.0,50,5053.278958
-7.0,50,5053.687129
-50.0,50,5054.070897
-14.0,50,5054.479885
-8.0,50,5054.929167
-10.0,50,5055.362992
-9.0,50,5055.774724
-13.0,50,5056.184191
-6.0,50,5056.596871
-11.0,50,5057.037815
-9.0,50,5057.535662
-13.0,50,5060.117378
-10.0,50,5062.694602
-47.0,50,5065.24955
-43.0,50,5067.819217
-21.0,50,5070.391084
-50.0,50,5073.023292
-37.0,50,5075.661092
-40.0,50,5078.191269
-14.0,50,5080.803461
-11.0,50,5083.39124
-35.0,50,5085.984701
-50.0,50,5088.584428
-50.0,50,5091.164865
-39.0,50,5093.79068
-50.0,50,5096.374368
-38.0,50,5098.984975
-45.0,50,5101.600695
-23.0,50,5104.160161
-13.0,50,5106.784649
-45.0,50,5109.345618
-29.0,50,5111.948123
-40.0,50,5114.518373
-50.0,50,5117.073799
-50.0,50,5119.701262
-27.0,50,5122.289629
-50.0,50,5124.877278
-10.0,50,5127.439378
-47.0,50,5130.025469
-50.0,50,5132.619639
-50.0,50,5135.174433
-46.0,50,5137.733818
-32.0,50,5140.340704
-17.0,50,5142.915168
-10.0,50,5145.518266
-50.0,50,5148.093446
-25.0,50,5150.672587
-37.0,50,5153.224638
-14.0,50,5155.808453
-34.0,50,5158.420807
-50.0,50,5161.01436
-13.0,50,5163.610436
-50.0,50,5166.208296
-17.0,50,5168.814239
-50.0,50,5171.368456
-28.0,50,5173.965101
-12.0,50,5176.577561
-50.0,50,5179.130822
-12.0,50,5181.715258
-15.0,50,5184.361081
-10.0,50,5186.952052
-30.0,50,5187.356943
-49.0,50,5187.751143
-10.0,50,5188.1446
0.0,50,5188.545556
-7.0,50,5188.986517
-9.0,50,5189.409097
-7.0,50,5189.796618
-7.0,50,5190.194415
-9.0,50,5190.615114
-30.0,50,5191.143035
-50.0,50,5193.74134
-40.0,50,5196.329985
-29.0,50,5198.95726
-29.0,50,5201.495075
-50.0,50,5204.150749
-24.0,50,5206.662107
-24.0,50,5209.271977
-10.0,50,5211.86722
-6.0,50,5214.440203
-17.0,50,5216.999971
-12.0,50,5219.611422
-17.0,50,5222.147806
-36.0,50,5224.742648
-13.0,50,5227.312451
-4.0,50,5229.933288
-50.0,50,5232.513199
-14.0,50,5235.13622
-20.0,50,5237.648907
-44.0,50,5240.261082
-26.0,50,5242.835104
-42.0,50,5245.408576
-50.0,50,5247.992587
-20.0,50,5250.598824
-24.0,50,5253.137841
-50.0,50,5255.735762
-31.0,50,5258.276372
-20.0,50,5260.88135
-27.0,50,5263.466677
-50.0,50,5266.040337
-43.0,50,5268.57952
-49.0,50,5271.163655
-50.0,50,5273.779082
-5.0,50,5276.328685
-38.0,50,5278.925894
-42.0,50,5281.516635
0.0,50,5284.113476
-7.0,50,5286.69282
-7.0,50,5289.26846
-42.0,50,5291.853981
-37.0,50,5294.438314
-50.0,50,5297.05016
-24.0,50,5299.638258
-44.0,50,5302.211086
-8.0,50,5304.781347
-50.0,50,5307.424491
-19.0,50,5309.984569
-13.0,50,5312.595216
-14.0,50,5315.189388
-44.0,50,5317.754872
-50.0,50,5320.372431
-6.0,50,5320.794298
-10.0,50,5321.219265
-8.0,50,5321.648051
-13.0,50,5322.091127
-11.0,50,5322.51906
-9.0,50,5322.934821
-5.0,50,5323.346373
-7.0,50,5323.754341
-7.0,50,5324.159275
-12.0,50,5324.641807
-25.0,50,5327.285115
-11.0,50,5329.847952
-1.0,50,5332.407668
-15.0,50,5335.025224
-47.0,50,5337.596903
-15.0,50,5340.138461
-50.0,50,5342.742636
-13.0,50,5345.321866
-50.0,50,5347.935758
-50.0,50,5350.517012
-9.0,50,5353.076135
-22.0,50,5355.666595
-33.0,50,5358.266956
-15.0,50,5360.878133
-49.0,50,5363.397177
-38.0,50,5366.039858
-21.0,50,5368.601508
-50.0,50,5371.1734
-25.0,50,5373.788232
-50.0,50,5376.336766
-26.0,50,5378.871962
-19.0,50,5381.512171
-19.0,50,5384.099201
-50.0,50,5386.675073
-29.0,50,5389.221185
-14.0,50,5391.865441
-24.0,50,5394.427152
-6.0,50,5397.017666
-14.0,50,5399.674522
-28.0,50,5402.283325
-48.0,50,5404.881238
-38.0,50,5407.426386
-48.0,50,5410.048609
-36.0,50,5412.653924
-13.0,50,5415.21635
-23.0,50,5417.795248
-18.0,50,5420.420103
-46.0,50,5423.03463
-38.0,50,5425.583623
-50.0,50,5428.199015
-24.0,50,5430.74954
-50.0,50,5433.330003
-34.0,50,5435.954443
-19.0,50,5438.55097
-14.0,50,5441.144067
-40.0,50,5443.700284
-32.0,50,5446.277903
-23.0,50,5448.859775
-17.0,50,5451.440658
-6.0,50,5454.028836
-9.0,50,5454.42999
-8.0,50,5454.842281
-6.0,50,5455.238635
-9.0,50,5455.680907
-8.0,50,5456.090503
-8.0,50,5456.526783
-9.0,50,5456.919753
-7.0,50,5457.339034
-6.0,50,5457.756522
-50.0,50,5458.305936
-26.0,50,5460.884308
-12.0,50,5463.446967
-9.0,50,5466.040937
-45.0,50,5468.637395
-18.0,50,5471.200497
-35.0,50,5473.78471
-13.0,50,5476.356463
-39.0,50,5478.99264
-35.0,50,5481.576123
-35.0,50,5484.187634
-49.0,50,5486.775762
-37.0,50,5489.363186
-44.0,50,5491.908154
-29.0,50,5494.521419
-14.0,50,5497.182264
-12.0,50,5499.774176
-16.0,50,5502.351956
-11.0,50,5504.915
-49.0,50,5507.487536
-48.0,50,5510.03832
-50.0,50,5512.621883
-38.0,50,5515.230002
-43.0,50,5517.807052
-30.0,50,5520.373883
-13.0,50,5523.005596
-47.0,50,5525.604952
-50.0,50,5528.229815
-20.0,50,5530.860273
-27.0,50,5533.401633
-15.0,50,5535.97748
-50.0,50,5538.6099
-13.0,50,5541.243178
-11.0,50,5543.839862
-50.0,50,5546.46228
-23.0,50,5549.001778
-36.0,50,5551.661076
-18.0,50,5554.252926
-50.0,50,5556.860126
-17.0,50,5559.425314
-50.0,50,5562.043362
-15.0,50,5564.649761
-50.0,50,5567.231057
-32.0,50,5569.821265
-9.0,50,5572.450264
-43.0,50,5575.036696
-12.0,50,5577.651248
-9.0,50,5580.216325
-16.0,50,5582.815288
-27.0,50,5585.423023
-12.0,50,5588.005133
-5.0,50,5588.408137
-11.0,50,5588.80888
-4.0,50,5589.202991
0.0,50,5589.634687
-7.0,50,5590.046014
-8.0,50,5590.428433
-9.0,50,5590.853192
-5.0,50,5591.319684
-9.0,50,5591.763423
-50.0,50,5592.294341
-50.0,50,5594.868493
-27.0,50,5597.424698
-50.0,50,5600.001239
-37.0,50,5602.599267
-12.0,50,5605.17208
-21.0,50,5607.782426
-30.0,50,5610.340201
-18.0,50,5612.945707
-32.0,50,5615.531593
-41.0,50,5618.1063
-34.0,50,5620.73216
-25.0,50,5623.275113
-19.0,50,5625.892565
-32.0,50,5628.502192
-50.0,50,5631.068379
-32.0,50,5633.618325
-47.0,50,5636.196055
-48.0,50,5638.801822
-45.0,50,5641.357579
-50.0,50,5643.956004
-50.0,50,5646.578814
-50.0,50,5649.147311
-46.0,50,5651.752968
-21.0,50,5654.316688
-25.0,50,5656.891466
-38.0,50,5659.506827
-25.0,50,5662.097347
-8.0,50,5664.673981
-43.0,50,5667.292536
-31.0,50,5669.84751
-5.0,50,5672.46297
-30.0,50,5675.059916
-12.0,50,5677.626865
-50.0,50,5680.242767
-34.0,50,5682.81381
-6.0,50,5685.419273
-27.0,50,5687.989901
-10.0,50,5690.623594
-35.0,50,5693.210222
-48.0,50,5695.776601
-20.0,50,5698.377331
-42.0,50,5700.935111
-11.0,50,5703.561818
-22.0,50,5706.155082
-25.0,50,5708.760427
-22.0,50,5711.35932
-50.0,50,5713.978949
-24.0,50,5716.594598
-50.0,50,5719.174117
-49.0,50,5721.811316
-45.0,50,5722.236974
-13.0,50,5722.640998
-8.0,50,5723.054703
-14.0,50,5723.456958
-11.0,50,5723.854527
0.0,50,5724.244692
-4.0,50,5724.649298
-36.0,50,5725.057014
-10.0,50,5725.470432
-16.0,50,5725.977956
-6.0,50,5728.569346
0.0,50,5731.192171
-12.0,50,5733.808253
-11.0,50,5736.409764
-50.0,50,5739.007555
-21.0,50,5741.65688
-9.0,50,5744.241474
-27.0,50,5746.860985
-15.0,50,5749.428085
-14.0,50,5752.034727
-29.0,50,5754.574543
-50.0,50,5757.208254
-8.0,50,5759.796291
-13.0,50,5762.338205
-22.0,50,5764.948739
0.0,50,5767.537376
-11.0,50,5770.106508
-17.0,50,5772.730681
-28.0,50,5775.308522
-28.0,50,5777.881841
-45.0,50,5780.463515
-12.0,50,5783.121006
-37.0,50,5785.713364
-43.0,50,5788.279226
-50.0,50,5790.888342
-44.0,50,5793.441996
-12.0,50,5796.078171
-11.0,50,5798.627146
-30.0,50,5801.260309
-32.0,50,5803.812303
-17.0,50,5806.458529
-35.0,50,5809.065767
-13.0,50,5811.650075
-49.0,50,5814.265198
-39.0,50,5816.887369
0.0,50,5819.456601
-34.0,50,5822.068353
-44.0,50,5824.649759
-50.0,50,5827.313581
-26.0,50,5829.8856
-49.0,50,5832.532237
-21.0,50,5835.042073
0.0,50,5837.625305
-6.0,50,5840.256681
-50.0,50,5842.842387
-50.0,50,5845.474072
-41.0,50,5848.056676
-50.0,50,5850.593644
-49.0,50,5853.278636
-6.0,50,5855.876488
-10.0,50,5856.269565
-7.0,50,5856.677018
-7.0,50,5857.084497
-10.0,50,5857.507573
-5.0,50,5857.943702
-7.0,50,5858.352286
-12.0,50,5858.7898
-9.0,50,5859.235488
-13.0,50,5859.68083
-17.0,50,5860.195004
0.0,50,5862.830897
-41.0,50,5865.425831
-50.0,50,5868.039449
-50.0,50,5870.598316
-15.0,50,5873.210163
-50.0,50,5875.860091
-42.0,50,5878.452684
-23.0,50,5881.019082
-50.0,50,5883.659577
-12.0,50,5886.271685
-50.0,50,5888.820853
-29.0,50,5891.365934
-22.0,50,5894.009414
-50.0,50,5896.529096
-50.0,50,5899.136232
-49.0,50,5901.748185
-34.0,50,5904.304654
-26.0,50,5906.90086
-50.0,50,5909.507323
-50.0,50,5912.090972
-50.0,50,5914.709748
-15.0,50,5917.298011
-50.0,50,5919.909135
-50.0,50,5922.495288
-14.0,50,5925.081326
-50.0,50,5927.631108
-46.0,50,5930.304261
-26.0,50,5932.910553
-50.0,50,5935.496657
-46.0,50,5938.102342
-21.0,50,5940.707643
-50.0,50,5943.322288
-38.0,50,5945.887531
-26.0,50,5948.446205
-14.0,50,5951.099168
-46.0,50,5953.668442
-50.0,50,5956.283667
-29.0,50,5958.936291
-50.0,50,5961.506631
-10.0,50,5964.172193
-50.0,50,5966.759637
0.0,50,5969.312449
-18.0,50,5971.918146
-26.0,50,5974.489318
-49.0,50,5977.065547
-50.0,50,5979.660149
-50.0,50,5982.209111
-35.0,50,5984.844515
-10.0,50,5987.366221
-8.0,50,5989.999335
-6.0,50,5990.433558
-10.0,50,5990.867029
-38.0,50,5991.258079
-8.0,50,5991.684859
-3.0,50,5992.156205
0.0,50,5992.56603
-4.0,50,5993.048354
-43.0,50,5993.456285
-10.0,50,5993.891294
-43.0,50,5994.349075
-49.0,50,5996.982859
-38.0,50,5999.588976
-14.0,50,6002.137473
-43.0,50,6004.738763
-45.0,50,6007.306512
-18.0,50,6009.843149
-23.0,50,6012.416194
-25.0,50,6015.036155
-19.0,50,6017.636452
-50.0,50,6020.246941
-19.0,50,6022.858045
-18.0,50,6025.450185
-41.0,50,6028.036995
-44.0,50,6030.619282
-50.0,50,6033.169665
-14.0,50,6035.785676
-42.0,50,6038.393907
-47.0,50,6040.972236
-50.0,50,6043.542468
-46.0,50,6046.126694
-50.0,50,6048.690769
-29.0,50,6051.303177
-37.0,50,6053.92384
-16.0,50,6056.508405
-31.0,50,6059.098652
-4.0,50,6061.694843
-17.0,50,6064.305497
-12.0,50,6066.896793
-9.0,50,6069.518327
-37.0,50,6072.069183
-50.0,50,6074.691677
-50.0,50,6077.280234
-30.0,50,6079.898003
-50.0,50,6082.479917
-50.0,50,6085.028321
-43.0,50,6087.659207
-35.0,50,6090.278821
-8.0,50,6092.914466
-15.0,50,6095.527177
-15.0,50,6098.102065
-29.0,50,6100.679949
-50.0,50,6103.291028
-15.0,50,6105.90154
-14.0,50,6108.502822
-34.0,50,6111.100885
-36.0,50,6113.706731
-13.0,50,6116.296855
-6.0,50,6118.935333
-50.0,50,6121.489088
-16.0,50,6124.13116
-10.0,50,6124.528572
-5.0,50,6124.950141
-8.0,50,6125.377254
-17.0,50,6125.824179
-16.0,50,6126.26246
-7.0,50,6126.670119
-10.0,50,6127.110124
-4.0,50,6127.571975
-12.0,50,6127.986419
-50.0,50,6128.490729
-50.0,50,6131.046189
-8.0,50,6133.655614
-42.0,50,6136.247062
-8.0,50,6138.812877
-49.0,50,6141.426735
-22.0,50,6144.112732
-14.0,50,6146.676168
-16.0,50,6149.323297
-14.0,50,6151.929876
-19.0,50,6154.540794
-16.0,50,6157.121032
-19.0,50,6159.728106
-48.0,50,6162.292834
-41.0,50,6164.910946
-50.0,50,6167.477154
-37.0,50,6170.063992
-20.0,50,6172.653467
-22.0,50,6175.245332
-42.0,50,6177.874058
-50.0,50,6180.412629
-14.0,50,6183.076971
-25.0,50,6185.633156
-14.0,50,6188.211425
-50.0,50,6190.837713
-19.0,50,6193.445723
-26.0,50,6196.017343
-23.0,50,6198.630022
-33.0,50,6201.215802
-48.0,50,6203.801843
-50.0,50,6206.428299
-50.0,50,6209.061687
-50.0,50,6211.625581
-22.0,50,6214.262867
-19.0,50,6216.861387
-50.0,50,6219.473313
-48.0,50,6222.094176
-31.0,50,6224.654315
-16.0,50,6227.286345
-48.0,50,6229.903527
-50.0,50,6232.459742
-45.0,50,6235.040111
-13.0,50,6237.618563
-50.0,50,6240.23736
-20.0,50,6242.799203
-20.0,50,6245.373546
-31.0,50,6248.00385
-29.0,50,6250.557531
-19.0,50,6253.185844
-17.0,50,6255.745685
-12.0,50,6258.340487
-9.0,50,6258.745537
0.0,50,6259.136352
-7.0,50,6259.550671
-9.0,50,6259.934818
-4.0,50,6260.322808
-14.0,50,6260.750101
-12.0,50,6261.17084
-30.0,50,6261.584338
-6.0,50,6262.02379
-35.0,50,6262.553212
-11.0,50,6265.151104
-33.0,50,6267.762521
0.0,50,6270.322696
-50.0,50,6272.873593
-13.0,50,6275.476326
-47.0,50,6278.07492
-25.0,50,6280.699538
-43.0,50,6283.283054
-16.0,50,6285.906739
-14.0,50,6288.521218
-34.0,50,6291.075245
-27.0,50,6293.647102
-11.0,50,6296.261255
-47.0,50,6298.897174
-47.0,50,6301.484273
-8.0,50,6304.124198
-10.0,50,6306.730508
-20.0,50,6309.341745
-16.0,50,6311.948943
-19.0,50,6314.542977
-38.0,50,6317.103969
-50.0,50,6319.739008
-50.0,50,6322.31602
0.0,50,6324.905555
-50.0,50,6327.513362
-38.0,50,6330.102904
-50.0,50,6332.715524
-15.0,50,6335.317286
0.0,50,6337.922631
-14.0,50,6340.499066
-26.0,50,6343.094352
-38.0,50,6345.693268
-23.0,50,6348.282168
-50.0,50,6350.84658
-50.0,50,6353.428118
-50.0,50,6356.056882
-40.0,50,6358.621958
-28.0,50,6361.255119
-50.0,50,6363.843903
-11.0,50,6366.424482
-41.0,50,6369.009087
-46.0,50,6371.637415
-16.0,50,6374.23591
-10.0,50,6376.813086
-21.0,50,6379.39518
-50.0,50,6381.991171
-45.0,50,6384.602775
-36.0,50,6387.191066
-35.0,50,6389.747596
-8.0,50,6392.348238
-10.0,50,6392.781462
-11.0,50,6393.230748
-12.0,50,6393.644366
-10.0,50,6394.067417
-8.0,50,6394.479652
-12.0,50,6394.90852
-10.0,50,6395.312998
0.0,50,6395.738305
-6.0,50,6396.170625
-50.0,50,6396.63773
0.0,50,6399.237485
-17.0,50,6401.831166
-6.0,50,6404.441873
-18.0,50,6407.017809
-50.0,50,6409.61757
-50.0,50,6412.281757
-50.0,50,6414.857895
-20.0,50,6417.420278
-14.0,50,6420.028898
-34.0,50,6422.647361
-28.0,50,6425.252185
-4.0,50,6427.8131
-12.0,50,6430.467051
-50.0,50,6433.044874
-50.0,50,6435.645108
-45.0,50,6438.199906
-9.0,50,6440.83655
-44.0,50,6443.391488
-10.0,50,6446.008339
-14.0,50,6448.611601
-25.0,50,6451.186374
-30.0,50,6453.792517
-5.0,50,6456.396781
-50.0,50,6458.993935
-45.0,50,6461.59859
-19.0,50,6464.229576
-32.0,50,6466.808808
-18.0,50,6469.425358
-40.0,50,6471.998739
-8.0,50,6474.595697
-24.0,50,6477.190993
-14.0,50,6479.767954
-48.0,50,6482.355388
0.0,50,6484.95335
-27.0,50,6487.559561
-25.0,50,6490.167953
-50.0,50,6492.765644
-14.0,50,6495.365532
-9.0,50,6497.990891
-20.0,50,6500.582689
-48.0,50,6503.207733
-45.0,50,6505.761335
-49.0,50,6508.390831
-25.0,50,6510.994498
-37.0,50,6513.574823
-17.0,50,6516.178043
-10.0,50,6518.78809
-17.0,50,6521.40001
-50.0,50,6523.958966
-8.0,50,6526.565563
-11.0,50,6526.962371
-6.0,50,6527.370657
-12.0,50,6527.781007
-5.0,50,6528.201927
-14.0,50,6528.598003
-14.0,50,6529.01224
-10.0,50,6529.439656
-8.0,50,6529.843827
-9.0,50,6530.243592
-48.0,50,6530.751678
-50.0,50,6533.352476
-40.0,50,6535.917641
-50.0,50,6538.527508
-11.0,50,6541.110981
-47.0,50,6543.777304
-13.0,50,6546.376411
-15.0,50,6548.965936
-26.0,50,6551.606516
-36.0,50,6554.142201
-46.0,50,6556.767232
-50.0,50,6559.37799
-44.0,50,6562.003293
-15.0,50,6564.639105
-50.0,50,6567.242898
-21.0,50,6569.826462
-24.0,50,6572.443974
-50.0,50,6575.032385
-50.0,50,6577.650646
-25.0,50,6580.254002
-50.0,50,6582.878777
-50.0,50,6585.446334
-15.0,50,6588.074241
-30.0,50,6590.675716
-11.0,50,6593.295091
-35.0,50,6595.896223
-14.0,50,6598.518025
-50.0,50,6601.14047
-13.0,50,6603.724005
-9.0,50,6606.299103
-4.0,50,6608.921021
0.0,50,6611.493248
-23.0,50,6614.102054
-32.0,50,6616.68049
-40.0,50,6619.244178
-50.0,50,6621.832432
-15.0,50,6624.48626
-38.0,50,6627.106873
-12.0,50,6629.679066
-46.0,50,6632.305834
-28.0,50,6634.891776
-40.0,50,6637.521506
-29.0,50,6640.081609
-30.0,50,6642.696113
-47.0,50,6645.279442
-16.0,50,6647.914512
-16.0,50,6650.492076
-50.0,50,6653.086997
-28.0,50,6655.711035
-14.0,50,6658.302235
-8.0,50,6660.876427
-10.0,50,6661.327773
-50.0,50,6661.749723
-12.0,50,6662.187594
-7.0,50,6662.613199
0.0,50,6663.003027
-9.0,50,6663.443194
-7.0,50,6663.886095
-41.0,50,6664.324269
-9.0,50,6664.769103
