# {"env_id": "FetchPickAndPlace-v1", "t_start": 1572552318.1355379} 
r,l,t
-50.0,50,1.289478
-50.0,50,2.179724
-50.0,50,3.022324
0.0,50,3.833044
-50.0,50,4.649567
-50.0,50,5.390021
-50.0,50,6.101294
-50.0,50,6.847119
-50.0,50,7.552008
-50.0,50,8.250641
-50.0,50,8.969858
-50.0,50,9.74563
-50.0,50,10.485989
-50.0,50,11.22953
-50.0,50,11.941184
-50.0,50,12.691844
-50.0,50,13.424246
-50.0,50,14.153682
-50.0,50,14.974924
-50.0,50,15.719666
-50.0,50,16.443351
-50.0,50,17.153767
-50.0,50,17.857118
-50.0,50,18.485274
-50.0,50,19.119081
-50.0,50,19.745831
-50.0,50,20.363518
-50.0,50,20.984421
-50.0,50,21.591483
-50.0,50,22.208967
-50.0,50,22.821468
-50.0,50,23.433171
-50.0,50,24.03551
-50.0,50,24.64569
-50.0,50,25.251176
0.0,50,25.863008
-50.0,50,26.478066
-50.0,50,27.094666
-50.0,50,27.717499
-50.0,50,28.335219
-50.0,50,28.950607
-50.0,50,29.567927
-50.0,50,30.180473
-50.0,50,30.830677
-50.0,50,31.444515
-50.0,50,32.058059
-50.0,50,32.699904
-50.0,50,33.334095
-50.0,50,33.959704
-50.0,50,34.577992
-50.0,50,35.214952
-50.0,50,35.324225
-50.0,50,35.421718
-50.0,50,35.519759
-50.0,50,35.624365
-50.0,50,35.731537
-50.0,50,35.833212
-50.0,50,35.940969
-50.0,50,36.052141
-50.0,50,36.152545
0.0,50,36.272694
-50.0,50,36.895364
-50.0,50,37.528153
-50.0,50,38.157974
-50.0,50,38.78386
-50.0,50,39.404114
-50.0,50,40.039903
-50.0,50,40.662766
-50.0,50,41.294551
-50.0,50,41.918801
0.0,50,42.540382
-50.0,50,43.158282
-50.0,50,43.787921
-50.0,50,44.413339
-50.0,50,45.042866
-50.0,50,45.671661
-50.0,50,46.303761
-50.0,50,46.926215
-50.0,50,47.553164
-50.0,50,48.17435
-50.0,50,48.808551
-50.0,50,49.439433
-50.0,50,50.071109
-50.0,50,50.692023
-50.0,50,51.335437
-50.0,50,51.962662
-50.0,50,52.58681
-50.0,50,53.209584
-50.0,50,53.831397
-50.0,50,54.461456
-50.0,50,55.085629
-50.0,50,55.709614
-50.0,50,56.343406
-50.0,50,56.965766
-50.0,50,57.597778
-50.0,50,58.230321
-50.0,50,58.869036
-50.0,50,59.490277
-50.0,50,60.112481
-50.0,50,60.730877
-50.0,50,61.360754
-50.0,50,61.997678
-50.0,50,62.644658
-50.0,50,63.282737
-50.0,50,63.923914
-50.0,50,64.571469
-50.0,50,65.225192
-50.0,50,65.860179
-50.0,50,66.503013
-50.0,50,67.149492
-50.0,50,67.796127
-50.0,50,67.899963
-50.0,50,67.99854
-50.0,50,68.11867
-50.0,50,68.211274
-50.0,50,68.332606
-50.0,50,68.428136
-50.0,50,68.53057
-50.0,50,68.630945
-50.0,50,68.733835
-50.0,50,68.839282
-23.0,50,69.489764
-50.0,50,70.127871
-50.0,50,70.782419
-50.0,50,71.425451
-50.0,50,72.066451
-50.0,50,72.71723
-50.0,50,73.359978
-50.0,50,74.013027
-50.0,50,74.671076
-50.0,50,75.325215
-50.0,50,75.966249
-50.0,50,76.625377
-50.0,50,77.27505
-50.0,50,77.9205
-50.0,50,78.562609
-50.0,50,79.203834
-50.0,50,79.85485
-50.0,50,80.496188
-50.0,50,81.155448
-50.0,50,81.795158
-50.0,50,82.407558
-50.0,50,83.023654
-50.0,50,83.646605
-50.0,50,84.260458
-50.0,50,84.87823
-50.0,50,85.504379
-50.0,50,86.150669
-50.0,50,86.79328
-50.0,50,87.454839
-50.0,50,88.096298
-50.0,50,88.739429
0.0,50,89.379417
-50.0,50,90.028929
-14.0,50,90.683577
-50.0,50,91.340216
-50.0,50,91.987209
-50.0,50,92.631144
-50.0,50,93.275986
-50.0,50,93.919813
-50.0,50,94.568496
-50.0,50,95.213328
-50.0,50,95.862451
-50.0,50,96.508712
-50.0,50,97.153787
-50.0,50,97.79481
-50.0,50,98.441642
-50.0,50,99.092433
0.0,50,99.737109
-50.0,50,100.385735
-50.0,50,101.048284
-50.0,50,101.14885
-50.0,50,101.258687
-50.0,50,101.360555
-50.0,50,101.474724
-50.0,50,101.571552
-50.0,50,101.680235
-50.0,50,101.806352
-50.0,50,101.900795
-50.0,50,102.011277
-50.0,50,102.123758
-50.0,50,102.774633
-50.0,50,103.427771
-50.0,50,104.072086
-50.0,50,104.715787
-50.0,50,105.364842
-50.0,50,106.017108
-50.0,50,106.664832
-50.0,50,107.324294
-50.0,50,107.971027
-50.0,50,108.625441
-50.0,50,109.274005
-50.0,50,109.921825
-50.0,50,110.573704
-50.0,50,111.220734
-50.0,50,111.870874
-50.0,50,112.527634
-50.0,50,113.176508
-50.0,50,113.825457
-50.0,50,114.470069
-50.0,50,115.115713
-50.0,50,115.761338
-50.0,50,116.406392
-50.0,50,117.062395
-50.0,50,117.708871
-50.0,50,118.37246
-50.0,50,119.030684
-50.0,50,119.678873
0.0,50,120.325877
-50.0,50,120.982515
-50.0,50,121.636191
-50.0,50,122.284232
-50.0,50,122.933377
-50.0,50,123.578532
-50.0,50,124.226047
-50.0,50,124.874267
-50.0,50,125.529192
-50.0,50,126.176794
-50.0,50,126.836222
-50.0,50,127.497101
-50.0,50,128.143302
-50.0,50,128.800406
-50.0,50,129.456914
-50.0,50,130.118503
-50.0,50,130.781477
-50.0,50,131.429087
0.0,50,132.075066
-50.0,50,132.748671
-50.0,50,133.420673
-50.0,50,134.070034
-50.0,50,134.719561
-50.0,50,134.826044
-50.0,50,134.930006
-50.0,50,135.034562
-50.0,50,135.134758
-50.0,50,135.233267
-50.0,50,135.331632
-50.0,50,135.439965
-50.0,50,135.551048
-50.0,50,135.648435
-35.0,50,135.745964
-50.0,50,136.377871
-50.0,50,137.011581
-50.0,50,137.651806
-50.0,50,138.28367
-50.0,50,138.915075
-50.0,50,139.549852
-50.0,50,140.180413
-50.0,50,140.828923
-50.0,50,141.46624
-50.0,50,142.10685
-50.0,50,142.763156
-50.0,50,143.399424
-50.0,50,144.030838
-50.0,50,144.664454
0.0,50,145.298235
-50.0,50,145.940164
-50.0,50,146.574287
-50.0,50,147.216649
-50.0,50,147.865174
-50.0,50,148.500004
-50.0,50,149.134576
-50.0,50,149.772207
-50.0,50,150.42238
-50.0,50,151.067611
-50.0,50,151.704603
-50.0,50,152.344918
-50.0,50,152.969506
-50.0,50,153.590961
-50.0,50,154.229941
-50.0,50,154.854202
-50.0,50,155.480798
-50.0,50,156.102406
-50.0,50,156.734758
-50.0,50,157.36284
-44.0,50,157.989
-50.0,50,158.644976
-50.0,50,159.246935
-50.0,50,159.893049
-50.0,50,160.52653
-50.0,50,161.157141
-50.0,50,161.786348
-50.0,50,162.427341
-50.0,50,163.059134
-50.0,50,163.685967
-50.0,50,164.317326
-50.0,50,164.967167
-50.0,50,165.615243
-50.0,50,166.240959
-50.0,50,166.863358
-50.0,50,167.497724
-50.0,50,167.595518
-50.0,50,167.692233
-50.0,50,167.818566
-50.0,50,167.940959
-50.0,50,168.051514
-50.0,50,168.162148
-50.0,50,168.261358
-50.0,50,168.362853
-50.0,50,168.470009
-50.0,50,168.571715
-50.0,50,169.205496
-50.0,50,169.847892
-50.0,50,170.484322
-50.0,50,171.10986
-50.0,50,171.741934
-50.0,50,172.364835
-50.0,50,172.995201
-50.0,50,173.622904
-50.0,50,174.259659
-50.0,50,174.887556
-50.0,50,175.516875
-50.0,50,176.150132
-50.0,50,176.786849
-50.0,50,177.424528
-50.0,50,178.073423
-50.0,50,178.709934
0.0,50,179.336038
-50.0,50,179.97167
-50.0,50,180.6103
0.0,50,181.239259
-50.0,50,181.876163
-50.0,50,182.526743
-50.0,50,183.168905
-50.0,50,183.803872
-50.0,50,184.45611
-50.0,50,185.083269
-50.0,50,185.712941
-50.0,50,186.345699
-50.0,50,186.982399
-50.0,50,187.6177
-50.0,50,188.25391
-50.0,50,188.888034
-50.0,50,189.523597
-50.0,50,190.157328
-50.0,50,190.811991
-50.0,50,191.445844
-50.0,50,192.078118
-50.0,50,192.709851
-50.0,50,193.34241
-50.0,50,193.983506
-50.0,50,194.615677
-50.0,50,195.247595
-50.0,50,195.892926
-50.0,50,196.534756
-50.0,50,197.166814
-50.0,50,197.795094
-50.0,50,198.426713
-50.0,50,199.074315
-50.0,50,199.723545
0.0,50,200.352715
-50.0,50,200.460227
0.0,50,200.552204
-50.0,50,200.661587
-50.0,50,200.759497
-50.0,50,200.858506
-50.0,50,200.956187
-50.0,50,201.083731
-50.0,50,201.190356
-50.0,50,201.319786
-50.0,50,201.418004
-50.0,50,202.072565
-50.0,50,202.718465
-50.0,50,203.368709
-50.0,50,204.012332
-50.0,50,204.65727
-50.0,50,205.305614
-50.0,50,205.96203
-50.0,50,206.606512
-50.0,50,207.251486
-50.0,50,207.894434
-50.0,50,208.538485
-50.0,50,209.190425
-50.0,50,209.838374
-50.0,50,210.483362
-50.0,50,211.133749
-50.0,50,211.783717
-50.0,50,212.43261
-50.0,50,213.082828
0.0,50,213.729758
-50.0,50,214.380882
-50.0,50,215.022606
-50.0,50,215.665612
-50.0,50,216.319336
-50.0,50,216.969317
-50.0,50,217.619025
-50.0,50,218.281259
-50.0,50,218.935441
-50.0,50,219.58567
-50.0,50,220.228634
-50.0,50,220.869828
-50.0,50,221.515857
-50.0,50,222.166861
-50.0,50,222.812576
-50.0,50,223.454898
-50.0,50,224.085324
-50.0,50,224.731351
-50.0,50,225.379386
-32.0,50,226.016824
-50.0,50,226.649006
-50.0,50,227.286871
-50.0,50,227.916076
-50.0,50,228.5508
-50.0,50,229.199804
-50.0,50,229.845161
-50.0,50,230.488065
-50.0,50,231.119329
-50.0,50,231.76502
-50.0,50,232.394133
-50.0,50,233.020554
-50.0,50,233.666138
-50.0,50,233.762562
-50.0,50,233.872476
-50.0,50,233.982151
-50.0,50,234.079681
-50.0,50,234.184855
-50.0,50,234.302912
-50.0,50,234.395909
-50.0,50,234.488238
-50.0,50,234.588482
-50.0,50,234.6842
-50.0,50,235.318739
-50.0,50,235.956434
-50.0,50,236.596456
-50.0,50,237.237434
-50.0,50,237.869169
-50.0,50,238.520605
-50.0,50,239.180189
-50.0,50,239.849289
-50.0,50,240.519864
-50.0,50,241.174462
-50.0,50,241.844066
-50.0,50,242.502959
-50.0,50,243.156371
-50.0,50,243.818309
-50.0,50,244.474883
-50.0,50,245.133604
-50.0,50,245.797353
-50.0,50,246.450534
-50.0,50,247.119881
-50.0,50,247.778691
-50.0,50,248.444183
-50.0,50,249.101023
-50.0,50,249.766598
-50.0,50,250.41848
-50.0,50,251.074362
-50.0,50,251.74751
-50.0,50,252.407454
-50.0,50,253.07029
-50.0,50,253.726943
-50.0,50,254.400313
-50.0,50,255.074428
-50.0,50,255.729413
-50.0,50,256.389027
-50.0,50,257.046006
-50.0,50,257.716199
-50.0,50,258.37579
-50.0,50,259.036295
-50.0,50,259.69065
-50.0,50,260.345765
-50.0,50,261.001811
-50.0,50,261.668661
0.0,50,262.329248
-50.0,50,262.989196
-50.0,50,263.646573
0.0,50,264.302155
-50.0,50,264.958861
-50.0,50,265.613086
-50.0,50,266.281959
-50.0,50,266.952287
-50.0,50,267.636244
-50.0,50,267.738614
-50.0,50,267.847856
-50.0,50,267.958065
-50.0,50,268.054852
-50.0,50,268.167125
-50.0,50,268.26001
-50.0,50,268.372227
-50.0,50,268.48633
-50.0,50,268.582446
-50.0,50,268.709403
-50.0,50,269.382574
-50.0,50,270.047321
-50.0,50,270.725013
-50.0,50,271.383345
-50.0,50,272.041479
-50.0,50,272.705061
-50.0,50,273.357608
-50.0,50,274.015829
-50.0,50,274.675031
-50.0,50,275.33335
-19.0,50,275.997962
-50.0,50,276.657641
-50.0,50,277.31937
-50.0,50,277.978963
-50.0,50,278.650323
-50.0,50,279.312873
-50.0,50,279.975425
-50.0,50,280.633025
-50.0,50,281.290632
-50.0,50,281.942388
-50.0,50,282.607379
-50.0,50,283.262335
0.0,50,283.918785
-50.0,50,284.568351
-50.0,50,285.214556
-50.0,50,285.857939
-50.0,50,286.498704
-50.0,50,287.147183
-50.0,50,287.789594
-50.0,50,288.434832
-50.0,50,289.069848
-50.0,50,289.708086
-50.0,50,290.350332
-50.0,50,290.985701
-50.0,50,291.638832
-50.0,50,292.287217
-50.0,50,292.946925
-50.0,50,293.605684
-50.0,50,294.243917
-50.0,50,294.887474
-50.0,50,295.523032
-50.0,50,296.163774
-50.0,50,296.808016
-50.0,50,297.462514
-50.0,50,298.098138
-50.0,50,298.742388
-50.0,50,299.382117
-50.0,50,300.030889
-50.0,50,300.666351
-50.0,50,301.313625
-50.0,50,301.424447
-50.0,50,301.55348
-50.0,50,301.653678
-50.0,50,301.745558
-50.0,50,301.83853
-50.0,50,301.934907
-50.0,50,302.056237
-50.0,50,302.150864
-50.0,50,302.246939
-50.0,50,302.341934
-50.0,50,302.992309
-50.0,50,303.657549
-50.0,50,304.321603
-50.0,50,304.988031
-50.0,50,305.637867
-50.0,50,306.300474
-50.0,50,306.969256
-50.0,50,307.636747
-50.0,50,308.29512
-50.0,50,308.971828
-50.0,50,309.622306
-50.0,50,310.281644
-50.0,50,310.944886
-50.0,50,311.598183
-50.0,50,312.2734
-50.0,50,312.927376
-50.0,50,313.587273
-50.0,50,314.250699
-50.0,50,314.902724
-50.0,50,315.554007
-50.0,50,316.209991
-50.0,50,316.862587
-50.0,50,317.516382
-50.0,50,318.17155
-50.0,50,318.833103
-50.0,50,319.500773
-50.0,50,320.194591
-50.0,50,320.887281
-50.0,50,321.576351
-50.0,50,322.251393
-50.0,50,322.963943
-50.0,50,323.645611
-50.0,50,324.32586
-50.0,50,325.001477
-50.0,50,325.682299
0.0,50,326.361403
-50.0,50,327.042618
-50.0,50,327.7243
-50.0,50,328.408919
-50.0,50,329.129832
-50.0,50,329.813149
-50.0,50,330.487745
-50.0,50,331.164757
-50.0,50,331.838962
-50.0,50,332.521472
-50.0,50,333.189219
-50.0,50,333.861122
-50.0,50,334.529408
-50.0,50,335.186778
-50.0,50,335.859458
-50.0,50,335.965666
-50.0,50,336.059531
-50.0,50,336.168185
-50.0,50,336.279585
-50.0,50,336.382967
-50.0,50,336.496627
-50.0,50,336.602289
-50.0,50,336.708732
-50.0,50,336.819669
-50.0,50,336.931109
-50.0,50,337.586046
-50.0,50,338.238526
-50.0,50,338.907439
-50.0,50,339.564259
-50.0,50,340.221089
-50.0,50,340.876391
-50.0,50,341.542326
-50.0,50,342.210586
-50.0,50,342.869981
-50.0,50,343.526099
-50.0,50,344.176839
-50.0,50,344.833904
-50.0,50,345.500443
-50.0,50,346.164584
-50.0,50,346.82406
-50.0,50,347.496263
-50.0,50,348.155147
-50.0,50,348.812318
-50.0,50,349.492164
-50.0,50,350.157651
-50.0,50,350.825097
-50.0,50,351.491626
-50.0,50,352.147228
-50.0,50,352.802846
-50.0,50,353.465713
-50.0,50,354.119202
-50.0,50,354.77985
-50.0,50,355.442959
-50.0,50,356.108421
-50.0,50,356.76851
-50.0,50,357.434438
-50.0,50,358.090303
-50.0,50,358.752027
-50.0,50,359.422878
-50.0,50,360.076015
-50.0,50,360.741397
-50.0,50,361.397208
-50.0,50,362.063604
-50.0,50,362.730133
-50.0,50,363.3906
-50.0,50,364.052314
-50.0,50,364.71139
-50.0,50,365.370106
-50.0,50,366.045791
-50.0,50,366.720415
-50.0,50,367.386977
-50.0,50,368.050143
-50.0,50,368.716683
0.0,50,369.37432
-50.0,50,370.033312
-50.0,50,370.133613
-50.0,50,370.243459
-50.0,50,370.336215
-50.0,50,370.444748
-50.0,50,370.55127
-50.0,50,370.659838
-50.0,50,370.771281
-50.0,50,370.863551
-50.0,50,370.972182
-50.0,50,371.068288
-50.0,50,371.759503
-50.0,50,372.429287
-50.0,50,373.104007
-50.0,50,373.770724
-50.0,50,374.43703
-50.0,50,375.102031
-50.0,50,375.782114
-50.0,50,376.441129
-50.0,50,377.101287
-33.0,50,377.766723
-50.0,50,378.430286
-50.0,50,379.09043
-50.0,50,379.754319
-50.0,50,380.407855
-50.0,50,381.070979
-50.0,50,381.73551
-50.0,50,382.400828
-50.0,50,383.089371
-50.0,50,383.749466
-50.0,50,384.405383
-50.0,50,385.063248
-50.0,50,385.726791
-50.0,50,386.41205
-50.0,50,387.076451
-50.0,50,387.736176
-50.0,50,388.398926
-50.0,50,389.061701
-50.0,50,389.723506
-50.0,50,390.386796
-50.0,50,391.050501
-50.0,50,391.706489
-50.0,50,392.37227
-50.0,50,393.042209
-50.0,50,393.703417
-50.0,50,394.359452
-50.0,50,395.015515
-50.0,50,395.689968
-50.0,50,396.348634
-50.0,50,397.014739
-50.0,50,397.679051
-50.0,50,398.343466
-50.0,50,399.014427
-50.0,50,399.680868
-50.0,50,400.338045
-50.0,50,400.995488
-50.0,50,401.657569
-50.0,50,402.312556
-50.0,50,402.981016
-50.0,50,403.649298
-50.0,50,404.33077
-50.0,50,404.445513
-50.0,50,404.552113
-50.0,50,404.671454
-50.0,50,404.783173
-50.0,50,404.883944
-50.0,50,404.987477
-50.0,50,405.084774
-50.0,50,405.194252
-50.0,50,405.312045
-50.0,50,405.418849
-50.0,50,406.095866
-50.0,50,406.744021
-50.0,50,407.386608
-50.0,50,408.012918
-50.0,50,408.657103
-50.0,50,409.299106
-50.0,50,409.947344
-50.0,50,410.569102
-50.0,50,411.198667
-50.0,50,411.828644
-50.0,50,412.45193
-50.0,50,413.084984
-50.0,50,413.71942
-50.0,50,414.35826
-50.0,50,414.987429
-50.0,50,415.614792
-50.0,50,416.279919
-50.0,50,416.924598
-50.0,50,417.56718
-50.0,50,418.211327
-50.0,50,418.88297
-50.0,50,419.534551
0.0,50,420.173562
-50.0,50,420.825404
-50.0,50,421.480509
-50.0,50,422.141009
-50.0,50,422.831348
-50.0,50,423.513627
-50.0,50,424.206775
-50.0,50,424.888927
-50.0,50,425.541729
-50.0,50,426.202953
-50.0,50,426.877012
-50.0,50,427.532958
-50.0,50,428.184731
-50.0,50,428.828892
-50.0,50,429.470988
-50.0,50,430.118296
0.0,50,430.762835
-50.0,50,431.412362
-50.0,50,432.060111
-50.0,50,432.704031
-50.0,50,433.348886
-50.0,50,433.99404
-50.0,50,434.649358
-50.0,50,435.304415
-50.0,50,435.95536
-50.0,50,436.598752
0.0,50,437.254694
-50.0,50,437.898952
-50.0,50,437.996026
-34.0,50,438.097722
-50.0,50,438.206587
-50.0,50,438.312851
-50.0,50,438.405168
-50.0,50,438.51342
-50.0,50,438.625543
-50.0,50,438.74186
-50.0,50,438.841967
-50.0,50,438.937311
-50.0,50,439.576267
-50.0,50,440.217567
-50.0,50,440.859744
-50.0,50,441.501258
-48.0,50,442.144718
-50.0,50,442.779392
-50.0,50,443.413724
-50.0,50,444.063269
-50.0,50,444.707657
-50.0,50,445.355283
-50.0,50,445.991688
-50.0,50,446.639295
-50.0,50,447.329759
-50.0,50,448.000782
-50.0,50,448.651757
-50.0,50,449.309629
-50.0,50,449.982551
-50.0,50,450.6443
-50.0,50,451.300672
-50.0,50,451.97938
-50.0,50,452.640548
-50.0,50,453.30296
-50.0,50,454.01994
-50.0,50,454.68745
-50.0,50,455.356798
-50.0,50,456.034908
-50.0,50,456.697502
-50.0,50,457.373917
-50.0,50,458.047878
-50.0,50,458.698284
-50.0,50,459.351429
-50.0,50,460.012603
-50.0,50,460.676769
-50.0,50,461.405776
-21.0,50,462.118231
-50.0,50,462.812524
-50.0,50,463.501766
-50.0,50,464.202025
-50.0,50,464.913239
-50.0,50,465.600672
-50.0,50,466.277805
-50.0,50,466.959101
-50.0,50,467.658708
-50.0,50,468.334319
-50.0,50,468.996019
-50.0,50,469.648514
-50.0,50,470.297674
-50.0,50,470.960699
-50.0,50,471.635684
-50.0,50,472.309631
-50.0,50,472.41155
-50.0,50,472.525797
-50.0,50,472.630109
-50.0,50,472.745395
-50.0,50,472.869802
-50.0,50,472.975517
-50.0,50,473.092214
-50.0,50,473.188837
-50.0,50,473.303523
-50.0,50,473.410778
-50.0,50,474.073272
-50.0,50,474.743387
-50.0,50,475.425628
-50.0,50,476.125594
0.0,50,476.810784
-50.0,50,477.549568
-50.0,50,478.277737
-50.0,50,479.049335
-50.0,50,479.74311
-50.0,50,480.462503
-50.0,50,481.148061
-50.0,50,481.83466
-50.0,50,482.532851
-50.0,50,483.256298
-50.0,50,483.954011
-50.0,50,484.673326
-50.0,50,485.444161
-50.0,50,486.198585
-50.0,50,486.933196
-50.0,50,487.628236
-50.0,50,488.355104
-50.0,50,489.118162
-50.0,50,489.891015
-50.0,50,490.606442
-50.0,50,491.316658
-50.0,50,492.011361
-50.0,50,492.800874
-50.0,50,493.625314
-50.0,50,494.438389
-50.0,50,495.165468
-50.0,50,495.867141
-50.0,50,496.584034
-50.0,50,497.282846
-50.0,50,497.945988
-28.0,50,498.619568
-50.0,50,499.382504
-29.0,50,500.16534
-50.0,50,500.944623
-50.0,50,501.766081
-50.0,50,502.547393
-50.0,50,503.342445
-50.0,50,504.136083
-50.0,50,504.910779
-50.0,50,505.701468
-50.0,50,506.500325
-50.0,50,507.275953
-50.0,50,508.078646
-50.0,50,508.871338
-50.0,50,509.652636
-50.0,50,510.466476
0.0,50,510.583881
-50.0,50,510.730687
-48.0,50,510.853567
-50.0,50,510.974378
-50.0,50,511.110119
-50.0,50,511.224235
0.0,50,511.35767
-50.0,50,511.485035
-50.0,50,511.606709
-50.0,50,511.725937
-50.0,50,512.512477
-50.0,50,513.293304
-50.0,50,514.073586
-50.0,50,514.864571
-50.0,50,515.646591
0.0,50,516.434747
-50.0,50,517.204613
-50.0,50,517.994652
-50.0,50,518.76907
-50.0,50,519.562416
-50.0,50,520.359542
-50.0,50,521.155845
-50.0,50,521.938029
-50.0,50,522.726481
-50.0,50,523.520903
0.0,50,524.305934
-50.0,50,525.092834
-50.0,50,525.878808
-50.0,50,526.676819
-50.0,50,527.460992
-50.0,50,528.248404
-50.0,50,529.032303
-50.0,50,529.8124
-50.0,50,530.584144
-50.0,50,531.366347
-50.0,50,532.146358
-50.0,50,532.929706
-50.0,50,533.715618
-50.0,50,534.49624
0.0,50,535.308549
-50.0,50,536.097762
-50.0,50,536.897458
-50.0,50,537.663481
-50.0,50,538.371474
-50.0,50,539.116427
-50.0,50,539.793501
-50.0,50,540.5054
-50.0,50,541.217733
-50.0,50,541.910716
-50.0,50,542.695736
-50.0,50,543.49683
-50.0,50,544.22334
-50.0,50,545.055245
-50.0,50,545.846074
-50.0,50,546.624032
-50.0,50,547.410161
-50.0,50,548.18442
0.0,50,548.953046
-50.0,50,549.740386
-50.0,50,550.534464
-50.0,50,550.66542
-50.0,50,550.819878
-50.0,50,550.9386
-50.0,50,551.079501
-50.0,50,551.199425
-50.0,50,551.317015
-50.0,50,551.462581
-50.0,50,551.610896
-50.0,50,551.730648
-50.0,50,551.882363
-50.0,50,552.659441
-50.0,50,553.451396
-50.0,50,554.256286
-50.0,50,555.060532
-50.0,50,555.836804
-50.0,50,556.632392
-50.0,50,557.405736
-50.0,50,558.199277
-50.0,50,559.006191
-50.0,50,559.79862
-50.0,50,560.594245
-50.0,50,561.371138
-50.0,50,562.176006
-50.0,50,562.971453
-50.0,50,563.781558
-50.0,50,564.564878
-50.0,50,565.347421
-50.0,50,566.13032
-50.0,50,566.940441
-50.0,50,567.751494
0.0,50,568.51538
-50.0,50,569.275849
-50.0,50,570.043207
-50.0,50,570.828249
-50.0,50,571.592821
-50.0,50,572.34344
-50.0,50,573.130371
-50.0,50,573.895403
-50.0,50,574.661727
-50.0,50,575.84243
-50.0,50,576.650294
-50.0,50,577.366863
-50.0,50,578.057047
-50.0,50,578.781871
-50.0,50,579.461658
-50.0,50,580.177772
-50.0,50,580.845206
-50.0,50,581.572799
-50.0,50,582.334484
-50.0,50,583.130798
-50.0,50,583.939624
-50.0,50,584.666365
-50.0,50,585.336226
-50.0,50,586.01673
-50.0,50,586.730631
-39.0,50,587.441425
-50.0,50,588.207928
-50.0,50,588.990785
-50.0,50,589.774257
-50.0,50,590.562928
-50.0,50,590.710472
-50.0,50,590.847633
-50.0,50,590.989291
-50.0,50,591.114637
-50.0,50,591.254561
-50.0,50,591.373547
-50.0,50,591.517058
-50.0,50,591.663199
-50.0,50,591.788867
-50.0,50,591.911476
-50.0,50,592.696041
-50.0,50,593.487731
-50.0,50,594.271613
-50.0,50,595.071176
-50.0,50,595.844373
-50.0,50,596.634089
-50.0,50,597.401096
-50.0,50,598.1124
-50.0,50,598.896468
-50.0,50,599.655835
-50.0,50,600.436292
-50.0,50,601.164743
-50.0,50,601.928715
-50.0,50,602.632814
-50.0,50,603.411542
-50.0,50,604.106712
-50.0,50,604.823668
-50.0,50,605.501724
-50.0,50,606.228464
-50.0,50,606.980141
-50.0,50,607.711977
-50.0,50,608.466945
-50.0,50,609.196252
-50.0,50,609.917342
-50.0,50,610.653465
-50.0,50,611.35829
0.0,50,612.09881
-50.0,50,612.906183
-50.0,50,613.622864
-50.0,50,614.387312
-50.0,50,615.139691
-50.0,50,615.923046
-50.0,50,616.721469
-50.0,50,617.438565
-50.0,50,618.274827
-50.0,50,619.080563
-50.0,50,619.759886
-50.0,50,620.491083
-50.0,50,621.272422
-50.0,50,622.051299
-50.0,50,622.843219
-50.0,50,623.55484
-50.0,50,624.367537
0.0,50,625.120631
-50.0,50,625.851126
-50.0,50,626.573038
-50.0,50,627.350481
-50.0,50,628.117851
-50.0,50,628.895821
-50.0,50,629.615577
-50.0,50,629.736356
-50.0,50,629.831605
-50.0,50,629.935587
0.0,50,630.029363
-50.0,50,630.125413
-50.0,50,630.229922
-50.0,50,630.321213
-50.0,50,630.427117
-50.0,50,630.520725
-50.0,50,630.635109
-50.0,50,631.442335
-50.0,50,632.140047
0.0,50,632.909654
-50.0,50,633.693307
-50.0,50,634.424165
-50.0,50,635.121135
-50.0,50,635.893278
-50.0,50,636.673585
-50.0,50,637.393158
-50.0,50,638.079546
-50.0,50,638.831479
-50.0,50,639.634838
-50.0,50,640.372898
-50.0,50,641.062566
-50.0,50,641.825585
-50.0,50,642.61192
0.0,50,643.366254
-50.0,50,644.023303
-50.0,50,644.768567
-50.0,50,645.553382
-50.0,50,646.309181
-50.0,50,647.010316
-50.0,50,647.755176
-31.0,50,648.542406
-50.0,50,649.304267
-13.0,50,650.12739
-50.0,50,650.916422
-50.0,50,651.736054
-50.0,50,652.532705
-50.0,50,653.310338
-50.0,50,654.107621
-50.0,50,654.862733
-50.0,50,655.543287
-50.0,50,656.270187
-50.0,50,657.053378
-50.0,50,657.848036
-45.0,50,658.646443
-50.0,50,659.44546
-50.0,50,660.250365
-50.0,50,661.048833
-50.0,50,661.838665
-50.0,50,662.619889
-50.0,50,663.422452
-50.0,50,664.213462
-50.0,50,665.00256
-50.0,50,665.786353
-50.0,50,666.577771
-50.0,50,667.358992
-50.0,50,668.155946
-50.0,50,668.938022
-50.0,50,669.063957
-50.0,50,669.209422
-50.0,50,669.337369
-50.0,50,669.470382
-50.0,50,669.591159
-50.0,50,669.726826
-50.0,50,669.85952
-50.0,50,670.006593
-50.0,50,670.125724
-50.0,50,670.25442
-50.0,50,671.05771
-50.0,50,671.834751
-50.0,50,672.633586
-50.0,50,673.423868
-50.0,50,674.207605
0.0,50,675.018596
-50.0,50,675.803874
-50.0,50,676.599475
-50.0,50,677.386287
-50.0,50,678.178171
-50.0,50,678.973539
-50.0,50,679.752552
-50.0,50,680.534672
-50.0,50,681.314737
-26.0,50,682.108112
-50.0,50,682.890846
-50.0,50,683.679322
0.0,50,684.466861
-50.0,50,685.25137
-50.0,50,686.028709
-50.0,50,686.819685
-50.0,50,687.612235
-50.0,50,688.422519
-50.0,50,689.215612
-50.0,50,689.999152
-50.0,50,690.782385
-50.0,50,691.600416
-50.0,50,692.380205
0.0,50,693.164742
-50.0,50,693.955613
-50.0,50,694.741034
-39.0,50,695.519696
-50.0,50,696.308829
-50.0,50,697.088417
-50.0,50,697.872561
-50.0,50,698.649131
-50.0,50,699.442112
-50.0,50,700.224868
-50.0,50,701.003568
-50.0,50,701.818778
-50.0,50,702.618181
-50.0,50,703.399972
-50.0,50,704.190574
-50.0,50,704.998524
-50.0,50,705.786639
-50.0,50,706.57018
-50.0,50,707.350135
-50.0,50,708.167604
-50.0,50,708.957007
-50.0,50,709.743824
-50.0,50,709.867778
-50.0,50,709.99341
-50.0,50,710.113394
-50.0,50,710.251454
-50.0,50,710.37042
-50.0,50,710.518223
-50.0,50,710.648054
-50.0,50,710.777561
-50.0,50,710.900327
