# {"t_start": 1585602592.6517653, "env_id": "FetchToss-v13"} 
r,l,t
-50.0,50,7.882999
-50.0,50,11.135925
-50.0,50,14.206419
-50.0,50,17.269171
-50.0,50,20.280797
-50.0,50,23.24511
-50.0,50,26.274811
-50.0,50,29.244193
-50.0,50,32.555012
-50.0,50,35.690111
-50.0,50,39.214579
-50.0,50,42.123097
-50.0,50,44.99103
-50.0,50,47.94252
-50.0,50,51.036731
-50.0,50,54.015882
-50.0,50,57.304977
-50.0,50,60.599506
-50.0,50,63.991076
-50.0,50,67.265948
-50.0,50,71.218841
-50.0,50,74.654637
-50.0,50,77.849209
-50.0,50,81.771896
-50.0,50,84.974669
-50.0,50,88.431191
-50.0,50,91.937095
-50.0,50,95.628472
-50.0,50,99.172025
-50.0,50,103.115909
-50.0,50,106.572797
-50.0,50,109.904664
-50.0,50,113.448302
-50.0,50,116.475372
-50.0,50,119.49004
-50.0,50,122.458073
-50.0,50,125.524215
-50.0,50,128.382438
-50.0,50,131.381696
-50.0,50,134.366266
-50.0,50,137.38951
-50.0,50,140.229803
-50.0,50,143.118826
-50.0,50,146.017712
-50.0,50,148.960296
-50.0,50,151.932019
-50.0,50,155.0649
-50.0,50,158.710108
-50.0,50,162.260869
-50.0,50,165.941828
-50.0,50,169.498002
-50.0,50,170.051023
-50.0,50,170.609894
-50.0,50,171.158946
-50.0,50,171.701124
-50.0,50,172.304791
-50.0,50,172.922011
-50.0,50,173.554291
-50.0,50,174.276702
-50.0,50,174.906821
-50.0,50,175.681234
-50.0,50,180.085244
-50.0,50,183.747436
-50.0,50,187.341467
-50.0,50,190.964038
-50.0,50,194.486972
-50.0,50,197.96772
-50.0,50,201.457623
-50.0,50,204.897113
-50.0,50,208.333657
-50.0,50,211.696242
-50.0,50,215.173597
-50.0,50,218.644137
-50.0,50,222.006865
-50.0,50,225.457273
-50.0,50,228.866534
-50.0,50,232.401546
-50.0,50,235.826742
-50.0,50,239.218603
-50.0,50,242.726388
-50.0,50,246.297332
0.0,50,250.358099
-50.0,50,254.780643
-50.0,50,259.255294
-50.0,50,263.287248
-50.0,50,266.843815
-50.0,50,270.581345
-50.0,50,274.412173
-50.0,50,278.360511
-50.0,50,282.33724
-50.0,50,285.740201
0.0,50,289.156384
-50.0,50,292.488179
-50.0,50,296.087791
-50.0,50,299.501691
-50.0,50,303.502097
-50.0,50,306.87021
-50.0,50,310.170724
-50.0,50,313.445534
-50.0,50,316.728524
-50.0,50,320.042542
-50.0,50,323.379793
-50.0,50,326.66852
-50.0,50,330.060644
-50.0,50,333.472257
-50.0,50,336.774323
-50.0,50,340.064354
-50.0,50,343.4697
-50.0,50,346.810945
-50.0,50,350.173387
-50.0,50,353.490847
-50.0,50,353.921224
-50.0,50,354.391085
-50.0,50,354.894593
-50.0,50,355.417263
-50.0,50,355.883539
-50.0,50,356.347265
-50.0,50,356.834154
-50.0,50,357.267184
-50.0,50,357.734367
-50.0,50,358.316437
-50.0,50,361.67671
-50.0,50,364.991679
-50.0,50,368.317134
-50.0,50,371.650506
-50.0,50,375.000931
-50.0,50,378.410647
-50.0,50,381.784807
-50.0,50,385.076949
-50.0,50,388.755582
-50.0,50,392.737125
-50.0,50,397.169271
-50.0,50,400.582554
-50.0,50,403.673531
-50.0,50,407.657114
-50.0,50,411.725288
-50.0,50,415.186363
-50.0,50,418.297604
-50.0,50,421.557995
-50.0,50,424.94225
0.0,50,428.153813
-50.0,50,432.51632
-50.0,50,437.034553
-50.0,50,441.121473
-50.0,50,444.946471
-50.0,50,448.592032
-50.0,50,451.996885
-50.0,50,455.661744
-50.0,50,459.145582
-50.0,50,462.57087
-50.0,50,466.042315
-50.0,50,469.172741
-50.0,50,473.571463
-50.0,50,477.334427
-50.0,50,481.589512
-50.0,50,485.463276
-50.0,50,489.016056
-50.0,50,492.356219
-50.0,50,496.722802
-50.0,50,500.199581
-50.0,50,503.505055
-50.0,50,506.616086
-50.0,50,509.748814
-50.0,50,514.096245
-50.0,50,518.620752
-50.0,50,523.257656
-50.0,50,527.722451
-50.0,50,532.399837
-50.0,50,536.704286
-50.0,50,540.52107
-50.0,50,544.074097
-50.0,50,544.608041
-50.0,50,545.169669
-50.0,50,545.757944
-50.0,50,546.3395
-50.0,50,546.880179
-50.0,50,547.460839
-50.0,50,547.992357
-50.0,50,548.534341
-50.0,50,549.044953
-50.0,50,549.612104
-8.0,50,554.296086
-50.0,50,558.06825
-50.0,50,561.810894
-50.0,50,565.35067
-50.0,50,568.769046
-50.0,50,572.275476
-50.0,50,575.642276
-50.0,50,579.197961
-50.0,50,582.61612
-50.0,50,586.020401
-50.0,50,589.476877
-50.0,50,592.979328
-50.0,50,596.42385
-50.0,50,599.916863
-50.0,50,603.762895
-50.0,50,607.851619
-50.0,50,611.429955
-50.0,50,614.943499
-50.0,50,618.42434
-50.0,50,621.959474
-50.0,50,625.457543
-47.0,50,629.276507
-50.0,50,633.309693
-50.0,50,637.48303
0.0,50,641.120293
-50.0,50,644.630948
-50.0,50,648.20382
-50.0,50,652.348101
-50.0,50,655.96495
0.0,50,659.081301
-50.0,50,662.492591
-50.0,50,665.500109
-50.0,50,668.557945
-50.0,50,671.461641
-50.0,50,674.850811
-50.0,50,678.173116
-50.0,50,681.121624
-50.0,50,684.032561
-50.0,50,686.970717
-50.0,50,689.944742
-50.0,50,692.838937
-50.0,50,696.055964
-50.0,50,699.00611
-50.0,50,702.753679
-50.0,50,706.730877
-50.0,50,711.258579
-50.0,50,714.890359
-50.0,50,718.347544
-50.0,50,722.318687
-50.0,50,726.340024
-50.0,50,726.978734
-50.0,50,727.492213
-50.0,50,727.973119
-50.0,50,728.564042
-50.0,50,729.120182
-50.0,50,729.622152
-50.0,50,730.240234
-50.0,50,730.73328
-50.0,50,731.308584
-50.0,50,732.041954
-50.0,50,735.94707
-50.0,50,739.965266
-50.0,50,743.444325
-50.0,50,747.472396
-50.0,50,751.280563
-50.0,50,755.532758
-50.0,50,759.482113
-50.0,50,763.305406
-50.0,50,766.889766
-50.0,50,770.351548
-50.0,50,773.950817
-50.0,50,777.492029
-50.0,50,780.988913
-50.0,50,784.50554
-50.0,50,788.060497
-50.0,50,791.573969
-50.0,50,795.07495
-50.0,50,798.485946
-50.0,50,801.991773
-50.0,50,805.519469
-50.0,50,809.066293
-50.0,50,812.567019
-50.0,50,816.033575
-50.0,50,819.519685
-50.0,50,822.959528
-50.0,50,826.416993
-50.0,50,829.961821
-50.0,50,833.540479
-50.0,50,837.06624
-50.0,50,840.530595
-50.0,50,843.955822
-50.0,50,847.423177
-50.0,50,850.918646
-50.0,50,854.433223
-50.0,50,857.939811
-50.0,50,861.522779
-50.0,50,865.122293
-50.0,50,868.655316
-50.0,50,872.150962
-50.0,50,875.639425
0.0,50,879.129004
-50.0,50,882.612969
-50.0,50,886.187329
-10.0,50,889.80097
-50.0,50,893.297004
-50.0,50,896.794573
-50.0,50,900.085176
-50.0,50,903.274699
-50.0,50,906.467032
-50.0,50,909.894851
-50.0,50,910.393109
-50.0,50,910.902788
-50.0,50,911.434566
-50.0,50,911.967605
0.0,50,912.436378
-50.0,50,912.965152
-50.0,50,913.442568
-50.0,50,913.931106
-50.0,50,914.4678
0.0,50,915.270613
-50.0,50,918.743268
-50.0,50,922.202388
-50.0,50,925.714597
-50.0,50,929.226845
0.0,50,932.637387
-50.0,50,936.169881
-50.0,50,939.661007
-50.0,50,943.161416
-50.0,50,946.763698
-50.0,50,950.201119
-50.0,50,953.678833
-50.0,50,957.149183
-50.0,50,960.618082
-50.0,50,964.033937
-50.0,50,967.505243
-50.0,50,970.968489
-50.0,50,974.499522
-50.0,50,977.98695
-50.0,50,981.497915
-50.0,50,984.966761
-50.0,50,988.426706
-50.0,50,991.933604
-50.0,50,995.464955
-50.0,50,998.934355
-50.0,50,1002.519797
-50.0,50,1005.730516
-15.0,50,1008.724057
-50.0,50,1011.697487
-50.0,50,1014.663958
-50.0,50,1017.655433
-50.0,50,1020.696666
-50.0,50,1023.745185
-50.0,50,1026.651029
-50.0,50,1029.606388
-50.0,50,1032.576524
-50.0,50,1036.101266
-50.0,50,1040.221388
-50.0,50,1044.437624
-50.0,50,1047.572903
-50.0,50,1050.932944
-50.0,50,1054.933771
-50.0,50,1059.911328
-33.0,50,1064.374645
-50.0,50,1068.50145
-50.0,50,1072.065404
-50.0,50,1076.14262
-50.0,50,1080.030723
-11.0,50,1084.030917
-50.0,50,1087.938615
-50.0,50,1092.032448
-50.0,50,1092.554947
-50.0,50,1093.126751
-50.0,50,1093.623591
-50.0,50,1094.242972
-50.0,50,1094.79755
-49.0,50,1095.360572
-50.0,50,1095.931952
-6.0,50,1096.547894
-7.0,50,1097.104552
-50.0,50,1097.780453
-50.0,50,1102.010933
-50.0,50,1105.943094
-50.0,50,1109.691412
-50.0,50,1114.047724
-50.0,50,1118.344398
-50.0,50,1122.856211
-50.0,50,1127.757862
-50.0,50,1131.857698
-49.0,50,1136.170042
0.0,50,1140.727308
-50.0,50,1144.752226
-50.0,50,1149.081239
-50.0,50,1153.249233
-50.0,50,1157.420257
-50.0,50,1161.219369
-50.0,50,1165.362627
-8.0,50,1169.444982
-50.0,50,1173.148098
-50.0,50,1177.315033
-50.0,50,1181.479726
-50.0,50,1185.358751
-50.0,50,1189.503118
-50.0,50,1193.328484
-50.0,50,1197.458659
0.0,50,1201.568417
-50.0,50,1205.823993
-50.0,50,1209.751461
-32.0,50,1213.944414
-50.0,50,1218.108984
-50.0,50,1222.072715
-50.0,50,1225.807774
-50.0,50,1229.539696
-48.0,50,1233.608145
-50.0,50,1238.207118
-50.0,50,1242.080372
-50.0,50,1245.715903
-50.0,50,1249.195637
-50.0,50,1252.749956
-50.0,50,1256.215699
-50.0,50,1259.713075
-50.0,50,1263.22434
-50.0,50,1266.718731
-48.0,50,1270.183441
-50.0,50,1273.665445
-50.0,50,1277.277522
-50.0,50,1280.796509
-20.0,50,1284.297613
-50.0,50,1287.856717
-50.0,50,1291.318041
-50.0,50,1294.810001
-47.0,50,1295.308258
-21.0,50,1295.82341
-50.0,50,1296.32543
-50.0,50,1296.801548
-50.0,50,1297.26709
-50.0,50,1297.745581
-50.0,50,1298.298843
-50.0,50,1298.836624
-50.0,50,1299.354079
-47.0,50,1299.960492
-50.0,50,1303.510329
-50.0,50,1306.939263
-50.0,50,1310.438598
-50.0,50,1313.844374
-50.0,50,1317.327631
-50.0,50,1320.78436
-17.0,50,1324.271175
-49.0,50,1327.919907
-50.0,50,1331.358596
-50.0,50,1334.855099
-50.0,50,1338.386164
-50.0,50,1341.898815
-50.0,50,1345.403264
-50.0,50,1348.830403
-50.0,50,1352.4243
-49.0,50,1355.911215
0.0,50,1359.352936
-50.0,50,1362.862483
-50.0,50,1366.374127
-50.0,50,1369.826584
-25.0,50,1373.311605
-50.0,50,1376.827951
-50.0,50,1380.366995
-50.0,50,1383.387289
-50.0,50,1386.2953
-50.0,50,1389.269927
-50.0,50,1392.217635
-50.0,50,1395.971032
-50.0,50,1399.482086
-50.0,50,1402.96274
-50.0,50,1406.400317
-10.0,50,1409.885018
-50.0,50,1413.359843
-50.0,50,1416.767452
-50.0,50,1420.451561
-50.0,50,1424.078442
-50.0,50,1427.632828
-50.0,50,1431.209276
-50.0,50,1434.659591
0.0,50,1438.119619
-50.0,50,1441.58997
-50.0,50,1445.059971
-50.0,50,1448.600637
-50.0,50,1452.086757
0.0,50,1455.620361
-50.0,50,1459.155205
-18.0,50,1462.652038
-50.0,50,1466.123338
-50.0,50,1469.632659
-9.0,50,1473.197541
-50.0,50,1473.668334
-50.0,50,1474.130447
-50.0,50,1474.614177
-50.0,50,1475.121361
-50.0,50,1475.620134
-20.0,50,1476.146
0.0,50,1476.630548
-50.0,50,1477.125135
-50.0,50,1477.603429
-50.0,50,1478.350341
-50.0,50,1481.856296
-50.0,50,1485.350036
-50.0,50,1488.869419
-50.0,50,1492.335176
-46.0,50,1495.790514
0.0,50,1499.310715
-28.0,50,1502.826012
-50.0,50,1506.334904
-50.0,50,1509.810197
-50.0,50,1513.276125
-48.0,50,1516.762568
-50.0,50,1520.198936
-50.0,50,1523.74077
-48.0,50,1527.222248
-48.0,50,1530.755502
-50.0,50,1534.19679
-50.0,50,1538.21898
-50.0,50,1542.67745
-49.0,50,1546.752582
-50.0,50,1550.96484
-50.0,50,1555.350705
-44.0,50,1559.890144
-50.0,50,1563.360169
-50.0,50,1566.82908
-40.0,50,1570.244158
-50.0,50,1573.609858
-50.0,50,1576.857604
-50.0,50,1580.343285
-27.0,50,1583.745792
-50.0,50,1586.813587
-50.0,50,1589.807529
-50.0,50,1592.779889
-23.0,50,1595.807064
-50.0,50,1598.761896
0.0,50,1601.81091
-50.0,50,1605.813571
-50.0,50,1609.426765
-50.0,50,1613.281955
-50.0,50,1616.865532
0.0,50,1620.388277
-50.0,50,1623.823956
-32.0,50,1627.320935
-50.0,50,1630.839844
-47.0,50,1634.294443
-50.0,50,1637.787116
-50.0,50,1641.285471
-47.0,50,1644.742926
-50.0,50,1648.21629
-50.0,50,1651.656619
-50.0,50,1655.193336
-50.0,50,1655.715053
-6.0,50,1656.235195
-29.0,50,1656.77774
-14.0,50,1657.307017
-13.0,50,1657.798618
-50.0,50,1658.284477
-50.0,50,1658.725733
-50.0,50,1659.253445
-50.0,50,1659.693771
-7.0,50,1660.175798
-13.0,50,1663.228324
-50.0,50,1666.556134
-50.0,50,1670.077594
-37.0,50,1673.595618
-50.0,50,1677.047043
-50.0,50,1680.589819
-50.0,50,1684.019898
-50.0,50,1687.599336
-46.0,50,1691.20669
-43.0,50,1694.688896
-50.0,50,1698.170754
-9.0,50,1701.749306
-50.0,50,1705.311685
-50.0,50,1708.834984
-50.0,50,1712.296694
-50.0,50,1715.68856
-11.0,50,1718.737356
-50.0,50,1721.764561
-49.0,50,1724.654745
-50.0,50,1727.602059
-50.0,50,1730.618197
-48.0,50,1733.607694
-50.0,50,1736.570136
-40.0,50,1739.600571
-50.0,50,1742.572523
-36.0,50,1745.517631
-20.0,50,1748.485612
-50.0,50,1751.463232
-50.0,50,1754.461903
-50.0,50,1757.428434
-50.0,50,1760.449033
-50.0,50,1763.406678
-50.0,50,1766.337482
-50.0,50,1769.348423
-50.0,50,1772.291499
-50.0,50,1775.279754
-50.0,50,1778.255945
-50.0,50,1781.225244
-50.0,50,1784.233084
-50.0,50,1787.149413
-50.0,50,1790.082348
-16.0,50,1793.018055
-50.0,50,1796.076494
-50.0,50,1799.032409
-16.0,50,1801.948022
-50.0,50,1804.95065
-50.0,50,1807.850486
-50.0,50,1810.837901
-50.0,50,1813.763108
-50.0,50,1816.729001
-50.0,50,1817.183544
-16.0,50,1817.666524
-50.0,50,1818.106071
-50.0,50,1818.551826
-9.0,50,1819.023063
-50.0,50,1819.43762
-50.0,50,1819.870717
-18.0,50,1820.355503
-50.0,50,1820.845884
-50.0,50,1821.366517
-50.0,50,1824.322973
-50.0,50,1827.984399
-12.0,50,1831.451834
-24.0,50,1834.965557
-50.0,50,1838.432062
-50.0,50,1841.902297
-15.0,50,1845.508818
-50.0,50,1849.037217
-50.0,50,1852.542564
-39.0,50,1856.061191
-50.0,50,1859.489285
-50.0,50,1862.979554
-50.0,50,1866.450431
-46.0,50,1870.02709
-8.0,50,1873.503498
-46.0,50,1877.034517
-50.0,50,1880.52788
-50.0,50,1884.001602
-50.0,50,1887.538268
-50.0,50,1891.092383
-50.0,50,1894.639397
-50.0,50,1898.174587
-50.0,50,1901.722808
-7.0,50,1905.235378
-50.0,50,1908.661825
-50.0,50,1912.177046
-50.0,50,1915.70317
-50.0,50,1919.211493
-50.0,50,1922.762638
-50.0,50,1926.28225
-50.0,50,1929.784375
0.0,50,1933.914405
-27.0,50,1937.202788
-50.0,50,1940.475525
-49.0,50,1943.676185
-50.0,50,1946.759828
-24.0,50,1949.831629
-50.0,50,1952.982989
-50.0,50,1956.194617
-50.0,50,1959.219581
-50.0,50,1962.396914
-50.0,50,1965.455553
-50.0,50,1968.606843
-50.0,50,1971.627152
-50.0,50,1974.649297
-50.0,50,1977.720994
-50.0,50,1980.856938
-50.0,50,1984.016572
-50.0,50,1988.280842
-14.0,50,1991.455563
-50.0,50,1991.940108
-10.0,50,1992.410513
-14.0,50,1992.880432
-4.0,50,1993.370082
-50.0,50,1993.8198
-30.0,50,1994.292805
0.0,50,1994.823011
-50.0,50,1995.308814
-50.0,50,1995.791932
-50.0,50,1996.313312
-44.0,50,1999.354952
-23.0,50,2002.351614
-50.0,50,2005.342155
-50.0,50,2008.466604
-50.0,50,2011.442572
-49.0,50,2014.632504
-50.0,50,2017.624201
-50.0,50,2021.124848
-50.0,50,2024.785324
-50.0,50,2028.222737
-46.0,50,2031.797959
-36.0,50,2035.628205
-14.0,50,2039.139904
-28.0,50,2042.260644
-50.0,50,2045.377196
-50.0,50,2048.439813
-10.0,50,2051.373102
-50.0,50,2054.333567
-4.0,50,2057.554228
-30.0,50,2060.479632
-50.0,50,2063.521233
-50.0,50,2066.718038
-50.0,50,2069.846681
-49.0,50,2073.075179
-50.0,50,2076.023872
-47.0,50,2079.013088
-50.0,50,2082.058592
-50.0,50,2085.979783
-50.0,50,2090.454493
-50.0,50,2094.781215
-34.0,50,2099.07154
-50.0,50,2103.412664
-50.0,50,2107.619632
-7.0,50,2111.915056
-21.0,50,2116.192314
-50.0,50,2120.568856
-50.0,50,2124.832939
-50.0,50,2129.235749
-16.0,50,2133.567646
-49.0,50,2137.972619
-50.0,50,2142.273162
-28.0,50,2146.801206
-50.0,50,2151.221429
-50.0,50,2155.616211
-12.0,50,2159.948421
-50.0,50,2164.296332
-50.0,50,2168.663695
-27.0,50,2173.002925
-43.0,50,2177.264655
-50.0,50,2181.582874
-50.0,50,2182.131926
-50.0,50,2182.765507
-50.0,50,2183.327046
-50.0,50,2183.859804
-50.0,50,2184.513009
-50.0,50,2185.151054
-50.0,50,2185.729094
-50.0,50,2186.285618
-50.0,50,2186.876915
-9.0,50,2187.665293
-48.0,50,2191.983478
0.0,50,2196.334156
-48.0,50,2200.575978
-50.0,50,2204.962636
-31.0,50,2209.537971
-13.0,50,2213.910967
-50.0,50,2218.087799
-50.0,50,2221.792221
-50.0,50,2226.099506
-50.0,50,2230.624061
-6.0,50,2234.227637
-50.0,50,2237.646263
-50.0,50,2241.151978
-49.0,50,2244.648479
-13.0,50,2248.146091
-50.0,50,2251.619508
-50.0,50,2255.196607
-50.0,50,2258.738848
-50.0,50,2262.222694
-50.0,50,2265.658266
-50.0,50,2269.211994
-5.0,50,2272.712901
-50.0,50,2276.148664
-39.0,50,2279.893183
-50.0,50,2283.747672
-50.0,50,2287.347447
-50.0,50,2290.851649
-50.0,50,2294.310846
-50.0,50,2297.777614
-48.0,50,2301.248317
-50.0,50,2304.823709
-50.0,50,2308.331794
-50.0,50,2311.831784
-50.0,50,2315.324364
-50.0,50,2318.823629
-13.0,50,2322.299484
-50.0,50,2325.809492
-50.0,50,2329.000176
-50.0,50,2331.949389
-50.0,50,2334.992025
-50.0,50,2337.887038
-50.0,50,2340.86231
-50.0,50,2343.805798
-9.0,50,2347.337022
-27.0,50,2350.871648
-50.0,50,2354.303071
-4.0,50,2357.722728
-50.0,50,2361.213902
-38.0,50,2364.66685
-7.0,50,2368.176569
-7.0,50,2368.696329
-50.0,50,2369.289151
0.0,50,2369.805624
-11.0,50,2370.304394
-8.0,50,2370.810607
-11.0,50,2371.325059
-50.0,50,2371.847028
-50.0,50,2372.372421
-50.0,50,2372.885896
-50.0,50,2373.522716
-16.0,50,2377.259886
-20.0,50,2380.904671
-8.0,50,2384.525959
-50.0,50,2388.366522
-50.0,50,2392.613364
-11.0,50,2396.682561
-50.0,50,2400.924731
-50.0,50,2405.124381
-35.0,50,2408.565314
-50.0,50,2412.587204
-16.0,50,2416.057686
-11.0,50,2421.178843
-50.0,50,2425.734412
-50.0,50,2430.03941
-50.0,50,2434.420791
-50.0,50,2438.492843
-11.0,50,2442.687191
-50.0,50,2447.100699
-50.0,50,2451.317586
-50.0,50,2455.57772
-50.0,50,2459.906999
-48.0,50,2464.186796
-50.0,50,2468.443429
-50.0,50,2472.843776
-10.0,50,2477.111798
-50.0,50,2481.404384
-50.0,50,2485.850899
-50.0,50,2490.263032
-50.0,50,2494.606001
-50.0,50,2498.885779
-50.0,50,2503.208404
-42.0,50,2507.619215
-50.0,50,2511.926203
-50.0,50,2516.267004
-50.0,50,2520.589243
-50.0,50,2524.995437
-50.0,50,2529.30875
-10.0,50,2533.572731
-50.0,50,2537.896868
-50.0,50,2542.420395
-50.0,50,2546.722451
-50.0,50,2551.00235
-50.0,50,2555.249237
-50.0,50,2559.541131
-50.0,50,2563.779081
-22.0,50,2568.01446
0.0,50,2572.202092
-46.0,50,2576.46787
-10.0,50,2580.799564
-5.0,50,2585.009223
-50.0,50,2585.56234
-50.0,50,2586.121572
-8.0,50,2586.752846
-8.0,50,2587.368018
-9.0,50,2587.998217
-8.0,50,2588.574667
-50.0,50,2589.139347
-50.0,50,2589.725767
-12.0,50,2590.292219
-22.0,50,2591.071879
-48.0,50,2595.271719
0.0,50,2599.351648
-16.0,50,2603.604546
-50.0,50,2607.78134
-36.0,50,2612.102623
-50.0,50,2616.249455
-50.0,50,2620.466633
-26.0,50,2624.710177
-12.0,50,2629.022237
-50.0,50,2633.45374
-50.0,50,2638.268788
-14.0,50,2643.218353
-50.0,50,2647.212053
-22.0,50,2651.424752
-50.0,50,2655.313791
-50.0,50,2659.225793
-20.0,50,2663.240444
-34.0,50,2667.197644
-38.0,50,2671.16471
-48.0,50,2675.018891
-50.0,50,2678.938663
-50.0,50,2682.97492
-49.0,50,2686.87565
-50.0,50,2690.577738
-34.0,50,2694.564302
-50.0,50,2698.593166
-20.0,50,2702.449136
-50.0,50,2706.329444
-50.0,50,2710.225567
-50.0,50,2714.09863
-50.0,50,2718.04557
-50.0,50,2722.138767
-37.0,50,2726.034579
-46.0,50,2729.872337
-50.0,50,2733.773725
-45.0,50,2737.698729
-50.0,50,2741.459262
-50.0,50,2745.401467
-43.0,50,2749.75999
0.0,50,2753.992285
-11.0,50,2757.890493
-16.0,50,2761.18605
-50.0,50,2764.404713
-29.0,50,2767.716699
-22.0,50,2771.217393
0.0,50,2775.053618
-39.0,50,2778.726569
-35.0,50,2782.09691
-50.0,50,2785.26263
-50.0,50,2788.589898
-10.0,50,2789.031413
-43.0,50,2789.560067
-8.0,50,2790.069411
-50.0,50,2790.571113
-50.0,50,2791.032318
-50.0,50,2791.535346
-50.0,50,2792.031088
-50.0,50,2792.501818
-50.0,50,2793.0302
-14.0,50,2793.644849
-50.0,50,2796.872689
-50.0,50,2800.037685
-50.0,50,2803.278473
-32.0,50,2806.482394
-50.0,50,2809.698928
-50.0,50,2812.932186
-17.0,50,2816.10027
-8.0,50,2819.290575
-17.0,50,2822.494555
-50.0,50,2825.76554
-50.0,50,2829.021125
-50.0,50,2833.013659
-50.0,50,2836.713431
-21.0,50,2840.013684
-50.0,50,2843.180561
-50.0,50,2846.302894
-50.0,50,2849.514122
-50.0,50,2852.782678
0.0,50,2856.093652
-50.0,50,2859.260873
-50.0,50,2862.509741
-50.0,50,2865.636336
-26.0,50,2868.86797
-50.0,50,2872.113375
-50.0,50,2875.259974
-43.0,50,2878.510478
-19.0,50,2881.766203
-50.0,50,2884.846685
-50.0,50,2888.103478
-50.0,50,2891.257995
-27.0,50,2894.475832
-50.0,50,2897.595786
-38.0,50,2900.861202
-50.0,50,2904.409519
-50.0,50,2908.369656
-49.0,50,2911.622272
-50.0,50,2914.859124
0.0,50,2917.962712
-50.0,50,2921.076352
-50.0,50,2924.193274
-12.0,50,2927.339108
-10.0,50,2930.500157
-50.0,50,2933.599304
-42.0,50,2936.705026
-50.0,50,2939.799166
-27.0,50,2942.926923
-50.0,50,2946.072136
-50.0,50,2949.215393
-7.0,50,2952.458301
-50.0,50,2955.646898
-50.0,50,2956.146609
-50.0,50,2956.660628
-50.0,50,2957.176545
-3.0,50,2957.643772
-7.0,50,2958.126033
-14.0,50,2958.60825
-50.0,50,2959.110893
-7.0,50,2959.596962
-10.0,50,2960.054824
-50.0,50,2960.540906
-30.0,50,2963.796015
-22.0,50,2966.870158
-50.0,50,2970.072701
-50.0,50,2973.189505
-11.0,50,2976.338631
-50.0,50,2979.534278
-50.0,50,2983.329735
-8.0,50,2987.250735
-5.0,50,2990.881461
-35.0,50,2994.903008
-50.0,50,2998.592364
-50.0,50,3001.500387
-12.0,50,3004.374374
-25.0,50,3007.231111
-16.0,50,3010.105257
-50.0,50,3013.472395
-47.0,50,3017.223805
-28.0,50,3020.797354
-49.0,50,3024.721199
-50.0,50,3027.913885
-44.0,50,3031.429511
-20.0,50,3034.890549
-2.0,50,3038.596203
-50.0,50,3042.006592
-9.0,50,3045.950039
-50.0,50,3049.809212
-33.0,50,3053.14054
-50.0,50,3056.661829
-50.0,50,3060.305352
-50.0,50,3063.871651
-50.0,50,3067.596596
-50.0,50,3071.031253
-50.0,50,3074.249529
-50.0,50,3077.429603
-15.0,50,3080.613125
-50.0,50,3083.828526
-48.0,50,3086.984785
-50.0,50,3090.148579
-50.0,50,3093.332309
-50.0,50,3096.476475
-50.0,50,3099.69574
-10.0,50,3102.931268
-50.0,50,3106.101507
-50.0,50,3109.311505
-47.0,50,3112.471002
-50.0,50,3115.702396
-16.0,50,3118.924236
-11.0,50,3122.084096
-32.0,50,3125.251251
-11.0,50,3128.518575
-50.0,50,3129.012417
-50.0,50,3129.526461
-50.0,50,3130.022408
-32.0,50,3130.542391
-8.0,50,3131.080721
-13.0,50,3131.561452
-10.0,50,3132.045111
-50.0,50,3132.495548
0.0,50,3132.935593
-50.0,50,3133.478699
-50.0,50,3136.73011
-50.0,50,3139.905723
-50.0,50,3143.048103
-41.0,50,3146.279252
-50.0,50,3149.462222
-50.0,50,3152.73365
-50.0,50,3155.889323
-50.0,50,3159.084744
-28.0,50,3162.179415
-50.0,50,3165.407612
-50.0,50,3168.577091
-50.0,50,3171.766041
-50.0,50,3174.918725
-8.0,50,3178.092292
-50.0,50,3181.256995
-48.0,50,3184.473871
-50.0,50,3187.658284
-50.0,50,3190.838817
-20.0,50,3193.985942
-10.0,50,3197.110626
-50.0,50,3200.31991
-50.0,50,3203.576979
-50.0,50,3206.705088
-18.0,50,3209.918032
-41.0,50,3213.050046
-50.0,50,3216.273189
-5.0,50,3219.524338
-19.0,50,3222.706899
-19.0,50,3225.84779
-50.0,50,3229.042221
-50.0,50,3232.241209
-17.0,50,3235.313528
-50.0,50,3238.559215
-50.0,50,3241.844306
-8.0,50,3245.232394
-50.0,50,3248.59292
-50.0,50,3251.869335
-32.0,50,3255.141182
-50.0,50,3258.443154
-50.0,50,3261.68913
-50.0,50,3265.042897
-50.0,50,3268.34185
-49.0,50,3271.795776
-50.0,50,3275.554278
-50.0,50,3278.944833
-47.0,50,3282.318248
-21.0,50,3285.633622
-50.0,50,3289.111505
-50.0,50,3293.411421
-21.0,50,3297.093073
-50.0,50,3297.650256
-19.0,50,3298.258285
-8.0,50,3298.806801
-50.0,50,3299.419563
-50.0,50,3300.06508
-6.0,50,3300.73344
-3.0,50,3301.445142
-7.0,50,3302.051524
-6.0,50,3302.604221
-50.0,50,3303.30891
-25.0,50,3307.355682
-50.0,50,3311.327897
-50.0,50,3315.310022
-23.0,50,3319.214512
-50.0,50,3323.177621
-50.0,50,3327.212499
-50.0,50,3331.08374
-50.0,50,3334.998882
-50.0,50,3338.861765
-50.0,50,3342.908326
-12.0,50,3346.94324
-50.0,50,3350.921582
-17.0,50,3354.933632
-50.0,50,3358.963761
-50.0,50,3362.954726
-29.0,50,3366.935389
-50.0,50,3370.980837
-50.0,50,3374.950197
-50.0,50,3378.94833
-19.0,50,3382.891386
-50.0,50,3386.919261
-50.0,50,3390.855092
-20.0,50,3394.920064
-28.0,50,3398.955562
-50.0,50,3402.579899
-50.0,50,3405.868033
-50.0,50,3409.379155
-50.0,50,3412.632126
-16.0,50,3415.997422
-12.0,50,3419.377772
-33.0,50,3422.781311
-11.0,50,3426.056462
-26.0,50,3429.37431
-4.0,50,3432.613057
-4.0,50,3435.890012
-26.0,50,3439.162127
-25.0,50,3442.398667
-50.0,50,3445.770741
-50.0,50,3449.075315
-50.0,50,3452.318515
-50.0,50,3455.639655
-48.0,50,3458.910552
-50.0,50,3462.262166
-50.0,50,3465.431477
-23.0,50,3468.741915
-11.0,50,3471.991456
-15.0,50,3475.267707
-50.0,50,3478.607064
-25.0,50,3481.77058
-50.0,50,3485.123642
-50.0,50,3485.601765
-50.0,50,3486.137972
-50.0,50,3486.640467
-17.0,50,3487.177721
-6.0,50,3487.697636
-50.0,50,3488.20667
-4.0,50,3488.705714
-50.0,50,3489.196538
-50.0,50,3489.707466
-17.0,50,3490.400539
-8.0,50,3493.627381
-50.0,50,3496.936518
-11.0,50,3500.221168
-8.0,50,3503.464334
-50.0,50,3506.711196
-50.0,50,3510.049542
-16.0,50,3513.252831
-36.0,50,3516.53252
-50.0,50,3519.90979
-19.0,50,3523.096074
-50.0,50,3526.408374
-50.0,50,3529.689206
-50.0,50,3532.948533
-14.0,50,3536.162186
-50.0,50,3539.501025
-12.0,50,3542.788837
-49.0,50,3546.063806
-50.0,50,3549.489448
-13.0,50,3552.771712
-14.0,50,3556.18785
-50.0,50,3560.176444
-31.0,50,3563.901621
-50.0,50,3567.23523
-50.0,50,3570.481024
-50.0,50,3573.760957
-50.0,50,3577.008317
-24.0,50,3580.303453
-50.0,50,3583.561275
-22.0,50,3586.89298
-5.0,50,3590.21063
-50.0,50,3593.513551
-50.0,50,3596.765941
-50.0,50,3600.02984
-50.0,50,3603.259542
-50.0,50,3606.438768
-36.0,50,3609.727521
-50.0,50,3612.983391
-39.0,50,3616.279361
-19.0,50,3619.532609
-50.0,50,3622.795425
-50.0,50,3626.081828
-50.0,50,3629.352654
-31.0,50,3632.687057
-14.0,50,3635.891807
-50.0,50,3639.142314
-25.0,50,3642.365294
-15.0,50,3645.682191
-50.0,50,3649.037612
-50.0,50,3652.253957
-50.0,50,3655.595963
-9.0,50,3656.123944
-50.0,50,3656.667326
-50.0,50,3657.206336
-11.0,50,3657.800467
-23.0,50,3658.362823
-3.0,50,3658.869792
-3.0,50,3659.386484
-50.0,50,3659.952762
-15.0,50,3660.455388
-50.0,50,3661.097787
-50.0,50,3664.426767
-50.0,50,3667.783554
-50.0,50,3671.130198
-40.0,50,3674.498806
-50.0,50,3677.760969
-50.0,50,3681.035784
-50.0,50,3684.500859
-22.0,50,3689.095667
-11.0,50,3692.436104
0.0,50,3695.63991
-50.0,50,3698.893723
-50.0,50,3702.090212
-34.0,50,3705.261582
-45.0,50,3708.488097
-50.0,50,3711.883862
-50.0,50,3715.228926
-11.0,50,3718.54004
-11.0,50,3721.806215
-10.0,50,3725.082424
-50.0,50,3728.276406
-50.0,50,3731.608422
-50.0,50,3734.81426
-20.0,50,3738.094382
-50.0,50,3741.419602
-50.0,50,3744.651873
-50.0,50,3747.855201
-50.0,50,3751.068625
-46.0,50,3754.272986
-50.0,50,3757.517607
-50.0,50,3760.721801
-50.0,50,3764.081266
-48.0,50,3768.44001
-50.0,50,3772.009196
-9.0,50,3775.225063
-4.0,50,3778.392078
-12.0,50,3781.555998
-31.0,50,3784.775294
-9.0,50,3788.082613
-39.0,50,3791.278798
-50.0,50,3794.63027
-13.0,50,3798.072046
-4.0,50,3802.473203
-7.0,50,3805.724645
-49.0,50,3809.004518
-18.0,50,3812.221544
-50.0,50,3815.640607
-8.0,50,3819.993405
-50.0,50,3823.56036
0.0,50,3827.955569
-17.0,50,3831.199084
-9.0,50,3831.687488
-5.0,50,3832.135873
-50.0,50,3832.663161
-14.0,50,3833.145024
0.0,50,3833.637868
-10.0,50,3834.182089
-50.0,50,3834.703983
-7.0,50,3835.139355
-6.0,50,3835.636786
-14.0,50,3836.428167
-50.0,50,3839.678543
-50.0,50,3842.972271
-17.0,50,3846.278083
-50.0,50,3849.576896
-30.0,50,3852.82026
-34.0,50,3856.331232
-34.0,50,3859.87426
-12.0,50,3863.45174
-37.0,50,3866.833442
-13.0,50,3871.048733
-26.0,50,3875.130542
-50.0,50,3879.045057
-50.0,50,3882.96683
-11.0,50,3886.839276
-50.0,50,3890.786687
-4.0,50,3894.816031
-12.0,50,3898.789634
-3.0,50,3902.754816
-50.0,50,3906.788241
-50.0,50,3910.656311
-50.0,50,3914.679696
-19.0,50,3918.68237
-50.0,50,3922.648468
-49.0,50,3926.554195
-50.0,50,3930.587241
-10.0,50,3934.597084
-50.0,50,3938.481367
0.0,50,3942.421957
-38.0,50,3946.363289
-50.0,50,3950.247167
-31.0,50,3954.221397
-50.0,50,3958.113036
-12.0,50,3962.153039
-13.0,50,3966.075533
-50.0,50,3969.934883
-50.0,50,3973.894908
-50.0,50,3977.892533
-50.0,50,3981.783876
-50.0,50,3985.701828
-50.0,50,3989.569067
-50.0,50,3993.568276
-50.0,50,3997.51471
0.0,50,4001.396623
-29.0,50,4005.289562
-50.0,50,4009.208343
-50.0,50,4013.188791
-42.0,50,4017.061203
-12.0,50,4020.968558
-50.0,50,4024.991
-50.0,50,4028.985549
-50.0,50,4029.567969
-50.0,50,4030.125268
-50.0,50,4030.643233
-21.0,50,4031.213983
-26.0,50,4031.774995
-10.0,50,4032.333039
-18.0,50,4032.914096
-50.0,50,4033.434449
-50.0,50,4034.027789
-36.0,50,4034.609909
-50.0,50,4038.58709
0.0,50,4042.461466
-8.0,50,4046.38449
-17.0,50,4050.244162
-50.0,50,4054.151819
-31.0,50,4058.123773
-50.0,50,4062.00122
-31.0,50,4065.94724
-50.0,50,4069.870819
-50.0,50,4073.9398
-50.0,50,4077.814417
-50.0,50,4081.813159
-50.0,50,4085.713772
-28.0,50,4089.634241
-50.0,50,4093.574966
-31.0,50,4097.409646
-23.0,50,4101.28653
-43.0,50,4105.302679
-9.0,50,4109.177898
-8.0,50,4113.188077
-45.0,50,4117.067823
-45.0,50,4121.129797
-50.0,50,4124.962779
-21.0,50,4128.885378
-50.0,50,4132.881525
-45.0,50,4136.850893
-50.0,50,4140.75472
-32.0,50,4144.684847
-9.0,50,4148.571702
-34.0,50,4152.522047
-43.0,50,4156.459801
-50.0,50,4160.363498
-50.0,50,4164.294527
-23.0,50,4168.260548
-26.0,50,4172.260259
-36.0,50,4176.108147
-50.0,50,4179.936888
-16.0,50,4183.85492
-7.0,50,4187.881217
0.0,50,4191.684446
-50.0,50,4195.582148
0.0,50,4199.457404
-50.0,50,4203.472328
-50.0,50,4207.29617
-50.0,50,4211.187449
-29.0,50,4215.140286
-39.0,50,4219.080474
-50.0,50,4222.980886
-8.0,50,4226.836395
-5.0,50,4230.762279
-9.0,50,4231.319084
-7.0,50,4231.912368
-50.0,50,4232.522081
-50.0,50,4233.110032
-32.0,50,4233.649822
-50.0,50,4234.204903
-11.0,50,4234.710856
-3.0,50,4235.318311
-3.0,50,4235.849574
-38.0,50,4236.562728
-50.0,50,4240.461347
-25.0,50,4244.32766
-50.0,50,4248.363064
-8.0,50,4252.302258
-50.0,50,4256.211704
-50.0,50,4260.145832
-50.0,50,4264.377927
-50.0,50,4268.483932
-50.0,50,4272.459903
-50.0,50,4276.638056
-50.0,50,4280.992761
-50.0,50,4285.129971
-9.0,50,4289.425805
-39.0,50,4293.780139
-50.0,50,4298.079992
-15.0,50,4302.379625
-7.0,50,4306.595015
-50.0,50,4310.733572
-15.0,50,4315.068534
-10.0,50,4319.259678
-50.0,50,4323.442528
-39.0,50,4327.625749
-50.0,50,4331.887897
-24.0,50,4336.106872
-16.0,50,4340.228005
-15.0,50,4344.213876
-48.0,50,4348.138747
-50.0,50,4352.137109
-26.0,50,4356.167969
-41.0,50,4360.020968
-41.0,50,4363.891987
-50.0,50,4367.872419
-50.0,50,4371.887001
-46.0,50,4375.747802
-25.0,50,4379.665115
-13.0,50,4383.553351
-50.0,50,4387.547564
-50.0,50,4391.428089
-27.0,50,4395.369762
-50.0,50,4399.3273
-50.0,50,4403.290519
-19.0,50,4407.246732
-50.0,50,4411.172972
-24.0,50,4415.024431
-31.0,50,4419.057433
-11.0,50,4422.979659
-50.0,50,4427.077998
-50.0,50,4430.925489
-47.0,50,4435.078611
-48.0,50,4439.355307
-5.0,50,4439.889583
-13.0,50,4440.423893
-6.0,50,4441.043432
-45.0,50,4441.589859
-5.0,50,4442.173068
-50.0,50,4442.721007
-50.0,50,4443.283905
-8.0,50,4443.84005
0.0,50,4444.3919
-50.0,50,4445.024946
-50.0,50,4449.035356
-50.0,50,4452.937785
-15.0,50,4456.973187
-50.0,50,4460.911424
-22.0,50,4464.850992
-39.0,50,4468.853077
-50.0,50,4472.71957
-50.0,50,4476.720728
-50.0,50,4480.666375
-50.0,50,4484.613188
-50.0,50,4488.529783
-14.0,50,4492.367746
-50.0,50,4496.321776
-17.0,50,4500.208467
-36.0,50,4504.161165
-12.0,50,4508.259358
-24.0,50,4512.091851
-26.0,50,4516.02726
-50.0,50,4520.043253
-50.0,50,4524.243782
-50.0,50,4528.149249
-50.0,50,4532.017457
-50.0,50,4535.887942
-50.0,50,4539.848876
-50.0,50,4543.756092
-50.0,50,4547.741403
-16.0,50,4551.606094
-12.0,50,4555.539399
-40.0,50,4559.564486
-50.0,50,4563.424716
-16.0,50,4567.49635
-50.0,50,4571.395523
-29.0,50,4575.346269
-18.0,50,4579.228759
-23.0,50,4583.130923
-19.0,50,4587.111921
-27.0,50,4590.984384
-48.0,50,4594.889199
-19.0,50,4598.804938
-40.0,50,4602.7171
-16.0,50,4606.670247
-14.0,50,4610.54856
-19.0,50,4614.475183
-50.0,50,4618.407737
-31.0,50,4622.385862
-50.0,50,4626.271099
-50.0,50,4630.17724
-50.0,50,4634.132019
-15.0,50,4638.252122
-50.0,50,4642.171076
-8.0,50,4642.759757
-4.0,50,4643.308666
-46.0,50,4643.86047
-8.0,50,4644.35938
-16.0,50,4644.90399
-14.0,50,4645.499073
-50.0,50,4646.04302
-6.0,50,4646.568943
-8.0,50,4647.105275
-12.0,50,4647.691985
-15.0,50,4651.612527
-17.0,50,4655.544785
-50.0,50,4659.58631
-35.0,50,4663.480855
-27.0,50,4667.369162
-50.0,50,4671.322891
-40.0,50,4675.146134
-50.0,50,4679.167399
-50.0,50,4683.06275
-31.0,50,4686.984163
-17.0,50,4690.885726
-21.0,50,4694.906821
-27.0,50,4698.749186
-37.0,50,4702.672381
-50.0,50,4706.601993
-48.0,50,4710.547093
-50.0,50,4714.458102
-28.0,50,4718.464953
-50.0,50,4722.740571
-50.0,50,4727.18788
-50.0,50,4731.132712
-40.0,50,4735.126702
-50.0,50,4739.160595
-16.0,50,4743.175079
-28.0,50,4747.14715
-10.0,50,4751.041776
-4.0,50,4755.025815
-50.0,50,4758.913943
-50.0,50,4762.815058
-50.0,50,4766.775252
-50.0,50,4770.685568
-50.0,50,4774.716142
-50.0,50,4778.669611
-50.0,50,4782.624063
-50.0,50,4786.64577
-20.0,50,4790.801104
-27.0,50,4794.983874
-3.0,50,4798.991064
-50.0,50,4803.079146
-13.0,50,4807.080362
-7.0,50,4811.107943
-50.0,50,4815.039342
-50.0,50,4818.920675
-9.0,50,4823.004469
-48.0,50,4827.009184
-27.0,50,4830.857583
-19.0,50,4834.905151
-50.0,50,4838.903768
0.0,50,4842.790782
-10.0,50,4846.709614
-50.0,50,4847.293344
-46.0,50,4847.889952
-9.0,50,4848.446795
-47.0,50,4849.009362
-50.0,50,4849.570968
-50.0,50,4850.164878
-7.0,50,4850.706691
-50.0,50,4851.199367
-7.0,50,4851.744602
-20.0,50,4852.376551
-50.0,50,4856.30103
-16.0,50,4860.316877
-22.0,50,4864.331101
-50.0,50,4868.343347
-10.0,50,4872.435837
-50.0,50,4876.855013
0.0,50,4880.823652
-50.0,50,4884.575176
-50.0,50,4888.537603
-50.0,50,4892.459965
-50.0,50,4896.431569
-50.0,50,4900.349759
-11.0,50,4904.309838
-50.0,50,4908.207031
0.0,50,4912.063696
-13.0,50,4916.005783
-50.0,50,4919.952031
-50.0,50,4924.02942
-50.0,50,4927.958702
-50.0,50,4931.824199
-50.0,50,4935.893468
-13.0,50,4939.860058
-50.0,50,4943.799634
-44.0,50,4947.763731
-50.0,50,4951.65064
-48.0,50,4955.537014
-15.0,50,4959.547636
-6.0,50,4963.497822
-43.0,50,4967.444424
-5.0,50,4971.363506
-15.0,50,4975.277349
-13.0,50,4979.238316
-50.0,50,4983.132329
-40.0,50,4987.081258
-35.0,50,4990.989737
-41.0,50,4994.903836
-50.0,50,4998.804981
-41.0,50,5002.66184
-14.0,50,5006.479005
-50.0,50,5010.310771
-14.0,50,5014.123036
-48.0,50,5017.994989
-50.0,50,5021.822802
-5.0,50,5025.631492
-50.0,50,5029.857242
-19.0,50,5034.306168
-23.0,50,5038.230384
-30.0,50,5042.260636
-50.0,50,5046.169526
-7.0,50,5050.185748
-50.0,50,5050.737652
-7.0,50,5051.298987
-6.0,50,5051.776185
-50.0,50,5052.363778
-6.0,50,5052.90072
-50.0,50,5053.49505
-50.0,50,5054.091373
-50.0,50,5054.656801
-7.0,50,5055.226668
-27.0,50,5055.94888
-6.0,50,5059.945754
-50.0,50,5064.00458
-50.0,50,5068.072773
-50.0,50,5072.090523
-7.0,50,5076.181976
-31.0,50,5080.280983
-12.0,50,5084.234512
-42.0,50,5088.365558
-50.0,50,5092.295099
-50.0,50,5096.289973
-13.0,50,5100.233568
-13.0,50,5104.275692
-10.0,50,5108.170363
-19.0,50,5112.094541
-50.0,50,5116.160488
-50.0,50,5120.265745
-40.0,50,5124.138714
-17.0,50,5128.070967
0.0,50,5132.012271
-25.0,50,5135.911422
-44.0,50,5139.879111
-50.0,50,5143.898579
-5.0,50,5147.74878
0.0,50,5151.546713
-20.0,50,5155.560071
-50.0,50,5159.488232
-13.0,50,5163.611249
-19.0,50,5167.513078
-23.0,50,5171.406007
-50.0,50,5175.399382
-50.0,50,5179.365019
-50.0,50,5183.342771
-50.0,50,5187.36682
-46.0,50,5191.415301
-50.0,50,5195.289031
-27.0,50,5199.319156
-20.0,50,5203.177362
-14.0,50,5207.085666
-40.0,50,5211.060994
-17.0,50,5215.075727
-50.0,50,5219.030662
-43.0,50,5223.002453
-50.0,50,5226.99069
-50.0,50,5230.983536
-50.0,50,5234.892294
-20.0,50,5238.930329
-50.0,50,5242.82156
-20.0,50,5246.641334
-49.0,50,5250.558715
-50.0,50,5254.55695
-32.0,50,5255.096221
-7.0,50,5255.663463
-9.0,50,5256.237617
-50.0,50,5256.798196
-11.0,50,5257.349205
-3.0,50,5257.922783
-37.0,50,5258.52326
-14.0,50,5259.089463
-10.0,50,5259.602703
-50.0,50,5260.187342
-5.0,50,5264.081126
-50.0,50,5268.041732
-24.0,50,5271.988044
-8.0,50,5276.022218
-50.0,50,5280.152908
-44.0,50,5284.124322
-50.0,50,5288.073063
-9.0,50,5292.097669
-50.0,50,5296.076491
-50.0,50,5300.018147
-50.0,50,5304.067768
-19.0,50,5308.059811
-50.0,50,5312.028744
-12.0,50,5315.98379
-50.0,50,5319.883233
-50.0,50,5323.785935
-50.0,50,5327.871464
-4.0,50,5331.837246
-50.0,50,5335.71672
-50.0,50,5339.691618
-8.0,50,5343.535057
-26.0,50,5347.50791
-50.0,50,5351.4064
-37.0,50,5355.318318
-34.0,50,5359.283245
-23.0,50,5363.380483
-43.0,50,5367.345721
-30.0,50,5371.218027
-7.0,50,5375.230404
-50.0,50,5379.213189
-50.0,50,5383.202466
-50.0,50,5387.04334
-48.0,50,5390.91117
-50.0,50,5394.801882
-15.0,50,5398.713657
-50.0,50,5402.694873
-17.0,50,5406.482269
-50.0,50,5410.374272
-50.0,50,5414.218024
-23.0,50,5418.124839
-12.0,50,5422.050659
-50.0,50,5426.006927
-21.0,50,5430.096948
-16.0,50,5434.238513
-50.0,50,5438.206811
-25.0,50,5442.456665
-7.0,50,5446.739681
-50.0,50,5451.019839
-45.0,50,5455.076364
-8.0,50,5459.24356
-5.0,50,5459.857094
0.0,50,5460.42109
-50.0,50,5461.019228
-50.0,50,5461.608495
-50.0,50,5462.166652
-4.0,50,5462.667419
-3.0,50,5463.248792
-6.0,50,5463.804212
-3.0,50,5464.406308
-18.0,50,5464.989267
-50.0,50,5469.045746
-50.0,50,5473.00499
-50.0,50,5477.351494
-8.0,50,5482.656592
-16.0,50,5486.976097
-14.0,50,5491.028733
-39.0,50,5495.075124
-9.0,50,5499.458467
-7.0,50,5504.621179
-10.0,50,5508.627161
-26.0,50,5512.610122
-7.0,50,5517.035849
-11.0,50,5522.570732
-45.0,50,5527.643179
-11.0,50,5531.613221
-50.0,50,5535.647375
-31.0,50,5539.682954
-50.0,50,5543.738448
-50.0,50,5547.721719
-50.0,50,5551.777514
-50.0,50,5555.898855
-13.0,50,5560.004139
-50.0,50,5565.546236
-45.0,50,5569.763124
-6.0,50,5573.83241
-50.0,50,5579.274531
-50.0,50,5583.832747
-50.0,50,5589.437834
-50.0,50,5593.403211
-41.0,50,5597.35899
-31.0,50,5601.475954
-25.0,50,5605.874276
0.0,50,5611.221786
-24.0,50,5615.474025
-50.0,50,5619.64799
-34.0,50,5623.780704
-4.0,50,5627.754963
-46.0,50,5631.856452
-45.0,50,5636.140545
-50.0,50,5640.32987
-50.0,50,5644.340783
-50.0,50,5648.611125
-10.0,50,5653.016219
-50.0,50,5657.245008
-29.0,50,5661.388478
-50.0,50,5665.777939
-37.0,50,5670.112164
-50.0,50,5674.190696
-50.0,50,5678.429638
-9.0,50,5682.677662
-35.0,50,5683.269991
-36.0,50,5683.826202
-10.0,50,5684.399724
-50.0,50,5685.042871
-8.0,50,5685.641393
-6.0,50,5686.199118
-5.0,50,5686.760891
-50.0,50,5687.329647
-50.0,50,5687.831693
-40.0,50,5688.65694
-50.0,50,5692.977153
-50.0,50,5697.370186
-50.0,50,5701.548427
-30.0,50,5705.546317
-32.0,50,5709.513324
-38.0,50,5713.653774
-21.0,50,5718.12663
-50.0,50,5722.634976
-9.0,50,5726.967005
-50.0,50,5731.252491
-50.0,50,5735.301231
0.0,50,5739.700375
-50.0,50,5744.020317
-3.0,50,5748.15488
-50.0,50,5752.335004
-50.0,50,5756.499203
-28.0,50,5760.716015
-30.0,50,5765.037844
-50.0,50,5769.390055
-8.0,50,5773.479314
-40.0,50,5777.709378
-50.0,50,5781.950233
-45.0,50,5786.091087
-50.0,50,5790.346857
-50.0,50,5794.443537
-22.0,50,5798.607096
-41.0,50,5802.219483
-25.0,50,5806.736534
-50.0,50,5811.015543
-22.0,50,5814.359877
-4.0,50,5818.014297
-50.0,50,5821.30244
0.0,50,5824.275214
-22.0,50,5827.43946
-8.0,50,5831.038415
-50.0,50,5833.946514
-50.0,50,5836.760501
-50.0,50,5839.632607
-20.0,50,5842.627212
-34.0,50,5846.201111
0.0,50,5849.802303
-43.0,50,5853.424452
-17.0,50,5856.939284
-15.0,50,5860.210785
-20.0,50,5863.419437
-15.0,50,5867.328665
-50.0,50,5871.131625
-50.0,50,5875.370802
-50.0,50,5879.586344
-50.0,50,5884.044327
-50.0,50,5884.655459
-4.0,50,5885.23335
-50.0,50,5885.80988
0.0,50,5886.365102
-50.0,50,5886.953171
-50.0,50,5887.486483
-18.0,50,5888.117016
-11.0,50,5888.706276
-8.0,50,5889.312184
-37.0,50,5889.909558
-50.0,50,5893.991775
-50.0,50,5898.336544
-10.0,50,5902.891356
-14.0,50,5908.392089
-48.0,50,5912.606071
-50.0,50,5916.665
-50.0,50,5920.808152
-50.0,50,5924.837061
-45.0,50,5928.823147
-11.0,50,5932.804947
-7.0,50,5936.852064
-7.0,50,5940.892805
-50.0,50,5944.846807
-6.0,50,5948.971473
-5.0,50,5952.938024
-50.0,50,5956.928447
-50.0,50,5960.987456
-50.0,50,5965.116003
-50.0,50,5969.053469
-50.0,50,5973.183682
-17.0,50,5977.145522
-49.0,50,5981.072163
-44.0,50,5985.014174
-27.0,50,5989.035536
-33.0,50,5993.069701
-50.0,50,5997.019694
-22.0,50,6001.045443
-50.0,50,6005.070832
-14.0,50,6008.965711
-13.0,50,6013.076221
-50.0,50,6017.161761
-42.0,50,6021.292299
-50.0,50,6025.210676
0.0,50,6029.335385
0.0,50,6033.384989
-12.0,50,6037.381894
-50.0,50,6041.386035
-50.0,50,6045.366866
-44.0,50,6049.416883
-50.0,50,6053.482221
-19.0,50,6057.439674
-43.0,50,6061.696915
-25.0,50,6065.633685
-50.0,50,6069.576529
-25.0,50,6073.576387
-50.0,50,6077.580976
-18.0,50,6081.987019
-50.0,50,6086.170287
-50.0,50,6090.170431
-3.0,50,6094.346799
-6.0,50,6094.943277
-48.0,50,6095.538189
-10.0,50,6096.095658
-7.0,50,6096.604423
-6.0,50,6097.150113
-5.0,50,6097.71249
-9.0,50,6098.24987
-5.0,50,6098.811162
-50.0,50,6099.343002
-25.0,50,6100.099355
-19.0,50,6104.129644
-50.0,50,6108.287509
-50.0,50,6112.548237
-31.0,50,6116.65798
-50.0,50,6120.82584
-15.0,50,6124.87587
-50.0,50,6129.117231
-50.0,50,6133.115111
-50.0,50,6137.280025
-35.0,50,6141.401584
-14.0,50,6145.79138
-50.0,50,6150.371083
-20.0,50,6154.649143
-50.0,50,6158.756705
-38.0,50,6162.977188
-48.0,50,6167.234353
-26.0,50,6171.379267
-50.0,50,6175.430648
-50.0,50,6179.827851
-50.0,50,6184.005687
-8.0,50,6188.222009
-7.0,50,6192.358356
-50.0,50,6196.560715
-50.0,50,6200.681063
-50.0,50,6204.963826
-10.0,50,6209.306052
-21.0,50,6213.494977
-45.0,50,6217.626881
-50.0,50,6221.555106
-50.0,50,6225.967847
-19.0,50,6231.0345
-9.0,50,6235.376013
-50.0,50,6239.673469
-24.0,50,6244.95014
-41.0,50,6249.318931
-10.0,50,6253.621208
-33.0,50,6257.880812
-50.0,50,6261.915088
-50.0,50,6266.018393
-36.0,50,6270.273907
-10.0,50,6274.447574
-50.0,50,6278.923564
-50.0,50,6284.334715
-42.0,50,6288.536288
-42.0,50,6292.699443
-50.0,50,6296.840226
-50.0,50,6300.991264
-50.0,50,6305.194386
-8.0,50,6309.382651
-10.0,50,6313.829925
-4.0,50,6314.547244
-11.0,50,6315.189989
-31.0,50,6316.022335
-50.0,50,6316.922907
-50.0,50,6317.520867
-29.0,50,6318.145871
-50.0,50,6318.738837
-14.0,50,6319.267491
-5.0,50,6319.867024
-50.0,50,6320.656041
-50.0,50,6324.686561
-11.0,50,6329.035048
-5.0,50,6333.170276
-35.0,50,6337.44546
-23.0,50,6341.729123
-50.0,50,6345.96819
-5.0,50,6350.075186
-50.0,50,6354.202317
-43.0,50,6358.177467
-50.0,50,6362.239571
-42.0,50,6366.482498
-50.0,50,6370.588062
-6.0,50,6374.792369
-11.0,50,6378.801647
-18.0,50,6382.893434
-14.0,50,6387.812956
-50.0,50,6392.861208
-47.0,50,6397.001462
-46.0,50,6401.120921
-50.0,50,6405.232359
-50.0,50,6409.416999
-50.0,50,6414.76538
-44.0,50,6418.99594
-37.0,50,6422.982327
-43.0,50,6427.096384
-50.0,50,6431.413081
-50.0,50,6435.018417
-28.0,50,6438.01742
-50.0,50,6441.722785
-50.0,50,6446.297755
-50.0,50,6450.583722
-15.0,50,6454.73408
-15.0,50,6458.829555
-50.0,50,6462.766836
-34.0,50,6465.849155
-48.0,50,6468.782858
-50.0,50,6471.720474
-50.0,50,6474.684712
-25.0,50,6477.709145
-32.0,50,6480.629126
-9.0,50,6483.507229
-44.0,50,6486.421689
-25.0,50,6489.309155
-33.0,50,6492.204126
-35.0,50,6495.109358
-47.0,50,6497.953689
-50.0,50,6500.920461
-50.0,50,6503.817646
-18.0,50,6506.702036
0.0,50,6509.683029
-6.0,50,6510.1653
-5.0,50,6510.651223
-8.0,50,6511.170066
-50.0,50,6511.631522
-6.0,50,6512.050209
-9.0,50,6512.490152
-13.0,50,6512.966728
-9.0,50,6513.43978
-50.0,50,6513.9517
-11.0,50,6514.611233
-14.0,50,6517.563453
-50.0,50,6520.315642
-17.0,50,6523.05933
-50.0,50,6525.71527
-23.0,50,6528.431816
-18.0,50,6531.121463
-50.0,50,6533.797302
-50.0,50,6536.521795
-12.0,50,6539.250066
-12.0,50,6541.973844
-50.0,50,6544.650106
-50.0,50,6547.393799
-35.0,50,6550.080148
-6.0,50,6552.771746
-50.0,50,6555.505671
-50.0,50,6558.195461
-50.0,50,6560.829888
-50.0,50,6563.616849
-47.0,50,6566.374965
-27.0,50,6569.427336
-50.0,50,6572.383525
-14.0,50,6575.290325
-50.0,50,6578.156741
-28.0,50,6581.201456
-29.0,50,6584.088938
0.0,50,6586.751524
-50.0,50,6589.765251
-33.0,50,6592.538314
-46.0,50,6595.43262
-50.0,50,6598.428884
-50.0,50,6601.692823
-33.0,50,6605.116669
-33.0,50,6608.401714
-20.0,50,6613.088523
-49.0,50,6618.154548
-3.0,50,6623.081795
-38.0,50,6628.452782
-50.0,50,6633.246171
-50.0,50,6637.943013
-50.0,50,6642.810934
-48.0,50,6647.626285
-48.0,50,6651.741797
-50.0,50,6655.808074
-43.0,50,6659.803852
-50.0,50,6663.798191
-16.0,50,6667.886843
-50.0,50,6672.01425
-50.0,50,6675.96195
-50.0,50,6680.057778
-3.0,50,6684.172003
-7.0,50,6684.721546
-7.0,50,6685.244662
-6.0,50,6685.8033
-50.0,50,6686.371781
-5.0,50,6686.929845
0.0,50,6687.495731
-7.0,50,6688.002895
-50.0,50,6688.56395
-50.0,50,6689.103945
-50.0,50,6689.977564
0.0,50,6694.083594
-50.0,50,6698.183908
-50.0,50,6702.288459
-7.0,50,6706.259538
-50.0,50,6710.318001
-50.0,50,6714.564625
-30.0,50,6718.796914
-49.0,50,6723.424223
-15.0,50,6727.019477
-19.0,50,6730.941282
-41.0,50,6734.812669
-50.0,50,6738.932611
-50.0,50,6742.968432
-50.0,50,6747.098033
-47.0,50,6750.930863
-17.0,50,6754.991408
-50.0,50,6759.139264
-50.0,50,6763.321668
-8.0,50,6767.28472
-50.0,50,6771.220914
-13.0,50,6775.151651
-10.0,50,6779.041503
-50.0,50,6782.989173
-21.0,50,6786.898881
-50.0,50,6790.698714
-50.0,50,6794.618685
-50.0,50,6798.698561
-16.0,50,6802.71465
-50.0,50,6806.810231
-40.0,50,6810.721526
0.0,50,6814.71463
-17.0,50,6818.869637
-22.0,50,6822.78445
-50.0,50,6826.705045
-20.0,50,6830.704393
-9.0,50,6834.620743
-46.0,50,6838.500553
-50.0,50,6842.486353
-44.0,50,6846.315278
-10.0,50,6850.157456
-49.0,50,6853.962722
-50.0,50,6857.452528
-10.0,50,6861.17918
-48.0,50,6863.95379
-50.0,50,6866.623457
-33.0,50,6869.318511
-45.0,50,6872.037176
-50.0,50,6874.745826
-50.0,50,6877.431179
-11.0,50,6880.138763
-11.0,50,6880.568948
-4.0,50,6881.032373
-10.0,50,6881.481151
-23.0,50,6881.927789
-50.0,50,6882.418393
-50.0,50,6882.875506
-6.0,50,6883.307623
-28.0,50,6883.786637
-50.0,50,6884.206765
-39.0,50,6884.670605
-19.0,50,6887.366313
-50.0,50,6890.095951
-50.0,50,6892.769747
-9.0,50,6895.467194
-11.0,50,6898.17901
-50.0,50,6900.844686
-50.0,50,6903.586727
-43.0,50,6906.287626
-10.0,50,6908.990291
-26.0,50,6911.721744
-50.0,50,6914.399975
-50.0,50,6917.121671
-50.0,50,6919.815537
-50.0,50,6922.460618
-50.0,50,6925.194895
-37.0,50,6927.854947
-46.0,50,6930.538668
0.0,50,6933.273001
-6.0,50,6935.980466
-33.0,50,6938.691499
-15.0,50,6941.421614
-50.0,50,6944.101606
-50.0,50,6946.742179
-40.0,50,6949.468641
-22.0,50,6952.148471
-42.0,50,6954.871367
-50.0,50,6957.533716
-50.0,50,6960.255988
-50.0,50,6962.916365
-50.0,50,6965.647025
-13.0,50,6968.298303
-48.0,50,6971.012213
-50.0,50,6973.717757
-50.0,50,6976.406753
-31.0,50,6979.112008
-42.0,50,6981.826121
-50.0,50,6984.504939
-50.0,50,6987.189662
-50.0,50,6989.871815
-50.0,50,6992.572035
-50.0,50,6995.267925
-6.0,50,6997.959779
-18.0,50,7000.616629
-15.0,50,7003.314775
-18.0,50,7005.998082
-47.0,50,7008.712668
-50.0,50,7011.379111
-50.0,50,7014.090579
-50.0,50,7016.824356
-50.0,50,7019.483283
-50.0,50,7019.894499
-50.0,50,7020.34122
-8.0,50,7020.760856
-10.0,50,7021.190513
-5.0,50,7021.61928
-6.0,50,7022.028682
-47.0,50,7022.466182
-7.0,50,7022.945593
-50.0,50,7023.406563
-37.0,50,7024.02225
-31.0,50,7026.691471
-43.0,50,7029.352731
-24.0,50,7031.977872
-50.0,50,7034.657582
-44.0,50,7037.317323
-50.0,50,7039.967422
-50.0,50,7042.666549
-23.0,50,7045.342161
-26.0,50,7048.046011
-8.0,50,7050.736583
-50.0,50,7053.793038
-9.0,50,7056.784678
-50.0,50,7059.568883
-8.0,50,7062.286944
-50.0,50,7064.985584
-15.0,50,7067.692899
-37.0,50,7070.392255
-50.0,50,7073.354708
-19.0,50,7076.140763
-43.0,50,7078.88385
-19.0,50,7081.678648
-17.0,50,7084.377906
-50.0,50,7087.069314
-50.0,50,7089.700526
-50.0,50,7092.389608
-45.0,50,7095.030375
-21.0,50,7097.758404
-50.0,50,7100.399453
-48.0,50,7103.073407
-50.0,50,7105.736887
-50.0,50,7108.397349
-47.0,50,7111.034036
-50.0,50,7113.705428
-50.0,50,7116.472428
-18.0,50,7119.178126
-50.0,50,7121.919126
-43.0,50,7124.601782
-50.0,50,7127.282476
-50.0,50,7129.963706
-4.0,50,7132.627762
-50.0,50,7135.301798
0.0,50,7138.041135
-50.0,50,7140.718983
-50.0,50,7143.389245
-50.0,50,7146.126091
-41.0,50,7148.895802
-50.0,50,7151.615532
-50.0,50,7154.255999
-36.0,50,7156.902335
-14.0,50,7159.537946
-12.0,50,7159.962115
-8.0,50,7160.406816
-47.0,50,7160.863416
-5.0,50,7161.324294
-50.0,50,7161.76732
-50.0,50,7162.197329
-7.0,50,7162.622964
-8.0,50,7163.095388
-46.0,50,7163.54118
-50.0,50,7164.072169
-50.0,50,7166.771051
-25.0,50,7169.565472
-28.0,50,7172.297858
-50.0,50,7174.998915
-50.0,50,7177.707815
-50.0,50,7180.455071
-50.0,50,7183.106533
-9.0,50,7185.868061
-50.0,50,7188.558838
-50.0,50,7191.291944
-19.0,50,7193.946549
-20.0,50,7196.573637
-7.0,50,7199.200501
0.0,50,7201.834493
-50.0,50,7204.530131
-12.0,50,7207.167851
-50.0,50,7209.830155
-17.0,50,7212.533198
-19.0,50,7215.226999
-34.0,50,7217.851545
-33.0,50,7220.525896
-50.0,50,7223.194228
-50.0,50,7225.903689
-50.0,50,7228.519619
-11.0,50,7231.244941
-50.0,50,7233.933656
-50.0,50,7236.676969
-48.0,50,7239.349855
-50.0,50,7241.977109
-13.0,50,7244.624234
-50.0,50,7247.261016
-50.0,50,7249.89288
-11.0,50,7252.569387
-8.0,50,7255.301079
-42.0,50,7257.981991
-23.0,50,7260.706153
-46.0,50,7263.378474
-8.0,50,7266.004115
-50.0,50,7268.640099
-17.0,50,7271.355708
-50.0,50,7274.062989
-49.0,50,7276.828259
-50.0,50,7279.481582
-46.0,50,7282.148467
-43.0,50,7284.897212
-20.0,50,7287.595868
-50.0,50,7290.271758
-13.0,50,7293.007564
-1.0,50,7295.676826
-37.0,50,7298.360847
-50.0,50,7298.796179
-9.0,50,7299.242758
-14.0,50,7299.691903
-8.0,50,7300.164658
-13.0,50,7300.618663
-8.0,50,7301.047398
-7.0,50,7301.514186
-13.0,50,7301.975032
-17.0,50,7302.395487
-43.0,50,7302.832758
-50.0,50,7305.530509
-50.0,50,7308.236265
-42.0,50,7310.905559
-6.0,50,7313.539824
-13.0,50,7316.280753
-50.0,50,7318.970746
-50.0,50,7321.603376
-50.0,50,7324.261624
-50.0,50,7326.974345
-37.0,50,7329.664927
-50.0,50,7332.33108
-50.0,50,7335.079025
-25.0,50,7337.71769
-17.0,50,7340.377726
-50.0,50,7343.024347
-50.0,50,7345.725958
-3.0,50,7348.364113
-5.0,50,7351.019506
-8.0,50,7353.717551
-32.0,50,7356.393873
-32.0,50,7359.068326
-50.0,50,7361.762741
-8.0,50,7364.392397
-48.0,50,7367.062345
-50.0,50,7369.715963
-40.0,50,7372.368623
-43.0,50,7375.009433
-24.0,50,7377.623675
-26.0,50,7380.347005
-50.0,50,7382.991062
-50.0,50,7385.659286
-50.0,50,7388.285417
-50.0,50,7390.961075
-50.0,50,7393.648152
-30.0,50,7396.373576
-47.0,50,7399.027654
-9.0,50,7401.691036
-38.0,50,7404.379891
-50.0,50,7407.003231
-26.0,50,7409.711194
-50.0,50,7412.445783
-22.0,50,7415.176774
-45.0,50,7417.836196
-50.0,50,7420.576948
-50.0,50,7424.229285
-25.0,50,7428.127047
-35.0,50,7431.658597
-4.0,50,7435.095449
-13.0,50,7438.234725
-50.0,50,7440.972706
-40.0,50,7441.447594
-42.0,50,7441.897198
-8.0,50,7442.370213
-50.0,50,7442.820936
-45.0,50,7443.275448
-8.0,50,7443.715322
-50.0,50,7444.164584
-10.0,50,7444.617577
-50.0,50,7445.07448
-50.0,50,7445.540157
-50.0,50,7448.270343
-9.0,50,7451.002819
-50.0,50,7453.658737
-50.0,50,7456.426087
-13.0,50,7459.074849
-50.0,50,7461.82328
-18.0,50,7464.451938
-50.0,50,7467.16564
-45.0,50,7469.96437
-50.0,50,7473.45339
-48.0,50,7476.1804
-42.0,50,7478.911856
-45.0,50,7481.571914
-50.0,50,7484.301939
-7.0,50,7486.955624
-50.0,50,7489.788011
-24.0,50,7493.153956
-28.0,50,7495.994134
-47.0,50,7498.682108
-50.0,50,7501.434046
-50.0,50,7504.128532
-6.0,50,7506.978571
-8.0,50,7510.255113
-35.0,50,7513.253059
-50.0,50,7516.128704
-45.0,50,7519.689021
-6.0,50,7522.507117
0.0,50,7525.138884
-50.0,50,7527.869958
-10.0,50,7530.510111
-46.0,50,7533.272036
-50.0,50,7535.890296
-15.0,50,7538.657599
-50.0,50,7541.313613
-49.0,50,7543.976383
-20.0,50,7546.648629
-50.0,50,7549.305522
-50.0,50,7552.025354
-17.0,50,7554.709211
-50.0,50,7557.416729
-50.0,50,7560.311706
-50.0,50,7564.242282
-12.0,50,7567.168675
-34.0,50,7570.557233
-24.0,50,7573.300608
-50.0,50,7575.982508
-50.0,50,7578.652411
-50.0,50,7581.45898
-31.0,50,7584.665166
-4.0,50,7588.096212
-6.0,50,7588.556974
-8.0,50,7589.041665
-41.0,50,7589.50308
-25.0,50,7589.979678
-50.0,50,7590.431859
-13.0,50,7590.888408
-11.0,50,7591.34099
-12.0,50,7592.072071
-6.0,50,7592.787187
-11.0,50,7593.4777
-50.0,50,7596.360199
-13.0,50,7599.065652
-43.0,50,7601.740374
-49.0,50,7604.538568
-50.0,50,7607.558786
-45.0,50,7611.409333
-7.0,50,7614.138558
-50.0,50,7617.120577
-50.0,50,7620.938679
-50.0,50,7623.794724
-50.0,50,7626.519549
-15.0,50,7629.278292
-50.0,50,7632.640585
-50.0,50,7635.577452
-35.0,50,7638.786275
-19.0,50,7642.217441
-39.0,50,7645.48074
-50.0,50,7648.834474
-50.0,50,7651.557599
-16.0,50,7654.432333
-15.0,50,7657.167673
-50.0,50,7660.006929
-50.0,50,7662.71336
-50.0,50,7665.452099
-50.0,50,7668.130983
-23.0,50,7670.901225
-50.0,50,7673.728497
-50.0,50,7677.633758
-5.0,50,7680.438849
-48.0,50,7683.1275
-50.0,50,7685.873674
-50.0,50,7688.723814
-30.0,50,7692.524223
-42.0,50,7695.300246
-26.0,50,7698.163248
-9.0,50,7702.015646
-25.0,50,7704.885964
-19.0,50,7707.627452
-39.0,50,7710.867992
-50.0,50,7714.310359
-50.0,50,7717.029099
-50.0,50,7719.821921
-50.0,50,7722.491421
-50.0,50,7725.225619
-50.0,50,7727.890159
-50.0,50,7730.697942
-39.0,50,7734.610605
-50.0,50,7737.6347
-28.0,50,7740.29438
-10.0,50,7743.059931
-5.0,50,7743.485092
-46.0,50,7743.899102
-50.0,50,7744.309946
-9.0,50,7744.783768
-50.0,50,7745.273434
-13.0,50,7745.786843
-8.0,50,7746.245763
-5.0,50,7746.679106
-7.0,50,7747.089165
-31.0,50,7747.54848
-42.0,50,7750.29767
-50.0,50,7752.993031
-39.0,50,7755.611007
-28.0,50,7758.376914
-50.0,50,7761.041348
-12.0,50,7763.784506
-45.0,50,7766.473363
-50.0,50,7769.117493
-50.0,50,7771.751778
-47.0,50,7774.430729
-14.0,50,7777.143193
-50.0,50,7779.782617
-12.0,50,7782.505502
-50.0,50,7785.123855
-37.0,50,7788.006942
-50.0,50,7790.712092
-50.0,50,7793.552389
-50.0,50,7796.8997
-44.0,50,7799.883506
-50.0,50,7802.904697
-50.0,50,7805.998801
-50.0,50,7809.729738
-50.0,50,7813.334125
-9.0,50,7817.006378
-50.0,50,7820.282036
-16.0,50,7823.635563
-7.0,50,7826.969949
-50.0,50,7829.764905
-48.0,50,7832.475809
-12.0,50,7835.208177
-15.0,50,7837.9065
-50.0,50,7840.606055
-16.0,50,7843.288817
-38.0,50,7845.915301
-50.0,50,7848.625516
-50.0,50,7851.312294
-50.0,50,7853.9756
-50.0,50,7856.639874
-50.0,50,7859.362347
-15.0,50,7862.632501
-47.0,50,7865.591721
-12.0,50,7868.577637
-50.0,50,7871.39779
-37.0,50,7874.143845
-45.0,50,7876.874055
-11.0,50,7879.563643
-15.0,50,7882.235337
-50.0,50,7884.95352
-50.0,50,7887.686767
-50.0,50,7890.364119
-50.0,50,7890.805435
-7.0,50,7891.229763
-4.0,50,7891.679451
-50.0,50,7892.142038
-50.0,50,7892.584764
-18.0,50,7893.022389
-14.0,50,7893.479796
-44.0,50,7893.938987
-25.0,50,7894.387274
-38.0,50,7894.914465
-6.0,50,7897.673543
-42.0,50,7900.368644
-50.0,50,7903.110867
-23.0,50,7905.815791
-50.0,50,7908.55819
-8.0,50,7911.279273
-17.0,50,7914.002922
-50.0,50,7916.773547
-43.0,50,7919.477378
-40.0,50,7922.164256
-50.0,50,7924.895093
-50.0,50,7927.625008
-50.0,50,7930.271561
-10.0,50,7933.019623
-50.0,50,7935.699015
-50.0,50,7938.448753
-48.0,50,7941.147023
-50.0,50,7943.85995
-30.0,50,7946.809884
-50.0,50,7949.525124
-50.0,50,7952.57942
-49.0,50,7956.616106
-33.0,50,7959.810678
-50.0,50,7963.409729
-6.0,50,7967.326006
-15.0,50,7970.936956
-50.0,50,7974.744595
-50.0,50,7978.63662
-10.0,50,7982.675568
-50.0,50,7986.651164
-7.0,50,7990.507365
-20.0,50,7994.501321
-18.0,50,7998.439384
-50.0,50,8002.459266
-46.0,50,8006.312538
-13.0,50,8010.2304
-25.0,50,8014.136501
-30.0,50,8018.125849
-50.0,50,8022.132805
-50.0,50,8026.025194
-50.0,50,8030.006108
-50.0,50,8033.907907
-21.0,50,8037.818623
-50.0,50,8041.767844
-20.0,50,8045.527111
0.0,50,8049.454051
-33.0,50,8053.224182
-50.0,50,8057.136649
-9.0,50,8061.00823
-22.0,50,8064.887339
-50.0,50,8065.416683
-11.0,50,8065.939415
-5.0,50,8066.413155
-10.0,50,8066.958082
-7.0,50,8067.510997
-16.0,50,8068.072832
-9.0,50,8068.643722
-10.0,50,8069.199047
-9.0,50,8069.706552
-45.0,50,8070.400346
-50.0,50,8074.223615
-29.0,50,8078.064054
-16.0,50,8081.967968
-16.0,50,8085.883839
-50.0,50,8089.730622
-10.0,50,8093.660954
-50.0,50,8097.617779
-50.0,50,8101.424418
-31.0,50,8105.158289
-44.0,50,8108.210662
-21.0,50,8111.953365
-10.0,50,8114.852309
-30.0,50,8117.8836
-35.0,50,8121.450078
-50.0,50,8124.438453
-15.0,50,8127.173295
-20.0,50,8129.971681
-10.0,50,8132.722311
-50.0,50,8135.423673
-13.0,50,8138.165999
-50.0,50,8140.838908
-12.0,50,8143.546082
-27.0,50,8146.260519
-25.0,50,8149.021666
-48.0,50,8151.703742
-50.0,50,8154.442112
-46.0,50,8157.165348
-50.0,50,8159.917551
-10.0,50,8162.590899
-6.0,50,8165.33484
-32.0,50,8168.077547
0.0,50,8170.801496
-50.0,50,8173.513633
-8.0,50,8176.167571
-19.0,50,8178.885044
-15.0,50,8181.619891
0.0,50,8184.336124
0.0,50,8187.021568
-21.0,50,8189.782547
-11.0,50,8192.457394
-50.0,50,8195.149057
-8.0,50,8197.832992
-9.0,50,8200.5367
-24.0,50,8203.258719
-50.0,50,8205.944613
-50.0,50,8208.617088
-50.0,50,8211.290091
-11.0,50,8214.011768
-50.0,50,8216.704831
-4.0,50,8219.431163
-50.0,50,8219.818039
-7.0,50,8220.251471
-5.0,50,8220.665379
-7.0,50,8221.117371
-6.0,50,8221.540951
-44.0,50,8222.020416
-8.0,50,8222.43033
-48.0,50,8222.878722
-22.0,50,8223.293149
-22.0,50,8223.892462
-50.0,50,8226.536376
-50.0,50,8229.278456
-45.0,50,8231.894584
-50.0,50,8234.594449
-50.0,50,8237.291105
-41.0,50,8240.065211
-45.0,50,8242.827512
-50.0,50,8245.491886
-11.0,50,8248.140939
-9.0,50,8250.754105
-41.0,50,8253.418257
-50.0,50,8256.051903
-25.0,50,8258.707685
-45.0,50,8261.331759
-50.0,50,8264.040244
-50.0,50,8266.680792
-50.0,50,8269.315932
-50.0,50,8271.955868
-50.0,50,8274.590136
-50.0,50,8277.219182
-10.0,50,8279.844134
-48.0,50,8282.486374
-50.0,50,8285.103304
-50.0,50,8287.763684
-12.0,50,8290.476905
-50.0,50,8293.159782
-50.0,50,8295.810754
-18.0,50,8298.4461
-39.0,50,8301.062102
-12.0,50,8303.753542
-50.0,50,8306.386157
-50.0,50,8309.005047
-50.0,50,8311.680215
-49.0,50,8314.399656
-29.0,50,8316.981882
-31.0,50,8319.669011
-50.0,50,8322.488025
0.0,50,8325.437471
-30.0,50,8328.200329
-6.0,50,8330.822633
-12.0,50,8333.443403
-50.0,50,8336.148304
-35.0,50,8338.807999
-50.0,50,8341.469692
-7.0,50,8344.135781
-50.0,50,8346.729524
-8.0,50,8349.385799
-40.0,50,8352.066402
-24.0,50,8354.71343
-9.0,50,8357.363276
-50.0,50,8357.82712
-8.0,50,8358.278914
-9.0,50,8358.715903
-12.0,50,8359.148666
-10.0,50,8359.593143
-48.0,50,8360.024517
-4.0,50,8360.432068
-50.0,50,8360.911833
-3.0,50,8361.373389
-40.0,50,8361.847956
-45.0,50,8364.536309
-7.0,50,8367.163854
-6.0,50,8369.862221
-50.0,50,8372.52416
-32.0,50,8375.179969
-50.0,50,8377.820916
-50.0,50,8380.520113
-50.0,50,8383.127659
-34.0,50,8385.771028
-38.0,50,8388.422772
-46.0,50,8391.058292
-43.0,50,8393.694418
-23.0,50,8396.343546
-50.0,50,8398.993078
-50.0,50,8401.640604
-24.0,50,8404.323921
-46.0,50,8406.952473
-17.0,50,8409.624417
-50.0,50,8412.271272
-32.0,50,8414.900138
-50.0,50,8417.546963
-50.0,50,8420.194768
-50.0,50,8422.833611
-47.0,50,8425.470742
-41.0,50,8428.132154
-31.0,50,8430.786198
-50.0,50,8433.489684
-50.0,50,8436.075424
-50.0,50,8438.781189
-50.0,50,8441.478231
-9.0,50,8444.125518
-43.0,50,8446.770015
-50.0,50,8449.467935
-50.0,50,8452.11086
-44.0,50,8454.762024
-16.0,50,8457.39288
-29.0,50,8460.009898
-7.0,50,8462.673545
-8.0,50,8465.328146
-50.0,50,8468.010218
-50.0,50,8470.659852
-50.0,50,8473.309185
-18.0,50,8475.963785
-47.0,50,8478.62538
-50.0,50,8481.278154
-50.0,50,8483.948989
-47.0,50,8486.64941
-17.0,50,8489.270314
-50.0,50,8491.904053
-8.0,50,8494.601126
-10.0,50,8495.022547
-50.0,50,8495.436702
-6.0,50,8495.886904
-6.0,50,8496.300506
-3.0,50,8496.702832
-15.0,50,8497.13223
-50.0,50,8497.563395
-50.0,50,8497.983242
0.0,50,8498.416957
-50.0,50,8499.07694
-32.0,50,8501.75009
-50.0,50,8504.425278
-45.0,50,8507.102058
-47.0,50,8509.766075
-50.0,50,8512.409244
-23.0,50,8515.089735
-50.0,50,8517.723175
-31.0,50,8520.432459
-50.0,50,8523.062283
-21.0,50,8525.708586
-46.0,50,8528.389015
-18.0,50,8531.023436
-50.0,50,8533.722006
-50.0,50,8536.316129
-29.0,50,8538.969195
-50.0,50,8541.611655
-50.0,50,8544.303731
-43.0,50,8546.93973
-39.0,50,8549.620446
-32.0,50,8552.228907
-20.0,50,8554.939699
-50.0,50,8557.534273
-50.0,50,8560.202244
-50.0,50,8562.87547
-50.0,50,8565.494449
-12.0,50,8568.187895
-50.0,50,8570.820523
-50.0,50,8573.50153
-18.0,50,8576.156998
-50.0,50,8578.79397
-50.0,50,8581.436707
-50.0,50,8584.061049
-50.0,50,8586.728097
0.0,50,8589.350085
-50.0,50,8592.025676
-23.0,50,8594.636307
-27.0,50,8597.269243
-44.0,50,8599.933427
-16.0,50,8602.581736
-10.0,50,8605.167034
-8.0,50,8607.888002
-8.0,50,8610.542164
-50.0,50,8613.185495
-44.0,50,8615.845847
-22.0,50,8618.500383
-24.0,50,8621.102554
-50.0,50,8623.850398
-43.0,50,8626.528698
-50.0,50,8629.160963
-13.0,50,8631.848609
-50.0,50,8632.299045
-50.0,50,8632.708977
-50.0,50,8633.142261
-9.0,50,8633.579443
-15.0,50,8634.019303
-49.0,50,8634.432862
-7.0,50,8634.866497
-3.0,50,8635.323323
-50.0,50,8635.745438
-50.0,50,8636.280179
-9.0,50,8638.916965
-37.0,50,8641.576944
-50.0,50,8644.303154
-36.0,50,8646.938814
-50.0,50,8649.556195
-5.0,50,8652.24251
-19.0,50,8654.903848
-17.0,50,8657.532779
-50.0,50,8660.217584
-44.0,50,8662.819377
-16.0,50,8665.477574
-50.0,50,8668.129949
-22.0,50,8670.751105
-32.0,50,8673.44833
-49.0,50,8676.090101
-13.0,50,8678.788888
-18.0,50,8681.378562
-35.0,50,8684.007037
-45.0,50,8686.690167
-50.0,50,8689.306008
-50.0,50,8692.028155
-50.0,50,8694.667034
-50.0,50,8697.320781
-37.0,50,8699.978935
-50.0,50,8702.640699
-8.0,50,8705.283669
-50.0,50,8707.950844
-50.0,50,8710.625384
-48.0,50,8713.279779
-6.0,50,8715.916709
-50.0,50,8718.575663
-49.0,50,8721.192875
-42.0,50,8723.825453
-26.0,50,8726.508046
-50.0,50,8729.149883
-50.0,50,8731.82631
-50.0,50,8734.473756
-31.0,50,8737.098308
-10.0,50,8739.772587
-50.0,50,8742.394846
-7.0,50,8745.038888
-43.0,50,8747.720531
-50.0,50,8750.376337
-48.0,50,8753.072771
-50.0,50,8755.658757
-50.0,50,8758.330868
-22.0,50,8761.010804
-44.0,50,8763.63592
-50.0,50,8766.342315
-50.0,50,8769.004922
-11.0,50,8769.468118
-50.0,50,8769.874777
-47.0,50,8770.319114
-13.0,50,8770.781503
-18.0,50,8771.223011
-6.0,50,8771.655951
-10.0,50,8772.080954
-8.0,50,8772.515884
-7.0,50,8772.936308
-50.0,50,8773.438961
-50.0,50,8776.068426
-49.0,50,8778.73724
-4.0,50,8781.331366
-50.0,50,8784.062737
-50.0,50,8786.741537
-14.0,50,8789.422075
-6.0,50,8792.083338
-4.0,50,8794.771696
-50.0,50,8797.439965
-42.0,50,8800.158153
-50.0,50,8802.805174
-50.0,50,8805.431647
-50.0,50,8808.146539
-17.0,50,8810.790656
-50.0,50,8813.433315
-7.0,50,8816.109439
-5.0,50,8818.745847
-15.0,50,8821.390546
-37.0,50,8824.082115
-20.0,50,8826.709159
-50.0,50,8829.381294
-50.0,50,8832.073833
-14.0,50,8834.648648
-50.0,50,8837.355348
-20.0,50,8839.976434
-23.0,50,8842.634306
-50.0,50,8845.338583
-18.0,50,8847.980637
-29.0,50,8850.643192
-50.0,50,8853.267431
-37.0,50,8855.981492
-40.0,50,8858.627841
-40.0,50,8861.311639
-50.0,50,8863.999773
-50.0,50,8866.660482
-50.0,50,8869.365673
-50.0,50,8872.021312
-50.0,50,8874.6999
-6.0,50,8877.341071
-50.0,50,8880.003554
-39.0,50,8882.680582
-50.0,50,8885.307421
-50.0,50,8888.052679
-10.0,50,8890.657514
0.0,50,8893.350183
-34.0,50,8896.030351
-50.0,50,8898.730452
-33.0,50,8901.403809
-13.0,50,8904.072458
-50.0,50,8906.748122
-3.0,50,8907.177529
-50.0,50,8907.616076
-50.0,50,8908.068142
-13.0,50,8908.494797
-50.0,50,8908.955446
-50.0,50,8909.397246
-4.0,50,8909.857973
-12.0,50,8910.296995
-23.0,50,8910.706
