# {"t_start": 1580485716.3640263, "env_id": "FetchSlideball-v3"} 
r,l,t
-50.0,50,9.664248
-50.0,50,14.996001
-50.0,50,17.574739
-50.0,50,20.144539
-50.0,50,22.712231
-50.0,50,25.272959
-50.0,50,27.93067
-50.0,50,30.530617
-50.0,50,33.15871
-50.0,50,35.747954
-50.0,50,38.38183
-50.0,50,40.946329
-50.0,50,43.528374
-50.0,50,46.11888
-50.0,50,48.700565
-50.0,50,51.376233
-50.0,50,54.151951
-50.0,50,56.852564
-50.0,50,59.483909
-50.0,50,62.093297
-50.0,50,66.914285
-50.0,50,69.823421
-50.0,50,72.372006
-50.0,50,74.980882
-50.0,50,77.593284
-50.0,50,81.355124
-50.0,50,85.333375
-50.0,50,87.936446
-50.0,50,91.868007
-50.0,50,94.429815
-50.0,50,97.08118
-50.0,50,99.613374
-50.0,50,102.222052
-50.0,50,104.899337
-50.0,50,107.512297
-50.0,50,110.154506
-50.0,50,112.766334
-50.0,50,115.390187
-50.0,50,119.706013
-50.0,50,123.117112
-50.0,50,125.751202
-50.0,50,128.339852
-50.0,50,130.942885
-50.0,50,133.59645
-50.0,50,136.239001
-50.0,50,141.300477
-50.0,50,145.133094
-50.0,50,148.181684
-50.0,50,152.763356
-50.0,50,155.354205
-50.0,50,159.190388
-50.0,50,159.618399
-50.0,50,160.059242
-50.0,50,160.503312
-50.0,50,160.95312
-50.0,50,161.3772
-50.0,50,161.811695
-50.0,50,162.245206
-50.0,50,162.685849
-50.0,50,164.027267
-50.0,50,165.721439
-50.0,50,168.963623
-50.0,50,171.598689
-50.0,50,174.204648
-50.0,50,176.876263
-50.0,50,179.472951
-50.0,50,182.118456
-50.0,50,184.74058
-50.0,50,187.372357
-50.0,50,189.877788
-50.0,50,194.898613
-50.0,50,197.53336
-50.0,50,200.107452
-50.0,50,202.728705
-50.0,50,205.344429
-50.0,50,207.981929
-50.0,50,210.60089
-50.0,50,213.171818
-50.0,50,215.792558
-50.0,50,218.419703
-50.0,50,221.009455
-50.0,50,223.607459
-50.0,50,226.211506
-50.0,50,229.251318
-50.0,50,233.953846
-50.0,50,236.625387
-50.0,50,239.323493
-50.0,50,242.069948
-50.0,50,244.667991
-50.0,50,247.306733
-50.0,50,249.928628
-50.0,50,254.938456
-50.0,50,257.663826
-50.0,50,260.270147
-50.0,50,264.283901
-50.0,50,266.96159
-50.0,50,270.377386
-50.0,50,275.039664
-50.0,50,277.974005
-50.0,50,281.984295
-50.0,50,284.79974
-50.0,50,287.997301
-50.0,50,291.397802
-50.0,50,294.516213
-50.0,50,299.823142
-50.0,50,302.542128
-50.0,50,305.738782
-50.0,50,309.127689
-50.0,50,314.018604
-50.0,50,319.856201
-50.0,50,326.344951
-50.0,50,326.929906
-50.0,50,327.581807
-50.0,50,328.168775
-50.0,50,328.838109
-50.0,50,329.42241
-50.0,50,330.055189
-50.0,50,331.805105
-50.0,50,334.035259
-50.0,50,334.916307
-50.0,50,335.63094
-50.0,50,342.020958
-50.0,50,346.169201
-50.0,50,350.379865
-50.0,50,355.925241
-50.0,50,360.413605
-50.0,50,365.23824
-50.0,50,369.735725
-50.0,50,373.238547
-50.0,50,379.094873
-50.0,50,382.138991
-50.0,50,387.758556
-50.0,50,390.454007
-50.0,50,393.429247
-50.0,50,399.95326
-50.0,50,402.698792
-50.0,50,405.365428
-50.0,50,408.787321
-50.0,50,412.093715
-50.0,50,416.110145
-50.0,50,419.490957
-50.0,50,425.40878
-50.0,50,428.163862
-50.0,50,430.941865
-50.0,50,436.234035
-50.0,50,439.255388
-50.0,50,442.431533
-50.0,50,447.549047
-50.0,50,450.269836
-50.0,50,453.155656
-50.0,50,457.138785
-50.0,50,459.783009
-50.0,50,462.390383
-50.0,50,465.087533
-50.0,50,467.679594
-50.0,50,472.374944
-50.0,50,476.505836
-50.0,50,480.641511
-50.0,50,483.510015
-50.0,50,488.413275
-50.0,50,491.582851
-50.0,50,494.921402
-50.0,50,499.57949
-50.0,50,502.256581
-50.0,50,505.039892
-50.0,50,507.63308
-50.0,50,510.387419
-50.0,50,515.888711
-50.0,50,518.873492
-50.0,50,522.623004
-50.0,50,525.335054
-50.0,50,525.766728
-50.0,50,526.182233
-50.0,50,526.636347
-50.0,50,527.080675
-50.0,50,527.533331
-50.0,50,528.41573
-50.0,50,530.087005
-50.0,50,531.713446
-50.0,50,532.315475
-50.0,50,533.032239
-50.0,50,535.723318
-50.0,50,538.486607
-50.0,50,541.383828
-50.0,50,544.072458
-50.0,50,546.904707
-50.0,50,550.958597
-50.0,50,555.185659
-50.0,50,559.441299
-50.0,50,563.44965
-50.0,50,566.08157
-50.0,50,568.694168
-50.0,50,572.609126
-50.0,50,576.642045
-50.0,50,580.414549
-50.0,50,583.399829
-50.0,50,586.136225
-50.0,50,588.740465
-50.0,50,591.378021
-50.0,50,593.932552
-50.0,50,598.906866
-50.0,50,601.592391
-50.0,50,604.201411
-50.0,50,606.805641
-50.0,50,611.322201
-50.0,50,614.613549
-50.0,50,617.250547
-50.0,50,619.863652
-50.0,50,623.820685
-50.0,50,626.460977
-50.0,50,630.302548
-50.0,50,632.974659
-50.0,50,635.629158
-50.0,50,638.195343
-50.0,50,640.824854
-50.0,50,644.350683
-50.0,50,648.629944
-50.0,50,651.290134
-50.0,50,653.940171
-50.0,50,656.56404
-50.0,50,659.128138
-50.0,50,661.739854
-50.0,50,664.338067
-50.0,50,669.449695
-50.0,50,672.134587
-50.0,50,677.146009
-50.0,50,679.773981
-50.0,50,683.462739
-50.0,50,687.506627
-50.0,50,690.169873
-50.0,50,692.72017
-50.0,50,693.17908
-50.0,50,693.626229
-50.0,50,694.22423
-50.0,50,695.658159
-50.0,50,697.12266
-50.0,50,698.283522
-50.0,50,698.704324
-50.0,50,699.134538
-50.0,50,699.561829
-50.0,50,700.1098
-50.0,50,705.310371
-50.0,50,707.893924
-50.0,50,710.579369
-50.0,50,713.191923
-50.0,50,715.746935
-50.0,50,718.380438
-50.0,50,724.711874
-50.0,50,727.342336
-50.0,50,731.172559
-50.0,50,733.81812
-50.0,50,736.492641
-50.0,50,739.152441
-50.0,50,741.723412
-50.0,50,745.136115
-50.0,50,749.492538
-50.0,50,752.138689
-50.0,50,754.850001
-50.0,50,757.443021
-50.0,50,760.102166
-50.0,50,762.724279
-50.0,50,765.36082
-50.0,50,767.99401
-50.0,50,770.618369
-50.0,50,773.223893
-50.0,50,775.887841
-50.0,50,780.987731
-50.0,50,783.623641
-50.0,50,786.255877
-50.0,50,788.891893
-50.0,50,793.926192
-50.0,50,796.62042
-50.0,50,799.223033
-50.0,50,801.79671
-50.0,50,805.063945
-50.0,50,809.534153
-50.0,50,812.172798
-50.0,50,814.865942
-50.0,50,820.927164
-50.0,50,827.433394
-50.0,50,832.144243
-50.0,50,836.505388
-50.0,50,840.765907
-50.0,50,843.973809
-50.0,50,849.297321
-50.0,50,853.509806
-50.0,50,857.170277
-50.0,50,859.787124
-50.0,50,862.389553
-50.0,50,866.2382
-50.0,50,868.82145
-50.0,50,869.276503
-50.0,50,869.714268
-50.0,50,870.13856
-50.0,50,870.650547
-50.0,50,872.26742
-50.0,50,873.76184
-50.0,50,875.496902
-50.0,50,876.934434
-50.0,50,877.416636
-50.0,50,878.066061
-50.0,50,882.135117
-50.0,50,885.513621
-50.0,50,888.346777
-50.0,50,893.976767
-50.0,50,898.503585
-50.0,50,903.900833
-50.0,50,906.881239
-50.0,50,912.419336
-50.0,50,915.358298
-50.0,50,920.476132
-50.0,50,923.188295
-50.0,50,926.206568
-50.0,50,930.464153
-50.0,50,934.465525
-50.0,50,938.659307
-50.0,50,941.404809
-50.0,50,944.133351
-50.0,50,946.999463
-50.0,50,950.992912
-50.0,50,953.755629
-50.0,50,957.176728
-50.0,50,961.744699
-50.0,50,964.55645
-50.0,50,968.571771
-50.0,50,971.17734
-50.0,50,973.824437
-50.0,50,976.805669
-50.0,50,979.774297
-50.0,50,985.072925
-50.0,50,988.73478
-50.0,50,992.191005
-50.0,50,994.889575
-50.0,50,999.955538
-50.0,50,1003.902938
-50.0,50,1009.552613
-50.0,50,1012.503356
-50.0,50,1017.084317
-50.0,50,1021.606673
-50.0,50,1027.101788
-50.0,50,1030.153003
-50.0,50,1034.03491
-50.0,50,1036.977741
-50.0,50,1039.881545
-50.0,50,1044.041904
-50.0,50,1048.254171
-50.0,50,1054.208632
-50.0,50,1057.059604
-50.0,50,1062.351683
-50.0,50,1068.50819
-50.0,50,1073.375899
-50.0,50,1075.507553
-50.0,50,1076.900714
-50.0,50,1077.592716
-50.0,50,1078.275391
-50.0,50,1078.884236
-50.0,50,1079.408962
-50.0,50,1080.897555
-50.0,50,1082.72073
-50.0,50,1083.828449
-50.0,50,1084.363933
-50.0,50,1088.115614
-50.0,50,1092.352068
-50.0,50,1095.100029
-50.0,50,1099.086276
-50.0,50,1101.665678
-50.0,50,1104.878068
-50.0,50,1109.491056
-50.0,50,1112.093562
-50.0,50,1117.193053
-50.0,50,1119.864541
-50.0,50,1122.4487
-50.0,50,1125.077344
-50.0,50,1128.403671
-50.0,50,1132.878956
-50.0,50,1135.611099
-50.0,50,1138.230581
-50.0,50,1142.150491
-50.0,50,1144.734753
-50.0,50,1148.690972
-50.0,50,1152.667138
-50.0,50,1156.045032
-50.0,50,1159.258968
-50.0,50,1163.259908
-50.0,50,1165.933439
-50.0,50,1168.527544
-50.0,50,1171.183602
-50.0,50,1173.780127
-50.0,50,1176.625238
-50.0,50,1181.503999
-50.0,50,1184.128526
-50.0,50,1187.974151
-50.0,50,1190.557199
-50.0,50,1193.288203
-50.0,50,1196.382227
-50.0,50,1201.048268
-50.0,50,1203.702929
-50.0,50,1206.308315
-50.0,50,1210.752345
-50.0,50,1214.151489
-50.0,50,1219.315608
-50.0,50,1221.935646
-50.0,50,1224.627161
-50.0,50,1227.318291
-50.0,50,1231.187038
-50.0,50,1235.160907
-50.0,50,1237.887442
-50.0,50,1240.503352
-50.0,50,1245.689748
-50.0,50,1248.353157
-50.0,50,1250.971216
-50.0,50,1251.428399
-50.0,50,1251.908375
-50.0,50,1252.316968
-50.0,50,1252.816643
-50.0,50,1253.306304
-50.0,50,1253.747445
-50.0,50,1255.11276
-50.0,50,1256.56264
-50.0,50,1257.968803
-50.0,50,1258.610744
-50.0,50,1261.199197
-50.0,50,1263.803756
-50.0,50,1267.305621
-50.0,50,1270.485479
-50.0,50,1273.223033
-50.0,50,1277.644161
-50.0,50,1281.663453
-50.0,50,1286.67189
-50.0,50,1289.899402
-50.0,50,1292.627261
-50.0,50,1297.844596
-50.0,50,1300.569253
-50.0,50,1305.948434
-50.0,50,1308.678771
-50.0,50,1312.577449
-50.0,50,1315.581256
-50.0,50,1321.020995
-50.0,50,1323.862439
-50.0,50,1328.271835
-50.0,50,1332.319074
-50.0,50,1336.360411
-50.0,50,1339.087955
-50.0,50,1343.23047
-50.0,50,1347.501445
-50.0,50,1351.274197
-50.0,50,1354.220429
-50.0,50,1358.1529
-50.0,50,1360.85568
-50.0,50,1367.219821
-50.0,50,1369.922603
-50.0,50,1372.602136
-50.0,50,1375.277138
-50.0,50,1379.331622
-50.0,50,1382.098657
-50.0,50,1385.856526
-50.0,50,1390.133974
-50.0,50,1393.611408
-50.0,50,1398.132666
-50.0,50,1400.979825
-50.0,50,1403.826025
-50.0,50,1408.991501
-50.0,50,1411.671585
-50.0,50,1416.177243
-50.0,50,1418.889801
-50.0,50,1423.273288
-50.0,50,1425.94239
-50.0,50,1428.643059
-50.0,50,1433.169794
-50.0,50,1435.908602
-50.0,50,1438.616403
-50.0,50,1439.746724
-50.0,50,1441.288555
-50.0,50,1441.881269
-50.0,50,1442.330997
-50.0,50,1443.139494
-50.0,50,1444.527045
-50.0,50,1446.056925
-50.0,50,1447.595565
-50.0,50,1448.068644
-50.0,50,1448.559883
-50.0,50,1452.982129
-50.0,50,1455.661079
-50.0,50,1458.346478
-50.0,50,1460.988905
-50.0,50,1463.694866
-50.0,50,1469.373975
-50.0,50,1473.534362
-50.0,50,1476.542456
-50.0,50,1480.909761
-50.0,50,1483.510247
-50.0,50,1487.160634
-50.0,50,1491.905953
-50.0,50,1494.527599
-50.0,50,1497.89994
-50.0,50,1501.14145
-50.0,50,1505.32038
-50.0,50,1508.057625
-50.0,50,1512.38291
-50.0,50,1516.631623
-50.0,50,1519.520725
-50.0,50,1523.914469
-50.0,50,1526.918073
-50.0,50,1530.999276
-50.0,50,1533.708237
-50.0,50,1537.629079
-50.0,50,1540.954067
-50.0,50,1545.478215
-50.0,50,1548.148295
-50.0,50,1550.908616
-50.0,50,1553.629636
-50.0,50,1558.108081
-50.0,50,1560.903862
-50.0,50,1565.429318
-50.0,50,1570.196203
-50.0,50,1572.896362
-50.0,50,1577.479402
-50.0,50,1580.217202
-50.0,50,1583.987837
-50.0,50,1588.381679
-50.0,50,1591.803301
-50.0,50,1595.593802
-50.0,50,1598.322473
-50.0,50,1602.647622
-50.0,50,1605.424438
-50.0,50,1609.821714
-50.0,50,1612.407607
-50.0,50,1615.06874
-50.0,50,1617.688144
-50.0,50,1622.292839
-50.0,50,1625.008451
-50.0,50,1625.445827
-50.0,50,1625.920671
-50.0,50,1626.374578
-50.0,50,1626.844433
-50.0,50,1627.317497
-50.0,50,1628.494095
-50.0,50,1630.102026
-50.0,50,1630.777239
-50.0,50,1631.222343
-50.0,50,1631.702199
-50.0,50,1634.372138
-50.0,50,1637.005549
-50.0,50,1639.656947
-50.0,50,1644.065135
-50.0,50,1646.718903
-50.0,50,1649.344335
-50.0,50,1653.946384
-50.0,50,1656.659716
-50.0,50,1662.371649
-50.0,50,1667.316148
-50.0,50,1670.52679
-50.0,50,1674.810396
-50.0,50,1677.51001
-50.0,50,1681.409619
-50.0,50,1684.82417
-50.0,50,1687.545692
-50.0,50,1692.164039
-50.0,50,1694.842966
-50.0,50,1699.35707
-50.0,50,1702.049226
-50.0,50,1706.618703
-50.0,50,1709.277991
-50.0,50,1711.871964
-50.0,50,1714.516909
-50.0,50,1719.004963
-50.0,50,1721.778948
-50.0,50,1724.497362
-50.0,50,1727.171339
-50.0,50,1729.782857
-50.0,50,1734.093446
-50.0,50,1736.753522
-50.0,50,1739.351691
-50.0,50,1742.326433
-50.0,50,1745.001868
-50.0,50,1747.651134
-50.0,50,1750.318587
-50.0,50,1752.952526
-50.0,50,1755.594522
-50.0,50,1758.254185
-50.0,50,1760.949337
-50.0,50,1763.511082
-50.0,50,1766.179839
-50.0,50,1768.835795
-50.0,50,1771.546377
-50.0,50,1774.121908
-50.0,50,1776.830303
-50.0,50,1779.475559
-50.0,50,1782.122381
-50.0,50,1784.782716
-50.0,50,1787.409411
-50.0,50,1787.869773
-50.0,50,1788.366801
-50.0,50,1788.830216
-50.0,50,1789.330528
-50.0,50,1789.804261
-50.0,50,1790.259871
-50.0,50,1790.753608
-50.0,50,1791.258896
-50.0,50,1791.736305
-50.0,50,1792.307398
-50.0,50,1794.997367
-50.0,50,1797.614764
-50.0,50,1800.27585
-50.0,50,1802.905305
-50.0,50,1805.541663
-50.0,50,1808.191103
-50.0,50,1810.814241
-50.0,50,1813.473286
-50.0,50,1816.128343
-50.0,50,1818.770727
-50.0,50,1821.600243
-50.0,50,1824.296907
-50.0,50,1826.897138
-50.0,50,1829.554037
-50.0,50,1832.220981
-50.0,50,1834.908145
-50.0,50,1837.676178
-50.0,50,1840.453201
-50.0,50,1843.342203
-50.0,50,1846.327752
-50.0,50,1849.107038
-50.0,50,1851.860086
-50.0,50,1854.78516
-50.0,50,1857.70232
-50.0,50,1860.472282
-50.0,50,1863.27927
-50.0,50,1865.97649
-50.0,50,1868.748225
-50.0,50,1871.47367
-50.0,50,1874.108032
-50.0,50,1876.785129
-50.0,50,1879.404402
-50.0,50,1882.146371
-50.0,50,1885.068296
-50.0,50,1887.787374
-50.0,50,1890.433361
-50.0,50,1893.081012
-50.0,50,1895.787754
-50.0,50,1898.559944
-50.0,50,1901.322174
-50.0,50,1904.170928
-50.0,50,1907.022257
-50.0,50,1909.680125
-50.0,50,1912.401516
-50.0,50,1915.236808
-50.0,50,1917.907977
-50.0,50,1920.493848
-50.0,50,1923.308798
-50.0,50,1925.89909
-50.0,50,1928.697546
-50.0,50,1929.216894
-50.0,50,1929.695195
-50.0,50,1930.205441
-50.0,50,1930.695656
-50.0,50,1931.156992
-50.0,50,1931.658849
-50.0,50,1932.131763
-50.0,50,1932.612463
-50.0,50,1933.080228
-50.0,50,1933.699608
-50.0,50,1936.61615
-50.0,50,1939.392503
-50.0,50,1942.053529
-50.0,50,1944.663304
-50.0,50,1947.321127
-50.0,50,1949.960526
-50.0,50,1952.862364
-50.0,50,1955.584338
-50.0,50,1958.230511
-50.0,50,1960.981775
-50.0,50,1963.883803
-50.0,50,1966.646294
-50.0,50,1969.211692
-50.0,50,1971.903802
-50.0,50,1974.501892
-50.0,50,1977.193982
-50.0,50,1979.986303
-50.0,50,1982.744269
-50.0,50,1985.389742
-50.0,50,1988.023338
-50.0,50,1990.679458
-50.0,50,1993.344996
-50.0,50,1995.969597
-50.0,50,1998.689414
-50.0,50,2001.365705
-50.0,50,2004.008598
-50.0,50,2006.673738
-50.0,50,2009.304904
-50.0,50,2012.03633
-50.0,50,2015.078995
-50.0,50,2017.910828
-50.0,50,2020.545327
-50.0,50,2023.159421
-50.0,50,2025.834151
-50.0,50,2028.504957
-50.0,50,2031.160387
-50.0,50,2033.784747
-50.0,50,2036.437814
-50.0,50,2039.07374
-50.0,50,2041.696677
-50.0,50,2044.366451
-50.0,50,2047.045964
-50.0,50,2049.686702
-50.0,50,2052.337435
-50.0,50,2054.952767
-50.0,50,2057.544629
-50.0,50,2060.233722
-50.0,50,2062.902548
-50.0,50,2065.519617
-50.0,50,2068.174419
-50.0,50,2068.701726
-50.0,50,2069.267473
-50.0,50,2069.785267
-50.0,50,2070.25969
-50.0,50,2070.717316
-50.0,50,2071.193803
-50.0,50,2071.644723
-50.0,50,2072.120816
-50.0,50,2072.61193
-50.0,50,2073.223547
-50.0,50,2075.852392
-50.0,50,2078.50972
-50.0,50,2081.144709
-50.0,50,2083.735192
-50.0,50,2086.379189
-50.0,50,2089.02276
-50.0,50,2091.660713
-50.0,50,2094.294461
-50.0,50,2096.994575
-50.0,50,2099.621477
-50.0,50,2102.320035
-50.0,50,2104.970515
-50.0,50,2107.834409
-50.0,50,2110.603618
-50.0,50,2113.267372
-50.0,50,2115.926389
-50.0,50,2118.561103
-50.0,50,2121.213698
-50.0,50,2123.884877
-50.0,50,2126.499701
-50.0,50,2129.137783
-50.0,50,2131.769836
-50.0,50,2134.429474
-50.0,50,2137.021522
-50.0,50,2139.697773
-50.0,50,2142.343819
-50.0,50,2144.962531
-50.0,50,2147.674795
-50.0,50,2150.305915
-50.0,50,2152.919892
-50.0,50,2155.587885
-50.0,50,2158.198147
-50.0,50,2160.916552
-50.0,50,2163.563851
-50.0,50,2166.178458
-50.0,50,2168.83975
-50.0,50,2171.483528
-50.0,50,2174.109198
-50.0,50,2176.794796
-50.0,50,2179.435651
-50.0,50,2182.056936
-50.0,50,2184.723672
-50.0,50,2187.346957
-50.0,50,2189.985751
-50.0,50,2192.620861
-50.0,50,2195.233309
-50.0,50,2197.889248
-50.0,50,2200.542037
-50.0,50,2203.196975
-50.0,50,2205.900806
-50.0,50,2206.396349
-50.0,50,2206.862232
-50.0,50,2207.39343
-50.0,50,2207.898093
-50.0,50,2208.341222
-50.0,50,2208.822372
-50.0,50,2209.324304
-50.0,50,2209.882621
-50.0,50,2210.324589
-50.0,50,2210.807328
-50.0,50,2213.510323
-50.0,50,2216.120239
-50.0,50,2218.82171
-50.0,50,2221.501404
-50.0,50,2224.110852
-50.0,50,2226.782336
-50.0,50,2229.399549
-50.0,50,2232.028855
-50.0,50,2234.708431
-50.0,50,2237.350064
-50.0,50,2240.017774
-50.0,50,2242.668302
-50.0,50,2245.3313
-50.0,50,2247.966161
-50.0,50,2250.632759
-50.0,50,2253.350728
-50.0,50,2255.993566
-50.0,50,2258.76545
-50.0,50,2261.395116
-50.0,50,2264.037939
-50.0,50,2266.681491
-50.0,50,2269.323252
-50.0,50,2271.984305
-50.0,50,2274.65611
-50.0,50,2277.958777
-50.0,50,2281.087006
-50.0,50,2283.978203
-50.0,50,2286.825823
-50.0,50,2289.66392
-50.0,50,2292.44116
-50.0,50,2295.318986
-50.0,50,2298.099257
-50.0,50,2300.913836
-50.0,50,2303.742827
-50.0,50,2306.557498
-50.0,50,2309.374769
-50.0,50,2312.115781
-50.0,50,2314.966832
-50.0,50,2317.777805
-50.0,50,2320.577574
-50.0,50,2323.402703
-50.0,50,2326.191417
-46.0,50,2328.984533
-50.0,50,2331.820562
-50.0,50,2334.652012
-50.0,50,2337.492745
-50.0,50,2340.28701
-50.0,50,2343.043872
-50.0,50,2345.902231
-50.0,50,2348.713488
-50.0,50,2349.258508
-50.0,50,2349.758983
-50.0,50,2350.308192
-50.0,50,2350.795109
-50.0,50,2351.301211
-50.0,50,2351.79071
-50.0,50,2352.34129
-50.0,50,2352.839098
-50.0,50,2353.3192
-50.0,50,2353.994639
-50.0,50,2356.870612
-46.0,50,2359.692502
-50.0,50,2362.483707
-50.0,50,2365.278898
-50.0,50,2368.104997
-50.0,50,2370.9299
-50.0,50,2373.817299
-50.0,50,2376.590964
-50.0,50,2379.417195
-50.0,50,2382.248079
-50.0,50,2385.082864
-50.0,50,2387.860856
-50.0,50,2390.721434
-50.0,50,2393.552813
-50.0,50,2396.340337
-50.0,50,2399.164165
-50.0,50,2401.950157
-50.0,50,2404.830231
-50.0,50,2407.626892
-50.0,50,2410.496597
-50.0,50,2413.329031
-50.0,50,2416.106358
-50.0,50,2418.936338
-50.0,50,2421.801659
-50.0,50,2424.589517
-50.0,50,2427.45432
-50.0,50,2430.307493
-50.0,50,2433.091393
-50.0,50,2435.891323
-50.0,50,2438.752183
-50.0,50,2441.611315
-50.0,50,2444.459249
-50.0,50,2447.26929
-50.0,50,2450.103213
-50.0,50,2452.901949
-50.0,50,2455.75768
-50.0,50,2458.600987
-50.0,50,2461.431461
-50.0,50,2464.28155
-50.0,50,2467.069931
-50.0,50,2469.896698
-50.0,50,2472.741969
-50.0,50,2475.5833
-50.0,50,2478.400921
-50.0,50,2481.269384
-50.0,50,2484.317679
-50.0,50,2487.165127
-50.0,50,2490.018618
-50.0,50,2492.826991
-47.0,50,2495.645052
-50.0,50,2496.132991
-50.0,50,2496.67088
-50.0,50,2497.264605
-50.0,50,2497.769763
-50.0,50,2498.281188
-50.0,50,2498.763988
-50.0,50,2499.343372
-50.0,50,2499.818751
-50.0,50,2500.347005
-50.0,50,2500.854037
-50.0,50,2503.755405
-50.0,50,2506.795867
-50.0,50,2509.572131
-50.0,50,2512.829471
-50.0,50,2516.200124
-50.0,50,2519.239524
-50.0,50,2522.058517
-50.0,50,2524.774472
-50.0,50,2527.513785
-50.0,50,2530.194257
-50.0,50,2533.021137
-50.0,50,2536.129596
-50.0,50,2538.775682
-50.0,50,2541.43858
-50.0,50,2544.451705
-50.0,50,2547.399458
-50.0,50,2550.286438
-50.0,50,2553.097759
-50.0,50,2555.972022
-50.0,50,2558.807216
-50.0,50,2561.628854
-50.0,50,2564.442758
-50.0,50,2567.249441
-50.0,50,2570.065864
-50.0,50,2572.914521
-50.0,50,2575.735259
-50.0,50,2578.526291
-50.0,50,2581.353511
-50.0,50,2584.078763
-50.0,50,2586.92952
-50.0,50,2589.738123
-50.0,50,2592.609934
-50.0,50,2595.546544
-50.0,50,2598.361366
-50.0,50,2601.240217
-50.0,50,2604.288548
-50.0,50,2607.177423
-50.0,50,2610.080005
-50.0,50,2612.941597
-50.0,50,2616.080496
-50.0,50,2619.196271
-50.0,50,2622.074869
-50.0,50,2624.936694
-50.0,50,2627.852511
-50.0,50,2630.702056
-50.0,50,2633.498495
-50.0,50,2636.288965
-50.0,50,2639.068919
-50.0,50,2641.884304
-50.0,50,2644.733761
-50.0,50,2645.214214
-50.0,50,2645.720685
-50.0,50,2646.226332
-50.0,50,2646.720871
-50.0,50,2647.244264
-50.0,50,2647.719049
-50.0,50,2648.247679
-50.0,50,2648.742739
-50.0,50,2649.273784
-50.0,50,2649.834479
-50.0,50,2652.645468
-50.0,50,2655.502023
-50.0,50,2658.350897
-50.0,50,2661.217144
-50.0,50,2664.054444
-50.0,50,2666.923352
-50.0,50,2669.808465
-50.0,50,2672.633981
-50.0,50,2675.475437
-50.0,50,2678.394583
-50.0,50,2681.290299
-50.0,50,2684.394279
-50.0,50,2687.187858
-50.0,50,2690.084515
-50.0,50,2692.898226
-50.0,50,2695.724521
-50.0,50,2698.531059
-50.0,50,2701.460475
-50.0,50,2704.295891
-50.0,50,2707.211
-50.0,50,2710.052893
-50.0,50,2712.912625
-50.0,50,2715.847223
-50.0,50,2718.807004
-50.0,50,2721.708389
-50.0,50,2724.734763
-50.0,50,2727.726118
-50.0,50,2730.450267
-50.0,50,2733.089558
-50.0,50,2735.783914
-50.0,50,2738.485655
-50.0,50,2741.192422
-50.0,50,2743.830813
-50.0,50,2746.572701
-50.0,50,2749.226618
-50.0,50,2751.869739
-50.0,50,2754.531963
-50.0,50,2757.170925
-50.0,50,2759.852226
-50.0,50,2762.485576
-50.0,50,2765.136058
-50.0,50,2767.886013
-50.0,50,2770.863123
-50.0,50,2773.723134
-50.0,50,2776.450446
-50.0,50,2779.135778
-50.0,50,2781.753243
-50.0,50,2784.401618
-50.0,50,2787.070734
-50.0,50,2789.728461
-50.0,50,2790.240043
-50.0,50,2790.724818
-50.0,50,2791.185863
-50.0,50,2791.683085
-50.0,50,2792.188361
-50.0,50,2792.693266
-50.0,50,2793.194262
-50.0,50,2793.662716
-50.0,50,2794.107952
-50.0,50,2794.591636
-50.0,50,2797.374711
-50.0,50,2800.034478
-50.0,50,2802.671212
-50.0,50,2805.274885
-50.0,50,2808.107374
-50.0,50,2810.700337
-50.0,50,2813.383263
-50.0,50,2816.057466
-50.0,50,2818.705695
-50.0,50,2821.453634
-50.0,50,2824.08413
-50.0,50,2826.819124
-50.0,50,2829.552704
-50.0,50,2832.335661
-50.0,50,2835.079298
-50.0,50,2837.782726
-50.0,50,2840.42058
-50.0,50,2843.037063
-50.0,50,2845.736875
-50.0,50,2848.443436
-50.0,50,2851.039978
-50.0,50,2853.735636
-50.0,50,2856.395928
-50.0,50,2859.023496
-50.0,50,2861.651145
-47.0,50,2864.314758
-50.0,50,2867.126326
-50.0,50,2870.065372
-50.0,50,2872.711249
-50.0,50,2875.414057
-50.0,50,2878.044306
-50.0,50,2880.732604
-50.0,50,2883.422803
-50.0,50,2886.07228
-50.0,50,2888.799652
-50.0,50,2891.516924
-50.0,50,2894.291332
-50.0,50,2897.001318
-50.0,50,2899.699049
-50.0,50,2902.397015
-50.0,50,2905.222883
-50.0,50,2907.933408
-50.0,50,2910.608474
-50.0,50,2913.304027
-50.0,50,2916.098752
-50.0,50,2918.758557
-50.0,50,2921.385525
-50.0,50,2924.09767
-50.0,50,2926.880653
-50.0,50,2929.641753
-50.0,50,2930.127983
-50.0,50,2930.599899
-50.0,50,2931.107608
-50.0,50,2931.575165
-50.0,50,2932.087424
-50.0,50,2932.608551
-50.0,50,2933.10697
-50.0,50,2933.615396
-50.0,50,2934.087088
-50.0,50,2934.668187
-50.0,50,2937.31821
-50.0,50,2940.032512
-50.0,50,2942.76336
-50.0,50,2945.471573
-50.0,50,2948.19145
-50.0,50,2950.941779
-50.0,50,2953.631377
-50.0,50,2956.348747
-50.0,50,2959.087147
-50.0,50,2961.760437
-50.0,50,2964.452179
-50.0,50,2967.083268
-50.0,50,2969.757126
-50.0,50,2972.416532
-50.0,50,2975.078315
-50.0,50,2977.766516
-50.0,50,2980.367657
-50.0,50,2983.042614
-50.0,50,2985.681821
-50.0,50,2988.375284
-50.0,50,2991.095619
-50.0,50,2993.751768
-50.0,50,2996.474352
-50.0,50,2999.172957
-50.0,50,3001.792816
-50.0,50,3004.874037
-50.0,50,3008.099409
-50.0,50,3011.505715
-50.0,50,3014.538723
-50.0,50,3017.260237
-50.0,50,3019.966373
-50.0,50,3022.696246
-50.0,50,3025.427729
-50.0,50,3028.084051
-50.0,50,3030.866043
-48.0,50,3033.652333
-50.0,50,3036.345585
-50.0,50,3038.96999
-50.0,50,3041.687971
-50.0,50,3044.418917
-50.0,50,3047.10528
-50.0,50,3049.785394
-50.0,50,3052.439417
-50.0,50,3055.111564
-50.0,50,3057.749105
-50.0,50,3060.595612
-50.0,50,3063.36462
-50.0,50,3066.168887
-50.0,50,3068.88287
-50.0,50,3071.525685
-50.0,50,3072.015902
-50.0,50,3072.521753
-50.0,50,3073.001359
-50.0,50,3073.542131
-50.0,50,3074.043471
-50.0,50,3074.516264
-50.0,50,3075.049694
-50.0,50,3075.537652
-50.0,50,3076.041078
-50.0,50,3076.624244
-50.0,50,3079.310181
-50.0,50,3082.02029
-50.0,50,3084.943046
-50.0,50,3087.934581
-50.0,50,3091.001731
-50.0,50,3093.917043
-50.0,50,3096.568981
-50.0,50,3099.293482
-50.0,50,3101.99222
-50.0,50,3104.674088
-50.0,50,3107.317413
-50.0,50,3109.976541
-50.0,50,3112.766862
-50.0,50,3115.481707
-50.0,50,3118.128535
-50.0,50,3120.802963
-50.0,50,3123.548124
-50.0,50,3126.323792
-50.0,50,3129.057624
-50.0,50,3131.92293
-50.0,50,3134.873148
-50.0,50,3137.530253
-50.0,50,3140.352927
-50.0,50,3143.013663
-50.0,50,3145.714531
-50.0,50,3148.336667
-50.0,50,3151.075697
-50.0,50,3153.786982
-50.0,50,3156.440293
-47.0,50,3159.146755
-50.0,50,3161.840182
-50.0,50,3164.598236
-50.0,50,3167.274096
-50.0,50,3169.979173
-50.0,50,3172.690872
-50.0,50,3175.370914
-50.0,50,3178.065988
-50.0,50,3180.737452
-50.0,50,3183.398135
-50.0,50,3186.058685
-50.0,50,3188.689075
-50.0,50,3191.329131
-50.0,50,3194.024931
-50.0,50,3196.688534
-47.0,50,3199.330578
-50.0,50,3202.041867
-50.0,50,3204.770353
-50.0,50,3207.518898
-50.0,50,3210.204994
-50.0,50,3212.853525
-50.0,50,3213.344583
-50.0,50,3213.824721
-50.0,50,3214.309899
-50.0,50,3214.799476
-50.0,50,3215.303326
-50.0,50,3215.764796
-50.0,50,3216.257956
-50.0,50,3216.770124
-50.0,50,3217.244813
-50.0,50,3217.80756
-50.0,50,3220.471593
-50.0,50,3223.104617
-50.0,50,3225.80226
-50.0,50,3228.488009
-50.0,50,3231.198741
-50.0,50,3233.825844
-50.0,50,3236.541426
-50.0,50,3239.173788
-50.0,50,3241.818012
-50.0,50,3244.450095
-50.0,50,3247.148911
-50.0,50,3249.779971
-50.0,50,3252.44537
-50.0,50,3255.103465
-50.0,50,3257.816307
-50.0,50,3260.492721
-50.0,50,3263.104461
-50.0,50,3265.811822
-50.0,50,3268.465293
-50.0,50,3271.124533
-50.0,50,3273.816246
-50.0,50,3276.453415
-50.0,50,3279.110238
-50.0,50,3281.78218
-50.0,50,3284.442186
-50.0,50,3287.139725
-50.0,50,3289.742884
-50.0,50,3292.432724
-50.0,50,3295.070527
-50.0,50,3297.691305
-50.0,50,3300.35009
-50.0,50,3303.03686
-50.0,50,3305.71472
-48.0,50,3308.366205
-50.0,50,3311.055904
-50.0,50,3313.712925
-50.0,50,3316.353068
-50.0,50,3319.05578
-50.0,50,3321.71607
-50.0,50,3324.313412
-50.0,50,3326.965748
-48.0,50,3329.632015
-50.0,50,3332.283685
-50.0,50,3334.956736
-50.0,50,3337.590855
-50.0,50,3340.318124
-50.0,50,3343.022141
-50.0,50,3345.637116
-50.0,50,3348.313302
-50.0,50,3350.9407
-50.0,50,3351.459932
-50.0,50,3351.974058
-50.0,50,3352.454613
-50.0,50,3352.944385
-50.0,50,3353.436743
-50.0,50,3353.941914
-47.0,50,3354.427368
-50.0,50,3354.92296
-50.0,50,3355.383836
-50.0,50,3355.980764
-50.0,50,3358.63909
-50.0,50,3361.253348
-50.0,50,3363.964378
-50.0,50,3366.583434
-50.0,50,3369.277947
-50.0,50,3371.942488
-50.0,50,3374.591562
-49.0,50,3377.266158
-50.0,50,3379.931867
-50.0,50,3382.568103
-50.0,50,3385.314953
-50.0,50,3388.122499
-50.0,50,3391.916965
-50.0,50,3395.631977
-50.0,50,3399.352389
-50.0,50,3403.124519
-50.0,50,3406.825191
-50.0,50,3410.588756
-50.0,50,3414.283315
-50.0,50,3417.952384
-50.0,50,3421.67966
-50.0,50,3425.415939
-50.0,50,3429.15892
-50.0,50,3432.78818
-50.0,50,3436.489297
-50.0,50,3440.312407
-50.0,50,3443.999308
-50.0,50,3447.709104
-50.0,50,3451.493845
-50.0,50,3455.195802
-50.0,50,3458.88982
-50.0,50,3462.534833
-50.0,50,3466.211087
-50.0,50,3469.941868
-50.0,50,3473.684299
-50.0,50,3477.355498
-50.0,50,3480.995214
-50.0,50,3484.768824
-50.0,50,3488.464614
-50.0,50,3492.212915
-50.0,50,3495.877442
-50.0,50,3499.670065
-50.0,50,3503.396968
-50.0,50,3507.13414
-47.0,50,3510.929083
-50.0,50,3514.656641
-50.0,50,3517.921314
-50.0,50,3520.983172
-50.0,50,3524.654646
-50.0,50,3528.154165
-50.0,50,3528.667995
-50.0,50,3529.180032
-48.0,50,3529.729165
-50.0,50,3530.363405
-50.0,50,3530.970287
-50.0,50,3531.567539
-50.0,50,3532.268626
-50.0,50,3532.833833
-50.0,50,3533.417727
-50.0,50,3534.105338
-50.0,50,3537.932887
-50.0,50,3541.724008
-50.0,50,3545.413693
-50.0,50,3549.109844
-50.0,50,3552.884041
-50.0,50,3556.669776
-50.0,50,3560.379884
-50.0,50,3564.075103
-50.0,50,3567.775619
-50.0,50,3571.514537
-50.0,50,3575.254095
-50.0,50,3578.974362
-50.0,50,3582.663752
-50.0,50,3586.361355
-50.0,50,3590.065926
-50.0,50,3593.739305
-50.0,50,3597.508369
-50.0,50,3601.179561
-50.0,50,3604.878444
-50.0,50,3608.588027
-50.0,50,3612.37376
-50.0,50,3616.047267
-50.0,50,3619.822445
-50.0,50,3623.521069
-50.0,50,3627.206411
-50.0,50,3630.935982
-50.0,50,3634.638267
-50.0,50,3638.048666
-50.0,50,3641.304348
-50.0,50,3644.54619
-50.0,50,3647.512902
-50.0,50,3651.047423
-50.0,50,3653.868545
-50.0,50,3656.923936
-50.0,50,3659.868715
-50.0,50,3663.155525
-50.0,50,3666.34144
-50.0,50,3669.332999
-50.0,50,3672.921129
-50.0,50,3675.863895
-50.0,50,3679.264527
-50.0,50,3682.11678
-50.0,50,3685.86242
-50.0,50,3689.647465
-50.0,50,3692.789198
-50.0,50,3695.953718
-50.0,50,3698.943202
-50.0,50,3702.023835
-50.0,50,3705.084841
-50.0,50,3707.894223
-50.0,50,3708.429972
-50.0,50,3709.046008
-50.0,50,3709.675575
-50.0,50,3710.22058
-50.0,50,3710.723047
-50.0,50,3711.28344
-50.0,50,3711.808171
-50.0,50,3712.348986
-50.0,50,3712.898957
-50.0,50,3713.444742
-50.0,50,3716.376375
-50.0,50,3719.392809
-50.0,50,3722.203155
-50.0,50,3724.845939
-50.0,50,3727.575939
-50.0,50,3730.374715
-50.0,50,3733.505829
-50.0,50,3736.606993
-50.0,50,3739.452971
-50.0,50,3742.180259
-50.0,50,3744.903397
-50.0,50,3747.597298
-48.0,50,3750.335544
-50.0,50,3753.039431
-50.0,50,3755.661706
-50.0,50,3758.393475
-50.0,50,3761.0349
-50.0,50,3763.754347
-50.0,50,3766.512961
-50.0,50,3769.359422
-50.0,50,3772.1144
-50.0,50,3774.80832
-50.0,50,3777.521152
-50.0,50,3780.35189
-50.0,50,3783.170768
-50.0,50,3786.013352
-50.0,50,3788.770128
-50.0,50,3791.558843
-50.0,50,3794.449416
-50.0,50,3797.286467
-50.0,50,3800.113189
-50.0,50,3802.897288
-50.0,50,3805.662774
-50.0,50,3808.342465
-50.0,50,3811.025582
-50.0,50,3813.84363
-50.0,50,3816.515983
-50.0,50,3819.159865
-50.0,50,3821.877561
-50.0,50,3824.556972
-50.0,50,3827.205981
-50.0,50,3829.891649
-50.0,50,3832.888616
-50.0,50,3835.693517
-50.0,50,3838.467922
-50.0,50,3841.146045
-50.0,50,3843.818048
-50.0,50,3846.504071
-50.0,50,3849.181219
-50.0,50,3851.845551
-50.0,50,3852.292312
-50.0,50,3852.762674
-50.0,50,3853.23299
-50.0,50,3853.73315
-50.0,50,3854.196832
-50.0,50,3854.736945
-50.0,50,3855.22657
-50.0,50,3855.719251
-50.0,50,3856.16558
-50.0,50,3856.891083
-50.0,50,3859.540377
-50.0,50,3862.204401
-50.0,50,3864.887235
-50.0,50,3867.522389
-50.0,50,3870.301322
-50.0,50,3873.027568
-50.0,50,3875.727312
-50.0,50,3878.464228
-50.0,50,3881.196943
-50.0,50,3883.90962
-50.0,50,3886.544894
-50.0,50,3889.268533
-50.0,50,3891.947908
-50.0,50,3894.696636
-50.0,50,3897.4043
-50.0,50,3900.100719
-50.0,50,3902.79215
-50.0,50,3905.459434
-50.0,50,3908.173959
-50.0,50,3910.879854
-50.0,50,3913.545782
-48.0,50,3916.192051
-50.0,50,3918.898471
-50.0,50,3921.647514
-50.0,50,3924.283519
-50.0,50,3927.041435
-50.0,50,3929.754363
-50.0,50,3932.487907
-50.0,50,3935.209167
-50.0,50,3937.882241
-50.0,50,3940.545618
-50.0,50,3943.217231
-50.0,50,3946.38965
-50.0,50,3949.321328
-50.0,50,3952.32739
-50.0,50,3955.230476
-50.0,50,3958.000838
-50.0,50,3960.694389
-50.0,50,3963.430941
-50.0,50,3966.127448
-50.0,50,3968.818283
-50.0,50,3971.537585
-50.0,50,3974.223603
-50.0,50,3976.975688
-50.0,50,3979.636963
-50.0,50,3982.422619
-50.0,50,3985.124734
-50.0,50,3987.872382
-50.0,50,3990.792704
-50.0,50,3993.794705
-50.0,50,3994.281013
-50.0,50,3994.809542
-50.0,50,3995.382087
-50.0,50,3995.890666
-47.0,50,3996.350696
-50.0,50,3996.870711
-50.0,50,3997.378528
-50.0,50,3997.872937
-50.0,50,3998.383288
-50.0,50,3998.928978
-50.0,50,4001.667965
-50.0,50,4004.379984
-50.0,50,4007.107526
-50.0,50,4009.846738
-50.0,50,4012.595249
-50.0,50,4015.254646
-50.0,50,4017.900553
-50.0,50,4020.641343
-50.0,50,4023.309246
-50.0,50,4025.986794
-50.0,50,4028.654006
-50.0,50,4031.308909
-50.0,50,4033.9851
-50.0,50,4036.629939
-50.0,50,4039.33188
-50.0,50,4041.951812
-50.0,50,4044.596349
-50.0,50,4047.320745
-50.0,50,4049.938467
-50.0,50,4052.588064
-50.0,50,4055.256404
-50.0,50,4057.924874
-48.0,50,4060.580855
-50.0,50,4063.247167
-50.0,50,4065.89336
-50.0,50,4068.568818
-50.0,50,4071.263222
-50.0,50,4073.938421
-50.0,50,4076.60211
-50.0,50,4079.261775
-50.0,50,4081.921391
-50.0,50,4084.546231
-50.0,50,4087.248605
-50.0,50,4089.903576
-50.0,50,4092.53711
-50.0,50,4095.203533
-50.0,50,4097.907645
-50.0,50,4100.568142
-50.0,50,4103.244162
-50.0,50,4105.85279
-50.0,50,4108.567362
-50.0,50,4111.237441
-50.0,50,4113.942352
-50.0,50,4116.584454
-50.0,50,4119.289093
-50.0,50,4121.920364
-50.0,50,4124.62333
-50.0,50,4127.246612
-48.0,50,4129.894631
-50.0,50,4132.676452
-50.0,50,4133.141414
-50.0,50,4133.650534
-50.0,50,4134.108257
-50.0,50,4134.632393
-50.0,50,4135.140059
-50.0,50,4135.629958
-50.0,50,4136.166582
-50.0,50,4136.665272
-50.0,50,4137.180908
-50.0,50,4137.746892
-50.0,50,4140.58714
-50.0,50,4143.240857
-50.0,50,4146.027296
-50.0,50,4148.798177
-50.0,50,4151.655746
-50.0,50,4154.346177
-50.0,50,4156.937652
-50.0,50,4159.682375
-50.0,50,4162.401282
-50.0,50,4165.152433
-50.0,50,4167.954539
-50.0,50,4170.850469
-50.0,50,4173.654568
-50.0,50,4176.343874
-50.0,50,4179.027606
-50.0,50,4181.720282
-50.0,50,4184.356843
-50.0,50,4187.005363
-47.0,50,4189.682201
-50.0,50,4192.304123
-50.0,50,4194.978015
-50.0,50,4197.660137
-50.0,50,4200.310807
-50.0,50,4202.966476
-50.0,50,4205.689059
-50.0,50,4208.377783
-50.0,50,4211.010376
-50.0,50,4213.643892
-50.0,50,4216.295148
-50.0,50,4219.003546
-50.0,50,4221.623902
-50.0,50,4224.287259
-50.0,50,4226.955025
-50.0,50,4229.599699
-50.0,50,4232.24333
-50.0,50,4234.931559
-50.0,50,4237.607441
-50.0,50,4240.279051
-50.0,50,4242.964178
-50.0,50,4245.617166
-50.0,50,4248.269571
-50.0,50,4250.921721
-50.0,50,4253.575736
-50.0,50,4256.307389
-50.0,50,4258.941229
-50.0,50,4261.612846
-50.0,50,4264.494365
-50.0,50,4267.221809
-50.0,50,4270.285049
-50.0,50,4273.118309
-50.0,50,4273.639025
-50.0,50,4274.138611
-50.0,50,4274.649227
-47.0,50,4275.184862
-50.0,50,4275.649402
-50.0,50,4276.146516
-50.0,50,4276.637926
-50.0,50,4277.124018
-50.0,50,4277.581998
-50.0,50,4278.222697
-50.0,50,4280.931942
-50.0,50,4283.574181
-50.0,50,4286.212565
-50.0,50,4288.894478
-50.0,50,4291.559226
-50.0,50,4294.244843
-50.0,50,4296.999784
-50.0,50,4299.822079
-50.0,50,4302.515776
-50.0,50,4305.25877
-50.0,50,4308.14312
-50.0,50,4310.87125
-50.0,50,4313.678702
-50.0,50,4316.348884
-50.0,50,4319.019076
-50.0,50,4321.660686
-50.0,50,4324.314923
-50.0,50,4327.061511
-50.0,50,4329.724978
-50.0,50,4332.453807
-50.0,50,4335.23643
-50.0,50,4337.917056
-50.0,50,4340.55232
-50.0,50,4343.252645
-50.0,50,4346.08232
-50.0,50,4348.80345
-50.0,50,4351.475075
-50.0,50,4354.194737
-50.0,50,4356.900874
-50.0,50,4359.597749
-50.0,50,4362.325948
-50.0,50,4364.964173
-50.0,50,4367.682511
-50.0,50,4370.327784
-50.0,50,4373.022468
-50.0,50,4375.761375
-50.0,50,4378.473454
-50.0,50,4381.184331
-50.0,50,4383.841104
-50.0,50,4386.547008
-50.0,50,4389.258946
-50.0,50,4391.955117
-50.0,50,4394.693288
-50.0,50,4397.432378
-50.0,50,4400.144593
-50.0,50,4402.791642
-50.0,50,4405.489951
-50.0,50,4408.15457
-50.0,50,4410.810352
-50.0,50,4413.522638
-50.0,50,4414.011453
-50.0,50,4414.470778
-50.0,50,4414.943365
-50.0,50,4415.429075
-50.0,50,4415.932128
-50.0,50,4416.397277
-48.0,50,4416.902299
-48.0,50,4417.394385
-50.0,50,4417.903889
-50.0,50,4418.55054
-50.0,50,4421.191542
-50.0,50,4423.859917
-50.0,50,4426.53092
-50.0,50,4429.276147
-50.0,50,4431.993031
-50.0,50,4434.69231
-50.0,50,4437.409088
-50.0,50,4440.181005
-50.0,50,4442.91981
-50.0,50,4445.715323
-50.0,50,4448.434792
-50.0,50,4451.127383
-48.0,50,4453.808979
-50.0,50,4456.555696
-50.0,50,4459.247315
-50.0,50,4462.02316
-50.0,50,4464.771556
-50.0,50,4467.445546
-50.0,50,4470.118971
-47.0,50,4472.823433
-50.0,50,4475.519851
-50.0,50,4478.562447
-50.0,50,4481.637308
-50.0,50,4484.312131
-50.0,50,4487.007801
-50.0,50,4489.720412
-50.0,50,4492.506664
-50.0,50,4495.188307
-50.0,50,4497.867036
-50.0,50,4500.543968
-50.0,50,4503.237002
-50.0,50,4505.903185
-50.0,50,4508.570375
-50.0,50,4511.268136
-50.0,50,4514.001374
-50.0,50,4516.765139
-50.0,50,4519.442605
-50.0,50,4522.185369
-50.0,50,4524.894977
-50.0,50,4527.59059
-50.0,50,4530.275498
-50.0,50,4532.936228
-50.0,50,4535.606514
-50.0,50,4538.392959
-50.0,50,4541.148538
-50.0,50,4543.859874
-50.0,50,4546.753011
-50.0,50,4549.811374
-50.0,50,4552.647695
-50.0,50,4555.337707
-50.0,50,4555.819248
-47.0,50,4556.279347
-50.0,50,4556.740718
-50.0,50,4557.226928
-50.0,50,4557.744947
-50.0,50,4558.227921
-48.0,50,4558.729972
-50.0,50,4559.204955
-50.0,50,4559.739004
-50.0,50,4560.3702
-50.0,50,4563.044869
-50.0,50,4565.759682
-50.0,50,4568.469329
-47.0,50,4571.170979
-50.0,50,4573.8425
-50.0,50,4576.475162
-50.0,50,4579.171885
-50.0,50,4581.913311
-50.0,50,4584.582042
-50.0,50,4587.252828
-50.0,50,4589.995327
-50.0,50,4592.715104
-50.0,50,4595.423696
-50.0,50,4598.144823
-50.0,50,4600.859856
-50.0,50,4603.741429
-50.0,50,4606.423063
-50.0,50,4609.225411
-50.0,50,4611.862605
-50.0,50,4614.614964
-50.0,50,4617.630235
-50.0,50,4620.76926
-50.0,50,4623.471069
-50.0,50,4626.144368
-50.0,50,4628.790118
-50.0,50,4631.471071
-49.0,50,4634.216347
-50.0,50,4636.904715
-50.0,50,4639.653099
-50.0,50,4642.361407
-50.0,50,4644.995695
-50.0,50,4647.651431
-50.0,50,4650.504745
-50.0,50,4653.251894
-50.0,50,4656.079712
-50.0,50,4658.7361
-50.0,50,4661.445262
-50.0,50,4664.128701
-50.0,50,4666.809847
-50.0,50,4670.178499
-50.0,50,4673.629267
-50.0,50,4677.508448
-50.0,50,4681.320993
-50.0,50,4685.111638
-50.0,50,4688.852204
-50.0,50,4692.624004
-50.0,50,4696.363922
-50.0,50,4700.145616
-50.0,50,4703.852157
-50.0,50,4707.769395
-50.0,50,4708.478248
-50.0,50,4709.131375
-50.0,50,4709.693487
-48.0,50,4710.319651
-50.0,50,4710.900738
-50.0,50,4711.507328
-50.0,50,4712.109275
-49.0,50,4712.735249
-50.0,50,4713.281175
-48.0,50,4713.876771
-50.0,50,4717.593717
-50.0,50,4721.281711
-50.0,50,4724.994779
-50.0,50,4728.693064
-50.0,50,4732.454124
-50.0,50,4736.145004
-50.0,50,4739.844542
-50.0,50,4743.56162
-50.0,50,4747.274664
-50.0,50,4750.955238
-50.0,50,4754.647113
-50.0,50,4758.193847
-50.0,50,4761.88706
-50.0,50,4765.555471
-50.0,50,4769.165121
-49.0,50,4772.870944
-50.0,50,4776.642463
-47.0,50,4779.887626
-50.0,50,4783.729206
-50.0,50,4787.1892
-50.0,50,4790.212356
-50.0,50,4793.578397
-50.0,50,4796.937078
-47.0,50,4800.129737
-50.0,50,4803.406347
-50.0,50,4806.791739
-50.0,50,4809.948625
-50.0,50,4812.807706
-50.0,50,4815.637159
-50.0,50,4818.469513
-50.0,50,4821.446928
-50.0,50,4824.132164
-50.0,50,4826.848085
-50.0,50,4829.508836
-48.0,50,4832.173863
-50.0,50,4834.884317
-50.0,50,4837.813237
-50.0,50,4840.465642
-50.0,50,4843.330217
-50.0,50,4846.219268
-50.0,50,4848.97975
-50.0,50,4851.892483
-50.0,50,4854.558406
-50.0,50,4857.480989
-50.0,50,4860.21877
-50.0,50,4862.916353
-50.0,50,4866.001153
-50.0,50,4868.774385
-50.0,50,4871.499015
-50.0,50,4874.370016
-46.0,50,4874.87352
-50.0,50,4875.460797
-50.0,50,4875.99348
-50.0,50,4876.505718
-50.0,50,4877.031809
-50.0,50,4877.557521
-50.0,50,4878.138238
-50.0,50,4878.674108
-48.0,50,4879.258467
-50.0,50,4879.848584
-50.0,50,4882.844379
-50.0,50,4885.490805
-50.0,50,4888.193743
-50.0,50,4890.871426
-50.0,50,4893.575382
-49.0,50,4896.300479
-50.0,50,4899.025045
-50.0,50,4901.69851
-47.0,50,4904.415041
-50.0,50,4907.149957
-50.0,50,4909.845652
-50.0,50,4912.524554
-47.0,50,4915.274342
-50.0,50,4917.999779
-50.0,50,4920.655543
-50.0,50,4923.368957
-50.0,50,4926.114766
-50.0,50,4928.867306
-50.0,50,4931.630192
-47.0,50,4934.35799
-50.0,50,4937.008723
-50.0,50,4939.688813
-50.0,50,4942.491115
-50.0,50,4945.297277
-50.0,50,4948.11088
-50.0,50,4950.852185
-50.0,50,4953.615749
-50.0,50,4956.353851
-50.0,50,4959.006787
-50.0,50,4961.704745
-50.0,50,4964.48859
-50.0,50,4967.274723
-50.0,50,4970.055292
-50.0,50,4972.973711
-50.0,50,4975.810712
-50.0,50,4978.634623
-50.0,50,4981.429644
-50.0,50,4984.13026
-50.0,50,4986.851103
-50.0,50,4989.616318
-50.0,50,4992.425059
-50.0,50,4995.220823
-50.0,50,4998.091349
-47.0,50,5000.992398
-50.0,50,5003.88922
-50.0,50,5006.760417
-50.0,50,5009.593103
-50.0,50,5012.40077
-50.0,50,5015.261361
-50.0,50,5017.995913
-50.0,50,5018.49872
-50.0,50,5019.046566
-50.0,50,5019.528695
-50.0,50,5020.03509
-47.0,50,5020.567538
-50.0,50,5021.107241
-50.0,50,5021.619162
-50.0,50,5022.127656
-47.0,50,5022.730894
-50.0,50,5023.400275
-50.0,50,5026.078531
-50.0,50,5028.769112
-50.0,50,5031.433143
-50.0,50,5034.12371
-48.0,50,5036.764311
-50.0,50,5039.47075
-50.0,50,5042.131629
-50.0,50,5045.03066
-50.0,50,5047.843322
-50.0,50,5050.557849
-50.0,50,5053.384207
-50.0,50,5056.227869
-50.0,50,5059.089926
-50.0,50,5061.76476
-50.0,50,5064.534852
-50.0,50,5067.17707
-50.0,50,5069.901918
-50.0,50,5072.561693
-50.0,50,5075.320908
-50.0,50,5078.062068
-50.0,50,5080.851448
-50.0,50,5083.775247
-50.0,50,5086.561448
-50.0,50,5089.270758
-50.0,50,5092.011347
-47.0,50,5094.735018
-50.0,50,5097.529245
-50.0,50,5100.252824
-50.0,50,5103.032664
-48.0,50,5105.84094
-50.0,50,5108.664214
-50.0,50,5111.464734
-50.0,50,5114.360768
-50.0,50,5117.061372
-50.0,50,5119.99388
-50.0,50,5122.857278
-50.0,50,5125.724491
-50.0,50,5128.435833
-50.0,50,5131.097594
-50.0,50,5133.796158
-50.0,50,5136.436824
-50.0,50,5139.205698
-50.0,50,5141.909566
-50.0,50,5144.584174
-49.0,50,5147.417053
-47.0,50,5150.117646
-50.0,50,5152.782181
-50.0,50,5155.446379
-50.0,50,5158.155179
-50.0,50,5160.872596
-48.0,50,5161.414933
-50.0,50,5161.927268
-49.0,50,5162.450217
-47.0,50,5162.953463
-50.0,50,5163.485128
-47.0,50,5164.037847
-50.0,50,5164.640311
-50.0,50,5165.145579
-50.0,50,5165.65778
-50.0,50,5166.181157
-50.0,50,5168.948615
-50.0,50,5171.652223
-50.0,50,5174.327295
-50.0,50,5177.025447
-50.0,50,5179.7449
-50.0,50,5182.481587
-50.0,50,5185.178709
-50.0,50,5188.104178
-50.0,50,5190.903059
-50.0,50,5193.635717
-50.0,50,5196.482383
-50.0,50,5199.265948
-50.0,50,5202.019335
-50.0,50,5204.726771
-50.0,50,5207.519495
-50.0,50,5210.463686
-50.0,50,5213.860214
-50.0,50,5216.788267
-50.0,50,5219.575399
-50.0,50,5222.517032
-50.0,50,5225.34943
-50.0,50,5228.169892
-50.0,50,5231.864375
-50.0,50,5235.492769
-50.0,50,5239.325035
-50.0,50,5243.072066
-50.0,50,5246.817818
-50.0,50,5250.509559
-50.0,50,5254.288119
-50.0,50,5258.004457
-50.0,50,5261.789805
-49.0,50,5265.557354
-50.0,50,5269.296231
-50.0,50,5272.957346
-50.0,50,5276.677403
-47.0,50,5280.390464
-50.0,50,5284.114604
-50.0,50,5287.97063
-50.0,50,5291.476091
-50.0,50,5295.134854
-50.0,50,5298.857271
-50.0,50,5302.470676
-50.0,50,5306.213698
-50.0,50,5309.908461
-50.0,50,5313.558432
-50.0,50,5317.302907
-50.0,50,5321.031495
-50.0,50,5324.654343
-50.0,50,5328.353212
-50.0,50,5332.04415
-50.0,50,5332.600212
-50.0,50,5333.218354
-47.0,50,5333.817384
-50.0,50,5334.379083
-50.0,50,5334.975078
-50.0,50,5335.565969
-50.0,50,5336.177662
-50.0,50,5336.746437
-50.0,50,5337.295954
-50.0,50,5338.075601
-50.0,50,5341.760351
-50.0,50,5345.453061
-50.0,50,5349.069317
-50.0,50,5352.918492
-50.0,50,5356.637605
-50.0,50,5360.389881
-50.0,50,5363.55025
-50.0,50,5366.244411
-50.0,50,5368.901939
-50.0,50,5371.557425
-50.0,50,5374.240237
-50.0,50,5376.911877
-50.0,50,5379.565403
-50.0,50,5382.260326
-50.0,50,5384.931485
-50.0,50,5387.585086
-50.0,50,5390.229798
-50.0,50,5392.924458
-49.0,50,5395.577698
-50.0,50,5398.208367
-50.0,50,5400.889155
-50.0,50,5403.597816
-50.0,50,5406.252813
-50.0,50,5408.925117
-50.0,50,5411.601878
-48.0,50,5414.271627
-48.0,50,5416.92843
-50.0,50,5419.62111
-50.0,50,5422.294374
-48.0,50,5424.964294
-50.0,50,5427.639282
-50.0,50,5430.244127
-50.0,50,5432.960914
-50.0,50,5435.574544
-50.0,50,5438.293776
-50.0,50,5440.960812
-50.0,50,5443.616778
-50.0,50,5446.312844
-50.0,50,5449.03425
-50.0,50,5451.720102
-47.0,50,5454.377981
-50.0,50,5457.016338
-50.0,50,5459.698134
-50.0,50,5462.358868
-50.0,50,5465.036629
-50.0,50,5467.737767
-50.0,50,5470.442714
-47.0,50,5473.090921
-50.0,50,5475.780079
-50.0,50,5478.445222
-50.0,50,5478.924591
-47.0,50,5479.40566
-47.0,50,5479.922702
-50.0,50,5480.407206
-50.0,50,5480.95391
-50.0,50,5481.517739
-50.0,50,5482.051347
-50.0,50,5482.541462
-50.0,50,5483.043397
-50.0,50,5483.731785
-50.0,50,5486.723848
-50.0,50,5489.573773
-50.0,50,5492.559251
-50.0,50,5495.523138
-50.0,50,5498.353146
-50.0,50,5501.830908
-50.0,50,5505.040687
-50.0,50,5507.997704
-50.0,50,5510.797405
-50.0,50,5513.498062
-50.0,50,5516.119809
-47.0,50,5518.823668
-50.0,50,5521.4028
-47.0,50,5524.144821
-50.0,50,5526.758586
-50.0,50,5529.42633
-50.0,50,5532.098423
-50.0,50,5534.801477
-50.0,50,5537.444682
-50.0,50,5540.164459
-50.0,50,5542.832055
-46.0,50,5545.314691
-50.0,50,5547.697468
-50.0,50,5550.040239
-50.0,50,5552.336051
-50.0,50,5554.720138
-50.0,50,5557.031615
-50.0,50,5559.389949
-50.0,50,5561.72765
-50.0,50,5564.089569
-50.0,50,5566.448356
-50.0,50,5568.727697
-50.0,50,5571.21422
-50.0,50,5573.641583
-50.0,50,5576.018078
-50.0,50,5578.396736
-50.0,50,5580.808221
-50.0,50,5583.160591
-48.0,50,5585.693002
-50.0,50,5588.018894
-50.0,50,5590.347249
-50.0,50,5592.699795
-50.0,50,5595.17003
-50.0,50,5597.573093
-50.0,50,5600.033421
-50.0,50,5602.37441
-50.0,50,5604.822704
-50.0,50,5607.217904
-50.0,50,5609.570266
-50.0,50,5611.9442
-50.0,50,5612.338668
-50.0,50,5612.726762
-50.0,50,5613.164567
-48.0,50,5613.628654
-50.0,50,5614.063321
-50.0,50,5614.47352
-50.0,50,5614.89948
-48.0,50,5615.34189
-49.0,50,5615.776293
-50.0,50,5616.241668
-50.0,50,5618.566336
-50.0,50,5620.988482
-50.0,50,5623.388574
-50.0,50,5625.74889
-50.0,50,5628.187001
-50.0,50,5630.524112
-50.0,50,5632.878177
-50.0,50,5635.478795
-50.0,50,5637.823364
-50.0,50,5640.150066
-50.0,50,5642.520806
-50.0,50,5644.866738
-50.0,50,5647.184126
-50.0,50,5649.545381
-50.0,50,5651.897771
-50.0,50,5654.260998
-50.0,50,5656.622032
-50.0,50,5659.011894
-50.0,50,5661.410284
-50.0,50,5663.812228
-50.0,50,5666.173897
-50.0,50,5668.511291
-50.0,50,5670.877409
-50.0,50,5673.183076
-50.0,50,5675.512767
-50.0,50,5677.897192
-50.0,50,5680.269179
-50.0,50,5682.590696
-50.0,50,5685.00335
-50.0,50,5687.345141
-50.0,50,5689.709186
-50.0,50,5692.06208
-50.0,50,5694.577465
-50.0,50,5697.515302
-50.0,50,5700.260817
-50.0,50,5702.67354
-50.0,50,5705.026147
-50.0,50,5707.403585
-50.0,50,5709.726865
-50.0,50,5712.09076
-50.0,50,5714.430435
-50.0,50,5716.785268
-50.0,50,5719.18391
-50.0,50,5721.535652
-50.0,50,5723.867616
-50.0,50,5726.273177
-50.0,50,5728.671388
-50.0,50,5731.087448
-50.0,50,5733.432037
-50.0,50,5735.863541
-50.0,50,5736.30117
-50.0,50,5736.740051
-50.0,50,5737.152117
-50.0,50,5737.596546
-50.0,50,5738.016804
-50.0,50,5738.449542
-50.0,50,5738.869854
-50.0,50,5739.304932
-50.0,50,5739.764454
-50.0,50,5740.258983
-50.0,50,5742.610928
-50.0,50,5745.001446
-50.0,50,5747.285621
-50.0,50,5749.761098
-50.0,50,5752.149098
-50.0,50,5754.525288
-50.0,50,5756.857977
-50.0,50,5759.232255
-50.0,50,5761.600334
-50.0,50,5764.019552
-50.0,50,5766.312201
-50.0,50,5768.672603
-50.0,50,5770.974243
-50.0,50,5773.299604
-50.0,50,5775.556733
-50.0,50,5777.901008
-50.0,50,5780.191612
-50.0,50,5782.513464
-50.0,50,5784.945785
-50.0,50,5787.49333
-50.0,50,5789.867826
-50.0,50,5792.330677
-50.0,50,5794.677324
-50.0,50,5796.93587
-50.0,50,5799.276942
-50.0,50,5801.864933
-50.0,50,5804.25343
-50.0,50,5806.576344
-50.0,50,5808.965344
-50.0,50,5811.272153
-50.0,50,5813.620221
-50.0,50,5815.971221
-50.0,50,5818.356315
-50.0,50,5820.668067
-50.0,50,5823.243209
-50.0,50,5825.580637
-47.0,50,5827.879012
-50.0,50,5830.206951
-50.0,50,5832.484823
-50.0,50,5834.823541
-50.0,50,5837.27873
-50.0,50,5839.667606
-50.0,50,5841.985939
-50.0,50,5844.272231
-50.0,50,5846.738148
-50.0,50,5849.129377
-50.0,50,5851.443054
-50.0,50,5853.744439
-50.0,50,5856.096732
-50.0,50,5858.354737
-50.0,50,5858.781574
-50.0,50,5859.197059
-50.0,50,5859.647938
-50.0,50,5860.069698
-50.0,50,5860.499709
-50.0,50,5860.936959
-50.0,50,5861.350269
-50.0,50,5861.77116
-50.0,50,5862.188552
-50.0,50,5862.698209
-50.0,50,5865.017754
-50.0,50,5867.316002
-50.0,50,5869.643725
-50.0,50,5871.996115
-50.0,50,5874.281899
-50.0,50,5876.599333
-50.0,50,5878.926139
-50.0,50,5881.274127
-50.0,50,5883.568984
-50.0,50,5885.860031
-50.0,50,5888.176435
-50.0,50,5890.503427
-50.0,50,5892.823361
-50.0,50,5895.169212
-48.0,50,5897.441495
-50.0,50,5899.75466
-50.0,50,5902.073107
-50.0,50,5904.44163
-50.0,50,5906.797233
-50.0,50,5909.067663
-50.0,50,5911.395217
-50.0,50,5913.726634
-50.0,50,5916.045807
-50.0,50,5918.340639
-50.0,50,5920.656216
-50.0,50,5922.969736
-50.0,50,5925.316627
-50.0,50,5927.640986
-50.0,50,5929.904602
-50.0,50,5932.261491
-48.0,50,5934.574544
-50.0,50,5936.881328
-50.0,50,5939.20259
-50.0,50,5941.487555
-50.0,50,5943.808635
-50.0,50,5946.150877
-50.0,50,5948.442092
-47.0,50,5950.763556
-50.0,50,5953.109845
-50.0,50,5955.426383
-50.0,50,5957.731385
-50.0,50,5960.065018
-50.0,50,5962.363579
-50.0,50,5964.678596
-50.0,50,5967.018817
-50.0,50,5969.305964
-50.0,50,5971.607081
-50.0,50,5973.931473
-50.0,50,5976.229769
-50.0,50,5978.581942
-50.0,50,5979.003648
-50.0,50,5979.427076
-50.0,50,5979.864914
-50.0,50,5980.293168
-50.0,50,5980.683706
-50.0,50,5981.086065
-50.0,50,5981.54765
-50.0,50,5981.971499
-50.0,50,5982.395987
-50.0,50,5983.000434
-50.0,50,5985.304891
-50.0,50,5987.628062
-50.0,50,5989.961691
-50.0,50,5992.297816
-50.0,50,5994.585028
-50.0,50,5996.919682
-50.0,50,5999.207996
-50.0,50,6001.542496
-50.0,50,6003.820622
-50.0,50,6006.184529
-50.0,50,6008.511613
-50.0,50,6010.788893
-50.0,50,6013.168593
-50.0,50,6015.449775
-50.0,50,6017.754638
-50.0,50,6020.099043
-50.0,50,6022.432125
-50.0,50,6024.744735
-50.0,50,6027.042235
-50.0,50,6029.385079
-48.0,50,6031.727452
-50.0,50,6034.001587
-50.0,50,6036.327882
-50.0,50,6038.81395
-50.0,50,6041.119653
-50.0,50,6043.493001
-49.0,50,6045.813505
-50.0,50,6048.10902
-50.0,50,6050.412715
-50.0,50,6052.758231
-50.0,50,6055.047391
-50.0,50,6057.367461
-50.0,50,6059.684522
-50.0,50,6061.972634
-50.0,50,6064.296266
-50.0,50,6066.640224
-50.0,50,6068.928422
-50.0,50,6071.25451
-50.0,50,6073.553722
-48.0,50,6075.914649
-50.0,50,6078.210036
-50.0,50,6080.56316
-50.0,50,6082.883263
-50.0,50,6085.195576
-50.0,50,6087.530743
-50.0,50,6089.843636
-50.0,50,6092.153222
-50.0,50,6094.488357
-50.0,50,6096.823334
-50.0,50,6099.101757
-50.0,50,6099.514612
-50.0,50,6099.947177
-50.0,50,6100.363528
-47.0,50,6100.784228
-50.0,50,6101.219969
-50.0,50,6101.632091
-50.0,50,6102.043843
-50.0,50,6102.465101
-50.0,50,6102.880672
-50.0,50,6103.406927
-50.0,50,6105.710706
-50.0,50,6108.034156
-50.0,50,6110.376761
-50.0,50,6112.717309
-50.0,50,6115.003705
-50.0,50,6117.299116
-50.0,50,6119.586485
-50.0,50,6121.966479
-50.0,50,6124.252426
-50.0,50,6126.622786
-50.0,50,6128.961927
-50.0,50,6131.270634
-50.0,50,6133.566807
-47.0,50,6135.887424
-50.0,50,6138.204556
-50.0,50,6140.53209
-50.0,50,6142.838576
-50.0,50,6145.190461
-50.0,50,6147.515903
-50.0,50,6149.834466
-50.0,50,6152.115757
-50.0,50,6154.465979
-50.0,50,6156.770193
-50.0,50,6159.051195
-48.0,50,6161.377622
-50.0,50,6163.702904
-50.0,50,6166.030257
-50.0,50,6168.369177
-50.0,50,6170.665987
-50.0,50,6172.99569
-50.0,50,6175.273516
-50.0,50,6177.616818
-50.0,50,6179.902905
-49.0,50,6182.250373
-50.0,50,6184.520798
-50.0,50,6186.866409
-50.0,50,6189.174084
-50.0,50,6191.515103
-48.0,50,6193.812215
-50.0,50,6196.15923
-50.0,50,6198.489913
-50.0,50,6200.791071
-48.0,50,6203.102756
-50.0,50,6205.415442
-50.0,50,6207.728723
-50.0,50,6210.073564
-48.0,50,6212.394727
-50.0,50,6214.687493
-50.0,50,6216.978114
-48.0,50,6219.336884
-49.0,50,6219.750139
-50.0,50,6220.15643
-50.0,50,6220.550288
-50.0,50,6220.956007
-50.0,50,6221.370056
-50.0,50,6221.806976
-50.0,50,6222.208912
-50.0,50,6222.645034
-50.0,50,6223.061343
-50.0,50,6223.568217
-47.0,50,6225.9179
-50.0,50,6228.274681
-50.0,50,6230.572886
-46.0,50,6232.874028
-50.0,50,6235.213186
-50.0,50,6237.535633
-50.0,50,6239.869632
-50.0,50,6242.177602
-50.0,50,6244.498771
-50.0,50,6246.7963
-50.0,50,6249.111381
-50.0,50,6251.420015
-50.0,50,6253.762855
-50.0,50,6256.085015
-50.0,50,6258.377216
-50.0,50,6260.680557
-50.0,50,6262.966754
-50.0,50,6265.369292
-50.0,50,6267.694383
-50.0,50,6269.995919
-50.0,50,6272.317547
-50.0,50,6274.643871
-50.0,50,6276.985664
-48.0,50,6279.28717
-50.0,50,6281.60023
-50.0,50,6283.941222
-50.0,50,6286.257604
-50.0,50,6288.559599
-50.0,50,6290.892013
-50.0,50,6293.176889
-50.0,50,6295.515176
-50.0,50,6297.827877
-50.0,50,6300.125738
-50.0,50,6302.42303
-50.0,50,6304.80036
-50.0,50,6307.156718
-50.0,50,6309.470103
-50.0,50,6311.776002
-48.0,50,6314.08211
-50.0,50,6316.427216
-50.0,50,6318.739238
-50.0,50,6321.062057
-50.0,50,6323.383544
-50.0,50,6325.64765
-50.0,50,6328.004738
-50.0,50,6330.328595
-48.0,50,6332.700072
-50.0,50,6334.974157
-50.0,50,6337.296399
-50.0,50,6339.636755
-50.0,50,6340.060454
-50.0,50,6340.498698
-50.0,50,6340.954167
-50.0,50,6341.361902
-48.0,50,6341.803953
-50.0,50,6342.195088
-48.0,50,6342.627054
-50.0,50,6343.018617
-50.0,50,6343.438115
-50.0,50,6343.837894
-50.0,50,6346.236828
-50.0,50,6348.519853
-50.0,50,6350.896829
-50.0,50,6353.272566
-50.0,50,6355.57753
-50.0,50,6357.868478
-50.0,50,6360.218526
-48.0,50,6362.51135
-50.0,50,6364.835997
-50.0,50,6367.159527
-50.0,50,6369.494636
-47.0,50,6371.815905
-50.0,50,6374.125555
-50.0,50,6376.455751
-50.0,50,6378.799623
-50.0,50,6381.12302
-50.0,50,6383.447495
-50.0,50,6385.756934
-50.0,50,6388.129986
-50.0,50,6390.410079
-50.0,50,6392.718017
-50.0,50,6395.055689
-50.0,50,6397.396136
-50.0,50,6399.672307
-50.0,50,6402.03591
-50.0,50,6404.350416
-50.0,50,6406.66166
-50.0,50,6409.001254
-50.0,50,6411.327211
-50.0,50,6413.646998
-50.0,50,6415.969699
-50.0,50,6418.269767
-50.0,50,6420.60689
-50.0,50,6422.939822
-50.0,50,6425.281199
-50.0,50,6427.585045
-50.0,50,6429.873797
-50.0,50,6432.247667
-50.0,50,6434.525134
-50.0,50,6436.84685
-48.0,50,6439.192337
-50.0,50,6441.49165
-50.0,50,6443.818727
-50.0,50,6446.098274
-50.0,50,6448.425032
-48.0,50,6450.782648
-50.0,50,6453.10623
-50.0,50,6455.417321
-50.0,50,6457.781451
-48.0,50,6460.076844
-48.0,50,6460.463181
-50.0,50,6460.880584
-50.0,50,6461.317594
-50.0,50,6461.735147
-50.0,50,6462.170314
-50.0,50,6462.58776
-50.0,50,6462.985282
-48.0,50,6463.378804
-50.0,50,6463.792038
-50.0,50,6464.3413
-50.0,50,6466.715263
-50.0,50,6469.001558
-50.0,50,6471.301282
-50.0,50,6473.660629
-50.0,50,6475.989178
-50.0,50,6478.262423
-50.0,50,6480.601982
-50.0,50,6482.929233
-50.0,50,6485.256349
-50.0,50,6487.582261
-50.0,50,6489.892373
-50.0,50,6492.196282
-50.0,50,6494.586945
-50.0,50,6496.881354
-50.0,50,6499.186976
-50.0,50,6501.507506
-50.0,50,6503.846753
-50.0,50,6506.241615
-50.0,50,6508.556032
-50.0,50,6510.886039
-50.0,50,6513.187655
-48.0,50,6515.5121
-50.0,50,6517.799391
-50.0,50,6520.145927
-50.0,50,6522.470297
-50.0,50,6524.769542
-50.0,50,6527.097563
-50.0,50,6529.422705
-50.0,50,6531.729492
-50.0,50,6534.03949
-50.0,50,6536.385731
-50.0,50,6538.73127
-50.0,50,6541.044037
-50.0,50,6543.367318
-50.0,50,6545.677289
-50.0,50,6547.998406
-50.0,50,6550.344577
-50.0,50,6552.704343
-50.0,50,6554.990484
-50.0,50,6557.304713
-50.0,50,6559.624914
-50.0,50,6561.956208
-50.0,50,6564.275859
-50.0,50,6566.613323
-50.0,50,6568.964947
-50.0,50,6571.304214
-50.0,50,6573.596785
-50.0,50,6575.961624
-50.0,50,6578.226034
-50.0,50,6580.538977
-50.0,50,6580.973735
-50.0,50,6581.386312
-48.0,50,6581.783044
-50.0,50,6582.19847
-50.0,50,6582.61668
-48.0,50,6583.046576
-50.0,50,6583.45899
-50.0,50,6583.902462
-50.0,50,6584.316957
-47.0,50,6584.807962
-50.0,50,6587.166688
-50.0,50,6589.49885
-50.0,50,6591.859009
-50.0,50,6594.175796
-50.0,50,6596.502361
-50.0,50,6598.825602
-50.0,50,6601.164731
-50.0,50,6603.458202
-50.0,50,6605.801897
-50.0,50,6608.102972
-50.0,50,6610.462227
-50.0,50,6612.81463
-50.0,50,6615.15536
-50.0,50,6617.450025
-50.0,50,6619.741931
-50.0,50,6622.109892
-50.0,50,6624.434662
-50.0,50,6626.770809
-50.0,50,6629.09758
-50.0,50,6631.372873
-50.0,50,6633.712965
-50.0,50,6635.994859
-50.0,50,6638.334074
-50.0,50,6640.638054
-50.0,50,6642.985181
-50.0,50,6645.279502
-50.0,50,6647.604694
-50.0,50,6649.93897
-50.0,50,6652.257016
-50.0,50,6654.601017
-50.0,50,6656.885864
-50.0,50,6659.213701
-50.0,50,6661.542952
-50.0,50,6663.876881
-50.0,50,6666.153799
-50.0,50,6668.51504
-50.0,50,6670.814177
-50.0,50,6673.157229
-50.0,50,6675.459705
-50.0,50,6677.781928
-50.0,50,6680.119813
-50.0,50,6682.473891
-50.0,50,6684.769159
-50.0,50,6687.081914
-50.0,50,6689.467201
-50.0,50,6691.827314
-50.0,50,6694.146352
-50.0,50,6696.490309
-50.0,50,6698.805844
-50.0,50,6701.083773
-47.0,50,6701.505677
-47.0,50,6701.900355
-47.0,50,6702.33693
-49.0,50,6702.761906
-50.0,50,6703.191709
-47.0,50,6703.605907
-50.0,50,6704.041565
-50.0,50,6704.488128
-48.0,50,6704.909104
-50.0,50,6705.395382
-50.0,50,6707.714172
-50.0,50,6710.043109
-50.0,50,6712.350415
-50.0,50,6714.683558
-50.0,50,6717.023675
-50.0,50,6719.373724
-50.0,50,6721.67592
-50.0,50,6724.025949
-50.0,50,6726.288472
-50.0,50,6728.661339
-50.0,50,6730.991387
-50.0,50,6733.309663
-50.0,50,6735.611635
-50.0,50,6737.9234
-50.0,50,6740.28765
-50.0,50,6742.590021
-48.0,50,6744.937068
-50.0,50,6747.223161
-50.0,50,6749.555333
-50.0,50,6751.897442
-50.0,50,6754.187317
-50.0,50,6756.502173
-50.0,50,6758.833899
-50.0,50,6761.117003
-50.0,50,6763.459547
-50.0,50,6765.752849
-50.0,50,6768.072397
-50.0,50,6770.455719
-50.0,50,6772.736454
-47.0,50,6775.083766
-50.0,50,6777.409356
-50.0,50,6779.726987
-50.0,50,6782.053199
-50.0,50,6784.37756
-50.0,50,6786.721759
-50.0,50,6789.066129
-50.0,50,6791.401656
-50.0,50,6793.725623
-50.0,50,6796.096619
-50.0,50,6798.404984
-50.0,50,6800.720607
-50.0,50,6803.079282
-50.0,50,6805.360621
-46.0,50,6807.664314
-50.0,50,6809.970847
-50.0,50,6812.320653
-50.0,50,6814.655826
-50.0,50,6816.993692
-50.0,50,6819.295657
-50.0,50,6821.603619
-50.0,50,6822.031403
-48.0,50,6822.473804
-50.0,50,6822.88503
-50.0,50,6823.290452
-50.0,50,6823.689528
-50.0,50,6824.099918
-50.0,50,6824.504966
-50.0,50,6824.916334
-50.0,50,6825.342263
-50.0,50,6825.879292
-50.0,50,6828.213781
-50.0,50,6830.530021
-50.0,50,6832.919873
-50.0,50,6835.20476
-50.0,50,6837.552224
-50.0,50,6839.869244
-50.0,50,6842.187017
-50.0,50,6844.533642
-50.0,50,6846.885883
-50.0,50,6849.237389
-50.0,50,6851.555794
-50.0,50,6853.868729
-50.0,50,6856.221952
-50.0,50,6858.521655
-49.0,50,6860.868792
-50.0,50,6863.183043
-50.0,50,6865.503258
-50.0,50,6867.851806
-49.0,50,6870.151301
-50.0,50,6872.505867
-50.0,50,6874.827174
-50.0,50,6877.165779
-49.0,50,6879.507653
-48.0,50,6881.83569
-50.0,50,6884.127992
-50.0,50,6886.466087
-50.0,50,6888.76737
-50.0,50,6891.074697
-49.0,50,6893.414889
-50.0,50,6895.728069
-50.0,50,6898.04502
-50.0,50,6900.368673
-50.0,50,6902.666629
-50.0,50,6904.934168
-50.0,50,6907.279159
-47.0,50,6909.628695
-50.0,50,6911.974129
-50.0,50,6914.338882
-50.0,50,6916.632108
-50.0,50,6918.998417
-50.0,50,6921.352291
-50.0,50,6923.656199
-50.0,50,6925.972902
-50.0,50,6928.299448
-47.0,50,6930.63187
-50.0,50,6932.933634
-50.0,50,6935.242838
-50.0,50,6937.560412
-50.0,50,6939.899989
-50.0,50,6942.226752
-50.0,50,6942.649867
-50.0,50,6943.107475
-50.0,50,6943.5562
-50.0,50,6943.986787
-50.0,50,6944.390198
-50.0,50,6944.81253
-49.0,50,6945.254989
-50.0,50,6945.680791
-50.0,50,6946.080433
-50.0,50,6946.571106
-50.0,50,6948.924304
-50.0,50,6951.235275
-50.0,50,6953.576076
-50.0,50,6955.875382
-50.0,50,6958.184824
-47.0,50,6960.53432
-50.0,50,6962.847659
-50.0,50,6965.209816
-50.0,50,6967.507311
-50.0,50,6969.83244
-50.0,50,6972.159971
-50.0,50,6974.494629
-50.0,50,6976.811534
-49.0,50,6979.127561
-50.0,50,6981.455604
-50.0,50,6983.812831
-50.0,50,6986.192024
-50.0,50,6988.523519
-50.0,50,6990.848017
-50.0,50,6993.222652
-50.0,50,6995.472908
-50.0,50,6997.93712
-50.0,50,7001.388013
-50.0,50,7004.494515
-50.0,50,7007.405542
-50.0,50,7010.947059
-50.0,50,7014.617969
-50.0,50,7017.58252
-50.0,50,7021.013298
-50.0,50,7024.396287
-50.0,50,7027.803695
-50.0,50,7031.143594
-50.0,50,7034.477755
-50.0,50,7037.849736
-50.0,50,7041.148595
-50.0,50,7044.405588
-50.0,50,7047.733477
-50.0,50,7051.060811
-50.0,50,7054.412823
-50.0,50,7057.782992
-50.0,50,7061.007314
-50.0,50,7064.35201
-50.0,50,7067.565202
-50.0,50,7070.869396
-50.0,50,7074.251759
-50.0,50,7077.625265
-50.0,50,7081.038596
-50.0,50,7084.403597
-50.0,50,7087.731574
-50.0,50,7091.028269
-50.0,50,7091.551531
-48.0,50,7092.111428
-50.0,50,7092.656003
-50.0,50,7093.178106
-47.0,50,7093.748665
-48.0,50,7094.257546
-48.0,50,7094.742108
-49.0,50,7095.267991
-48.0,50,7095.772037
-47.0,50,7096.354617
-50.0,50,7099.636712
-50.0,50,7103.019416
-50.0,50,7106.296402
-50.0,50,7109.668023
-50.0,50,7113.034024
-47.0,50,7116.375901
-50.0,50,7119.660204
-50.0,50,7123.00085
-50.0,50,7126.347376
-50.0,50,7129.771204
-50.0,50,7133.0684
-50.0,50,7136.491094
-50.0,50,7139.877521
-47.0,50,7143.274032
-50.0,50,7146.695985
-50.0,50,7150.030587
-50.0,50,7153.322773
-50.0,50,7156.709745
-48.0,50,7159.983221
-50.0,50,7163.397708
-50.0,50,7166.795493
-50.0,50,7170.041188
-50.0,50,7173.401991
-50.0,50,7176.819842
-50.0,50,7180.181655
-50.0,50,7183.501106
-50.0,50,7186.938633
-50.0,50,7190.335754
-50.0,50,7193.668529
-50.0,50,7196.970849
-50.0,50,7200.224381
-50.0,50,7203.542794
-50.0,50,7206.941442
-50.0,50,7210.321069
-50.0,50,7213.735605
-50.0,50,7217.093737
-50.0,50,7220.468745
-50.0,50,7223.824225
-50.0,50,7227.118491
-50.0,50,7230.504975
-50.0,50,7233.824399
-50.0,50,7237.05665
-50.0,50,7240.491823
-50.0,50,7243.785026
-50.0,50,7247.146473
-50.0,50,7250.531256
-50.0,50,7253.92716
-50.0,50,7257.248896
-50.0,50,7260.610986
-47.0,50,7263.971357
-50.0,50,7264.49335
-50.0,50,7265.000074
-50.0,50,7265.526734
-48.0,50,7266.048654
-47.0,50,7266.580685
-47.0,50,7267.107468
-47.0,50,7267.676171
-50.0,50,7268.200602
-50.0,50,7268.717863
-50.0,50,7269.406862
-50.0,50,7272.777178
-50.0,50,7276.046618
-50.0,50,7279.345325
-50.0,50,7282.664904
-50.0,50,7285.916647
-50.0,50,7289.310217
-50.0,50,7292.633942
-50.0,50,7296.008564
-50.0,50,7299.360921
-50.0,50,7302.612045
-50.0,50,7305.594911
-47.0,50,7308.016224
-50.0,50,7310.597143
-50.0,50,7313.030567
-50.0,50,7315.468494
-50.0,50,7317.862181
-50.0,50,7320.429435
-50.0,50,7322.940402
-50.0,50,7325.469212
-50.0,50,7327.807892
-50.0,50,7330.152071
-50.0,50,7332.67899
-50.0,50,7335.044865
-50.0,50,7337.490669
-50.0,50,7339.909618
-50.0,50,7342.335131
-50.0,50,7344.720437
-50.0,50,7347.096586
-48.0,50,7349.521883
-50.0,50,7352.10601
-50.0,50,7354.539674
-48.0,50,7356.872544
-50.0,50,7359.276376
-50.0,50,7361.681859
-50.0,50,7364.065099
-50.0,50,7366.411963
-49.0,50,7368.803563
-50.0,50,7371.117375
-50.0,50,7373.827242
-50.0,50,7376.262645
-50.0,50,7378.623603
-48.0,50,7380.988013
-50.0,50,7383.372595
-50.0,50,7385.760077
-50.0,50,7388.190975
-50.0,50,7390.500751
-50.0,50,7392.916175
-50.0,50,7395.2927
-50.0,50,7397.655938
-50.0,50,7400.008387
-50.0,50,7400.452714
-50.0,50,7400.888803
-50.0,50,7401.338067
-50.0,50,7401.82835
-50.0,50,7402.260974
-49.0,50,7402.70601
-50.0,50,7403.129597
-50.0,50,7403.555835
-50.0,50,7403.962382
