# {"env_id": "FetchPickAndPlaceAir-v1", "t_start": 1582283642.6031694} 
r,l,t
-50.0,50,7.480641
-50.0,50,10.339324
-50.0,50,13.009846
-50.0,50,15.70755
-50.0,50,18.295214
-50.0,50,20.905544
-50.0,50,23.547541
-50.0,50,26.18153
-50.0,50,28.800894
-50.0,50,31.403369
-50.0,50,34.062299
-50.0,50,36.670191
-50.0,50,39.294157
-50.0,50,41.920908
-50.0,50,44.533154
-50.0,50,47.164059
-50.0,50,49.830642
-50.0,50,52.443781
-50.0,50,55.088644
-50.0,50,57.67794
-50.0,50,60.295492
-50.0,50,62.909162
-50.0,50,65.51804
-50.0,50,68.250418
-50.0,50,70.835559
-50.0,50,73.441438
-50.0,50,76.10435
-50.0,50,78.687038
-50.0,50,81.353566
-50.0,50,83.947518
-50.0,50,86.578902
-50.0,50,89.148267
-50.0,50,91.784504
-50.0,50,94.420663
-50.0,50,97.04733
-50.0,50,99.657619
-50.0,50,102.314192
-50.0,50,104.88949
-50.0,50,107.543869
-50.0,50,110.142222
-50.0,50,112.783587
-50.0,50,115.389062
-50.0,50,118.017807
-50.0,50,120.614493
-50.0,50,123.276609
-50.0,50,125.86349
-50.0,50,128.520689
-50.0,50,131.149871
-50.0,50,133.731921
-50.0,50,136.407606
-50.0,50,139.036417
-50.0,50,139.440156
-50.0,50,139.864458
-50.0,50,140.284709
-50.0,50,140.695716
-50.0,50,141.106488
-50.0,50,141.545614
-50.0,50,141.968125
-50.0,50,142.384656
-50.0,50,142.777618
-50.0,50,143.415449
-50.0,50,146.042663
-50.0,50,148.695859
-50.0,50,151.30919
-50.0,50,153.953241
-50.0,50,156.566449
-50.0,50,159.195952
-50.0,50,161.765029
-50.0,50,164.420564
-50.0,50,167.035809
-50.0,50,169.667766
-50.0,50,172.35011
-50.0,50,174.988626
-50.0,50,177.596266
-50.0,50,180.22415
-50.0,50,182.829031
-50.0,50,185.497805
-50.0,50,188.143958
-50.0,50,190.765805
-50.0,50,193.347643
-50.0,50,195.974253
-50.0,50,198.61689
-50.0,50,201.255105
-50.0,50,203.872096
-50.0,50,206.493644
-50.0,50,209.145373
-50.0,50,211.735721
-50.0,50,214.345537
-50.0,50,216.959367
-50.0,50,219.541629
-50.0,50,222.166163
-50.0,50,224.791979
-50.0,50,227.434019
-50.0,50,230.07044
-50.0,50,232.692631
-50.0,50,235.284795
-50.0,50,237.948785
-50.0,50,240.560779
-50.0,50,243.156486
-50.0,50,245.81024
-50.0,50,248.4204
-50.0,50,251.059257
-50.0,50,253.705958
-50.0,50,256.331036
-50.0,50,258.947758
-50.0,50,261.571326
-50.0,50,264.175994
-50.0,50,266.794297
-50.0,50,269.443891
-50.0,50,272.047251
-50.0,50,274.713408
-50.0,50,275.114047
-50.0,50,275.543557
-50.0,50,275.963004
-50.0,50,276.404733
-50.0,50,276.855564
-50.0,50,277.306698
-50.0,50,277.728995
-50.0,50,278.144697
-50.0,50,278.528389
-50.0,50,278.944144
-50.0,50,281.634987
-50.0,50,284.239513
-50.0,50,286.875376
-50.0,50,289.511327
-50.0,50,292.078616
-50.0,50,294.717189
-50.0,50,297.375267
-50.0,50,299.988273
-50.0,50,302.618041
-50.0,50,305.258353
-50.0,50,307.887532
-50.0,50,310.50805
-50.0,50,313.162317
-50.0,50,315.812822
-50.0,50,318.380334
-50.0,50,321.062383
-50.0,50,323.668847
-50.0,50,326.334869
-50.0,50,328.99556
-50.0,50,331.58931
-50.0,50,334.205799
-50.0,50,336.832568
-50.0,50,339.435634
-50.0,50,342.100868
-50.0,50,344.696131
-50.0,50,347.352151
-50.0,50,349.967804
-50.0,50,352.559117
-50.0,50,355.218986
-50.0,50,357.85935
-50.0,50,360.476766
-50.0,50,363.055732
-50.0,50,365.67597
-50.0,50,368.268324
-50.0,50,370.915888
-50.0,50,373.571076
-50.0,50,376.161327
-50.0,50,378.738214
-50.0,50,381.572221
-50.0,50,384.310986
-50.0,50,387.07502
-50.0,50,389.796276
-50.0,50,392.652999
-50.0,50,395.467416
-50.0,50,398.184127
-50.0,50,400.918105
-50.0,50,403.629202
-50.0,50,406.298481
-50.0,50,408.892967
-50.0,50,411.552731
-50.0,50,411.970491
-50.0,50,412.403057
-50.0,50,412.841764
-50.0,50,413.254788
-50.0,50,413.66059
-50.0,50,414.09008
-50.0,50,414.505347
-50.0,50,414.909977
-50.0,50,415.306984
-50.0,50,415.828687
-50.0,50,418.462556
-50.0,50,421.119774
-50.0,50,423.717938
-50.0,50,426.371208
-50.0,50,428.938807
-50.0,50,431.573321
-50.0,50,434.176241
-50.0,50,436.789154
-50.0,50,439.397309
-50.0,50,441.999194
-50.0,50,444.628354
-50.0,50,447.246528
-50.0,50,449.899582
-50.0,50,452.49232
-50.0,50,455.084781
-50.0,50,457.694503
-50.0,50,460.32531
-50.0,50,462.935258
-50.0,50,465.554217
-50.0,50,468.142002
-50.0,50,470.770558
-50.0,50,473.354134
-50.0,50,476.007084
-50.0,50,478.612467
-50.0,50,481.193577
-50.0,50,483.842528
-50.0,50,486.983678
-50.0,50,490.799931
-50.0,50,493.953663
-50.0,50,496.699439
-50.0,50,499.484903
-50.0,50,502.162067
-50.0,50,504.858079
-50.0,50,507.610351
-50.0,50,510.298861
-50.0,50,512.976964
-50.0,50,515.685874
-50.0,50,518.357599
-50.0,50,521.221728
-50.0,50,523.913196
-50.0,50,526.709471
-50.0,50,529.384408
-50.0,50,531.980498
-50.0,50,534.661953
-50.0,50,537.428579
-50.0,50,540.050734
-50.0,50,542.721882
-50.0,50,545.337644
-50.0,50,548.045594
-50.0,50,550.752894
-50.0,50,551.214382
-50.0,50,551.656094
-50.0,50,552.172966
-50.0,50,552.62792
-50.0,50,553.080871
-50.0,50,553.553791
-50.0,50,554.003165
-50.0,50,554.436839
-50.0,50,554.892678
-50.0,50,555.335849
-50.0,50,557.982249
-50.0,50,560.626283
-50.0,50,563.25627
-50.0,50,565.872669
-50.0,50,568.529654
-50.0,50,571.124711
-50.0,50,573.758371
-50.0,50,576.442542
-50.0,50,579.025695
-50.0,50,581.693501
-50.0,50,584.315676
-50.0,50,586.930791
-50.0,50,589.540352
-50.0,50,592.178894
-50.0,50,594.76876
-50.0,50,597.409825
-50.0,50,600.041186
-50.0,50,602.672
-50.0,50,605.293437
-50.0,50,607.883056
-50.0,50,610.499184
-50.0,50,613.12014
-50.0,50,615.760673
-50.0,50,618.413698
-50.0,50,621.01555
-50.0,50,623.606532
-50.0,50,626.268781
-50.0,50,628.884831
-50.0,50,631.477546
-50.0,50,634.145386
-50.0,50,636.779302
-50.0,50,639.389474
-50.0,50,642.037081
-50.0,50,644.667898
-50.0,50,647.27687
-50.0,50,649.923042
-50.0,50,652.578494
-50.0,50,655.19024
-50.0,50,657.781514
-50.0,50,660.421978
-50.0,50,663.053447
-50.0,50,665.649527
-50.0,50,668.307336
-50.0,50,670.895776
-50.0,50,673.557397
-50.0,50,676.193857
-50.0,50,678.790804
-50.0,50,681.437194
-50.0,50,684.061491
-50.0,50,686.644917
-50.0,50,687.054659
-50.0,50,687.491416
-50.0,50,687.928167
-50.0,50,688.369212
-50.0,50,688.815273
-50.0,50,689.201125
-50.0,50,689.604926
-50.0,50,690.043782
-50.0,50,690.489374
-50.0,50,690.905542
-50.0,50,693.534106
-50.0,50,696.193758
-50.0,50,698.791571
-50.0,50,701.422839
-50.0,50,704.038152
-50.0,50,706.650418
-50.0,50,709.278442
-50.0,50,711.924766
-50.0,50,714.544241
-50.0,50,717.176052
-50.0,50,719.800407
-50.0,50,722.474531
-50.0,50,725.08151
-50.0,50,727.719859
-50.0,50,730.347073
-50.0,50,732.978336
-50.0,50,735.609531
-50.0,50,738.231016
-50.0,50,740.857017
-50.0,50,743.455421
-50.0,50,746.091873
-50.0,50,748.766024
-50.0,50,751.411246
-50.0,50,754.013477
-50.0,50,756.600701
-50.0,50,759.266004
-50.0,50,761.883871
-50.0,50,764.517198
-50.0,50,767.111282
-50.0,50,769.792794
-50.0,50,772.431648
-50.0,50,775.052855
-50.0,50,777.706425
-50.0,50,780.307261
-50.0,50,782.946306
-50.0,50,785.601731
-50.0,50,788.265729
-50.0,50,790.920787
-50.0,50,793.568377
-50.0,50,796.186973
-50.0,50,798.819009
-50.0,50,801.448773
-50.0,50,804.102389
-50.0,50,806.783922
-50.0,50,809.40281
-50.0,50,812.022689
-50.0,50,814.632365
-50.0,50,817.255666
-50.0,50,819.92489
-50.0,50,822.595073
-50.0,50,823.031443
-50.0,50,823.422066
-50.0,50,823.85143
-50.0,50,824.297307
-50.0,50,824.716394
-50.0,50,825.138325
-50.0,50,825.567903
-50.0,50,825.969539
-50.0,50,826.396153
-50.0,50,826.816363
-50.0,50,829.475321
-50.0,50,832.106247
-50.0,50,834.729471
-50.0,50,837.366251
-50.0,50,840.041509
-50.0,50,842.765042
-50.0,50,845.359937
-50.0,50,848.075988
-50.0,50,850.789857
-50.0,50,853.483011
-50.0,50,856.188587
-50.0,50,858.903853
-50.0,50,861.557077
-50.0,50,864.251689
-50.0,50,867.001341
-50.0,50,869.715412
-50.0,50,872.456882
-50.0,50,875.17231
-50.0,50,877.854155
-50.0,50,880.503273
-50.0,50,883.148689
-50.0,50,885.801213
-50.0,50,888.491442
-50.0,50,891.082353
-50.0,50,893.777337
-50.0,50,896.371929
-50.0,50,899.049552
-50.0,50,901.676603
-50.0,50,904.297348
-50.0,50,907.009741
-50.0,50,909.787363
-50.0,50,912.429008
-50.0,50,915.10566
-50.0,50,917.746426
-50.0,50,920.365978
-50.0,50,923.049073
-50.0,50,925.667744
-50.0,50,928.291836
-50.0,50,931.004998
-50.0,50,933.607828
-50.0,50,936.259929
-50.0,50,938.914225
-50.0,50,941.57309
-50.0,50,944.203669
-50.0,50,946.853568
-50.0,50,949.481087
-50.0,50,952.10853
-50.0,50,954.749079
-50.0,50,957.37164
-50.0,50,960.049871
-50.0,50,960.473945
-50.0,50,960.866611
-50.0,50,961.289833
-50.0,50,961.699707
-50.0,50,962.11503
-50.0,50,962.555476
-50.0,50,962.979152
-50.0,50,963.407856
-50.0,50,963.812441
-50.0,50,964.330274
-50.0,50,966.922385
-50.0,50,969.615723
-50.0,50,972.274476
-50.0,50,974.890974
-50.0,50,977.570609
-50.0,50,980.21236
-50.0,50,982.827354
-50.0,50,985.527469
-50.0,50,988.149734
-50.0,50,990.792848
-50.0,50,993.420631
-50.0,50,996.05822
-50.0,50,998.725697
-50.0,50,1001.378384
-50.0,50,1004.000362
-50.0,50,1006.676384
-50.0,50,1009.312317
-50.0,50,1011.996465
-50.0,50,1014.635288
-50.0,50,1017.32143
-50.0,50,1019.976304
-50.0,50,1022.588218
-50.0,50,1025.26311
-50.0,50,1027.930187
-50.0,50,1030.559294
-50.0,50,1033.209935
-50.0,50,1035.878747
-50.0,50,1038.722266
-50.0,50,1041.413986
-50.0,50,1044.190205
-50.0,50,1046.927479
-50.0,50,1049.598545
-50.0,50,1052.423342
-50.0,50,1055.208304
-50.0,50,1058.873654
-50.0,50,1062.163372
-50.0,50,1065.563732
-50.0,50,1069.172308
-50.0,50,1072.338369
-50.0,50,1075.414961
-50.0,50,1078.653979
-50.0,50,1081.670455
-50.0,50,1084.842157
-50.0,50,1088.453856
-50.0,50,1092.264608
-50.0,50,1095.583295
-50.0,50,1099.114187
-50.0,50,1102.353096
-50.0,50,1105.393423
-50.0,50,1108.87542
-50.0,50,1109.418487
-50.0,50,1109.944029
-50.0,50,1110.500447
-50.0,50,1111.01917
-50.0,50,1111.558893
-50.0,50,1112.062822
-50.0,50,1112.579431
-50.0,50,1113.079678
-50.0,50,1113.589232
-50.0,50,1114.145055
-50.0,50,1118.02555
-50.0,50,1121.51691
-50.0,50,1124.880394
-50.0,50,1128.419395
-50.0,50,1132.116546
-50.0,50,1135.737221
-50.0,50,1139.275561
-50.0,50,1142.244084
-50.0,50,1145.250018
-50.0,50,1148.110042
-50.0,50,1150.921557
-50.0,50,1153.785078
-50.0,50,1156.578281
-50.0,50,1159.363559
-50.0,50,1162.111787
-50.0,50,1164.913404
-50.0,50,1167.737658
-50.0,50,1170.572585
-50.0,50,1173.381929
-50.0,50,1176.163616
-50.0,50,1179.002247
-50.0,50,1181.801136
-50.0,50,1184.63366
-50.0,50,1187.370394
-50.0,50,1190.122783
-50.0,50,1193.017651
-50.0,50,1195.844196
-50.0,50,1198.658775
-50.0,50,1201.537842
-50.0,50,1204.263728
-50.0,50,1207.044595
-50.0,50,1209.854144
-50.0,50,1212.668937
-50.0,50,1215.526499
-50.0,50,1218.253314
-50.0,50,1221.077952
-50.0,50,1223.930227
-50.0,50,1226.701505
-50.0,50,1229.51001
-50.0,50,1232.237405
-50.0,50,1235.05984
-50.0,50,1237.926995
-50.0,50,1240.763378
-50.0,50,1243.625368
-50.0,50,1246.335564
-50.0,50,1249.17192
-50.0,50,1251.990704
-50.0,50,1254.81748
-50.0,50,1257.640441
-50.0,50,1260.415908
-50.0,50,1260.871173
-50.0,50,1261.300366
-50.0,50,1261.712244
-50.0,50,1262.124068
-50.0,50,1262.524494
-50.0,50,1262.928615
-50.0,50,1263.330038
-50.0,50,1263.798856
-50.0,50,1264.268842
-50.0,50,1264.865976
-50.0,50,1267.667675
-50.0,50,1270.404136
-50.0,50,1273.289611
-50.0,50,1276.098668
-50.0,50,1278.982871
-50.0,50,1281.711452
-50.0,50,1284.440751
-50.0,50,1287.281789
-50.0,50,1290.100145
-50.0,50,1292.903822
-50.0,50,1295.719736
-50.0,50,1298.443711
-50.0,50,1301.293351
-50.0,50,1304.109671
-50.0,50,1306.899674
-50.0,50,1309.751149
-50.0,50,1312.484618
-50.0,50,1315.318574
-50.0,50,1318.144814
-50.0,50,1320.963001
-50.0,50,1323.685256
-50.0,50,1326.461123
-50.0,50,1329.223439
-50.0,50,1332.067394
-50.0,50,1334.910291
-50.0,50,1337.664792
-50.0,50,1340.386891
-50.0,50,1343.224988
-50.0,50,1346.0241
-50.0,50,1348.823179
-50.0,50,1351.614609
-50.0,50,1354.360756
-50.0,50,1357.230432
-50.0,50,1360.062155
-50.0,50,1362.864034
-50.0,50,1365.69591
-50.0,50,1368.437448
-50.0,50,1371.237351
-50.0,50,1374.063059
-50.0,50,1376.844512
-50.0,50,1379.683581
-50.0,50,1382.377229
-50.0,50,1385.232352
-50.0,50,1388.02618
-50.0,50,1390.836641
-50.0,50,1393.658652
-50.0,50,1396.340293
-50.0,50,1399.189478
-50.0,50,1402.017072
-50.0,50,1404.836977
-50.0,50,1405.254822
-50.0,50,1405.670694
-50.0,50,1406.05493
-50.0,50,1406.517306
-50.0,50,1406.969651
-50.0,50,1407.379043
-50.0,50,1407.825547
-50.0,50,1408.270365
-50.0,50,1408.710946
-50.0,50,1409.256812
-50.0,50,1412.058484
-50.0,50,1414.889911
-50.0,50,1417.658849
-50.0,50,1420.456141
-50.0,50,1423.297236
-50.0,50,1426.111366
-50.0,50,1428.912974
-50.0,50,1431.623969
-50.0,50,1434.536616
-50.0,50,1437.367053
-50.0,50,1440.224992
-50.0,50,1443.061857
-50.0,50,1445.750846
-50.0,50,1448.596872
-50.0,50,1451.440799
-50.0,50,1454.277305
-50.0,50,1457.108566
-50.0,50,1459.842103
-50.0,50,1462.623112
-50.0,50,1465.468918
-50.0,50,1468.324873
-50.0,50,1471.153929
-50.0,50,1473.898423
-50.0,50,1476.685448
-50.0,50,1479.524653
-50.0,50,1482.359843
-50.0,50,1485.135644
-50.0,50,1487.923209
-50.0,50,1490.70845
-50.0,50,1493.555628
-50.0,50,1496.368623
-50.0,50,1499.158121
-50.0,50,1501.988802
-50.0,50,1504.802455
-50.0,50,1507.595596
-50.0,50,1510.413172
-50.0,50,1513.26874
-50.0,50,1516.103334
-50.0,50,1518.899885
-50.0,50,1521.906297
-50.0,50,1525.663118
-50.0,50,1529.179961
-50.0,50,1532.40903
-50.0,50,1535.958287
-50.0,50,1539.033103
-50.0,50,1542.516007
-50.0,50,1545.217472
-50.0,50,1548.209117
-50.0,50,1551.385592
-50.0,50,1554.077475
-50.0,50,1554.506415
-50.0,50,1554.927626
-50.0,50,1555.340504
-50.0,50,1555.77602
-50.0,50,1556.213647
-50.0,50,1556.652512
-50.0,50,1557.108231
-50.0,50,1557.5372
-50.0,50,1557.942192
-50.0,50,1558.378386
-50.0,50,1561.334395
-50.0,50,1564.537531
-50.0,50,1567.189315
-50.0,50,1569.877266
-50.0,50,1572.538068
-50.0,50,1576.14967
-50.0,50,1580.350511
-50.0,50,1584.558686
-50.0,50,1588.590518
-50.0,50,1592.679451
-50.0,50,1597.064136
-50.0,50,1601.345424
-50.0,50,1605.739384
-50.0,50,1609.947711
-50.0,50,1614.051036
-50.0,50,1618.099597
-50.0,50,1622.180265
-50.0,50,1626.081194
-50.0,50,1630.278062
-50.0,50,1634.044932
-50.0,50,1638.413153
-50.0,50,1642.746064
-50.0,50,1646.974159
-50.0,50,1650.601602
-50.0,50,1653.570977
-50.0,50,1656.736079
-50.0,50,1659.580332
-50.0,50,1663.000404
-50.0,50,1665.878936
-50.0,50,1668.59033
-50.0,50,1671.38857
-50.0,50,1674.10475
-50.0,50,1676.811481
-50.0,50,1679.470405
-50.0,50,1682.121258
-50.0,50,1684.784948
-50.0,50,1687.346227
-50.0,50,1690.02203
-50.0,50,1692.598461
-50.0,50,1695.194264
-50.0,50,1697.850625
-50.0,50,1700.40797
-50.0,50,1703.018021
-50.0,50,1705.63458
-50.0,50,1708.228282
-50.0,50,1710.802467
-50.0,50,1713.474021
-50.0,50,1716.063116
-50.0,50,1718.648183
-50.0,50,1721.320883
-50.0,50,1721.719564
-50.0,50,1722.11912
-50.0,50,1722.52107
-50.0,50,1722.923139
-50.0,50,1723.299329
-50.0,50,1723.710541
-50.0,50,1724.115297
-50.0,50,1724.499506
-50.0,50,1724.88708
-50.0,50,1725.429656
-50.0,50,1728.030293
-50.0,50,1730.612929
-50.0,50,1733.206047
-50.0,50,1735.804268
-50.0,50,1738.43921
-50.0,50,1741.014124
-50.0,50,1743.603174
-50.0,50,1746.24759
-50.0,50,1748.856525
-50.0,50,1751.465569
-50.0,50,1754.030802
-50.0,50,1756.637964
-50.0,50,1759.192498
-50.0,50,1761.843115
-50.0,50,1764.434557
-50.0,50,1767.071949
-50.0,50,1769.651435
-50.0,50,1772.277368
-50.0,50,1774.92097
-50.0,50,1777.519451
-50.0,50,1780.129974
-50.0,50,1782.719159
-50.0,50,1785.336391
-50.0,50,1787.913368
-50.0,50,1790.514283
-50.0,50,1793.160131
-50.0,50,1795.746418
-50.0,50,1798.372221
-50.0,50,1800.950668
-50.0,50,1803.568403
-50.0,50,1806.190717
-50.0,50,1808.798082
-50.0,50,1811.354387
-50.0,50,1813.975305
-50.0,50,1816.57452
-50.0,50,1819.158941
-50.0,50,1821.762289
-50.0,50,1824.419807
-50.0,50,1827.043394
-50.0,50,1829.611425
-50.0,50,1832.20731
-50.0,50,1834.833843
-50.0,50,1837.438641
-50.0,50,1840.058414
-50.0,50,1842.646585
-50.0,50,1845.253928
-50.0,50,1847.82183
-50.0,50,1850.460671
-50.0,50,1853.079868
-50.0,50,1855.692812
-50.0,50,1856.107604
-50.0,50,1856.522294
-50.0,50,1856.923347
-50.0,50,1857.360016
-50.0,50,1857.755456
-50.0,50,1858.138935
-50.0,50,1858.53326
-50.0,50,1858.942998
-50.0,50,1859.353102
-50.0,50,1859.839076
-50.0,50,1862.434916
-50.0,50,1865.010814
-50.0,50,1867.662243
-50.0,50,1870.234401
-50.0,50,1872.841827
-50.0,50,1875.458524
-50.0,50,1878.091777
-50.0,50,1880.709143
-50.0,50,1883.256101
-50.0,50,1885.888158
-50.0,50,1888.496003
-50.0,50,1891.141274
-50.0,50,1893.727459
-50.0,50,1896.332922
-50.0,50,1898.945242
-50.0,50,1901.560348
-50.0,50,1904.162568
-50.0,50,1906.744901
-50.0,50,1909.357671
-50.0,50,1911.937381
-50.0,50,1914.51095
-50.0,50,1917.144908
-50.0,50,1919.764439
-50.0,50,1922.365484
-50.0,50,1924.990753
-50.0,50,1927.642852
-50.0,50,1930.235192
-50.0,50,1932.869312
-50.0,50,1935.505263
-50.0,50,1938.116037
-50.0,50,1940.743845
-50.0,50,1943.317682
-50.0,50,1945.933154
-50.0,50,1948.576739
-50.0,50,1951.181002
-50.0,50,1953.837309
-50.0,50,1956.406134
-50.0,50,1959.035398
-50.0,50,1961.681796
-50.0,50,1964.297067
-50.0,50,1966.898608
-50.0,50,1969.525632
-50.0,50,1972.130059
-50.0,50,1974.811172
-50.0,50,1977.419951
-50.0,50,1980.051522
-50.0,50,1982.692425
-50.0,50,1985.296098
-50.0,50,1987.901883
-50.0,50,1990.49054
-50.0,50,1990.870842
-50.0,50,1991.267112
-50.0,50,1991.679354
-50.0,50,1992.071345
-50.0,50,1992.496584
-50.0,50,1992.921004
-50.0,50,1993.333247
-50.0,50,1993.712494
-50.0,50,1994.109621
-50.0,50,1994.616877
-50.0,50,1997.277216
-50.0,50,1999.86992
-50.0,50,2002.501969
-50.0,50,2005.084486
-50.0,50,2007.74648
-50.0,50,2010.424363
-50.0,50,2013.007846
-50.0,50,2015.625227
-50.0,50,2018.222308
-50.0,50,2020.828247
-50.0,50,2023.466021
-50.0,50,2026.090839
-50.0,50,2028.749358
-50.0,50,2031.3581
-50.0,50,2033.995761
-50.0,50,2036.634534
-50.0,50,2039.223169
-50.0,50,2041.836515
-50.0,50,2044.43832
-50.0,50,2047.059384
-50.0,50,2049.713643
-50.0,50,2052.323043
-50.0,50,2054.929392
-50.0,50,2057.544786
-50.0,50,2060.207105
-50.0,50,2062.807566
-50.0,50,2065.446133
-50.0,50,2068.043414
-50.0,50,2070.683737
-50.0,50,2073.270249
-50.0,50,2075.932784
-50.0,50,2078.548986
-50.0,50,2081.203679
-50.0,50,2083.903809
-50.0,50,2086.627988
-50.0,50,2089.36831
-50.0,50,2092.072487
-50.0,50,2094.746315
-50.0,50,2097.419065
-50.0,50,2100.092293
-50.0,50,2102.783776
-50.0,50,2105.382597
-50.0,50,2108.056007
-50.0,50,2110.637012
-50.0,50,2113.33854
-50.0,50,2116.026489
-50.0,50,2118.701898
-50.0,50,2121.282375
-50.0,50,2123.927963
-50.0,50,2126.527663
-50.0,50,2126.942669
-50.0,50,2127.336113
-50.0,50,2127.736793
-50.0,50,2128.167547
-50.0,50,2128.575494
-50.0,50,2128.983557
-50.0,50,2129.380681
-50.0,50,2129.775604
-50.0,50,2130.206958
-50.0,50,2130.676779
-50.0,50,2133.300793
-50.0,50,2135.931229
-50.0,50,2138.512121
-50.0,50,2141.132851
-50.0,50,2143.741965
-50.0,50,2146.369025
-50.0,50,2148.980698
-50.0,50,2151.527517
-50.0,50,2154.199857
-50.0,50,2156.787848
-50.0,50,2159.389246
-50.0,50,2162.00617
-50.0,50,2164.615654
-50.0,50,2167.239234
-50.0,50,2169.846928
-50.0,50,2172.487075
-50.0,50,2175.12666
-50.0,50,2177.794209
-50.0,50,2180.411372
-50.0,50,2183.060036
-50.0,50,2185.6879
-50.0,50,2188.314865
-50.0,50,2190.920029
-50.0,50,2193.547534
-50.0,50,2196.142317
-50.0,50,2198.766327
-50.0,50,2201.382655
-50.0,50,2203.998237
-50.0,50,2206.600788
-50.0,50,2209.171651
-50.0,50,2211.828122
-50.0,50,2214.422605
-50.0,50,2217.036498
-50.0,50,2219.647198
-50.0,50,2222.25902
-50.0,50,2224.882479
-50.0,50,2227.448532
-50.0,50,2230.11782
-50.0,50,2232.726302
-50.0,50,2235.323174
-50.0,50,2237.958986
-50.0,50,2240.55478
-50.0,50,2243.211997
-50.0,50,2245.819093
-50.0,50,2248.433827
-50.0,50,2250.988776
-50.0,50,2253.636587
-50.0,50,2256.251308
-50.0,50,2258.81841
-50.0,50,2261.444896
-50.0,50,2261.836424
-50.0,50,2262.204074
-50.0,50,2262.605299
-50.0,50,2263.015288
-50.0,50,2263.412696
-50.0,50,2263.814669
-50.0,50,2264.198291
-50.0,50,2264.592329
-50.0,50,2265.003592
-50.0,50,2265.571603
-50.0,50,2268.21335
-50.0,50,2270.809933
-50.0,50,2273.45455
-50.0,50,2276.056258
-50.0,50,2278.68726
-50.0,50,2281.284054
-50.0,50,2283.884621
-50.0,50,2286.501069
-50.0,50,2289.144376
-50.0,50,2291.757914
-50.0,50,2294.374971
-50.0,50,2296.993832
-50.0,50,2299.606694
-50.0,50,2302.254074
-50.0,50,2304.871487
-50.0,50,2307.46848
-50.0,50,2310.105921
-50.0,50,2312.692466
-50.0,50,2315.344283
-50.0,50,2317.94762
-50.0,50,2320.539576
-50.0,50,2323.115475
-50.0,50,2325.751013
-50.0,50,2328.393559
-50.0,50,2331.007223
-50.0,50,2333.657018
-50.0,50,2336.267038
-50.0,50,2338.851267
-50.0,50,2341.506948
-50.0,50,2344.116578
-50.0,50,2346.710163
-50.0,50,2349.360443
-50.0,50,2351.973127
-50.0,50,2354.615234
-50.0,50,2357.202163
-50.0,50,2359.864961
-50.0,50,2362.474506
-50.0,50,2365.044357
-50.0,50,2367.651122
-50.0,50,2370.268261
-50.0,50,2372.88337
-50.0,50,2375.486706
-50.0,50,2378.085652
-50.0,50,2380.658381
-50.0,50,2383.302437
-50.0,50,2385.900783
-50.0,50,2388.524688
-50.0,50,2391.119138
-50.0,50,2393.739672
-50.0,50,2396.346243
-50.0,50,2396.749787
-50.0,50,2397.132686
-50.0,50,2397.570323
-50.0,50,2397.994778
-50.0,50,2398.378468
-50.0,50,2398.805302
-50.0,50,2399.214627
-50.0,50,2399.645542
-50.0,50,2400.034245
-50.0,50,2400.489406
-50.0,50,2403.115499
-50.0,50,2405.771428
-50.0,50,2408.40841
-50.0,50,2411.014435
-50.0,50,2413.610529
-50.0,50,2416.21039
-50.0,50,2418.817576
-50.0,50,2421.458634
-50.0,50,2424.020666
-50.0,50,2426.650831
-50.0,50,2429.272249
-50.0,50,2431.921901
-50.0,50,2434.539331
-50.0,50,2437.177586
-50.0,50,2439.766902
-50.0,50,2442.396697
-50.0,50,2445.011578
-50.0,50,2447.660467
-50.0,50,2450.282219
-50.0,50,2452.880018
-50.0,50,2455.511273
-50.0,50,2458.111276
-50.0,50,2460.707298
-50.0,50,2463.336956
-50.0,50,2465.93625
-50.0,50,2468.592227
-50.0,50,2471.158133
-50.0,50,2473.810613
-50.0,50,2476.467493
-50.0,50,2479.068559
-50.0,50,2481.694786
-50.0,50,2484.260546
-50.0,50,2486.912206
-50.0,50,2489.543893
-50.0,50,2492.219182
-50.0,50,2494.832078
-50.0,50,2497.489746
-50.0,50,2500.086654
-50.0,50,2502.718547
-50.0,50,2505.320319
-50.0,50,2507.938902
-50.0,50,2510.548513
-50.0,50,2513.19938
-50.0,50,2515.808061
-50.0,50,2518.434915
-50.0,50,2521.066061
-50.0,50,2523.7259
-50.0,50,2526.332672
-50.0,50,2528.994181
-50.0,50,2531.613603
-50.0,50,2532.052553
-50.0,50,2532.488282
-50.0,50,2532.913542
-50.0,50,2533.321769
-50.0,50,2533.747311
-50.0,50,2534.156246
-50.0,50,2534.584159
-50.0,50,2535.041994
-50.0,50,2535.405859
-50.0,50,2535.828838
-50.0,50,2538.432721
-50.0,50,2541.078374
-50.0,50,2543.672729
-50.0,50,2546.34843
-50.0,50,2548.996209
-50.0,50,2551.649722
-50.0,50,2554.267146
-50.0,50,2556.905802
-50.0,50,2559.520732
-50.0,50,2562.198433
-50.0,50,2564.796395
-50.0,50,2567.415927
-50.0,50,2570.011288
-50.0,50,2572.702573
-50.0,50,2575.355734
-50.0,50,2578.00089
-50.0,50,2580.634661
-50.0,50,2583.260819
-50.0,50,2585.859882
-50.0,50,2588.490341
-50.0,50,2591.121788
-50.0,50,2593.743212
-50.0,50,2596.401386
-50.0,50,2599.002179
-50.0,50,2601.616639
-50.0,50,2604.227444
-50.0,50,2606.901079
-50.0,50,2609.519937
-50.0,50,2612.117365
-50.0,50,2614.797316
-50.0,50,2617.44338
-50.0,50,2620.086402
-50.0,50,2622.686055
-50.0,50,2625.322407
-50.0,50,2627.958231
-50.0,50,2630.559569
-50.0,50,2633.210282
-50.0,50,2635.805573
-50.0,50,2638.437419
-50.0,50,2641.047901
-50.0,50,2643.707989
-50.0,50,2646.332196
-50.0,50,2648.988283
-50.0,50,2651.602365
-50.0,50,2654.219866
-50.0,50,2656.866286
-50.0,50,2659.4747
-50.0,50,2662.077098
-50.0,50,2664.694377
-50.0,50,2667.365915
-50.0,50,2667.754486
-50.0,50,2668.14265
-50.0,50,2668.567602
-50.0,50,2668.984142
-50.0,50,2669.393209
-50.0,50,2669.767298
-50.0,50,2670.181489
-50.0,50,2670.593592
-50.0,50,2671.021131
-50.0,50,2671.496906
-50.0,50,2674.099351
-50.0,50,2676.690272
-50.0,50,2679.328035
-50.0,50,2681.932048
-50.0,50,2684.580885
-50.0,50,2687.227935
-50.0,50,2689.834873
-50.0,50,2692.475549
-50.0,50,2695.128579
-50.0,50,2697.725945
-50.0,50,2700.374279
-50.0,50,2703.004483
-50.0,50,2705.610848
-50.0,50,2708.218771
-50.0,50,2710.863776
-50.0,50,2713.500566
-50.0,50,2716.150689
-50.0,50,2718.823473
-50.0,50,2721.417413
-50.0,50,2724.101052
-50.0,50,2726.69258
-50.0,50,2729.297369
-50.0,50,2731.978246
-50.0,50,2734.610535
-50.0,50,2737.212419
-50.0,50,2739.877328
-50.0,50,2742.498878
-50.0,50,2745.140499
-50.0,50,2747.743997
-50.0,50,2750.376909
-50.0,50,2752.990796
-50.0,50,2755.582341
-50.0,50,2758.218693
-50.0,50,2760.886093
-50.0,50,2763.508223
-50.0,50,2766.105622
-50.0,50,2768.71763
-50.0,50,2771.373657
-50.0,50,2773.969925
-50.0,50,2776.610482
-50.0,50,2779.19842
-50.0,50,2781.83845
-50.0,50,2784.492273
-50.0,50,2787.11539
-50.0,50,2789.756208
-50.0,50,2792.400711
-50.0,50,2795.004923
-50.0,50,2797.675648
-50.0,50,2800.295159
-50.0,50,2802.937695
-50.0,50,2803.348606
-50.0,50,2803.748236
-50.0,50,2804.141088
-50.0,50,2804.545994
-50.0,50,2804.947153
-50.0,50,2805.328031
-50.0,50,2805.72757
-50.0,50,2806.127342
-50.0,50,2806.54384
-50.0,50,2807.092623
-50.0,50,2809.685115
-50.0,50,2812.331627
-50.0,50,2814.910949
-50.0,50,2817.596602
-50.0,50,2820.204135
-50.0,50,2822.862173
-50.0,50,2825.457557
-50.0,50,2828.162509
-50.0,50,2830.789358
-50.0,50,2833.420484
-50.0,50,2836.077347
-50.0,50,2838.695562
-50.0,50,2841.363024
-50.0,50,2843.955772
-50.0,50,2846.625315
-50.0,50,2849.204605
-50.0,50,2851.846034
-50.0,50,2854.478287
-50.0,50,2857.110743
-50.0,50,2859.744212
-50.0,50,2862.366682
-50.0,50,2865.02603
-50.0,50,2867.655264
-50.0,50,2870.270704
-50.0,50,2872.897495
-50.0,50,2875.517282
-50.0,50,2878.244784
-50.0,50,2880.894078
-50.0,50,2883.509052
-50.0,50,2886.170435
-50.0,50,2888.767855
-50.0,50,2891.369167
-50.0,50,2894.02697
-50.0,50,2896.677786
-50.0,50,2899.261995
-50.0,50,2901.903934
-50.0,50,2904.497751
-50.0,50,2907.158012
-50.0,50,2909.827838
-50.0,50,2912.440897
-50.0,50,2915.030655
-50.0,50,2917.655269
-50.0,50,2920.290514
-50.0,50,2922.888642
-50.0,50,2925.525939
-50.0,50,2928.183193
-50.0,50,2930.811931
-50.0,50,2933.430577
-50.0,50,2936.075167
-50.0,50,2938.687375
-50.0,50,2939.088227
-50.0,50,2939.502742
-50.0,50,2939.908201
-50.0,50,2940.343988
-50.0,50,2940.757054
-50.0,50,2941.189356
-50.0,50,2941.596106
-50.0,50,2942.000589
-50.0,50,2942.388912
-50.0,50,2942.803729
-50.0,50,2945.453276
-50.0,50,2948.051542
-50.0,50,2950.719287
-50.0,50,2953.375848
-50.0,50,2955.951931
-50.0,50,2958.609862
-50.0,50,2961.213636
-50.0,50,2963.824805
-50.0,50,2966.454064
-50.0,50,2969.073283
-50.0,50,2971.684256
-50.0,50,2974.353126
-50.0,50,2976.957578
-50.0,50,2979.546888
-50.0,50,2982.185392
-50.0,50,2984.827488
-50.0,50,2987.467774
-50.0,50,2990.108513
-50.0,50,2992.679559
-50.0,50,2995.31282
-50.0,50,2997.957845
-50.0,50,3000.527381
-50.0,50,3003.217855
-50.0,50,3005.81356
-50.0,50,3008.47576
-50.0,50,3011.071605
-50.0,50,3013.734917
-50.0,50,3016.341755
-50.0,50,3018.98119
-50.0,50,3021.656105
-50.0,50,3024.321345
-50.0,50,3026.943675
-50.0,50,3029.581005
-50.0,50,3032.226739
-50.0,50,3034.856397
-50.0,50,3037.479042
-50.0,50,3040.096075
-50.0,50,3042.732108
-50.0,50,3045.365415
-50.0,50,3047.997871
-50.0,50,3050.654331
-50.0,50,3053.280165
-50.0,50,3055.903146
-50.0,50,3058.556827
-50.0,50,3061.204797
-50.0,50,3063.887364
-50.0,50,3066.473859
-50.0,50,3069.104404
-50.0,50,3071.727183
-50.0,50,3074.385261
-50.0,50,3074.794117
-50.0,50,3075.205735
-50.0,50,3075.613181
-50.0,50,3076.002909
-50.0,50,3076.423255
-50.0,50,3076.843219
-50.0,50,3077.23121
-50.0,50,3077.62706
-50.0,50,3078.048887
-50.0,50,3078.511144
-50.0,50,3081.145686
-50.0,50,3083.731763
-50.0,50,3086.377132
-50.0,50,3089.014796
-50.0,50,3091.639277
-50.0,50,3094.268019
-50.0,50,3096.88154
-50.0,50,3099.46182
-50.0,50,3102.081414
-50.0,50,3104.733908
-50.0,50,3107.339773
-50.0,50,3109.993203
-50.0,50,3112.605756
-50.0,50,3115.214919
-50.0,50,3117.85121
-50.0,50,3120.491416
-50.0,50,3123.120631
-50.0,50,3125.772769
-50.0,50,3128.393255
-50.0,50,3131.041965
-50.0,50,3133.65246
-50.0,50,3136.28852
-50.0,50,3138.947491
-50.0,50,3141.57125
-50.0,50,3144.187976
-50.0,50,3146.862936
-50.0,50,3149.515083
-50.0,50,3152.143342
-50.0,50,3154.755414
-50.0,50,3157.458413
-50.0,50,3160.053876
-50.0,50,3162.691168
-50.0,50,3165.362341
-50.0,50,3167.995845
-50.0,50,3170.60665
-50.0,50,3173.230859
-50.0,50,3175.870152
-50.0,50,3178.439626
-50.0,50,3181.106282
-50.0,50,3183.773034
-50.0,50,3186.400328
-50.0,50,3189.00544
-50.0,50,3191.608079
-50.0,50,3194.262683
-50.0,50,3196.876626
-50.0,50,3199.517639
-50.0,50,3202.159738
-50.0,50,3204.794625
-50.0,50,3207.486494
-50.0,50,3210.096754
-50.0,50,3210.49979
-50.0,50,3210.911123
-50.0,50,3211.348125
-50.0,50,3211.760337
-50.0,50,3212.152361
-50.0,50,3212.559639
-50.0,50,3212.965449
-50.0,50,3213.338434
-50.0,50,3213.736588
-50.0,50,3214.253264
-50.0,50,3216.890272
-50.0,50,3219.478456
-50.0,50,3222.106306
-50.0,50,3224.745879
-50.0,50,3227.350449
-50.0,50,3229.970574
-50.0,50,3232.623858
-50.0,50,3235.270556
-50.0,50,3237.888353
-50.0,50,3240.503927
-50.0,50,3243.131414
-50.0,50,3245.792691
-50.0,50,3248.407732
-50.0,50,3251.029068
-50.0,50,3253.696135
-50.0,50,3256.324944
-50.0,50,3258.961806
-50.0,50,3261.596345
-50.0,50,3264.222
-50.0,50,3266.867885
-50.0,50,3269.491701
-50.0,50,3272.162432
-50.0,50,3274.860384
-50.0,50,3277.522147
-50.0,50,3280.134657
-50.0,50,3282.778524
-50.0,50,3285.380616
-50.0,50,3288.00995
-50.0,50,3290.675802
-50.0,50,3293.292708
-50.0,50,3295.935031
-50.0,50,3298.567934
-50.0,50,3301.211563
-50.0,50,3303.848539
-50.0,50,3306.481502
-50.0,50,3309.125567
-50.0,50,3311.758321
-50.0,50,3314.4195
-50.0,50,3317.03733
-50.0,50,3319.655597
-50.0,50,3322.330113
-50.0,50,3324.933096
-50.0,50,3327.600227
-50.0,50,3330.248188
-50.0,50,3332.884701
-50.0,50,3335.472333
-50.0,50,3338.163024
-50.0,50,3340.780343
-50.0,50,3343.378834
-50.0,50,3346.002019
-50.0,50,3346.435906
-50.0,50,3346.865231
-50.0,50,3347.260647
-50.0,50,3347.659319
-50.0,50,3348.034205
-50.0,50,3348.452198
-50.0,50,3348.894233
-50.0,50,3349.306745
-50.0,50,3349.676558
-50.0,50,3350.145525
-50.0,50,3352.798409
-50.0,50,3355.414755
-50.0,50,3358.035854
-50.0,50,3360.692135
-50.0,50,3363.314994
-50.0,50,3365.934768
-50.0,50,3368.580886
-50.0,50,3371.167072
-50.0,50,3373.801398
-50.0,50,3376.443102
-50.0,50,3379.096404
-50.0,50,3381.694543
-50.0,50,3384.364358
-50.0,50,3387.015791
-50.0,50,3389.60757
-50.0,50,3392.231573
-50.0,50,3394.877233
-50.0,50,3397.502336
-50.0,50,3400.157044
-50.0,50,3402.813351
-50.0,50,3405.403314
-50.0,50,3408.055227
-50.0,50,3410.676663
-50.0,50,3413.359301
-50.0,50,3415.985636
-50.0,50,3418.628052
-50.0,50,3421.275099
-50.0,50,3423.926443
-50.0,50,3426.548094
-50.0,50,3429.213786
-50.0,50,3431.803194
-50.0,50,3434.441026
-50.0,50,3437.089178
-50.0,50,3439.723179
-50.0,50,3442.371673
-50.0,50,3445.022738
-50.0,50,3447.6449
-50.0,50,3450.29893
-50.0,50,3452.927271
-50.0,50,3455.534556
-50.0,50,3458.126074
-50.0,50,3460.773551
-50.0,50,3463.408061
-50.0,50,3466.037231
-50.0,50,3468.654092
-50.0,50,3471.275169
-50.0,50,3473.953323
-50.0,50,3476.599563
-50.0,50,3479.240536
-50.0,50,3481.884682
-50.0,50,3482.279029
-50.0,50,3482.694301
-50.0,50,3483.106832
-50.0,50,3483.517743
-50.0,50,3483.90954
-50.0,50,3484.364618
-50.0,50,3484.807104
-50.0,50,3485.212719
-50.0,50,3485.613305
-50.0,50,3486.08546
-50.0,50,3488.731985
-50.0,50,3491.352066
-50.0,50,3494.027229
-50.0,50,3496.715245
-50.0,50,3499.32951
-50.0,50,3501.980666
-50.0,50,3504.620937
-50.0,50,3507.246397
-50.0,50,3509.914147
-50.0,50,3512.548393
-50.0,50,3515.197645
-50.0,50,3517.820153
-50.0,50,3520.431884
-50.0,50,3523.105189
-50.0,50,3525.762115
-50.0,50,3528.400719
-50.0,50,3531.052697
-50.0,50,3533.716946
-50.0,50,3536.377649
-50.0,50,3539.000216
-50.0,50,3541.640313
-50.0,50,3544.27693
-50.0,50,3546.919009
-50.0,50,3549.557141
-50.0,50,3552.167364
-50.0,50,3554.823807
-50.0,50,3557.42605
-50.0,50,3560.053461
-50.0,50,3562.693886
-50.0,50,3565.325057
-50.0,50,3567.96771
-50.0,50,3570.61842
-50.0,50,3573.238294
-50.0,50,3575.833185
-50.0,50,3578.47824
-50.0,50,3581.160838
-50.0,50,3583.823631
-50.0,50,3586.488775
-50.0,50,3589.155265
-50.0,50,3591.784767
-50.0,50,3594.459113
-50.0,50,3597.083165
-50.0,50,3599.747152
-50.0,50,3602.349738
-50.0,50,3604.978399
-50.0,50,3607.619018
-50.0,50,3610.275515
-50.0,50,3612.925985
-50.0,50,3615.523652
-50.0,50,3618.177814
-50.0,50,3618.564624
-50.0,50,3618.981651
-50.0,50,3619.380998
-50.0,50,3619.76494
-50.0,50,3620.156521
-50.0,50,3620.55574
-50.0,50,3620.986553
-50.0,50,3621.38806
-50.0,50,3621.776905
-50.0,50,3622.32054
-50.0,50,3624.913753
-50.0,50,3627.556509
-50.0,50,3630.16358
-50.0,50,3632.808856
-50.0,50,3635.441691
-50.0,50,3638.125734
-50.0,50,3640.73773
-50.0,50,3643.380038
-50.0,50,3646.012335
-50.0,50,3648.693795
-50.0,50,3651.347258
-50.0,50,3653.947205
-50.0,50,3656.582719
-50.0,50,3659.252775
-50.0,50,3661.850268
-50.0,50,3664.514611
-50.0,50,3667.128127
-50.0,50,3669.738557
-50.0,50,3672.363444
-50.0,50,3674.973181
-50.0,50,3677.624494
-50.0,50,3680.262429
-50.0,50,3682.92742
-50.0,50,3685.537126
-50.0,50,3688.213268
-50.0,50,3690.83242
-50.0,50,3693.460862
-50.0,50,3696.086671
-50.0,50,3698.675741
-50.0,50,3701.308651
-50.0,50,3703.977235
-50.0,50,3706.608499
-50.0,50,3709.250026
-50.0,50,3711.855543
-50.0,50,3714.476823
-50.0,50,3717.16331
-50.0,50,3719.787607
-50.0,50,3722.41776
-50.0,50,3725.025642
-50.0,50,3727.657387
-50.0,50,3730.342217
-50.0,50,3732.971041
-50.0,50,3735.61816
-50.0,50,3738.240073
-50.0,50,3740.874086
-50.0,50,3743.473671
-50.0,50,3746.143132
-50.0,50,3748.717229
-50.0,50,3751.375628
-50.0,50,3754.039086
-50.0,50,3754.433355
-50.0,50,3754.858504
-50.0,50,3755.281053
-50.0,50,3755.669492
-50.0,50,3756.093468
-50.0,50,3756.504179
-50.0,50,3756.905034
-50.0,50,3757.312703
-50.0,50,3757.699341
-50.0,50,3758.201166
-50.0,50,3760.836526
-50.0,50,3763.493306
-50.0,50,3766.128052
-50.0,50,3768.736556
-50.0,50,3771.387527
-50.0,50,3774.015133
-50.0,50,3776.665976
-50.0,50,3779.257969
-50.0,50,3781.906583
-50.0,50,3784.557779
-50.0,50,3787.225889
-50.0,50,3789.837703
-50.0,50,3792.543933
-50.0,50,3795.14179
-50.0,50,3797.824595
-50.0,50,3800.44918
-50.0,50,3803.07451
-50.0,50,3805.74456
-50.0,50,3808.38623
-50.0,50,3811.07807
-50.0,50,3813.69349
-50.0,50,3816.357029
-50.0,50,3818.988963
-50.0,50,3821.644126
-50.0,50,3824.272267
-50.0,50,3826.97325
-50.0,50,3829.592292
-50.0,50,3832.268593
-50.0,50,3834.87937
-50.0,50,3837.565602
-50.0,50,3840.214336
-50.0,50,3842.809042
-50.0,50,3845.515183
-50.0,50,3848.081596
-50.0,50,3850.751635
-50.0,50,3853.37016
-50.0,50,3856.003046
-50.0,50,3858.633317
-50.0,50,3861.31114
-50.0,50,3863.936731
-50.0,50,3866.533372
-50.0,50,3869.181515
-50.0,50,3871.81973
-50.0,50,3874.445225
-50.0,50,3877.065328
-50.0,50,3879.687108
-50.0,50,3882.282944
-50.0,50,3884.933249
-50.0,50,3887.596742
-50.0,50,3890.206268
-50.0,50,3890.619869
-50.0,50,3891.014232
-50.0,50,3891.429843
-50.0,50,3891.845509
-50.0,50,3892.260481
-50.0,50,3892.6936
-50.0,50,3893.101267
-50.0,50,3893.518898
-50.0,50,3893.898611
-50.0,50,3894.315665
-50.0,50,3896.995616
-50.0,50,3899.618934
-50.0,50,3902.279355
-50.0,50,3904.910746
-50.0,50,3907.551955
-50.0,50,3910.216703
-50.0,50,3912.864705
-50.0,50,3915.550292
-50.0,50,3918.460151
-50.0,50,3921.414617
-50.0,50,3924.379376
-50.0,50,3927.273991
-50.0,50,3929.989305
-50.0,50,3932.677137
-50.0,50,3935.259804
-50.0,50,3937.919751
-50.0,50,3940.544353
-50.0,50,3943.169475
-50.0,50,3945.786735
-50.0,50,3948.425181
-50.0,50,3951.059296
-50.0,50,3953.709787
-50.0,50,3956.354192
-50.0,50,3959.000437
-50.0,50,3961.624477
-50.0,50,3964.273649
-50.0,50,3966.947281
-50.0,50,3969.907365
-50.0,50,3972.691201
-50.0,50,3975.783084
-50.0,50,3978.570725
-50.0,50,3982.286748
-50.0,50,3986.731288
-50.0,50,3990.597493
-50.0,50,3994.136656
-50.0,50,3997.217787
-50.0,50,4000.420596
-50.0,50,4004.427617
-50.0,50,4007.451421
-50.0,50,4010.688554
-50.0,50,4014.367033
-50.0,50,4018.046922
-50.0,50,4021.623337
-50.0,50,4025.36682
-50.0,50,4029.028286
-50.0,50,4032.674371
-50.0,50,4036.371672
-50.0,50,4040.076419
-50.0,50,4044.154732
-50.0,50,4048.202953
-50.0,50,4048.711497
-50.0,50,4049.192792
-50.0,50,4049.690057
-50.0,50,4050.172065
-50.0,50,4050.643427
-50.0,50,4051.101121
-50.0,50,4051.595227
-50.0,50,4052.094568
-50.0,50,4052.583555
-50.0,50,4053.074802
-50.0,50,4056.866296
-50.0,50,4060.550908
-50.0,50,4064.058197
-50.0,50,4067.772845
-50.0,50,4071.418701
-50.0,50,4075.082326
-50.0,50,4078.768387
-50.0,50,4082.482049
-50.0,50,4086.102396
-50.0,50,4089.755887
-50.0,50,4093.464219
-50.0,50,4097.072121
-50.0,50,4100.654499
-50.0,50,4104.290043
-50.0,50,4107.926541
-50.0,50,4111.570733
-50.0,50,4115.242214
-50.0,50,4118.780781
-50.0,50,4122.530592
-50.0,50,4126.22652
-50.0,50,4129.865043
-50.0,50,4133.59625
-50.0,50,4137.262083
-50.0,50,4140.806693
-50.0,50,4144.896731
-50.0,50,4148.727979
-50.0,50,4152.610864
-50.0,50,4156.464221
-50.0,50,4160.318501
-50.0,50,4164.130056
-50.0,50,4167.987702
-50.0,50,4171.810862
-50.0,50,4175.748137
-50.0,50,4179.548042
-50.0,50,4183.345495
-50.0,50,4187.237622
-50.0,50,4191.174266
-50.0,50,4194.900737
-50.0,50,4198.733597
-50.0,50,4202.477379
-50.0,50,4206.378615
-50.0,50,4210.220156
-50.0,50,4214.077455
-50.0,50,4217.887156
-50.0,50,4221.764339
-50.0,50,4225.609456
-50.0,50,4229.377397
-50.0,50,4233.175511
-50.0,50,4237.006596
-50.0,50,4240.795307
-50.0,50,4241.281431
-50.0,50,4241.75197
-50.0,50,4242.242306
-50.0,50,4242.723863
-50.0,50,4243.221287
-50.0,50,4243.725455
-50.0,50,4244.232037
-50.0,50,4244.710085
-50.0,50,4245.201128
