# {"t_start": 1585571776.7974694, "env_id": "FetchToss-v14"} 
r,l,t
-50.0,50,3.931336
0.0,50,7.04766
-50.0,50,10.008684
-50.0,50,13.412031
-50.0,50,16.543947
-50.0,50,19.919757
-50.0,50,23.270871
-50.0,50,26.647866
-50.0,50,29.957405
-50.0,50,33.312949
-50.0,50,36.682063
-50.0,50,40.059343
-50.0,50,43.368941
-50.0,50,46.661064
-50.0,50,49.9897
-50.0,50,53.308161
-50.0,50,56.676743
-50.0,50,60.025498
-50.0,50,63.379263
-50.0,50,66.791764
-50.0,50,70.160428
-50.0,50,73.566211
-50.0,50,76.910877
-50.0,50,80.301123
-50.0,50,83.621716
-50.0,50,86.983231
-50.0,50,90.312887
-50.0,50,93.719484
-50.0,50,97.069799
-50.0,50,100.359985
-50.0,50,103.717182
-50.0,50,107.0347
-50.0,50,110.251899
-50.0,50,113.661772
-50.0,50,117.040736
-50.0,50,120.493789
-50.0,50,123.913882
-50.0,50,127.282532
-50.0,50,130.615477
-50.0,50,134.017531
-50.0,50,137.234696
-50.0,50,140.255461
-50.0,50,142.982047
-50.0,50,145.821968
-50.0,50,148.420573
-50.0,50,150.801916
-50.0,50,153.194453
-50.0,50,155.582831
-50.0,50,157.963799
-50.0,50,160.342178
0.0,50,162.775726
-50.0,50,162.975759
-50.0,50,163.191175
-50.0,50,163.417261
-50.0,50,163.621285
-50.0,50,163.833416
-50.0,50,164.061949
-50.0,50,164.269654
-50.0,50,164.483679
-50.0,50,164.693172
-50.0,50,165.012018
-50.0,50,167.393628
-50.0,50,169.742693
-50.0,50,172.146953
-50.0,50,174.551192
-50.0,50,176.913002
-50.0,50,179.284429
-50.0,50,181.694542
-50.0,50,184.099706
-50.0,50,186.500858
-50.0,50,188.869358
-50.0,50,191.250444
-50.0,50,193.612025
-50.0,50,196.005704
0.0,50,198.380972
-50.0,50,200.735079
-50.0,50,203.124474
-50.0,50,205.463956
-50.0,50,207.871084
-50.0,50,210.244323
-50.0,50,212.638774
-50.0,50,215.007194
-50.0,50,217.37151
-50.0,50,219.732652
-50.0,50,222.126208
-50.0,50,224.502794
0.0,50,226.874145
-50.0,50,229.257782
-50.0,50,231.66775
-50.0,50,234.059184
-50.0,50,236.443457
-50.0,50,238.794868
-50.0,50,241.173621
-50.0,50,243.521212
-50.0,50,245.895984
-50.0,50,248.268393
-50.0,50,250.665487
0.0,50,253.069994
-50.0,50,255.882196
-50.0,50,259.271999
-50.0,50,262.137153
-50.0,50,264.837278
-50.0,50,267.351502
-50.0,50,269.951613
-50.0,50,272.479304
-50.0,50,275.833797
-50.0,50,278.832326
-50.0,50,281.817061
-50.0,50,285.227479
-50.0,50,288.605777
-50.0,50,291.997942
-50.0,50,292.247127
-50.0,50,292.493688
-50.0,50,292.744823
-50.0,50,292.999385
-50.0,50,293.258731
-50.0,50,293.512313
-50.0,50,293.76334
-50.0,50,294.007019
-50.0,50,294.271544
-50.0,50,294.595122
-50.0,50,297.977872
-50.0,50,301.400836
-50.0,50,304.748768
-50.0,50,308.12825
-50.0,50,311.581415
-50.0,50,314.88483
-50.0,50,318.245295
-50.0,50,321.63284
-50.0,50,325.061356
-50.0,50,328.391685
-50.0,50,331.770462
-50.0,50,335.069015
-50.0,50,338.408364
-50.0,50,341.767702
-50.0,50,345.15757
-50.0,50,348.539621
-50.0,50,351.82983
-50.0,50,355.188052
-50.0,50,358.486041
-50.0,50,361.831878
-50.0,50,365.276665
-50.0,50,368.785209
-50.0,50,372.313065
-50.0,50,375.73873
-50.0,50,379.16075
-50.0,50,382.650601
-50.0,50,386.133995
-50.0,50,389.664043
-50.0,50,393.227734
-50.0,50,396.766879
-50.0,50,400.336501
-50.0,50,403.947171
-50.0,50,407.477749
-50.0,50,411.078529
-50.0,50,414.438336
-50.0,50,417.72623
-50.0,50,420.663287
-50.0,50,423.111061
-50.0,50,425.595354
-50.0,50,428.030699
-50.0,50,430.43572
-50.0,50,432.87176
-50.0,50,435.262664
-50.0,50,437.658302
-50.0,50,440.077792
-50.0,50,442.899965
-50.0,50,445.764449
-50.0,50,448.767833
-50.0,50,451.357917
-50.0,50,454.109543
-50.0,50,454.324385
-50.0,50,454.542202
-50.0,50,454.75303
-50.0,50,454.967136
-50.0,50,455.174456
-50.0,50,455.382575
-50.0,50,455.603512
-50.0,50,455.82895
-50.0,50,456.035483
-50.0,50,456.344341
-50.0,50,459.198956
-50.0,50,461.84874
-50.0,50,464.51014
-50.0,50,466.991263
-50.0,50,469.456125
-50.0,50,472.126864
-50.0,50,474.562149
-50.0,50,477.08056
-50.0,50,479.695955
-50.0,50,482.380846
-50.0,50,485.088197
-50.0,50,488.245726
-50.0,50,491.27431
-50.0,50,494.438272
-50.0,50,496.990581
-50.0,50,499.695022
-50.0,50,502.349535
-50.0,50,504.798428
-50.0,50,507.335172
-50.0,50,509.763377
-50.0,50,512.431188
-50.0,50,515.259339
-50.0,50,518.006407
-50.0,50,520.752966
-50.0,50,523.468223
-50.0,50,526.193265
-50.0,50,528.93151
-50.0,50,531.640935
-50.0,50,534.378699
-50.0,50,537.115261
-50.0,50,539.825258
-50.0,50,542.7189
-50.0,50,545.503156
-50.0,50,548.326095
-50.0,50,551.017683
-50.0,50,553.765633
-50.0,50,556.443305
-50.0,50,559.334819
-50.0,50,562.066904
-50.0,50,564.750713
-50.0,50,567.497773
-11.0,50,570.235407
-50.0,50,572.967451
-50.0,50,575.694808
-50.0,50,578.415453
-50.0,50,581.133217
-50.0,50,583.855328
-50.0,50,586.690071
-50.0,50,589.457958
-50.0,50,592.193225
-50.0,50,592.422847
-50.0,50,592.640774
-50.0,50,592.864858
-50.0,50,593.095225
0.0,50,593.323035
-50.0,50,593.543712
-50.0,50,593.767108
-50.0,50,593.990227
-50.0,50,594.224375
-50.0,50,594.652345
-50.0,50,597.358036
-50.0,50,600.124592
-50.0,50,602.935014
-50.0,50,605.682697
-50.0,50,608.415541
-50.0,50,611.159469
-50.0,50,613.898448
-50.0,50,616.607155
-50.0,50,619.311616
-50.0,50,622.048459
-50.0,50,624.80533
0.0,50,627.617413
-50.0,50,630.345733
-50.0,50,633.092346
-50.0,50,635.839182
-50.0,50,638.51484
-50.0,50,641.231926
-50.0,50,643.94284
-50.0,50,646.72063
-50.0,50,649.495714
-50.0,50,652.260826
-50.0,50,654.992482
-50.0,50,657.709881
-50.0,50,660.431233
-50.0,50,663.192484
-50.0,50,665.933341
-50.0,50,668.701853
-50.0,50,671.406685
-50.0,50,674.164195
-50.0,50,676.941709
-50.0,50,679.678241
-50.0,50,682.458108
-50.0,50,685.23332
-50.0,50,687.971891
-50.0,50,690.757358
-50.0,50,693.545827
-50.0,50,696.289766
-50.0,50,699.052967
-50.0,50,701.819987
-50.0,50,704.538059
-50.0,50,707.408848
-50.0,50,710.205069
0.0,50,712.888889
-50.0,50,715.520995
-50.0,50,718.02769
-50.0,50,720.490653
-50.0,50,723.176554
-50.0,50,726.836348
-50.0,50,729.593391
-50.0,50,732.009925
0.0,50,732.215934
-50.0,50,732.429653
-50.0,50,732.653805
-50.0,50,732.861066
-50.0,50,733.067662
-50.0,50,733.294462
-50.0,50,733.524855
-50.0,50,733.729947
-50.0,50,733.938962
-50.0,50,734.31338
-50.0,50,736.749628
-50.0,50,739.139178
-50.0,50,741.529258
-50.0,50,744.005845
-50.0,50,746.45523
-50.0,50,748.829802
0.0,50,751.245854
-50.0,50,753.631109
-50.0,50,756.037972
-50.0,50,758.422838
-50.0,50,760.848705
-50.0,50,763.261857
-50.0,50,765.64121
-50.0,50,768.073026
-50.0,50,770.471953
-50.0,50,772.837681
-50.0,50,775.28888
-50.0,50,778.712079
0.0,50,781.273915
-50.0,50,783.842524
-50.0,50,786.367904
-50.0,50,788.834
-50.0,50,791.293867
-50.0,50,793.76581
-50.0,50,796.255642
-50.0,50,798.729231
-50.0,50,801.136176
-50.0,50,803.688163
-50.0,50,806.341635
-50.0,50,808.773594
-50.0,50,811.198896
-50.0,50,813.582069
-50.0,50,815.974015
-50.0,50,818.350718
-26.0,50,820.762846
-50.0,50,823.153173
-50.0,50,825.519021
-50.0,50,827.896534
-50.0,50,830.261679
-50.0,50,832.730583
-50.0,50,835.112804
-50.0,50,837.471866
-50.0,50,839.85284
-50.0,50,842.24446
0.0,50,844.591124
-50.0,50,846.96456
-50.0,50,849.343158
-50.0,50,851.753546
-50.0,50,854.113282
-50.0,50,856.532837
0.0,50,856.740571
-50.0,50,856.944825
-50.0,50,857.157027
-50.0,50,857.37359
-50.0,50,857.586434
-50.0,50,857.80518
-50.0,50,858.020196
-50.0,50,858.248402
-50.0,50,858.461338
-50.0,50,858.805315
-50.0,50,861.175178
-50.0,50,863.557586
-50.0,50,865.975565
-50.0,50,868.377052
-50.0,50,870.746798
-50.0,50,873.15093
-50.0,50,875.516318
-50.0,50,877.888037
-49.0,50,880.324285
-50.0,50,882.711547
-50.0,50,885.076321
-50.0,50,887.456666
-50.0,50,889.838127
-50.0,50,892.224206
-50.0,50,894.593073
0.0,50,896.994333
-50.0,50,899.384207
-50.0,50,901.758852
-50.0,50,904.098966
-50.0,50,906.504828
-50.0,50,908.974438
-50.0,50,911.343088
-50.0,50,913.707412
-50.0,50,916.106946
-50.0,50,918.501137
-50.0,50,920.891304
-50.0,50,923.281004
-50.0,50,925.668623
-50.0,50,928.03748
-50.0,50,930.456561
-50.0,50,932.829415
-50.0,50,935.198766
-50.0,50,937.56713
-50.0,50,939.915508
-50.0,50,942.304011
-50.0,50,944.701185
-50.0,50,947.094553
-50.0,50,949.459831
-50.0,50,951.874938
-50.0,50,954.285633
-50.0,50,956.643873
-50.0,50,959.038941
-50.0,50,961.468383
-50.0,50,963.842079
-50.0,50,966.194793
-50.0,50,968.584057
-50.0,50,970.978856
-50.0,50,973.400431
-50.0,50,975.817341
-50.0,50,978.168803
-50.0,50,978.395872
-11.0,50,978.616318
-50.0,50,978.823186
-50.0,50,979.042738
-4.0,50,979.256079
-50.0,50,979.452578
-50.0,50,979.661785
-39.0,50,979.882148
-50.0,50,980.091578
-50.0,50,980.469879
-50.0,50,982.872677
-50.0,50,985.23497
-50.0,50,987.644771
-50.0,50,990.052404
-50.0,50,992.460311
-50.0,50,994.836084
-15.0,50,997.203923
-50.0,50,999.632815
-50.0,50,1002.009955
-50.0,50,1004.414407
-50.0,50,1006.804504
-50.0,50,1009.17632
-50.0,50,1011.556508
-50.0,50,1013.923016
-50.0,50,1016.317961
-50.0,50,1018.714974
-49.0,50,1021.146896
-50.0,50,1023.550416
-50.0,50,1025.964235
-50.0,50,1028.398694
-50.0,50,1030.999212
-50.0,50,1033.507727
-50.0,50,1035.962073
-50.0,50,1038.418616
-50.0,50,1040.912145
-50.0,50,1043.375317
-50.0,50,1045.800798
-14.0,50,1048.337144
-50.0,50,1050.757007
-50.0,50,1053.129548
-50.0,50,1055.705668
-50.0,50,1058.151294
-50.0,50,1060.526817
-50.0,50,1062.912013
-50.0,50,1065.294139
-50.0,50,1067.745612
-50.0,50,1070.140004
-50.0,50,1072.578896
-50.0,50,1074.957719
-50.0,50,1077.372725
-50.0,50,1079.743989
-50.0,50,1082.095399
-50.0,50,1084.517139
-50.0,50,1086.888579
-50.0,50,1089.286726
-50.0,50,1091.682803
0.0,50,1094.064528
-50.0,50,1096.431895
-50.0,50,1098.831543
-50.0,50,1101.230222
-50.0,50,1101.482059
-50.0,50,1101.690273
-50.0,50,1101.898404
0.0,50,1102.112792
-50.0,50,1102.358804
-50.0,50,1102.584188
-50.0,50,1102.798488
-21.0,50,1103.032984
0.0,50,1103.240946
-50.0,50,1103.509271
-50.0,50,1105.888661
-50.0,50,1108.272395
-50.0,50,1110.66978
-50.0,50,1113.055
-50.0,50,1115.431553
-50.0,50,1117.833256
-50.0,50,1120.218373
-50.0,50,1122.597383
-50.0,50,1125.002725
-50.0,50,1127.348245
-50.0,50,1129.729035
-50.0,50,1132.103998
-50.0,50,1134.533738
-50.0,50,1136.889768
-50.0,50,1139.280532
-50.0,50,1141.675147
-50.0,50,1144.052784
-50.0,50,1146.445134
-50.0,50,1148.791649
-50.0,50,1151.223622
-50.0,50,1153.588762
-50.0,50,1156.015651
-50.0,50,1158.425549
-50.0,50,1160.828369
-50.0,50,1163.232718
-50.0,50,1165.617976
-50.0,50,1167.995849
-50.0,50,1170.382394
-50.0,50,1172.755919
-50.0,50,1175.167755
-50.0,50,1177.570803
-6.0,50,1179.91846
-50.0,50,1182.319141
-50.0,50,1184.720765
-49.0,50,1187.138414
-50.0,50,1189.556571
-50.0,50,1191.957891
-50.0,50,1194.367933
-50.0,50,1196.758085
-50.0,50,1199.170681
-50.0,50,1201.592517
-50.0,50,1203.935956
-50.0,50,1206.318138
0.0,50,1208.71579
-50.0,50,1211.109291
-11.0,50,1213.528439
-50.0,50,1215.929604
-50.0,50,1218.318937
-50.0,50,1220.731488
-50.0,50,1223.133678
-50.0,50,1223.353569
-50.0,50,1223.579182
-50.0,50,1223.797469
-50.0,50,1224.024995
-50.0,50,1224.275063
-50.0,50,1224.529867
-50.0,50,1224.792212
-50.0,50,1225.016631
-50.0,50,1225.253501
-50.0,50,1225.503523
-50.0,50,1227.937222
-50.0,50,1230.331501
-50.0,50,1232.682579
-50.0,50,1235.114515
-50.0,50,1237.463659
-48.0,50,1239.873655
-50.0,50,1242.224417
0.0,50,1244.637639
-50.0,50,1247.01952
-50.0,50,1249.436058
-50.0,50,1251.81234
-50.0,50,1254.184347
-50.0,50,1256.56993
-50.0,50,1258.949763
-50.0,50,1261.326359
-50.0,50,1263.687844
-50.0,50,1266.090831
-50.0,50,1268.488726
-50.0,50,1270.911618
-50.0,50,1273.337806
-50.0,50,1275.740239
-47.0,50,1278.120889
-50.0,50,1280.506549
-50.0,50,1282.893679
-50.0,50,1285.278775
-50.0,50,1287.726847
-50.0,50,1290.10298
-50.0,50,1292.494897
-50.0,50,1294.891968
-50.0,50,1297.296045
-50.0,50,1299.688394
-50.0,50,1302.098921
-50.0,50,1304.504432
-50.0,50,1306.874195
-50.0,50,1309.282809
-50.0,50,1311.699465
-50.0,50,1314.08635
-50.0,50,1316.519739
-50.0,50,1318.89568
-50.0,50,1321.298135
-50.0,50,1323.704351
-50.0,50,1326.085146
-50.0,50,1328.514672
-50.0,50,1330.89449
-50.0,50,1333.300625
-50.0,50,1335.686973
-40.0,50,1338.068632
-50.0,50,1340.476584
-50.0,50,1342.859612
-50.0,50,1345.233472
-50.0,50,1345.445575
-49.0,50,1345.662885
-50.0,50,1345.887865
-50.0,50,1346.114089
-50.0,50,1346.326841
-50.0,50,1346.541549
-50.0,50,1346.79294
0.0,50,1346.998256
-22.0,50,1347.223315
-50.0,50,1347.583407
-50.0,50,1349.972319
-50.0,50,1352.358604
-50.0,50,1354.785955
-48.0,50,1357.208815
0.0,50,1359.554689
-50.0,50,1361.947999
-50.0,50,1364.350134
-50.0,50,1366.720581
-50.0,50,1369.139959
-50.0,50,1371.535839
-50.0,50,1373.931135
-50.0,50,1376.338114
-50.0,50,1378.709758
-50.0,50,1381.127557
-49.0,50,1383.542273
-50.0,50,1385.97097
-11.0,50,1388.356405
-50.0,50,1390.744511
-50.0,50,1393.121836
-50.0,50,1395.514729
-50.0,50,1397.898125
-50.0,50,1400.338144
-50.0,50,1402.722063
-48.0,50,1405.132985
-50.0,50,1407.504091
0.0,50,1409.892147
-50.0,50,1412.281291
-50.0,50,1414.726246
-50.0,50,1417.095126
-50.0,50,1419.50619
-50.0,50,1421.902534
-50.0,50,1424.321276
-50.0,50,1426.721052
-50.0,50,1429.154408
-50.0,50,1431.51547
-50.0,50,1433.937721
-50.0,50,1436.340996
-50.0,50,1438.711514
-50.0,50,1441.089603
-50.0,50,1443.488709
-50.0,50,1445.882361
-50.0,50,1448.269168
-50.0,50,1450.690966
-48.0,50,1453.058326
-50.0,50,1455.459983
-50.0,50,1457.842076
-50.0,50,1460.241858
-50.0,50,1462.669127
-50.0,50,1465.050102
-50.0,50,1467.451385
-50.0,50,1467.671577
-50.0,50,1467.883005
-50.0,50,1468.113594
-50.0,50,1468.320992
-50.0,50,1468.540086
-50.0,50,1468.772019
-50.0,50,1468.988212
-50.0,50,1469.222742
-50.0,50,1469.453343
-50.0,50,1469.806017
-50.0,50,1472.17352
-50.0,50,1474.535355
-50.0,50,1476.915052
-50.0,50,1479.299599
-50.0,50,1481.689211
-25.0,50,1484.0566
-50.0,50,1486.435767
-50.0,50,1488.847059
-50.0,50,1491.214792
-50.0,50,1493.607391
-50.0,50,1496.029902
-50.0,50,1498.423067
-50.0,50,1500.808928
-10.0,50,1503.18153
-50.0,50,1505.6025
-50.0,50,1507.96867
-14.0,50,1510.36727
-50.0,50,1512.729111
-50.0,50,1515.185659
-50.0,50,1517.552547
-50.0,50,1519.940015
-50.0,50,1522.363517
-50.0,50,1524.714566
-50.0,50,1527.135294
-50.0,50,1529.558049
-50.0,50,1531.922851
-50.0,50,1534.324755
-50.0,50,1536.733748
-50.0,50,1539.1213
-50.0,50,1541.483729
-50.0,50,1543.88649
-50.0,50,1546.257758
-50.0,50,1548.640598
-50.0,50,1551.019455
-50.0,50,1553.389216
-50.0,50,1555.828471
-29.0,50,1558.212596
-50.0,50,1560.582412
-50.0,50,1562.972517
-50.0,50,1565.35121
-50.0,50,1567.732902
-50.0,50,1570.11215
-50.0,50,1572.490384
-50.0,50,1574.910605
-50.0,50,1577.272439
-50.0,50,1579.649347
-50.0,50,1582.058149
-50.0,50,1584.465232
-50.0,50,1586.832356
-50.0,50,1589.260961
-50.0,50,1589.494578
-50.0,50,1589.713943
-50.0,50,1589.943978
-50.0,50,1590.204087
-50.0,50,1590.418908
0.0,50,1590.620764
-50.0,50,1590.828377
-50.0,50,1591.058954
-50.0,50,1591.267872
-50.0,50,1591.543778
-50.0,50,1593.944057
-50.0,50,1596.308855
-50.0,50,1598.731709
-50.0,50,1601.058408
-50.0,50,1603.465075
-50.0,50,1605.888151
-50.0,50,1608.287589
-50.0,50,1610.670668
-50.0,50,1613.086267
-50.0,50,1615.473245
-50.0,50,1617.890556
-50.0,50,1620.263104
-50.0,50,1622.657819
-50.0,50,1625.033369
-50.0,50,1627.413017
-5.0,50,1629.813757
-50.0,50,1632.244087
-10.0,50,1634.633888
-50.0,50,1637.039066
-50.0,50,1639.444681
-5.0,50,1641.800566
-50.0,50,1644.205263
-48.0,50,1646.60507
-49.0,50,1648.994916
-50.0,50,1651.403785
-50.0,50,1653.802049
-21.0,50,1656.1948
-50.0,50,1658.593237
-50.0,50,1660.988387
-50.0,50,1663.352968
-50.0,50,1665.754645
-50.0,50,1668.158429
-50.0,50,1670.525686
-50.0,50,1672.931609
-50.0,50,1675.338664
-50.0,50,1677.757222
-50.0,50,1680.1564
-50.0,50,1682.522869
-50.0,50,1684.939572
-50.0,50,1687.305328
-10.0,50,1689.716159
-50.0,50,1692.085056
-50.0,50,1694.520573
-50.0,50,1696.88987
-50.0,50,1699.244274
-50.0,50,1701.629622
-50.0,50,1704.000497
-50.0,50,1706.347556
-50.0,50,1708.749844
-50.0,50,1711.144228
-50.0,50,1711.345898
-50.0,50,1711.559312
-50.0,50,1711.771775
-50.0,50,1712.004263
-14.0,50,1712.221143
-50.0,50,1712.435539
-50.0,50,1712.653135
-50.0,50,1712.85863
-50.0,50,1713.069318
-50.0,50,1713.450902
-50.0,50,1715.835377
-50.0,50,1718.242412
-50.0,50,1720.638537
-50.0,50,1723.059815
-50.0,50,1725.443898
-50.0,50,1727.844981
-50.0,50,1730.226262
-50.0,50,1732.627607
-50.0,50,1735.026748
-50.0,50,1737.465965
-50.0,50,1739.831977
-50.0,50,1742.231049
-7.0,50,1744.650751
-50.0,50,1747.026937
-50.0,50,1749.374865
-50.0,50,1751.794581
-50.0,50,1754.169303
-19.0,50,1756.556601
-50.0,50,1758.933237
-50.0,50,1761.384202
-49.0,50,1763.787718
-50.0,50,1766.210611
-38.0,50,1768.574889
-19.0,50,1770.971368
-50.0,50,1773.382866
-36.0,50,1775.790318
-48.0,50,1778.167931
-50.0,50,1780.558542
-3.0,50,1782.951379
-50.0,50,1785.369584
-50.0,50,1787.806884
-50.0,50,1790.200401
-50.0,50,1792.619984
-50.0,50,1794.992661
-50.0,50,1797.394918
-50.0,50,1799.873226
-50.0,50,1802.29186
-50.0,50,1804.690284
-50.0,50,1807.091314
-50.0,50,1809.499136
-50.0,50,1811.891897
-50.0,50,1814.314154
-50.0,50,1816.682086
-50.0,50,1819.143944
-50.0,50,1821.562631
-50.0,50,1823.940069
-50.0,50,1826.367213
-50.0,50,1828.766478
-50.0,50,1831.209555
-50.0,50,1833.613576
-50.0,50,1833.8223
-50.0,50,1834.030374
-50.0,50,1834.272018
-50.0,50,1834.517479
-50.0,50,1834.740113
-50.0,50,1834.960798
-50.0,50,1835.169946
-50.0,50,1835.381956
-50.0,50,1835.619283
-50.0,50,1835.899021
-50.0,50,1838.397967
-50.0,50,1840.779476
-50.0,50,1843.160243
-8.0,50,1845.562469
-50.0,50,1847.961204
-50.0,50,1850.357038
-50.0,50,1852.799094
-47.0,50,1855.206797
-50.0,50,1857.584345
-50.0,50,1860.031685
-50.0,50,1862.411235
0.0,50,1864.812497
-50.0,50,1867.24126
0.0,50,1869.636825
-50.0,50,1872.052295
-50.0,50,1874.444319
-50.0,50,1876.833028
-50.0,50,1879.311689
-50.0,50,1881.736782
-50.0,50,1884.133493
-50.0,50,1886.50827
-50.0,50,1888.91752
-17.0,50,1891.303455
-50.0,50,1893.723988
0.0,50,1896.173085
-50.0,50,1898.573818
-50.0,50,1900.971171
-50.0,50,1903.354504
-50.0,50,1905.800592
-50.0,50,1908.206866
-50.0,50,1910.648044
0.0,50,1913.034338
-50.0,50,1915.486919
0.0,50,1917.903506
-49.0,50,1920.304783
-50.0,50,1922.711771
-50.0,50,1925.134073
-50.0,50,1927.509119
-50.0,50,1929.929694
-50.0,50,1932.318133
-50.0,50,1934.731357
-50.0,50,1937.122561
-50.0,50,1939.51394
-50.0,50,1941.9241
-50.0,50,1944.297208
-50.0,50,1946.716937
-50.0,50,1949.144264
-32.0,50,1951.522769
-50.0,50,1953.925903
-50.0,50,1956.319677
-50.0,50,1956.525219
-50.0,50,1956.767014
-29.0,50,1956.981092
-50.0,50,1957.219078
-50.0,50,1957.4387
-50.0,50,1957.662528
-50.0,50,1957.87955
-50.0,50,1958.101575
-50.0,50,1958.316383
-50.0,50,1958.63635
-49.0,50,1961.025722
-50.0,50,1963.454925
-50.0,50,1965.833094
-50.0,50,1968.25081
-50.0,50,1970.637244
-50.0,50,1973.103487
-50.0,50,1975.480059
-50.0,50,1977.904945
-50.0,50,1980.268045
-50.0,50,1982.670628
-13.0,50,1985.072339
0.0,50,1987.433463
-50.0,50,1989.822466
-50.0,50,1992.205703
-50.0,50,1994.596087
-50.0,50,1996.960109
-50.0,50,1999.372569
-50.0,50,2001.761113
-50.0,50,2004.152958
-50.0,50,2006.56795
-50.0,50,2008.977632
-50.0,50,2011.331672
-50.0,50,2013.733094
-50.0,50,2016.154601
-50.0,50,2018.54102
-50.0,50,2020.930916
-42.0,50,2023.337136
-50.0,50,2025.749659
-50.0,50,2028.087299
-50.0,50,2030.487695
-50.0,50,2032.919429
-50.0,50,2035.332598
-50.0,50,2037.714846
-50.0,50,2040.101155
-50.0,50,2042.53254
-50.0,50,2044.984142
-50.0,50,2047.373997
-50.0,50,2049.765659
-50.0,50,2052.156714
-50.0,50,2054.550378
-50.0,50,2056.979581
-50.0,50,2059.395927
-50.0,50,2061.756418
-50.0,50,2064.156342
-50.0,50,2066.618506
-50.0,50,2069.018602
-50.0,50,2071.4199
-50.0,50,2073.796249
-18.0,50,2076.174507
-50.0,50,2078.591332
-50.0,50,2078.859579
-50.0,50,2079.076402
-50.0,50,2079.289472
-50.0,50,2079.527222
0.0,50,2079.73642
-50.0,50,2079.951466
-49.0,50,2080.17313
-50.0,50,2080.385442
-50.0,50,2080.600282
-50.0,50,2080.883878
-50.0,50,2083.312771
-50.0,50,2085.73581
0.0,50,2088.148555
-50.0,50,2090.560046
-50.0,50,2092.940698
-50.0,50,2095.347532
-50.0,50,2097.730025
-50.0,50,2100.164411
-50.0,50,2102.626303
-50.0,50,2104.999375
-50.0,50,2107.396676
-50.0,50,2109.806661
-50.0,50,2112.230753
-50.0,50,2114.637033
-50.0,50,2117.016813
-14.0,50,2119.4688
-50.0,50,2121.853345
-50.0,50,2124.285504
0.0,50,2126.630465
-50.0,50,2129.040524
-50.0,50,2131.429261
-5.0,50,2133.849946
-50.0,50,2136.242332
-50.0,50,2138.654852
-50.0,50,2140.982664
-50.0,50,2143.424917
-50.0,50,2145.821966
-50.0,50,2148.215287
-45.0,50,2150.636737
-50.0,50,2153.04551
-50.0,50,2155.426304
-50.0,50,2157.811991
-50.0,50,2160.217846
-50.0,50,2162.58318
-50.0,50,2165.048365
-50.0,50,2167.421689
-50.0,50,2169.798526
-50.0,50,2172.240786
-50.0,50,2174.590755
-50.0,50,2176.982175
-50.0,50,2179.387927
-50.0,50,2181.773602
-50.0,50,2184.165054
-50.0,50,2186.530201
-50.0,50,2188.949387
-49.0,50,2191.402114
-50.0,50,2193.823919
-50.0,50,2196.195168
-50.0,50,2198.616998
-50.0,50,2201.01915
-5.0,50,2201.224765
-50.0,50,2201.443276
-50.0,50,2201.647938
-50.0,50,2201.85683
-50.0,50,2202.091243
-50.0,50,2202.31712
-50.0,50,2202.550646
-50.0,50,2202.761159
-50.0,50,2203.004146
-50.0,50,2203.353615
-50.0,50,2205.775616
-50.0,50,2208.190096
-50.0,50,2210.578992
-50.0,50,2213.035055
-50.0,50,2215.382871
-50.0,50,2217.790594
-50.0,50,2220.244232
-50.0,50,2222.607908
-50.0,50,2224.977712
-50.0,50,2227.368009
-50.0,50,2229.740628
-50.0,50,2232.138402
-50.0,50,2234.48823
-50.0,50,2236.861915
-50.0,50,2239.280598
-50.0,50,2241.673706
-49.0,50,2244.064132
-50.0,50,2246.431528
-50.0,50,2248.861739
-50.0,50,2251.250194
-50.0,50,2253.669976
-48.0,50,2256.086586
-50.0,50,2258.482917
-50.0,50,2260.876748
-50.0,50,2263.262172
-50.0,50,2265.63084
-50.0,50,2268.02811
-50.0,50,2270.45368
-50.0,50,2272.849346
-50.0,50,2275.305798
-50.0,50,2277.703546
-50.0,50,2280.116986
-27.0,50,2282.515628
-50.0,50,2284.920751
-50.0,50,2287.304534
-50.0,50,2289.711633
-19.0,50,2292.135331
-26.0,50,2294.565427
-50.0,50,2296.942662
-50.0,50,2299.325729
-50.0,50,2301.779545
-50.0,50,2304.167363
-50.0,50,2306.557539
-8.0,50,2308.965785
-50.0,50,2311.354217
-50.0,50,2313.799242
-50.0,50,2316.180408
-50.0,50,2318.591263
-50.0,50,2320.93481
-50.0,50,2323.359936
-50.0,50,2323.575313
-50.0,50,2323.800549
-50.0,50,2324.062018
-50.0,50,2324.275425
-5.0,50,2324.493376
-50.0,50,2324.702435
-50.0,50,2324.940637
-50.0,50,2325.151256
-50.0,50,2325.402373
-50.0,50,2325.660414
-44.0,50,2328.062557
-50.0,50,2330.439753
-50.0,50,2332.883865
-50.0,50,2335.327588
-50.0,50,2337.710405
-50.0,50,2340.074202
-50.0,50,2342.508253
-50.0,50,2344.870355
-46.0,50,2347.303092
-50.0,50,2349.731274
-50.0,50,2352.086725
-50.0,50,2354.484803
-50.0,50,2356.867321
-50.0,50,2359.272318
0.0,50,2361.671813
-50.0,50,2364.075015
-50.0,50,2366.480452
-44.0,50,2368.918865
-50.0,50,2371.283991
-50.0,50,2373.707037
-50.0,50,2376.11877
-50.0,50,2378.531415
-50.0,50,2380.935928
-50.0,50,2383.370705
-23.0,50,2385.74292
-50.0,50,2388.160291
-30.0,50,2390.559295
-50.0,50,2392.978414
-50.0,50,2395.386147
-50.0,50,2398.138164
-50.0,50,2400.570249
-50.0,50,2402.932641
-50.0,50,2405.38395
-50.0,50,2407.768668
-50.0,50,2410.146958
-50.0,50,2412.553586
-50.0,50,2414.945976
-50.0,50,2417.389303
-50.0,50,2419.790598
-50.0,50,2422.16702
-50.0,50,2424.610397
-50.0,50,2427.038846
-50.0,50,2429.462716
-50.0,50,2431.850449
-50.0,50,2434.272088
-50.0,50,2436.657743
-50.0,50,2439.040475
-50.0,50,2441.436692
-46.0,50,2443.872593
-50.0,50,2446.31315
-50.0,50,2446.54908
-50.0,50,2446.793145
-50.0,50,2447.008138
-50.0,50,2447.225299
-8.0,50,2447.442895
-50.0,50,2447.678885
-50.0,50,2447.930397
-15.0,50,2448.175578
-50.0,50,2448.385819
-50.0,50,2448.636657
-50.0,50,2451.046111
-50.0,50,2453.43255
-50.0,50,2455.866457
-50.0,50,2458.275784
-50.0,50,2460.640883
-50.0,50,2463.018098
-50.0,50,2465.41885
-50.0,50,2467.871996
-50.0,50,2470.259361
-50.0,50,2472.659555
-50.0,50,2475.092005
-18.0,50,2477.491499
-50.0,50,2479.876584
-50.0,50,2482.343443
-50.0,50,2484.757606
-50.0,50,2487.176386
-50.0,50,2489.542588
-41.0,50,2491.989415
-50.0,50,2494.390163
-50.0,50,2496.790292
-50.0,50,2499.142853
-50.0,50,2501.557906
-50.0,50,2503.99049
-50.0,50,2506.385952
-37.0,50,2508.826571
-50.0,50,2511.257832
-50.0,50,2513.641223
-50.0,50,2516.013795
-50.0,50,2518.382014
-50.0,50,2520.796774
-50.0,50,2523.20292
-50.0,50,2525.622792
-50.0,50,2528.091168
-48.0,50,2530.515402
-50.0,50,2532.9221
-50.0,50,2535.318732
-10.0,50,2537.687033
-50.0,50,2540.114963
-11.0,50,2542.511364
-50.0,50,2544.864117
-25.0,50,2547.291754
-50.0,50,2549.672105
-50.0,50,2552.080745
-50.0,50,2554.447969
-50.0,50,2556.873541
-50.0,50,2559.295738
-50.0,50,2561.69854
-50.0,50,2564.066543
-50.0,50,2566.46855
-50.0,50,2568.881283
-50.0,50,2569.094796
-49.0,50,2569.324351
-50.0,50,2569.554731
-50.0,50,2569.770639
0.0,50,2569.981697
-6.0,50,2570.202766
-50.0,50,2570.413663
-50.0,50,2570.638433
-50.0,50,2570.876346
-50.0,50,2571.223725
-50.0,50,2573.608462
-50.0,50,2576.022735
-50.0,50,2578.411149
-50.0,50,2580.783737
-50.0,50,2583.166495
-50.0,50,2585.588682
-50.0,50,2587.97253
-50.0,50,2590.386734
-50.0,50,2592.786876
-50.0,50,2595.145776
-50.0,50,2597.548764
-50.0,50,2599.978422
-50.0,50,2602.392783
-4.0,50,2604.781485
-50.0,50,2607.178808
-50.0,50,2609.5481
-50.0,50,2611.92239
-48.0,50,2614.352903
-50.0,50,2616.758027
-50.0,50,2619.163854
-50.0,50,2621.560117
-50.0,50,2623.957911
-50.0,50,2626.377912
-50.0,50,2628.791117
0.0,50,2631.189067
-50.0,50,2633.566246
-10.0,50,2635.935454
-50.0,50,2638.316072
-50.0,50,2640.707059
-50.0,50,2643.083946
-50.0,50,2645.497829
-50.0,50,2647.848543
-50.0,50,2650.27655
-50.0,50,2652.663239
-49.0,50,2655.08314
-8.0,50,2657.449709
-50.0,50,2659.852842
-50.0,50,2662.248113
-50.0,50,2664.695959
-50.0,50,2667.070298
-50.0,50,2669.440919
-50.0,50,2671.879042
-50.0,50,2674.269823
-44.0,50,2676.717438
-50.0,50,2679.083844
-50.0,50,2681.482153
-11.0,50,2683.859231
-42.0,50,2686.301383
-49.0,50,2688.687931
-50.0,50,2691.075205
-50.0,50,2691.326138
-50.0,50,2691.537463
-50.0,50,2691.748041
-50.0,50,2691.978248
-47.0,50,2692.207258
-50.0,50,2692.421467
-50.0,50,2692.63666
-50.0,50,2692.868787
-49.0,50,2693.095721
-50.0,50,2693.461786
0.0,50,2695.868
-50.0,50,2698.269581
-50.0,50,2700.676622
-50.0,50,2703.067585
-50.0,50,2705.447743
-50.0,50,2707.876961
-50.0,50,2710.263309
-50.0,50,2712.684482
-50.0,50,2715.097677
-20.0,50,2717.454945
-50.0,50,2719.853109
-50.0,50,2722.245895
-50.0,50,2724.634769
-50.0,50,2727.038299
-50.0,50,2729.481952
-50.0,50,2731.866282
-50.0,50,2734.252712
-50.0,50,2736.690396
-20.0,50,2739.086618
-50.0,50,2741.464708
-50.0,50,2743.92083
-50.0,50,2746.322678
-47.0,50,2748.731071
-50.0,50,2751.162944
-50.0,50,2753.562289
-50.0,50,2756.019139
-50.0,50,2758.410392
-50.0,50,2760.820584
-50.0,50,2763.238331
-50.0,50,2765.690766
-49.0,50,2768.052954
-50.0,50,2770.484331
-48.0,50,2772.888968
-43.0,50,2775.293943
-50.0,50,2777.677645
-50.0,50,2780.090427
-48.0,50,2782.537286
-50.0,50,2784.932571
-50.0,50,2787.298333
-50.0,50,2789.722816
-50.0,50,2792.144659
-4.0,50,2794.573883
-50.0,50,2796.994436
-50.0,50,2799.398318
-21.0,50,2801.780314
-8.0,50,2804.172866
-50.0,50,2806.586569
-27.0,50,2808.985747
-5.0,50,2811.575288
-49.0,50,2814.25354
-50.0,50,2814.479996
-50.0,50,2814.723265
-15.0,50,2814.972189
-50.0,50,2815.213407
-11.0,50,2815.449312
-50.0,50,2815.691498
-50.0,50,2815.899756
-8.0,50,2816.124431
-50.0,50,2816.341329
-50.0,50,2816.641404
-50.0,50,2819.042538
-50.0,50,2821.433059
-50.0,50,2823.86024
0.0,50,2826.325274
-50.0,50,2828.709674
-50.0,50,2831.072315
-14.0,50,2833.464306
-50.0,50,2835.868216
-50.0,50,2838.272667
-24.0,50,2840.664772
-50.0,50,2843.030306
-50.0,50,2845.437001
-50.0,50,2847.849032
-50.0,50,2850.298454
-50.0,50,2852.678223
-50.0,50,2855.08298
-50.0,50,2857.470821
-50.0,50,2859.857083
-50.0,50,2862.312067
-50.0,50,2864.713344
-50.0,50,2867.084534
-9.0,50,2869.495884
-50.0,50,2871.879546
-50.0,50,2874.299896
-50.0,50,2876.72726
-47.0,50,2879.175895
-50.0,50,2881.55238
-22.0,50,2883.946913
-50.0,50,2886.384189
-50.0,50,2888.780028
-50.0,50,2891.196864
-50.0,50,2893.546461
-50.0,50,2895.983819
-50.0,50,2898.385186
-50.0,50,2900.790706
0.0,50,2903.189732
-50.0,50,2905.593536
-50.0,50,2908.001241
-50.0,50,2910.427777
-45.0,50,2912.818449
-50.0,50,2915.226256
-50.0,50,2917.631687
-9.0,50,2920.068107
-50.0,50,2922.423366
-5.0,50,2924.828398
-50.0,50,2927.219349
-50.0,50,2929.586746
-50.0,50,2931.980487
-50.0,50,2934.387238
-50.0,50,2936.771251
-50.0,50,2936.984076
-15.0,50,2937.215098
-50.0,50,2937.461532
-12.0,50,2937.699292
-50.0,50,2937.910403
-8.0,50,2938.130522
-50.0,50,2938.353523
-50.0,50,2938.563009
-50.0,50,2938.784499
-50.0,50,2939.056026
-50.0,50,2941.455206
-50.0,50,2943.898443
-50.0,50,2946.283291
-50.0,50,2948.660269
-50.0,50,2951.058505
-34.0,50,2953.440807
0.0,50,2955.848039
-8.0,50,2958.209576
-50.0,50,2960.571055
-45.0,50,2962.981586
-50.0,50,2965.370895
-50.0,50,2967.776589
-12.0,50,2970.229655
-50.0,50,2972.601722
-50.0,50,2975.011231
0.0,50,2977.368601
-50.0,50,2979.762137
-50.0,50,2982.194751
-45.0,50,2984.843047
-50.0,50,2987.302405
-50.0,50,2989.732408
-30.0,50,2992.236484
-50.0,50,2994.787407
-50.0,50,2997.240732
-8.0,50,2999.704569
-50.0,50,3002.09261
-50.0,50,3004.514188
-50.0,50,3006.887381
-8.0,50,3009.328622
-50.0,50,3011.754113
-50.0,50,3014.132464
-50.0,50,3016.563878
-6.0,50,3018.928648
-35.0,50,3021.306283
-50.0,50,3023.713202
-50.0,50,3026.096269
-46.0,50,3028.943782
-50.0,50,3031.52398
-50.0,50,3034.242998
-50.0,50,3037.031592
-50.0,50,3039.828285
-50.0,50,3042.653883
-50.0,50,3045.571043
-50.0,50,3048.032436
-50.0,50,3050.448832
-50.0,50,3052.871534
-35.0,50,3055.254318
-50.0,50,3057.637824
-8.0,50,3060.052884
-46.0,50,3062.437289
-50.0,50,3062.681934
-50.0,50,3062.897582
-50.0,50,3063.109978
-5.0,50,3063.339958
-8.0,50,3063.579118
0.0,50,3063.78598
-50.0,50,3064.01059
-50.0,50,3064.218275
-50.0,50,3064.429941
-50.0,50,3064.786849
-16.0,50,3067.193163
-50.0,50,3069.591127
-27.0,50,3072.040882
-15.0,50,3074.431838
-50.0,50,3076.812817
-50.0,50,3079.201284
-47.0,50,3081.697958
-27.0,50,3084.216204
-50.0,50,3086.64525
-50.0,50,3089.184193
-35.0,50,3091.614616
-50.0,50,3093.972496
-50.0,50,3096.635106
-9.0,50,3099.747766
-50.0,50,3103.315324
-41.0,50,3106.751539
-50.0,50,3110.121275
-50.0,50,3113.555861
-17.0,50,3116.935197
-50.0,50,3120.357559
-50.0,50,3123.829875
-17.0,50,3127.239918
-50.0,50,3130.700476
-50.0,50,3134.162169
-50.0,50,3137.631194
-50.0,50,3141.047363
-50.0,50,3144.429566
-50.0,50,3147.873077
-50.0,50,3151.308283
-50.0,50,3154.81457
-50.0,50,3158.239861
-50.0,50,3161.734169
-50.0,50,3165.156235
-32.0,50,3168.542262
-50.0,50,3171.988338
-48.0,50,3175.373067
-50.0,50,3178.747959
-45.0,50,3182.184127
-50.0,50,3185.54762
-50.0,50,3188.957524
-10.0,50,3192.35302
-50.0,50,3195.814725
-50.0,50,3199.272305
-50.0,50,3202.770077
-49.0,50,3205.905207
-50.0,50,3208.574859
-50.0,50,3211.689234
-50.0,50,3214.853345
-49.0,50,3217.490511
-50.0,50,3220.38992
-50.0,50,3220.641569
-50.0,50,3220.900585
-50.0,50,3221.184676
-50.0,50,3221.437331
-50.0,50,3221.715731
-50.0,50,3221.976075
-50.0,50,3222.227219
-50.0,50,3222.4887
-50.0,50,3222.782823
-50.0,50,3223.261261
-49.0,50,3225.861475
-50.0,50,3228.599693
0.0,50,3231.878362
-22.0,50,3234.425059
-41.0,50,3237.233748
-50.0,50,3240.647213
-48.0,50,3243.173108
-50.0,50,3246.094098
-13.0,50,3249.495827
-47.0,50,3252.041241
-50.0,50,3254.586521
-50.0,50,3257.362246
-50.0,50,3259.830816
-48.0,50,3262.2516
-18.0,50,3264.854359
-50.0,50,3267.365196
-50.0,50,3270.295393
-15.0,50,3273.106053
-50.0,50,3275.773391
-19.0,50,3278.42997
-50.0,50,3281.832774
-50.0,50,3286.378572
-50.0,50,3289.077269
-47.0,50,3291.515321
-50.0,50,3293.946592
-50.0,50,3296.390029
-50.0,50,3298.787908
-14.0,50,3301.225322
-29.0,50,3303.592255
-50.0,50,3305.978965
-50.0,50,3308.365591
-50.0,50,3310.76562
-50.0,50,3313.115107
-50.0,50,3315.500797
-50.0,50,3317.89519
-50.0,50,3320.320687
-50.0,50,3322.67858
-32.0,50,3325.077526
-50.0,50,3327.48859
-29.0,50,3329.894111
-50.0,50,3332.267208
-25.0,50,3334.641783
-50.0,50,3337.024781
-31.0,50,3339.408546
-50.0,50,3341.788093
-50.0,50,3344.173858
-50.0,50,3346.561213
-50.0,50,3348.941878
-50.0,50,3351.366702
-50.0,50,3353.730026
-50.0,50,3353.94133
-49.0,50,3354.172059
-50.0,50,3354.37443
-7.0,50,3354.594555
-50.0,50,3354.816206
-50.0,50,3355.064457
-5.0,50,3355.284155
-50.0,50,3355.538929
0.0,50,3355.755679
-50.0,50,3356.080562
-36.0,50,3358.508533
-50.0,50,3360.910913
-50.0,50,3363.319067
-50.0,50,3365.775536
0.0,50,3368.124508
-50.0,50,3370.519745
-50.0,50,3372.889778
-49.0,50,3375.298423
-50.0,50,3377.679443
-50.0,50,3380.046458
-50.0,50,3382.430819
-50.0,50,3384.797482
-34.0,50,3387.239046
-9.0,50,3389.610799
-50.0,50,3392.031865
-29.0,50,3394.425669
-50.0,50,3396.807102
0.0,50,3399.171064
0.0,50,3401.601855
-50.0,50,3403.975401
-50.0,50,3406.391757
0.0,50,3408.806858
-50.0,50,3411.172939
-50.0,50,3413.564799
-50.0,50,3416.009648
-50.0,50,3418.374058
0.0,50,3420.746574
-50.0,50,3423.113619
-21.0,50,3425.488855
-17.0,50,3427.912138
-50.0,50,3430.311115
-50.0,50,3432.706463
0.0,50,3435.097284
-14.0,50,3437.516973
-50.0,50,3439.873186
-50.0,50,3442.289284
0.0,50,3444.664321
-19.0,50,3447.074511
-50.0,50,3449.448661
0.0,50,3451.840916
-50.0,50,3454.277249
-49.0,50,3456.700738
-50.0,50,3459.066731
-50.0,50,3461.443095
-50.0,50,3463.813192
-50.0,50,3466.21683
-50.0,50,3468.635923
-19.0,50,3471.058488
-50.0,50,3473.444795
-50.0,50,3475.856569
-16.0,50,3476.072206
-50.0,50,3476.286062
-50.0,50,3476.496955
-50.0,50,3476.717243
-50.0,50,3476.959162
-50.0,50,3477.198989
-50.0,50,3477.419031
-5.0,50,3477.665379
-50.0,50,3477.890423
-50.0,50,3478.256716
-12.0,50,3480.663062
-50.0,50,3483.061409
-14.0,50,3485.480036
-11.0,50,3487.889487
-50.0,50,3490.286863
-50.0,50,3492.687211
-50.0,50,3495.058864
-50.0,50,3497.447178
-50.0,50,3499.832094
-50.0,50,3502.20391
-50.0,50,3504.604894
-50.0,50,3507.017429
-50.0,50,3509.363968
-13.0,50,3511.769274
-50.0,50,3514.211644
-50.0,50,3516.570621
-50.0,50,3518.936334
-50.0,50,3521.334764
-49.0,50,3523.730516
-50.0,50,3526.081576
-9.0,50,3528.500504
-50.0,50,3530.891986
-50.0,50,3533.289976
-23.0,50,3535.705482
-50.0,50,3538.057733
-15.0,50,3540.46186
-50.0,50,3542.836026
-50.0,50,3545.270132
-50.0,50,3547.633352
-4.0,50,3550.022527
-18.0,50,3552.397719
-38.0,50,3554.77193
-50.0,50,3557.174844
-50.0,50,3559.546608
-50.0,50,3561.917284
-44.0,50,3564.317736
0.0,50,3566.696035
-23.0,50,3569.118972
-50.0,50,3571.476646
-47.0,50,3573.864866
-50.0,50,3576.22847
-50.0,50,3578.639369
-50.0,50,3581.00692
-50.0,50,3583.39953
-50.0,50,3585.766285
-50.0,50,3588.184896
-50.0,50,3590.536156
-48.0,50,3592.959449
-50.0,50,3595.344554
0.0,50,3597.734621
-50.0,50,3597.941774
0.0,50,3598.164913
-50.0,50,3598.388164
-50.0,50,3598.657989
-48.0,50,3598.883036
-47.0,50,3599.119942
0.0,50,3599.327431
-50.0,50,3599.552788
-50.0,50,3599.788997
-50.0,50,3600.04594
-8.0,50,3602.479621
-49.0,50,3604.887604
-28.0,50,3607.258501
-50.0,50,3609.602632
-50.0,50,3612.027342
-47.0,50,3614.423168
-50.0,50,3616.806179
-50.0,50,3619.170936
-50.0,50,3621.555061
-50.0,50,3623.953288
-22.0,50,3626.339862
-50.0,50,3628.732459
-16.0,50,3631.144118
-50.0,50,3633.510556
-50.0,50,3635.883297
-50.0,50,3638.291999
-50.0,50,3640.668368
-3.0,50,3643.062372
-50.0,50,3645.446171
-50.0,50,3647.866709
-50.0,50,3650.223145
-47.0,50,3652.640468
-50.0,50,3655.028166
-50.0,50,3657.419122
-50.0,50,3659.796103
-6.0,50,3662.185543
-50.0,50,3664.565251
-29.0,50,3666.962121
0.0,50,3669.359305
-50.0,50,3671.747278
-50.0,50,3674.185521
-50.0,50,3676.577132
-50.0,50,3678.983277
-50.0,50,3681.376572
-50.0,50,3683.840037
-50.0,50,3686.193049
-50.0,50,3688.594583
-50.0,50,3690.980005
-50.0,50,3693.350969
-39.0,50,3695.738594
-50.0,50,3698.132532
-13.0,50,3700.50414
-50.0,50,3702.947031
-50.0,50,3705.343393
-13.0,50,3707.722134
-50.0,50,3710.117232
-50.0,50,3712.523038
-50.0,50,3714.915765
-14.0,50,3717.317855
-50.0,50,3719.73796
-50.0,50,3719.937946
-50.0,50,3720.154583
-25.0,50,3720.380579
0.0,50,3720.596946
-50.0,50,3720.828193
-50.0,50,3721.068666
-50.0,50,3721.327603
-6.0,50,3721.542504
-4.0,50,3721.769107
-50.0,50,3722.025779
-49.0,50,3724.426534
-50.0,50,3726.794367
-6.0,50,3729.200401
-46.0,50,3731.624761
-50.0,50,3733.999566
-50.0,50,3736.389169
-50.0,50,3738.820761
-13.0,50,3741.202947
-50.0,50,3743.635769
-49.0,50,3746.034836
-49.0,50,3748.430664
-50.0,50,3750.797703
-50.0,50,3753.184826
-50.0,50,3755.578538
-50.0,50,3757.972663
-50.0,50,3760.374709
-50.0,50,3762.736248
-11.0,50,3765.128045
-50.0,50,3767.493827
-50.0,50,3769.890507
-50.0,50,3772.30574
-50.0,50,3774.670102
-47.0,50,3777.077871
-50.0,50,3779.443879
-50.0,50,3781.872047
-29.0,50,3784.302383
0.0,50,3786.698527
-50.0,50,3789.093891
-50.0,50,3791.462934
-50.0,50,3793.827964
-50.0,50,3796.223511
-50.0,50,3798.587868
-50.0,50,3800.972226
-50.0,50,3803.361554
-45.0,50,3805.744273
-50.0,50,3808.145601
-8.0,50,3810.537168
-50.0,50,3812.932617
-50.0,50,3815.295569
-50.0,50,3817.659559
-49.0,50,3820.052398
-50.0,50,3822.432876
-25.0,50,3824.821577
-50.0,50,3827.216736
-50.0,50,3829.61168
-50.0,50,3832.010638
-50.0,50,3834.432058
-50.0,50,3836.787104
-50.0,50,3839.172576
-50.0,50,3841.564609
-50.0,50,3841.773252
-50.0,50,3842.026231
-9.0,50,3842.238633
-50.0,50,3842.448397
-50.0,50,3842.658439
-50.0,50,3842.879001
-4.0,50,3843.090365
-50.0,50,3843.315267
-50.0,50,3843.523413
-50.0,50,3843.935626
-50.0,50,3846.328949
-50.0,50,3848.751847
-50.0,50,3851.116723
-50.0,50,3853.540678
-49.0,50,3855.902261
-50.0,50,3858.260971
-48.0,50,3860.650198
-50.0,50,3863.029039
-50.0,50,3865.44291
-50.0,50,3867.838603
-50.0,50,3870.232733
-50.0,50,3872.644857
-47.0,50,3875.026035
-50.0,50,3877.419166
-50.0,50,3879.787102
-50.0,50,3882.144209
-50.0,50,3884.540707
-24.0,50,3886.932676
-50.0,50,3889.300078
-50.0,50,3891.690114
-50.0,50,3894.09497
-50.0,50,3896.457264
-50.0,50,3898.879985
-50.0,50,3901.280267
-50.0,50,3903.67925
-50.0,50,3906.075659
-50.0,50,3908.453095
-50.0,50,3910.858774
-50.0,50,3913.27503
-50.0,50,3915.647541
-50.0,50,3918.039736
-50.0,50,3920.434174
-50.0,50,3922.82104
-30.0,50,3925.217045
-50.0,50,3927.679596
-50.0,50,3930.100048
-38.0,50,3932.525375
-21.0,50,3934.920597
-50.0,50,3937.349278
-50.0,50,3939.777177
-50.0,50,3942.181814
-11.0,50,3944.580572
-50.0,50,3947.04176
-28.0,50,3949.485252
-50.0,50,3951.924501
-50.0,50,3954.281944
-50.0,50,3956.666924
-31.0,50,3959.063025
-16.0,50,3961.458167
-50.0,50,3963.868131
-20.0,50,3964.102479
-50.0,50,3964.348094
-50.0,50,3964.560152
0.0,50,3964.769778
-50.0,50,3964.97927
-50.0,50,3965.198845
-50.0,50,3965.41065
-50.0,50,3965.617747
-50.0,50,3965.847755
-27.0,50,3966.170873
-50.0,50,3968.600493
-50.0,50,3970.993527
-50.0,50,3973.367068
-50.0,50,3975.812822
-50.0,50,3978.172875
-50.0,50,3980.574505
-50.0,50,3982.965723
-34.0,50,3985.378988
-50.0,50,3987.745939
-19.0,50,3990.134958
-50.0,50,3992.521544
-50.0,50,3994.913586
-50.0,50,3997.31303
-50.0,50,3999.680529
-3.0,50,4002.069842
-50.0,50,4004.465296
-50.0,50,4006.881591
-50.0,50,4009.282138
-50.0,50,4011.66639
-33.0,50,4014.100064
-50.0,50,4016.479257
-50.0,50,4018.880976
-50.0,50,4021.292742
-8.0,50,4023.723745
-50.0,50,4026.125535
-50.0,50,4028.504851
-50.0,50,4030.916308
-50.0,50,4033.329409
-50.0,50,4035.721336
-50.0,50,4038.138958
-50.0,50,4040.50527
-50.0,50,4042.880301
-10.0,50,4045.27574
-50.0,50,4047.681891
-50.0,50,4050.098063
-50.0,50,4052.435695
-19.0,50,4054.868901
-50.0,50,4057.257153
-50.0,50,4059.649407
-50.0,50,4062.363787
-50.0,50,4065.632709
-39.0,50,4068.737895
-11.0,50,4072.124994
-50.0,50,4075.282084
-50.0,50,4078.132689
-50.0,50,4081.728043
-50.0,50,4085.059376
-50.0,50,4088.462544
-50.0,50,4091.926609
-6.0,50,4095.382092
-50.0,50,4095.63386
-50.0,50,4095.896861
-50.0,50,4096.166565
-23.0,50,4096.442981
-8.0,50,4096.683738
-50.0,50,4096.92677
-5.0,50,4097.178018
-50.0,50,4097.413721
-6.0,50,4097.690973
-46.0,50,4098.022414
-49.0,50,4101.404016
-50.0,50,4104.803695
-50.0,50,4108.205038
-45.0,50,4111.605644
-50.0,50,4114.989262
-16.0,50,4118.37054
-50.0,50,4121.667006
-50.0,50,4125.032433
-49.0,50,4128.404049
-50.0,50,4131.739669
-50.0,50,4135.191856
-50.0,50,4138.578586
-50.0,50,4141.936056
-44.0,50,4145.305504
-50.0,50,4148.646382
-50.0,50,4151.953408
-50.0,50,4155.2971
-50.0,50,4158.654933
-50.0,50,4162.105122
-50.0,50,4165.467523
-50.0,50,4168.900899
-50.0,50,4172.28669
-50.0,50,4175.67126
-50.0,50,4179.033851
-23.0,50,4182.430112
-49.0,50,4185.885953
-35.0,50,4189.205934
-15.0,50,4192.726698
-12.0,50,4196.122022
-50.0,50,4199.691584
-15.0,50,4203.259205
-10.0,50,4206.785731
-50.0,50,4210.372905
-50.0,50,4213.958194
-22.0,50,4216.874315
-50.0,50,4220.306149
-11.0,50,4223.151519
-24.0,50,4225.988394
-50.0,50,4228.595381
-50.0,50,4231.599435
-50.0,50,4234.489037
-50.0,50,4237.468567
-48.0,50,4240.487848
-26.0,50,4243.030267
-50.0,50,4246.184921
-20.0,50,4249.026204
-50.0,50,4251.508789
-50.0,50,4254.204815
-45.0,50,4256.693584
-49.0,50,4259.381899
-45.0,50,4259.614488
-50.0,50,4259.844078
-50.0,50,4260.061491
-6.0,50,4260.27757
-50.0,50,4260.484779
-21.0,50,4260.731372
-50.0,50,4260.965123
-50.0,50,4261.180265
-50.0,50,4261.407682
-8.0,50,4261.714787
-50.0,50,4264.385267
-10.0,50,4266.863699
-50.0,50,4269.530855
-50.0,50,4271.986394
-50.0,50,4274.646498
-50.0,50,4277.168464
-50.0,50,4279.739132
-50.0,50,4282.352206
-50.0,50,4284.933079
-50.0,50,4287.546697
-50.0,50,4290.039745
-50.0,50,4292.703209
-7.0,50,4295.206411
-10.0,50,4297.852382
-50.0,50,4300.351467
-50.0,50,4303.024587
-50.0,50,4305.546217
-50.0,50,4308.202592
-19.0,50,4310.692814
-50.0,50,4313.370658
-50.0,50,4315.875107
-50.0,50,4318.579108
-50.0,50,4321.061064
-50.0,50,4323.682094
-50.0,50,4326.126595
-50.0,50,4328.794606
-50.0,50,4331.276654
-50.0,50,4333.919998
-50.0,50,4336.406316
-50.0,50,4339.078472
-50.0,50,4341.583388
-50.0,50,4344.244236
-50.0,50,4346.722864
-50.0,50,4349.406027
-5.0,50,4351.891345
0.0,50,4354.548021
-50.0,50,4357.000863
-50.0,50,4359.596012
-50.0,50,4362.133559
-48.0,50,4364.696453
-50.0,50,4367.271084
-50.0,50,4369.841111
-5.0,50,4372.434276
-50.0,50,4374.965719
-18.0,50,4377.571726
-50.0,50,4380.043949
-50.0,50,4382.657907
-50.0,50,4385.126432
-22.0,50,4387.805943
-50.0,50,4390.273372
-50.0,50,4390.502249
-4.0,50,4390.73562
-50.0,50,4390.949916
-15.0,50,4391.181337
-50.0,50,4391.388106
-14.0,50,4391.603097
-48.0,50,4391.847561
-48.0,50,4392.11982
-50.0,50,4392.367254
-10.0,50,4392.726533
-50.0,50,4395.190084
-15.0,50,4397.830929
-50.0,50,4400.272507
-50.0,50,4402.989483
-50.0,50,4405.435763
-50.0,50,4408.156665
-48.0,50,4410.640753
-34.0,50,4413.307557
-26.0,50,4415.789538
-50.0,50,4418.472012
-50.0,50,4420.949161
-50.0,50,4423.587343
-5.0,50,4426.126088
-50.0,50,4428.792854
-50.0,50,4431.280751
-25.0,50,4433.98834
-50.0,50,4436.453289
-50.0,50,4439.121353
-25.0,50,4441.57933
-28.0,50,4444.26525
-50.0,50,4446.727573
-50.0,50,4449.393797
-50.0,50,4451.91467
-50.0,50,4454.516048
-17.0,50,4457.027281
-50.0,50,4459.643157
-50.0,50,4462.445396
-6.0,50,4465.421403
-50.0,50,4468.396277
-50.0,50,4471.50562
-30.0,50,4474.939142
-50.0,50,4478.389266
-50.0,50,4481.773114
-50.0,50,4485.21152
-50.0,50,4488.632934
-33.0,50,4492.040274
-50.0,50,4495.471412
-50.0,50,4498.826755
-50.0,50,4502.234518
-50.0,50,4505.65741
-50.0,50,4509.096102
-50.0,50,4512.453005
-50.0,50,4515.840995
-50.0,50,4519.287698
-50.0,50,4522.669954
-50.0,50,4526.110937
-50.0,50,4529.554208
-16.0,50,4532.941782
-50.0,50,4536.385307
-50.0,50,4539.532138
-26.0,50,4539.782401
-50.0,50,4540.036308
-50.0,50,4540.280773
-50.0,50,4540.530036
-8.0,50,4540.767799
-17.0,50,4541.030218
-50.0,50,4541.281246
-48.0,50,4541.504743
-17.0,50,4541.750981
-50.0,50,4541.999744
-50.0,50,4544.873417
-48.0,50,4547.560332
-50.0,50,4550.387899
-50.0,50,4553.514665
-50.0,50,4556.560206
-50.0,50,4559.246236
-50.0,50,4562.497385
-50.0,50,4565.087389
-50.0,50,4568.134428
-50.0,50,4570.635454
-50.0,50,4575.199263
-50.0,50,4580.295458
0.0,50,4585.357216
-12.0,50,4590.670563
-23.0,50,4595.684164
-50.0,50,4600.42668
-50.0,50,4602.828876
-29.0,50,4605.236457
-50.0,50,4607.598684
-50.0,50,4609.989102
-50.0,50,4612.415497
-50.0,50,4614.792018
-50.0,50,4617.180533
-50.0,50,4619.596797
-50.0,50,4621.958282
-50.0,50,4624.337197
-10.0,50,4626.762628
-50.0,50,4629.174626
-50.0,50,4631.557894
-50.0,50,4633.972182
-50.0,50,4636.371506
-50.0,50,4638.759768
-50.0,50,4641.176372
0.0,50,4643.580672
-50.0,50,4645.958249
-50.0,50,4648.364697
0.0,50,4650.794096
-50.0,50,4653.170475
-50.0,50,4655.58157
-18.0,50,4657.961971
-6.0,50,4660.347795
-7.0,50,4662.75034
-50.0,50,4665.136511
-50.0,50,4667.532575
-50.0,50,4669.947556
-49.0,50,4672.353317
-38.0,50,4674.734665
-50.0,50,4677.125148
-15.0,50,4679.53529
-50.0,50,4681.952325
-50.0,50,4682.168443
-14.0,50,4682.381259
-50.0,50,4682.60775
-12.0,50,4682.847371
-50.0,50,4683.049951
-12.0,50,4683.269487
-5.0,50,4683.4833
-7.0,50,4683.70008
-5.0,50,4683.930263
-50.0,50,4684.180737
-8.0,50,4686.579491
-50.0,50,4688.958208
-27.0,50,4691.320541
-40.0,50,4693.730101
-50.0,50,4696.147924
-50.0,50,4698.51167
-50.0,50,4700.916051
-50.0,50,4703.321709
-50.0,50,4705.671225
-50.0,50,4708.074753
-50.0,50,4710.46882
-32.0,50,4712.883055
-50.0,50,4715.258899
-50.0,50,4717.644615
-50.0,50,4720.041099
-50.0,50,4722.470238
-50.0,50,4724.842303
-50.0,50,4727.269966
-29.0,50,4729.663519
-14.0,50,4732.066283
-14.0,50,4734.454958
-50.0,50,4736.817118
-16.0,50,4739.249205
-14.0,50,4741.630266
-10.0,50,4744.028915
-50.0,50,4746.403254
0.0,50,4748.772414
-12.0,50,4751.172844
-39.0,50,4753.596092
-8.0,50,4755.997413
0.0,50,4758.363785
-50.0,50,4760.774304
-50.0,50,4763.155057
-50.0,50,4765.560058
-50.0,50,4767.927056
-47.0,50,4770.345767
-50.0,50,4772.753928
-50.0,50,4775.150392
-50.0,50,4777.558222
-50.0,50,4779.947943
-50.0,50,4782.339096
-50.0,50,4784.773481
-50.0,50,4787.166494
-16.0,50,4789.541177
-7.0,50,4791.938275
-50.0,50,4794.371004
0.0,50,4796.751647
-50.0,50,4799.18117
-50.0,50,4801.583836
-50.0,50,4804.010958
-50.0,50,4804.242869
-50.0,50,4804.454499
-50.0,50,4804.70818
-8.0,50,4804.919426
-10.0,50,4805.139951
0.0,50,4805.347469
-10.0,50,4805.562189
-50.0,50,4805.77464
-9.0,50,4805.992733
-50.0,50,4806.291218
-50.0,50,4808.67276
-16.0,50,4811.067329
0.0,50,4813.491037
-50.0,50,4815.892942
-50.0,50,4818.302854
-50.0,50,4820.690462
-50.0,50,4823.063924
-27.0,50,4825.447856
-50.0,50,4827.806104
-6.0,50,4830.162548
-50.0,50,4832.543367
-50.0,50,4834.937188
-50.0,50,4837.311043
-50.0,50,4839.716476
-50.0,50,4842.070433
-22.0,50,4844.471812
-50.0,50,4846.883139
-24.0,50,4849.323412
-50.0,50,4851.746429
-50.0,50,4854.118825
0.0,50,4856.539728
-4.0,50,4858.950541
-50.0,50,4861.332302
-50.0,50,4863.746562
-50.0,50,4866.113528
-50.0,50,4868.499503
-50.0,50,4870.894823
-50.0,50,4873.286872
-50.0,50,4875.706456
-25.0,50,4878.094322
-46.0,50,4880.470543
-50.0,50,4882.856164
-50.0,50,4885.250013
-50.0,50,4887.634062
-49.0,50,4890.047235
-49.0,50,4892.423832
-50.0,50,4894.805883
-15.0,50,4897.203352
-50.0,50,4899.607574
-50.0,50,4902.036605
-50.0,50,4904.47002
-26.0,50,4906.86849
-50.0,50,4909.269923
-29.0,50,4911.678109
-19.0,50,4914.066743
-50.0,50,4916.962582
-14.0,50,4920.334763
-7.0,50,4923.193443
-8.0,50,4925.978065
-10.0,50,4929.067038
-50.0,50,4929.354537
-22.0,50,4929.689506
-50.0,50,4929.973933
-50.0,50,4930.211025
-50.0,50,4930.468847
-6.0,50,4930.700637
-50.0,50,4930.938435
-50.0,50,4931.157072
-50.0,50,4931.412528
-14.0,50,4931.801203
-50.0,50,4934.308557
-50.0,50,4937.457366
0.0,50,4942.025542
-50.0,50,4944.537037
-50.0,50,4947.407422
-50.0,50,4950.373012
-50.0,50,4953.046765
-50.0,50,4955.574223
-50.0,50,4958.507101
-50.0,50,4960.907187
-50.0,50,4963.865228
-48.0,50,4966.516711
-50.0,50,4968.984997
-50.0,50,4971.470259
-50.0,50,4973.943877
-50.0,50,4976.506575
-18.0,50,4978.983529
-50.0,50,4981.954381
-50.0,50,4984.515125
-24.0,50,4987.173858
-50.0,50,4990.506931
-14.0,50,4994.041646
0.0,50,4996.991566
-28.0,50,4999.69222
-50.0,50,5002.138314
0.0,50,5004.517845
-50.0,50,5006.933067
-50.0,50,5009.334316
-50.0,50,5011.725984
-50.0,50,5014.146967
-50.0,50,5016.514061
-50.0,50,5018.894778
-50.0,50,5021.29982
-10.0,50,5023.668675
-38.0,50,5026.060085
-50.0,50,5028.45403
-50.0,50,5030.842231
-47.0,50,5033.250042
-50.0,50,5035.619249
-26.0,50,5038.016471
-50.0,50,5040.401745
-50.0,50,5042.821375
-17.0,50,5045.237186
-50.0,50,5047.627176
-50.0,50,5050.025059
-50.0,50,5052.436422
-50.0,50,5054.840405
-50.0,50,5057.236252
0.0,50,5059.609565
-50.0,50,5061.989922
-50.0,50,5062.199822
-50.0,50,5062.435507
-4.0,50,5062.659158
-50.0,50,5062.895775
-50.0,50,5063.109959
-50.0,50,5063.348086
-12.0,50,5063.562971
-26.0,50,5063.809036
-11.0,50,5064.048838
-50.0,50,5064.31198
-50.0,50,5066.69446
-10.0,50,5069.112321
-50.0,50,5071.498602
-31.0,50,5073.915734
-26.0,50,5076.331177
-26.0,50,5078.724533
-9.0,50,5081.089757
-50.0,50,5083.506829
-50.0,50,5085.914453
-35.0,50,5088.303197
-31.0,50,5090.728411
-50.0,50,5093.079866
-49.0,50,5095.490882
-50.0,50,5097.882928
-50.0,50,5100.281636
-49.0,50,5102.719167
-50.0,50,5105.08958
-50.0,50,5107.523234
-50.0,50,5109.890914
-50.0,50,5112.254627
-50.0,50,5114.673526
-9.0,50,5117.179259
-39.0,50,5120.330835
-50.0,50,5123.764489
-50.0,50,5126.546978
-50.0,50,5129.377689
-50.0,50,5132.756449
-50.0,50,5136.153283
-50.0,50,5139.494217
0.0,50,5142.871705
-26.0,50,5146.279931
-50.0,50,5149.593947
-50.0,50,5152.992267
-24.0,50,5156.333169
-50.0,50,5159.745305
-50.0,50,5163.174818
-50.0,50,5166.500917
-50.0,50,5169.807662
-41.0,50,5173.251032
-50.0,50,5176.569699
-50.0,50,5179.96685
-10.0,50,5183.360178
-50.0,50,5186.674515
-50.0,50,5190.060411
-50.0,50,5193.409041
-50.0,50,5196.796727
-50.0,50,5200.207917
-48.0,50,5203.640224
-6.0,50,5207.023799
-50.0,50,5210.514945
-50.0,50,5210.772226
-7.0,50,5211.02754
-50.0,50,5211.286383
-50.0,50,5211.535782
-6.0,50,5211.790483
-26.0,50,5212.045413
-50.0,50,5212.293805
-50.0,50,5212.532542
-50.0,50,5212.787235
-50.0,50,5213.16313
-45.0,50,5216.558361
-22.0,50,5220.066983
-50.0,50,5223.633091
-19.0,50,5227.173115
-50.0,50,5230.650418
-19.0,50,5234.18518
-50.0,50,5237.773211
-50.0,50,5241.411662
-50.0,50,5244.96771
-7.0,50,5248.589374
-10.0,50,5252.263061
-50.0,50,5255.840994
-50.0,50,5259.388367
-50.0,50,5262.990921
-50.0,50,5266.052149
-50.0,50,5268.799563
-7.0,50,5271.476302
-50.0,50,5273.964287
-46.0,50,5276.531465
-50.0,50,5279.948337
-8.0,50,5283.142203
-50.0,50,5286.273991
-50.0,50,5289.306611
-50.0,50,5292.041652
-38.0,50,5295.252828
-50.0,50,5298.494798
-26.0,50,5301.754595
-50.0,50,5304.252166
-50.0,50,5306.915866
-50.0,50,5309.624109
-39.0,50,5312.739881
-50.0,50,5315.635538
-50.0,50,5318.422588
-50.0,50,5320.967799
-50.0,50,5323.632029
-50.0,50,5327.056402
-50.0,50,5329.513968
-50.0,50,5332.33128
-4.0,50,5334.80239
-50.0,50,5337.185066
-20.0,50,5339.621423
-45.0,50,5342.007979
-50.0,50,5344.413496
-50.0,50,5346.85058
-50.0,50,5349.27524
-17.0,50,5351.708588
-50.0,50,5354.103102
-50.0,50,5356.489558
-5.0,50,5359.557787
-23.0,50,5362.845275
-50.0,50,5363.053605
-50.0,50,5363.275025
-50.0,50,5363.491726
-50.0,50,5363.73682
-14.0,50,5363.954945
-29.0,50,5364.18523
-50.0,50,5364.446185
-50.0,50,5364.695307
-7.0,50,5364.912507
-20.0,50,5365.149746
-17.0,50,5368.032687
-28.0,50,5370.452453
-49.0,50,5373.227747
-50.0,50,5376.10926
-14.0,50,5379.265697
-8.0,50,5382.535277
-50.0,50,5385.307338
-50.0,50,5388.05994
-50.0,50,5391.220321
-50.0,50,5393.853561
-25.0,50,5396.794177
-16.0,50,5399.317048
-50.0,50,5401.933501
-50.0,50,5404.445071
-7.0,50,5407.815604
-50.0,50,5410.371379
-50.0,50,5413.199711
-50.0,50,5415.647615
-50.0,50,5418.203898
-39.0,50,5421.630849
-50.0,50,5424.196825
-50.0,50,5426.790468
-50.0,50,5429.555274
-17.0,50,5431.962424
-23.0,50,5434.380066
-50.0,50,5436.792829
-50.0,50,5439.595921
-50.0,50,5443.086721
-50.0,50,5445.613363
-50.0,50,5448.461872
-50.0,50,5451.520545
-50.0,50,5454.322711
-50.0,50,5457.131005
-21.0,50,5460.224124
-50.0,50,5462.884267
-41.0,50,5465.964071
0.0,50,5468.651886
-50.0,50,5471.847788
-7.0,50,5474.452265
-10.0,50,5477.048151
-50.0,50,5479.762832
-46.0,50,5482.248003
-37.0,50,5484.684289
-50.0,50,5487.097707
-31.0,50,5489.529316
-50.0,50,5491.974514
-50.0,50,5494.343853
-50.0,50,5496.813395
-16.0,50,5499.242434
-50.0,50,5501.63471
-50.0,50,5501.879899
-50.0,50,5502.119436
-50.0,50,5502.351397
-6.0,50,5502.576205
-50.0,50,5502.819978
-50.0,50,5503.030257
-50.0,50,5503.245831
-6.0,50,5503.467685
-50.0,50,5503.692497
-50.0,50,5503.907955
-50.0,50,5506.350138
-50.0,50,5508.741224
0.0,50,5511.177827
-50.0,50,5513.5791
-11.0,50,5516.090963
-50.0,50,5519.291819
-50.0,50,5522.295882
-27.0,50,5525.23066
-50.0,50,5528.662715
-18.0,50,5531.170648
-50.0,50,5533.814839
-50.0,50,5537.003686
-31.0,50,5540.476674
-50.0,50,5543.123209
-22.0,50,5546.351471
-50.0,50,5549.788896
-50.0,50,5552.444883
-50.0,50,5554.955049
-50.0,50,5557.905726
-30.0,50,5560.493508
-49.0,50,5562.939016
-27.0,50,5565.36283
-31.0,50,5568.392277
-6.0,50,5571.634931
-50.0,50,5574.077177
-50.0,50,5576.861693
-50.0,50,5579.318961
-50.0,50,5581.739225
-50.0,50,5584.15186
-50.0,50,5586.532506
-50.0,50,5589.002877
-50.0,50,5591.414763
-50.0,50,5593.932376
-50.0,50,5596.362754
-19.0,50,5598.821232
-22.0,50,5601.335319
-13.0,50,5604.382625
-50.0,50,5607.096929
-50.0,50,5609.856962
-50.0,50,5613.110049
-50.0,50,5615.934123
-50.0,50,5618.584438
-31.0,50,5621.148813
-46.0,50,5623.983572
-50.0,50,5626.595572
-49.0,50,5629.951263
-8.0,50,5633.231077
-50.0,50,5635.886373
-50.0,50,5638.70954
-50.0,50,5641.144807
-50.0,50,5641.36889
-50.0,50,5641.586191
-50.0,50,5641.799343
-50.0,50,5642.017079
-5.0,50,5642.230847
-50.0,50,5642.493098
-25.0,50,5642.710234
-8.0,50,5642.94119
-5.0,50,5643.1826
-50.0,50,5643.470243
-50.0,50,5645.907217
0.0,50,5648.280807
-50.0,50,5650.724289
-50.0,50,5653.11641
-18.0,50,5655.558675
-50.0,50,5657.990412
-7.0,50,5660.45616
-50.0,50,5662.850399
-50.0,50,5665.26049
-8.0,50,5667.668561
-42.0,50,5670.044885
-15.0,50,5672.452453
-50.0,50,5674.855745
-50.0,50,5677.242094
-50.0,50,5679.671977
-50.0,50,5682.072584
-50.0,50,5684.458049
-19.0,50,5686.870617
-50.0,50,5689.269831
-50.0,50,5691.676081
-50.0,50,5694.093045
-50.0,50,5696.553814
-24.0,50,5698.894721
-45.0,50,5701.305811
-29.0,50,5703.686655
-50.0,50,5706.074444
-50.0,50,5708.498243
-48.0,50,5710.900841
-50.0,50,5713.295667
-20.0,50,5715.679396
-50.0,50,5718.051365
-50.0,50,5720.475662
0.0,50,5722.858851
-50.0,50,5725.217398
-30.0,50,5727.60536
-50.0,50,5729.989398
-50.0,50,5732.418196
-50.0,50,5734.815873
-21.0,50,5737.195796
-50.0,50,5739.641008
-50.0,50,5742.011324
-11.0,50,5744.453469
-49.0,50,5746.859044
-8.0,50,5749.235487
-8.0,50,5751.641817
-6.0,50,5754.033089
-27.0,50,5756.429031
-41.0,50,5758.815565
-50.0,50,5761.186438
-12.0,50,5763.596751
-4.0,50,5763.814579
-50.0,50,5764.023334
-50.0,50,5764.23624
-50.0,50,5764.445817
-3.0,50,5764.658547
-50.0,50,5764.868936
-6.0,50,5765.088638
-50.0,50,5765.365605
-50.0,50,5765.58503
-49.0,50,5765.942113
-50.0,50,5768.397368
-50.0,50,5770.744136
-5.0,50,5773.159655
-50.0,50,5775.538923
-50.0,50,5777.942569
-31.0,50,5780.362486
-50.0,50,5782.744175
-4.0,50,5785.133165
-37.0,50,5787.547108
-9.0,50,5789.934578
-14.0,50,5792.347611
-15.0,50,5794.771916
-7.0,50,5797.169199
-50.0,50,5799.561914
-48.0,50,5802.053989
-12.0,50,5804.421723
-7.0,50,5806.792934
-20.0,50,5809.213929
-50.0,50,5811.598048
-50.0,50,5813.973257
-15.0,50,5816.354131
-50.0,50,5818.747531
-50.0,50,5821.142057
-50.0,50,5823.54436
-50.0,50,5825.946411
-25.0,50,5828.343568
-43.0,50,5830.712201
-50.0,50,5833.124763
-50.0,50,5835.58431
-50.0,50,5837.947855
-50.0,50,5840.354019
-50.0,50,5842.733877
-50.0,50,5845.160245
-50.0,50,5847.525578
-50.0,50,5849.944698
-16.0,50,5852.344503
-50.0,50,5854.781304
-50.0,50,5857.207111
-50.0,50,5859.571353
-50.0,50,5861.967556
-9.0,50,5864.383938
-50.0,50,5866.847405
-50.0,50,5869.706359
-48.0,50,5872.449732
-50.0,50,5874.98258
-50.0,50,5877.82756
-41.0,50,5880.281518
-18.0,50,5882.803533
-50.0,50,5885.2497
0.0,50,5887.681729
-50.0,50,5887.926445
-50.0,50,5888.185926
-50.0,50,5888.48592
-50.0,50,5888.728847
-50.0,50,5888.980638
-50.0,50,5889.255335
-6.0,50,5889.594151
-9.0,50,5889.905157
-10.0,50,5890.225481
-50.0,50,5890.597738
-50.0,50,5893.208989
-50.0,50,5895.761261
-13.0,50,5898.543356
-14.0,50,5900.955333
-50.0,50,5903.38896
-50.0,50,5905.795345
-50.0,50,5908.259858
-50.0,50,5911.398929
-10.0,50,5914.048469
-50.0,50,5916.554213
-17.0,50,5919.422453
-22.0,50,5921.79388
-22.0,50,5924.24942
-50.0,50,5926.692623
-50.0,50,5929.13105
-47.0,50,5931.557211
-50.0,50,5933.931545
-50.0,50,5936.325254
-17.0,50,5938.719988
-50.0,50,5941.17845
-50.0,50,5943.604772
-50.0,50,5945.98463
-50.0,50,5948.421463
0.0,50,5950.811055
-50.0,50,5953.295022
-50.0,50,5955.669469
-11.0,50,5958.134775
-50.0,50,5960.565857
-50.0,50,5962.941985
-11.0,50,5965.370752
-6.0,50,5967.81972
-22.0,50,5970.225359
-50.0,50,5972.658041
-44.0,50,5975.079944
-50.0,50,5977.458814
-50.0,50,5979.920899
-50.0,50,5982.323491
-25.0,50,5984.749132
-32.0,50,5987.145148
-50.0,50,5989.583524
-50.0,50,5992.023739
-40.0,50,5994.471128
-50.0,50,5996.859011
-50.0,50,5999.304999
-50.0,50,6001.713361
-50.0,50,6004.114733
-50.0,50,6006.547493
-50.0,50,6008.933942
-46.0,50,6011.370052
-21.0,50,6013.783766
-12.0,50,6014.010087
-50.0,50,6014.228973
-10.0,50,6014.442124
-50.0,50,6014.649078
-50.0,50,6014.906144
-50.0,50,6015.103883
-50.0,50,6015.329732
-8.0,50,6015.58829
-4.0,50,6015.803244
-21.0,50,6016.128443
-11.0,50,6018.581964
-24.0,50,6020.983268
-49.0,50,6023.356863
-50.0,50,6025.795878
-50.0,50,6028.202766
-50.0,50,6030.665241
-50.0,50,6033.04746
-50.0,50,6035.451882
-6.0,50,6037.883211
-50.0,50,6040.271172
-10.0,50,6042.650258
-50.0,50,6045.104464
-50.0,50,6047.507435
-50.0,50,6049.950244
-50.0,50,6052.339132
-50.0,50,6054.772936
-7.0,50,6057.165953
-50.0,50,6059.563774
-50.0,50,6061.949168
-50.0,50,6064.377175
-11.0,50,6066.76839
-50.0,50,6069.205876
-21.0,50,6071.653685
-50.0,50,6074.092445
-50.0,50,6076.488944
-49.0,50,6078.897872
-9.0,50,6081.280784
-50.0,50,6083.679481
-50.0,50,6086.089653
-50.0,50,6088.528869
-14.0,50,6090.994328
-50.0,50,6093.384125
-8.0,50,6095.840154
-16.0,50,6098.248894
-50.0,50,6100.696259
-50.0,50,6103.088562
-12.0,50,6105.540776
-50.0,50,6107.947303
-10.0,50,6110.355423
-11.0,50,6112.746742
-50.0,50,6115.129249
-50.0,50,6117.547123
-50.0,50,6119.990641
-7.0,50,6122.392134
-50.0,50,6124.820822
-50.0,50,6127.284275
-50.0,50,6129.71651
-50.0,50,6132.156299
-50.0,50,6134.508845
-21.0,50,6136.938249
-50.0,50,6137.154478
-50.0,50,6137.360563
-50.0,50,6137.600204
-50.0,50,6137.810668
-8.0,50,6138.031318
-13.0,50,6138.259705
-5.0,50,6138.478455
-47.0,50,6138.722971
0.0,50,6138.937495
-50.0,50,6139.306469
-50.0,50,6141.675471
-28.0,50,6144.116451
-29.0,50,6146.572311
-13.0,50,6148.996284
-50.0,50,6151.427259
-50.0,50,6153.858048
-18.0,50,6156.270728
-50.0,50,6158.694401
-50.0,50,6161.070556
-50.0,50,6163.497307
-18.0,50,6165.879488
-50.0,50,6168.283672
-50.0,50,6170.73477
-16.0,50,6173.25008
-50.0,50,6176.080403
-50.0,50,6179.093166
-25.0,50,6181.597836
-50.0,50,6184.429328
-50.0,50,6187.957192
-10.0,50,6190.534003
-50.0,50,6193.350856
-50.0,50,6196.198585
-50.0,50,6199.421072
-50.0,50,6201.981303
-20.0,50,6205.065083
-8.0,50,6207.609125
-50.0,50,6210.86751
-50.0,50,6213.823003
-50.0,50,6216.402203
-50.0,50,6219.26371
-6.0,50,6221.65554
-13.0,50,6224.227822
-15.0,50,6226.700346
-50.0,50,6229.974833
-15.0,50,6233.264052
0.0,50,6235.749401
-50.0,50,6238.456224
-50.0,50,6241.082194
-50.0,50,6243.539242
-50.0,50,6246.43639
-50.0,50,6249.29449
-50.0,50,6252.137459
-13.0,50,6254.688057
-50.0,50,6257.448403
-50.0,50,6260.04145
-46.0,50,6262.769736
-15.0,50,6265.884007
-50.0,50,6268.377467
-50.0,50,6271.3793
-50.0,50,6274.156648
-15.0,50,6274.411488
-50.0,50,6274.654477
-5.0,50,6274.942062
-50.0,50,6275.35
-50.0,50,6275.786717
0.0,50,6276.194852
-50.0,50,6276.518156
-14.0,50,6276.832454
-15.0,50,6277.15661
-15.0,50,6278.08934
-50.0,50,6283.360153
-22.0,50,6288.34672
-17.0,50,6291.510778
-50.0,50,6293.927782
-50.0,50,6296.380957
-50.0,50,6298.808149
-50.0,50,6301.286918
-50.0,50,6303.667013
-37.0,50,6306.090801
-50.0,50,6308.50114
-34.0,50,6310.883987
-50.0,50,6313.255015
-29.0,50,6315.658056
-50.0,50,6318.412964
-14.0,50,6321.071481
-50.0,50,6324.20255
-50.0,50,6327.195873
-50.0,50,6330.178367
-49.0,50,6333.237191
-9.0,50,6335.984324
-47.0,50,6339.173029
-8.0,50,6342.352818
-27.0,50,6344.904814
-50.0,50,6347.277732
-50.0,50,6349.673599
-23.0,50,6352.091182
-50.0,50,6354.474395
-50.0,50,6356.901932
-50.0,50,6359.301617
0.0,50,6361.691252
-38.0,50,6364.119754
-14.0,50,6366.843048
-22.0,50,6369.362315
-11.0,50,6372.06572
-15.0,50,6374.552614
-50.0,50,6377.020196
-50.0,50,6379.538993
-29.0,50,6382.14916
-26.0,50,6384.587301
-50.0,50,6387.184502
-50.0,50,6389.728644
-50.0,50,6392.587132
-9.0,50,6395.375235
-16.0,50,6398.193026
-50.0,50,6400.995266
-9.0,50,6403.824514
-50.0,50,6406.692455
-50.0,50,6409.49719
-50.0,50,6412.543555
-50.0,50,6415.661398
-50.0,50,6415.965292
-7.0,50,6416.254028
-50.0,50,6416.499272
-50.0,50,6416.775645
-6.0,50,6417.034766
-4.0,50,6417.284182
-50.0,50,6417.544381
-50.0,50,6417.792887
-11.0,50,6418.025759
-50.0,50,6418.263031
-11.0,50,6421.123773
-50.0,50,6423.900528
-50.0,50,6426.829222
-15.0,50,6429.615848
-49.0,50,6432.42815
-50.0,50,6435.261428
-37.0,50,6438.049045
-50.0,50,6440.827915
-50.0,50,6443.630143
-50.0,50,6446.478158
-50.0,50,6449.423117
-50.0,50,6452.389292
-21.0,50,6455.20425
-50.0,50,6458.027264
-50.0,50,6460.811111
-50.0,50,6463.663664
-50.0,50,6466.450771
-49.0,50,6469.336257
-50.0,50,6472.106138
-9.0,50,6474.948564
-47.0,50,6477.763536
-50.0,50,6480.535614
-50.0,50,6483.367797
-50.0,50,6486.150601
-50.0,50,6488.892354
-5.0,50,6491.386302
-50.0,50,6493.861428
-50.0,50,6496.332158
-50.0,50,6498.796155
-50.0,50,6501.277943
-32.0,50,6503.748065
-13.0,50,6506.155675
-50.0,50,6508.66516
-50.0,50,6511.121423
-18.0,50,6513.573684
-15.0,50,6516.035711
-26.0,50,6518.502896
-50.0,50,6520.970999
-14.0,50,6523.440744
-37.0,50,6525.88361
0.0,50,6528.35448
-50.0,50,6530.791104
-50.0,50,6533.247828
-50.0,50,6535.690092
-50.0,50,6538.14506
-50.0,50,6540.605876
-50.0,50,6543.00075
-11.0,50,6545.43397
-21.0,50,6547.879886
-7.0,50,6550.392856
-50.0,50,6550.658121
-5.0,50,6550.895386
-13.0,50,6551.146055
-50.0,50,6551.356744
-13.0,50,6551.601887
-50.0,50,6551.837897
-11.0,50,6552.085366
-50.0,50,6552.36723
-50.0,50,6552.606068
-20.0,50,6553.135585
-18.0,50,6556.049048
-21.0,50,6559.098214
-18.0,50,6562.468418
-9.0,50,6565.631046
-50.0,50,6568.822539
-50.0,50,6572.228747
-50.0,50,6575.684534
-17.0,50,6579.067281
-50.0,50,6582.4831
-25.0,50,6585.834214
-50.0,50,6589.257782
-50.0,50,6592.689363
-50.0,50,6596.098055
-4.0,50,6599.499815
-50.0,50,6602.982924
-27.0,50,6606.403054
-48.0,50,6609.794578
-13.0,50,6613.175969
-16.0,50,6616.655609
-8.0,50,6620.168332
-10.0,50,6623.587329
-13.0,50,6627.073403
-32.0,50,6630.618148
-50.0,50,6634.172467
-50.0,50,6637.740894
-17.0,50,6641.350714
-8.0,50,6644.963504
-16.0,50,6648.606346
-50.0,50,6652.100806
-17.0,50,6655.696497
-18.0,50,6659.292801
-19.0,50,6662.954152
-48.0,50,6666.546505
-50.0,50,6670.158065
0.0,50,6673.734275
-50.0,50,6677.525034
-15.0,50,6681.133078
-50.0,50,6684.940637
-50.0,50,6688.624442
-50.0,50,6692.168447
-20.0,50,6695.210624
-50.0,50,6697.789876
-50.0,50,6700.233495
-50.0,50,6702.654689
-50.0,50,6705.076023
-50.0,50,6707.495348
-19.0,50,6709.961393
-50.0,50,6712.411722
-12.0,50,6714.87889
-50.0,50,6717.337414
-11.0,50,6717.558717
-20.0,50,6717.801401
-50.0,50,6718.040242
-50.0,50,6718.265498
-50.0,50,6718.4962
-6.0,50,6718.739865
-50.0,50,6718.970461
-12.0,50,6719.221941
-50.0,50,6719.46396
-50.0,50,6719.773858
-50.0,50,6722.176399
-50.0,50,6724.606329
-50.0,50,6727.092312
-50.0,50,6729.491464
-50.0,50,6731.971983
-50.0,50,6734.433757
-24.0,50,6736.840844
-50.0,50,6739.286704
-7.0,50,6741.680698
-44.0,50,6744.136687
-46.0,50,6746.607765
-50.0,50,6748.97063
-50.0,50,6751.434928
-26.0,50,6753.831295
-10.0,50,6756.240278
-38.0,50,6758.679969
-11.0,50,6761.064366
-50.0,50,6763.526037
-50.0,50,6765.958063
-24.0,50,6768.348764
-50.0,50,6770.815681
-50.0,50,6773.297165
-4.0,50,6775.695075
-50.0,50,6778.198679
-8.0,50,6780.713905
-48.0,50,6783.148235
-49.0,50,6785.629794
-16.0,50,6788.0683
-50.0,50,6790.485816
-50.0,50,6792.881413
-50.0,50,6795.341553
-50.0,50,6797.79403
-46.0,50,6800.222033
-50.0,50,6802.665025
-50.0,50,6805.055907
-50.0,50,6807.453477
