# {"t_start": 1580822448.9212418, "env_id": "FetchPickAndPlaceball-v1"} 
r,l,t
-50.0,50,8.178403
-50.0,50,10.946103
-50.0,50,13.503528
0.0,50,16.024329
-50.0,50,18.540941
-50.0,50,21.058561
-50.0,50,23.545193
-50.0,50,26.050184
-50.0,50,28.58925
-50.0,50,31.131099
-50.0,50,33.605278
-50.0,50,36.156595
-50.0,50,38.665411
-50.0,50,41.232372
-50.0,50,43.759734
-50.0,50,46.282274
-50.0,50,48.781515
-50.0,50,51.317365
-50.0,50,53.881782
-50.0,50,56.453469
-50.0,50,59.037828
-50.0,50,61.568595
-50.0,50,64.127514
-50.0,50,66.647554
0.0,50,69.14105
-50.0,50,71.686446
-50.0,50,74.20969
-50.0,50,76.76502
-50.0,50,79.27087
-50.0,50,81.820595
-50.0,50,84.35985
-50.0,50,86.84393
-50.0,50,89.400979
-50.0,50,91.929596
-50.0,50,94.448518
-50.0,50,96.97418
-50.0,50,99.491899
-50.0,50,102.033663
0.0,50,104.594694
-50.0,50,107.123551
-50.0,50,109.658715
-50.0,50,112.20112
-50.0,50,114.792568
-50.0,50,117.314124
-50.0,50,119.881647
-50.0,50,122.378861
-50.0,50,124.858623
-50.0,50,127.39568
-50.0,50,129.9548
-50.0,50,132.476546
-50.0,50,135.054612
-50.0,50,135.436043
-50.0,50,135.844939
-50.0,50,136.227168
-50.0,50,136.600083
-50.0,50,136.979192
-50.0,50,137.348195
-50.0,50,137.748483
-50.0,50,138.12251
-50.0,50,138.498132
-50.0,50,139.053777
-50.0,50,141.584565
-50.0,50,144.125958
-50.0,50,146.647705
-50.0,50,149.164491
-50.0,50,151.730827
-50.0,50,154.281455
-50.0,50,156.77986
-50.0,50,159.321063
-50.0,50,161.89541
-50.0,50,164.459639
-50.0,50,166.991639
-50.0,50,169.549469
-50.0,50,172.088123
0.0,50,174.584768
-50.0,50,177.137166
-50.0,50,179.697377
-50.0,50,182.226843
-50.0,50,184.763156
-50.0,50,187.315661
-50.0,50,189.912427
-50.0,50,192.420061
-50.0,50,194.988934
-50.0,50,197.533623
-50.0,50,200.089916
-50.0,50,202.579451
-50.0,50,205.16707
-50.0,50,207.695057
-50.0,50,210.248137
-50.0,50,212.792575
-50.0,50,215.327801
-50.0,50,217.853512
-50.0,50,220.410469
-50.0,50,222.962648
-50.0,50,225.506669
-50.0,50,228.045216
0.0,50,230.606241
-50.0,50,233.116973
-50.0,50,235.68478
-50.0,50,238.237599
-50.0,50,240.761062
-50.0,50,243.291823
-50.0,50,245.822709
-50.0,50,248.355154
-50.0,50,250.906099
-50.0,50,253.500768
-50.0,50,256.034633
-50.0,50,258.576283
-50.0,50,261.126021
-50.0,50,263.632098
0.0,50,266.218807
-50.0,50,266.640384
-50.0,50,267.002918
-50.0,50,267.384921
-50.0,50,267.774899
-50.0,50,268.18386
0.0,50,268.606692
-50.0,50,268.993031
-50.0,50,269.394094
-50.0,50,269.794211
-50.0,50,270.228932
-50.0,50,272.762883
-50.0,50,275.34745
-50.0,50,277.890872
0.0,50,280.448216
-50.0,50,282.970642
-50.0,50,285.548483
-50.0,50,288.061165
-50.0,50,290.604689
-50.0,50,293.152381
-50.0,50,295.72388
0.0,50,298.257254
-50.0,50,300.84404
-50.0,50,303.392166
-50.0,50,305.941963
-50.0,50,308.512075
-50.0,50,311.010356
-50.0,50,313.572127
-50.0,50,316.119336
-50.0,50,318.660652
-50.0,50,321.201736
-50.0,50,323.720656
-50.0,50,326.271012
-50.0,50,328.841275
-50.0,50,331.359837
0.0,50,333.878457
-50.0,50,336.432584
-50.0,50,338.997499
0.0,50,341.567939
-50.0,50,344.144848
-50.0,50,346.669996
-50.0,50,349.197135
-50.0,50,351.761062
-50.0,50,354.304487
-50.0,50,356.886087
-50.0,50,359.447279
-50.0,50,362.01328
-50.0,50,364.555372
-50.0,50,367.114414
-50.0,50,369.688887
-50.0,50,372.254887
-50.0,50,374.778049
-50.0,50,377.337703
-50.0,50,379.893461
-50.0,50,382.495632
-50.0,50,385.058151
-50.0,50,387.554868
-50.0,50,390.094533
-50.0,50,392.713907
-50.0,50,395.244877
-50.0,50,397.807262
-50.0,50,398.182143
-50.0,50,398.556696
-50.0,50,398.946646
-50.0,50,399.332384
-50.0,50,399.708037
-50.0,50,400.092974
-50.0,50,400.475026
-50.0,50,400.874454
-50.0,50,401.277767
-50.0,50,401.768022
-50.0,50,404.300938
-50.0,50,406.90074
-50.0,50,409.441464
-50.0,50,411.979201
-50.0,50,414.523947
-50.0,50,417.113972
-50.0,50,419.672793
-50.0,50,422.178411
-50.0,50,424.761019
-50.0,50,427.262184
-50.0,50,429.87147
-50.0,50,432.41813
-50.0,50,434.978364
-50.0,50,437.508725
-50.0,50,440.025645
-50.0,50,442.605249
-50.0,50,445.145206
-50.0,50,447.699583
-50.0,50,450.289023
-50.0,50,452.806474
-50.0,50,455.36065
-50.0,50,457.932575
-50.0,50,460.481665
-50.0,50,463.031422
-50.0,50,465.582743
-50.0,50,468.128234
-50.0,50,470.695436
-50.0,50,473.273016
-50.0,50,475.825866
-50.0,50,478.395129
-50.0,50,480.918852
-19.0,50,483.464717
-50.0,50,486.0476
-50.0,50,488.607963
-50.0,50,491.142448
-50.0,50,493.701883
-50.0,50,496.338802
-50.0,50,498.829419
-50.0,50,501.395328
-50.0,50,503.921142
-50.0,50,506.435824
0.0,50,508.995619
-50.0,50,511.553149
-50.0,50,514.057204
-50.0,50,516.605829
-50.0,50,519.154351
-50.0,50,521.69984
-50.0,50,524.246482
-50.0,50,526.782151
-50.0,50,529.340392
-50.0,50,529.736765
-50.0,50,530.134331
-50.0,50,530.533479
-50.0,50,530.917089
-50.0,50,531.320903
-50.0,50,531.716399
-50.0,50,532.130832
-50.0,50,532.508854
-50.0,50,532.900976
-38.0,50,533.317046
0.0,50,535.91508
-50.0,50,538.454823
-50.0,50,540.97207
-50.0,50,543.518621
-50.0,50,546.107248
-50.0,50,548.633672
-50.0,50,551.19795
-50.0,50,553.744161
-50.0,50,556.335263
-50.0,50,558.872993
-50.0,50,561.402498
-50.0,50,563.907519
-50.0,50,566.443458
-50.0,50,569.011753
-50.0,50,571.527608
-50.0,50,574.085166
-50.0,50,576.615553
-50.0,50,579.167367
0.0,50,581.708664
0.0,50,584.236856
-50.0,50,586.814274
-50.0,50,589.410495
-50.0,50,591.959779
-50.0,50,594.486092
-50.0,50,596.996718
-50.0,50,599.545835
-50.0,50,602.091575
-50.0,50,604.678209
-50.0,50,607.198989
-50.0,50,609.760975
-50.0,50,612.312127
-50.0,50,614.818282
-50.0,50,617.453032
-50.0,50,619.980784
-50.0,50,622.529352
-50.0,50,625.087009
0.0,50,627.632767
0.0,50,630.182086
-50.0,50,632.708437
-50.0,50,635.212909
-50.0,50,637.77515
0.0,50,640.265277
0.0,50,642.856781
-50.0,50,645.447497
-50.0,50,648.010694
-50.0,50,650.527405
-50.0,50,653.048832
-50.0,50,655.611019
-50.0,50,658.167586
-50.0,50,660.728
-50.0,50,661.119121
-50.0,50,661.522561
-50.0,50,661.933527
-50.0,50,662.323858
-50.0,50,662.70197
-50.0,50,663.085949
-50.0,50,663.495435
-50.0,50,663.905958
-50.0,50,664.270561
-50.0,50,664.724916
-50.0,50,667.289222
-50.0,50,669.808013
-50.0,50,672.375367
-50.0,50,674.927046
-50.0,50,677.493534
-50.0,50,680.063432
0.0,50,682.582117
-50.0,50,685.098786
-50.0,50,687.697397
-50.0,50,690.231676
-50.0,50,692.810666
-50.0,50,695.377438
-50.0,50,697.911167
-50.0,50,700.440263
-50.0,50,703.01692
-50.0,50,705.609516
-50.0,50,708.228697
-50.0,50,710.885336
-50.0,50,713.468738
-50.0,50,716.023178
-50.0,50,718.511818
-50.0,50,721.035519
-50.0,50,723.612054
-50.0,50,726.165912
-50.0,50,728.718055
-50.0,50,731.246288
-50.0,50,733.832294
-42.0,50,736.352696
-50.0,50,738.883768
-50.0,50,741.511398
-50.0,50,744.136259
-50.0,50,746.717439
-50.0,50,749.334238
-50.0,50,751.996117
0.0,50,754.615511
-50.0,50,757.211614
-50.0,50,759.803308
-50.0,50,762.346258
-50.0,50,764.907596
-50.0,50,767.484854
-50.0,50,770.018642
-50.0,50,772.588054
-50.0,50,775.284005
-50.0,50,777.931103
-50.0,50,780.472471
-50.0,50,783.084877
-50.0,50,785.674251
-50.0,50,788.282497
-50.0,50,790.980964
-50.0,50,793.727622
-50.0,50,794.08617
-50.0,50,794.524379
-50.0,50,794.943776
-50.0,50,795.346482
-50.0,50,795.763842
-50.0,50,796.160525
-50.0,50,796.549438
0.0,50,796.957615
-50.0,50,797.355631
-50.0,50,797.871299
-50.0,50,800.512532
-50.0,50,803.22461
-50.0,50,805.833917
-50.0,50,808.42354
-50.0,50,810.926005
-50.0,50,813.504217
-50.0,50,816.025535
-50.0,50,818.530976
-50.0,50,821.094028
-50.0,50,823.619652
-50.0,50,826.167291
-50.0,50,828.747849
-50.0,50,831.267871
-50.0,50,833.795102
-50.0,50,836.341405
-50.0,50,838.911948
-50.0,50,841.425619
-50.0,50,844.004282
-50.0,50,846.501589
-50.0,50,849.040726
-50.0,50,851.643105
-50.0,50,854.180541
-50.0,50,856.666818
-50.0,50,859.266076
-50.0,50,861.798471
-50.0,50,864.311671
-50.0,50,866.928263
-50.0,50,869.622313
-50.0,50,872.350526
-50.0,50,875.067117
-50.0,50,877.648074
-50.0,50,880.284615
-50.0,50,882.879302
-50.0,50,885.509607
-50.0,50,888.115346
-50.0,50,890.732034
-50.0,50,893.430303
-50.0,50,895.97233
-50.0,50,898.469625
-50.0,50,901.000192
-50.0,50,903.541404
-50.0,50,906.135044
-50.0,50,908.692801
-50.0,50,911.216341
-50.0,50,913.784393
-50.0,50,916.377926
-50.0,50,918.909041
-31.0,50,921.431049
-50.0,50,923.978272
-18.0,50,926.541059
-50.0,50,926.936176
-50.0,50,927.30127
-50.0,50,927.679385
-18.0,50,928.058496
-50.0,50,928.436397
-50.0,50,928.849094
-50.0,50,929.236398
-50.0,50,929.646475
-50.0,50,930.035832
-50.0,50,930.602589
-50.0,50,933.115659
-50.0,50,935.765507
-50.0,50,938.495418
-50.0,50,941.115451
-50.0,50,943.725939
-50.0,50,946.328175
-50.0,50,948.937159
-50.0,50,951.678207
-50.0,50,954.342823
-50.0,50,956.941936
-50.0,50,959.577026
-38.0,50,962.226613
-43.0,50,964.919312
-50.0,50,967.54802
-50.0,50,970.258938
-50.0,50,972.811683
-50.0,50,975.447197
-50.0,50,977.98359
-50.0,50,980.578307
-50.0,50,983.150737
-50.0,50,985.710123
-50.0,50,988.264543
-50.0,50,990.844708
-50.0,50,993.404085
-28.0,50,995.977452
-50.0,50,998.575312
-50.0,50,1001.160493
-50.0,50,1003.704283
-50.0,50,1006.333421
-50.0,50,1008.900004
-50.0,50,1011.562492
-50.0,50,1014.20347
-10.0,50,1016.807328
-50.0,50,1019.391966
-50.0,50,1021.956352
-50.0,50,1024.698255
-50.0,50,1027.267485
-50.0,50,1029.858571
-50.0,50,1032.418921
-50.0,50,1034.987249
-50.0,50,1037.563546
-50.0,50,1040.139308
-50.0,50,1042.816085
-50.0,50,1045.352377
-50.0,50,1047.960557
-50.0,50,1050.58498
-50.0,50,1053.126354
-50.0,50,1055.672453
-50.0,50,1058.231715
0.0,50,1060.813407
-50.0,50,1061.229087
-50.0,50,1061.630511
-48.0,50,1062.092819
-50.0,50,1062.486487
-50.0,50,1062.890431
-50.0,50,1063.286975
-50.0,50,1063.741379
-50.0,50,1064.124931
-50.0,50,1064.519506
-50.0,50,1064.979681
-50.0,50,1067.516357
-50.0,50,1070.042397
-50.0,50,1072.577654
-50.0,50,1075.155624
-50.0,50,1077.695331
-50.0,50,1080.28228
-50.0,50,1082.845227
-50.0,50,1085.413527
-50.0,50,1087.944543
-50.0,50,1090.495728
-50.0,50,1093.062607
-50.0,50,1095.598349
-50.0,50,1098.144417
-50.0,50,1100.669311
-50.0,50,1103.232681
-50.0,50,1105.787996
0.0,50,1108.332826
-50.0,50,1110.898293
-50.0,50,1113.419362
-50.0,50,1115.997615
-50.0,50,1118.508691
-50.0,50,1121.087889
-50.0,50,1123.608889
-50.0,50,1126.127934
-50.0,50,1128.706066
-50.0,50,1131.215085
-45.0,50,1133.785153
-50.0,50,1136.350584
-50.0,50,1138.895256
-50.0,50,1141.442842
-50.0,50,1144.010423
-50.0,50,1146.585188
-50.0,50,1149.09221
-50.0,50,1151.64606
-48.0,50,1154.15709
-50.0,50,1156.809951
0.0,50,1159.364915
-50.0,50,1161.927766
-50.0,50,1164.451233
-50.0,50,1166.979392
-50.0,50,1169.536508
-50.0,50,1172.047173
-50.0,50,1174.586885
-50.0,50,1177.159549
-50.0,50,1179.701675
-50.0,50,1182.286986
-49.0,50,1184.831974
-50.0,50,1187.423636
-46.0,50,1189.969262
-50.0,50,1192.5548
-50.0,50,1192.976563
-50.0,50,1193.382714
-50.0,50,1193.810109
-50.0,50,1194.187156
-10.0,50,1194.601615
-50.0,50,1195.012458
-50.0,50,1195.416788
-50.0,50,1195.833771
-50.0,50,1196.215158
-50.0,50,1196.644421
-50.0,50,1199.224082
0.0,50,1201.773093
-50.0,50,1204.312939
-50.0,50,1206.833588
-50.0,50,1209.38826
-23.0,50,1211.978439
-50.0,50,1214.540386
-13.0,50,1217.066151
-50.0,50,1219.573507
-50.0,50,1222.132804
-50.0,50,1224.68353
-50.0,50,1227.235247
-50.0,50,1229.76013
-50.0,50,1232.310584
-50.0,50,1234.883796
-50.0,50,1237.485
-50.0,50,1239.98783
-39.0,50,1242.606913
-50.0,50,1245.126934
-50.0,50,1247.702112
-50.0,50,1250.279069
-50.0,50,1252.832246
-50.0,50,1255.37475
-50.0,50,1257.917305
-50.0,50,1260.564768
-50.0,50,1263.087264
-50.0,50,1265.639605
-50.0,50,1268.199219
-6.0,50,1270.763921
-27.0,50,1273.313377
-50.0,50,1275.86797
-50.0,50,1278.437525
-50.0,50,1281.009222
-50.0,50,1283.563535
-50.0,50,1286.049454
-50.0,50,1288.669917
-50.0,50,1291.229206
-50.0,50,1293.810669
-48.0,50,1296.384976
-27.0,50,1298.940836
-50.0,50,1301.480554
-7.0,50,1304.10688
-50.0,50,1306.607409
-50.0,50,1309.147512
-50.0,50,1311.689597
-50.0,50,1314.321332
-50.0,50,1316.891575
-50.0,50,1319.447277
-50.0,50,1321.960469
-45.0,50,1324.516586
-50.0,50,1324.932658
-50.0,50,1325.336894
-50.0,50,1325.731564
-50.0,50,1326.129286
-50.0,50,1326.523397
-50.0,50,1326.919517
-50.0,50,1327.341933
0.0,50,1327.75647
-50.0,50,1328.194104
-50.0,50,1328.724753
-50.0,50,1331.311538
-50.0,50,1333.88323
-50.0,50,1336.425349
-50.0,50,1338.954067
-50.0,50,1341.517917
-49.0,50,1344.115301
-50.0,50,1346.714754
-50.0,50,1349.246505
-50.0,50,1351.756639
0.0,50,1354.353298
-50.0,50,1356.909056
-50.0,50,1359.445005
-50.0,50,1362.03225
-50.0,50,1364.591471
-50.0,50,1367.122209
-50.0,50,1369.686317
-50.0,50,1372.232591
-50.0,50,1374.807154
-50.0,50,1377.367842
-50.0,50,1379.930204
-49.0,50,1382.501306
-50.0,50,1385.026356
-42.0,50,1387.600003
-50.0,50,1390.121021
-50.0,50,1392.732077
-50.0,50,1395.259486
-50.0,50,1397.818445
-50.0,50,1400.407068
-41.0,50,1402.976408
-50.0,50,1405.539778
-50.0,50,1408.063871
-50.0,50,1410.635557
-50.0,50,1413.214797
-26.0,50,1415.755494
-50.0,50,1418.31713
-50.0,50,1420.861201
-50.0,50,1423.40992
-50.0,50,1425.961858
-50.0,50,1428.590027
-50.0,50,1431.149298
-50.0,50,1433.687679
-49.0,50,1436.230238
-50.0,50,1438.772481
-50.0,50,1441.351723
-50.0,50,1443.921219
-50.0,50,1446.471174
-50.0,50,1449.054879
-50.0,50,1451.586737
-50.0,50,1454.163376
-14.0,50,1456.738666
-50.0,50,1457.137366
-24.0,50,1457.513916
-50.0,50,1457.944211
-50.0,50,1458.365787
-50.0,50,1458.77415
-26.0,50,1459.166706
-50.0,50,1459.628997
-50.0,50,1460.058651
-50.0,50,1460.473119
0.0,50,1460.916925
-20.0,50,1463.545583
-17.0,50,1466.082478
-50.0,50,1468.634704
-50.0,50,1471.208771
-50.0,50,1473.790307
-50.0,50,1476.33426
-50.0,50,1478.880231
-50.0,50,1481.446527
-50.0,50,1484.020036
-50.0,50,1486.565972
-50.0,50,1489.175645
-37.0,50,1491.732928
-50.0,50,1494.231853
-50.0,50,1496.807416
-50.0,50,1499.358493
0.0,50,1501.883236
-50.0,50,1504.468404
-50.0,50,1507.058629
0.0,50,1509.584618
-50.0,50,1512.111473
-50.0,50,1514.683574
-50.0,50,1517.2348
-50.0,50,1519.815167
-50.0,50,1522.349324
-50.0,50,1524.888287
-50.0,50,1527.481136
-50.0,50,1530.01358
-50.0,50,1532.578796
-50.0,50,1535.159645
-40.0,50,1537.692704
-50.0,50,1540.2824
-50.0,50,1542.831144
-42.0,50,1545.396074
-18.0,50,1547.975771
-50.0,50,1550.539223
0.0,50,1553.102983
-26.0,50,1555.6696
-50.0,50,1558.251365
-44.0,50,1560.791739
-50.0,50,1563.390816
0.0,50,1565.938703
-50.0,50,1568.52688
-38.0,50,1571.12592
-50.0,50,1573.704007
-13.0,50,1576.277229
-36.0,50,1578.86354
-50.0,50,1581.407492
-50.0,50,1584.000369
-50.0,50,1586.562582
-50.0,50,1589.113548
-50.0,50,1589.516207
-50.0,50,1589.906376
-50.0,50,1590.289793
-17.0,50,1590.703138
0.0,50,1591.112017
-50.0,50,1591.561759
-50.0,50,1591.965865
-50.0,50,1592.37611
-50.0,50,1592.76391
-50.0,50,1593.234807
-50.0,50,1595.800796
-40.0,50,1598.366741
-26.0,50,1600.9915
-50.0,50,1603.51803
-50.0,50,1606.100416
-50.0,50,1608.676483
-50.0,50,1611.221314
-50.0,50,1613.813323
-50.0,50,1616.389798
-50.0,50,1618.941485
-44.0,50,1621.505908
-50.0,50,1624.079575
-29.0,50,1626.629681
-34.0,50,1629.159895
-43.0,50,1631.722025
-48.0,50,1634.308766
-50.0,50,1636.846537
-50.0,50,1639.407583
-50.0,50,1641.966066
0.0,50,1644.54406
-13.0,50,1647.128503
-41.0,50,1649.658683
-50.0,50,1652.20234
-50.0,50,1654.798568
-50.0,50,1657.342761
-50.0,50,1659.894541
-50.0,50,1662.456143
-43.0,50,1665.031848
-50.0,50,1667.58186
-45.0,50,1670.132844
-50.0,50,1672.720001
-50.0,50,1675.292604
-50.0,50,1677.855031
-50.0,50,1680.41229
-50.0,50,1682.993752
-28.0,50,1685.558915
-50.0,50,1688.097375
-50.0,50,1690.669284
-19.0,50,1693.200403
-50.0,50,1695.761645
-50.0,50,1698.367803
-50.0,50,1700.951573
-50.0,50,1703.498577
0.0,50,1706.069026
-50.0,50,1708.635361
-50.0,50,1711.234903
-50.0,50,1713.800484
-34.0,50,1716.351997
-50.0,50,1718.91509
-21.0,50,1721.527508
-24.0,50,1721.979023
-20.0,50,1722.401227
-50.0,50,1722.820587
-50.0,50,1723.252391
-42.0,50,1723.693191
-50.0,50,1724.146573
-50.0,50,1724.543244
-50.0,50,1724.969978
-50.0,50,1725.331005
-50.0,50,1725.853911
-50.0,50,1728.452337
-50.0,50,1731.062996
0.0,50,1733.647409
-50.0,50,1736.215042
-50.0,50,1738.794271
-12.0,50,1741.357877
-49.0,50,1743.932726
-50.0,50,1746.489734
-39.0,50,1749.069405
-50.0,50,1751.601863
-50.0,50,1754.18471
-50.0,50,1756.759201
-50.0,50,1759.356543
-50.0,50,1761.924685
-8.0,50,1764.505051
-50.0,50,1767.074788
-41.0,50,1769.651087
0.0,50,1772.260156
-48.0,50,1774.821732
-10.0,50,1777.382273
-27.0,50,1779.929702
-50.0,50,1782.474608
-48.0,50,1785.058475
-50.0,50,1787.56938
-50.0,50,1790.16177
-18.0,50,1792.755441
-26.0,50,1795.284805
-50.0,50,1797.85834
-50.0,50,1800.416455
-29.0,50,1802.988936
-43.0,50,1805.597582
-19.0,50,1808.158262
-24.0,50,1810.743917
-45.0,50,1813.315305
-36.0,50,1815.863817
-50.0,50,1818.421658
-50.0,50,1821.027259
-42.0,50,1823.589455
-50.0,50,1826.162223
-9.0,50,1828.731754
-50.0,50,1831.312842
-41.0,50,1833.886989
-46.0,50,1836.481489
-34.0,50,1839.082221
-28.0,50,1841.635556
-33.0,50,1844.170615
-50.0,50,1846.735942
-21.0,50,1849.323188
-50.0,50,1851.885761
-12.0,50,1854.450514
-14.0,50,1854.835076
-50.0,50,1855.220139
-50.0,50,1855.617385
-28.0,50,1856.035649
-50.0,50,1856.504719
-20.0,50,1856.926001
-50.0,50,1857.333824
-50.0,50,1857.749044
-50.0,50,1858.136394
-50.0,50,1858.557511
-45.0,50,1861.147805
-38.0,50,1863.713637
-50.0,50,1866.30541
-28.0,50,1868.959478
-48.0,50,1871.577327
-46.0,50,1874.207026
-50.0,50,1876.836359
-50.0,50,1879.500224
-15.0,50,1882.078013
-44.0,50,1884.98946
-50.0,50,1887.578301
-28.0,50,1890.134903
-47.0,50,1892.841277
-50.0,50,1895.463325
-50.0,50,1898.060158
-38.0,50,1900.639328
-50.0,50,1903.24868
-50.0,50,1905.799916
-50.0,50,1908.350063
-50.0,50,1910.940038
-47.0,50,1913.504111
-12.0,50,1916.071913
-50.0,50,1918.658523
-50.0,50,1921.208437
-50.0,50,1923.738707
-50.0,50,1926.271574
-50.0,50,1928.841362
-50.0,50,1931.416896
-50.0,50,1934.028304
-50.0,50,1936.608969
-50.0,50,1939.1494
-50.0,50,1941.741289
-34.0,50,1944.274645
-50.0,50,1946.879512
-50.0,50,1949.426
-38.0,50,1951.98031
-42.0,50,1954.515574
-32.0,50,1957.144964
-50.0,50,1959.6883
-50.0,50,1962.254582
-5.0,50,1964.811135
-33.0,50,1967.424651
-50.0,50,1970.00893
-19.0,50,1972.539598
-42.0,50,1975.125113
-14.0,50,1977.675478
-50.0,50,1980.266836
-9.0,50,1982.822345
-50.0,50,1985.368834
-50.0,50,1987.904165
-50.0,50,1988.332713
-17.0,50,1988.74074
-13.0,50,1989.148726
-14.0,50,1989.544352
-50.0,50,1989.985177
-15.0,50,1990.413614
-50.0,50,1990.832086
-50.0,50,1991.257062
-50.0,50,1991.735119
-50.0,50,1992.119414
-50.0,50,1994.673997
0.0,50,1997.205179
-19.0,50,1999.789824
-35.0,50,2002.314867
-28.0,50,2004.862101
-50.0,50,2007.42383
-14.0,50,2009.994618
-50.0,50,2012.580263
-21.0,50,2015.113662
-50.0,50,2017.66648
-50.0,50,2020.2362
-43.0,50,2022.812569
-50.0,50,2025.352327
-33.0,50,2027.982702
-29.0,50,2030.529797
0.0,50,2033.114632
-50.0,50,2035.645103
-50.0,50,2038.195105
-50.0,50,2040.777257
-36.0,50,2043.318569
-40.0,50,2045.887286
-28.0,50,2048.421968
-50.0,50,2050.97392
-50.0,50,2053.586195
-50.0,50,2056.161123
-50.0,50,2058.769677
-25.0,50,2061.329162
-50.0,50,2063.87044
-27.0,50,2066.450517
-32.0,50,2069.027106
-50.0,50,2071.612265
-50.0,50,2074.150955
-35.0,50,2076.739213
-50.0,50,2079.271159
-50.0,50,2081.849507
-17.0,50,2084.381783
-50.0,50,2086.973187
-50.0,50,2089.519049
-50.0,50,2092.085719
-50.0,50,2094.643301
-10.0,50,2097.230838
-50.0,50,2099.766051
-50.0,50,2102.325965
-50.0,50,2104.868529
-35.0,50,2107.470974
-17.0,50,2110.047231
-50.0,50,2112.595693
-10.0,50,2115.189889
-50.0,50,2117.751795
-12.0,50,2120.302747
-50.0,50,2120.70945
-50.0,50,2121.117613
-50.0,50,2121.53458
-13.0,50,2122.003986
-16.0,50,2122.421268
-10.0,50,2122.83585
-50.0,50,2123.275041
-50.0,50,2123.70201
-47.0,50,2124.111171
-50.0,50,2124.56078
-20.0,50,2127.181407
-36.0,50,2129.717024
-16.0,50,2132.297506
-50.0,50,2134.843531
-11.0,50,2137.341202
-50.0,50,2139.935433
-16.0,50,2142.504672
0.0,50,2145.061008
-23.0,50,2147.586503
-50.0,50,2150.175176
-50.0,50,2152.762595
-12.0,50,2155.316537
-17.0,50,2157.84568
-50.0,50,2160.444731
0.0,50,2162.978882
-17.0,50,2165.564028
-8.0,50,2168.078408
-50.0,50,2170.649025
-50.0,50,2173.25464
-50.0,50,2175.775679
-34.0,50,2178.399921
-23.0,50,2180.960305
-26.0,50,2183.525388
-42.0,50,2186.126304
-25.0,50,2188.691139
-5.0,50,2191.228241
-14.0,50,2193.801818
-42.0,50,2196.365858
-13.0,50,2198.928435
-14.0,50,2201.520847
-50.0,50,2204.038103
-50.0,50,2206.59873
-10.0,50,2209.200728
-50.0,50,2211.762989
-22.0,50,2214.271461
-50.0,50,2216.863462
-50.0,50,2219.412999
-50.0,50,2221.983325
-12.0,50,2224.557561
-50.0,50,2227.088987
-12.0,50,2229.662773
-11.0,50,2232.220964
-34.0,50,2234.762894
-50.0,50,2237.334554
-13.0,50,2239.881576
-13.0,50,2242.481175
-50.0,50,2245.041055
-37.0,50,2247.619771
-46.0,50,2250.18868
-50.0,50,2252.70278
-50.0,50,2253.097575
-7.0,50,2253.526509
-50.0,50,2253.974226
-50.0,50,2254.353057
-8.0,50,2254.79293
-50.0,50,2255.186599
0.0,50,2255.587361
-50.0,50,2255.969223
-21.0,50,2256.370224
-46.0,50,2256.864351
-47.0,50,2259.413035
-7.0,50,2261.966534
-50.0,50,2264.500059
-18.0,50,2267.064236
-37.0,50,2269.600657
-50.0,50,2272.134172
-50.0,50,2274.687668
-50.0,50,2277.233298
0.0,50,2279.79357
-50.0,50,2282.4372
-26.0,50,2285.0105
-28.0,50,2287.583321
-40.0,50,2290.183744
-50.0,50,2292.743876
-50.0,50,2295.29701
-50.0,50,2297.876717
-50.0,50,2300.4593
-50.0,50,2303.065393
-50.0,50,2305.634668
-27.0,50,2308.171487
-13.0,50,2310.762888
-9.0,50,2313.31305
-47.0,50,2315.881768
-22.0,50,2318.49583
-16.0,50,2321.077023
0.0,50,2323.687436
-10.0,50,2326.234839
-18.0,50,2328.817315
-50.0,50,2331.448137
-50.0,50,2334.018657
-50.0,50,2336.614071
-19.0,50,2339.169855
-18.0,50,2341.667161
-47.0,50,2344.229737
-50.0,50,2346.825904
-50.0,50,2349.395665
-50.0,50,2351.921394
-13.0,50,2354.56828
-12.0,50,2357.097474
-32.0,50,2359.692302
-20.0,50,2362.256953
-24.0,50,2364.821563
-17.0,50,2367.405908
-48.0,50,2370.003945
-12.0,50,2372.546543
-30.0,50,2375.11789
-20.0,50,2377.694438
-50.0,50,2380.290898
-33.0,50,2382.852777
-50.0,50,2385.446151
-50.0,50,2385.854813
-50.0,50,2386.27697
-11.0,50,2386.677507
-17.0,50,2387.067211
-50.0,50,2387.504814
-10.0,50,2387.961406
-9.0,50,2388.397807
-50.0,50,2388.820458
-50.0,50,2389.2108
-50.0,50,2389.635847
-31.0,50,2392.158499
-7.0,50,2394.735512
-50.0,50,2397.304085
-7.0,50,2399.831233
-50.0,50,2402.405618
-21.0,50,2404.981976
-29.0,50,2407.589389
-31.0,50,2410.1636
-43.0,50,2412.695661
-50.0,50,2415.31578
-50.0,50,2417.876801
-50.0,50,2420.454057
-50.0,50,2422.941624
-50.0,50,2425.56438
-33.0,50,2428.134851
-41.0,50,2430.646396
-35.0,50,2433.224633
-13.0,50,2435.851446
-50.0,50,2438.388839
-50.0,50,2440.965673
0.0,50,2443.478878
-50.0,50,2446.129606
-50.0,50,2448.727381
-50.0,50,2451.280373
-50.0,50,2453.88516
-14.0,50,2456.458184
-50.0,50,2459.000807
-50.0,50,2461.601881
-50.0,50,2464.183769
-13.0,50,2466.737343
-12.0,50,2469.326065
-18.0,50,2471.854863
-48.0,50,2474.473659
-50.0,50,2477.025888
-50.0,50,2479.606698
-50.0,50,2482.179924
-50.0,50,2484.741816
-50.0,50,2487.314912
-50.0,50,2489.895494
-50.0,50,2492.483431
-50.0,50,2495.081532
-25.0,50,2497.646543
-50.0,50,2500.21377
-23.0,50,2502.771141
-50.0,50,2505.348389
-50.0,50,2507.932515
-50.0,50,2510.480319
-50.0,50,2513.057607
-18.0,50,2515.622198
-50.0,50,2518.220321
-9.0,50,2518.626275
-50.0,50,2519.041576
-5.0,50,2519.449723
0.0,50,2519.854838
-10.0,50,2520.257662
-8.0,50,2520.682558
-4.0,50,2521.057664
-9.0,50,2521.459009
-17.0,50,2521.86135
-50.0,50,2522.475604
-25.0,50,2525.079516
-50.0,50,2527.626851
-47.0,50,2530.190474
-16.0,50,2532.778611
-50.0,50,2535.367775
-10.0,50,2537.92191
-50.0,50,2540.493117
-50.0,50,2543.122672
-9.0,50,2545.706829
-50.0,50,2548.290591
-24.0,50,2550.869141
-17.0,50,2553.420306
-24.0,50,2556.048919
-50.0,50,2558.652547
-50.0,50,2561.192148
-24.0,50,2563.801178
-50.0,50,2566.376034
-50.0,50,2568.943421
-49.0,50,2571.523104
-50.0,50,2574.101115
-16.0,50,2576.657249
-21.0,50,2579.242365
-50.0,50,2581.83703
-50.0,50,2584.439033
-50.0,50,2587.024101
-50.0,50,2589.605148
-50.0,50,2592.122264
-9.0,50,2594.753681
-13.0,50,2597.341835
-25.0,50,2599.882487
0.0,50,2602.432117
-16.0,50,2605.020836
-28.0,50,2607.613266
0.0,50,2610.22994
-50.0,50,2612.776045
-50.0,50,2615.325101
-50.0,50,2617.873399
-34.0,50,2620.51336
0.0,50,2623.035285
-50.0,50,2625.585547
-13.0,50,2628.251381
-19.0,50,2630.806842
-50.0,50,2633.352577
-13.0,50,2635.987392
-50.0,50,2638.633848
-50.0,50,2641.227305
-10.0,50,2643.814267
-50.0,50,2646.358438
-16.0,50,2648.966388
0.0,50,2651.479457
-6.0,50,2651.902845
-50.0,50,2652.281498
-50.0,50,2652.697577
-50.0,50,2653.110642
-20.0,50,2653.525525
-50.0,50,2653.93845
-50.0,50,2654.328649
-21.0,50,2654.714571
-50.0,50,2655.150809
-50.0,50,2655.637548
-27.0,50,2658.198945
-46.0,50,2660.814278
-23.0,50,2663.337418
-9.0,50,2665.91047
-50.0,50,2668.456386
-50.0,50,2671.059216
-45.0,50,2673.604799
-50.0,50,2676.16257
-5.0,50,2678.73722
-11.0,50,2681.357336
-50.0,50,2683.881741
-50.0,50,2686.454249
-30.0,50,2689.049686
-50.0,50,2691.602313
-12.0,50,2694.164634
-50.0,50,2696.739817
-50.0,50,2699.270388
-50.0,50,2701.933746
-50.0,50,2704.493408
-50.0,50,2707.031298
-14.0,50,2709.589896
-50.0,50,2712.152424
-50.0,50,2714.690018
-38.0,50,2717.272005
-19.0,50,2719.885373
-39.0,50,2722.50087
0.0,50,2725.058258
-50.0,50,2727.705257
-50.0,50,2730.253954
0.0,50,2732.810289
-22.0,50,2735.407914
-50.0,50,2738.013783
-50.0,50,2740.595244
-13.0,50,2743.176515
-46.0,50,2745.719326
-50.0,50,2748.289967
-50.0,50,2750.898288
-50.0,50,2753.463629
-50.0,50,2756.025025
-11.0,50,2758.60437
-16.0,50,2761.192277
-33.0,50,2763.795804
-50.0,50,2766.320989
-23.0,50,2768.912455
-50.0,50,2771.486652
-16.0,50,2774.021492
-50.0,50,2776.578203
-50.0,50,2779.176746
-19.0,50,2781.754213
-50.0,50,2784.382028
-12.0,50,2784.819201
-50.0,50,2785.237165
-5.0,50,2785.653032
-17.0,50,2786.036136
-50.0,50,2786.436574
-12.0,50,2786.870697
-3.0,50,2787.292676
-13.0,50,2787.750755
-10.0,50,2788.149153
-50.0,50,2788.68499
0.0,50,2791.229913
-50.0,50,2793.813021
-50.0,50,2796.403581
-50.0,50,2798.983297
-47.0,50,2801.528168
-50.0,50,2804.169215
-50.0,50,2806.759531
-50.0,50,2809.31274
-47.0,50,2811.893925
-32.0,50,2814.461625
0.0,50,2817.054947
-50.0,50,2819.596448
-9.0,50,2822.158417
-50.0,50,2824.724763
0.0,50,2827.316323
-50.0,50,2829.847162
0.0,50,2832.493635
-43.0,50,2835.080372
-28.0,50,2837.724016
-50.0,50,2840.280908
-38.0,50,2842.838107
-8.0,50,2845.392624
-22.0,50,2847.990326
-16.0,50,2850.574159
-28.0,50,2853.132855
-50.0,50,2855.72088
-42.0,50,2858.317371
-17.0,50,2860.89587
-24.0,50,2863.484107
-37.0,50,2866.05865
-50.0,50,2868.621301
-50.0,50,2871.2072
-50.0,50,2873.777519
0.0,50,2876.353573
-15.0,50,2878.898707
-50.0,50,2881.464023
-35.0,50,2884.042312
-50.0,50,2886.624299
-50.0,50,2889.234606
-50.0,50,2891.836193
-50.0,50,2894.414527
-50.0,50,2896.995505
-8.0,50,2899.584503
-12.0,50,2902.157966
-50.0,50,2904.731629
-17.0,50,2907.31064
-18.0,50,2909.898264
-15.0,50,2912.514783
-50.0,50,2915.078902
-5.0,50,2917.718445
-50.0,50,2918.162474
-10.0,50,2918.59295
-6.0,50,2919.047487
-11.0,50,2919.511725
-50.0,50,2919.894483
-10.0,50,2920.32956
-11.0,50,2920.760847
0.0,50,2921.141094
-50.0,50,2921.561786
-38.0,50,2922.012151
-27.0,50,2924.660882
-50.0,50,2927.235559
-18.0,50,2929.785051
-50.0,50,2932.380952
-50.0,50,2934.951043
-40.0,50,2937.535002
-50.0,50,2940.107227
-9.0,50,2942.690429
-50.0,50,2945.317195
-6.0,50,2947.877832
-50.0,50,2950.454218
-12.0,50,2953.000051
-25.0,50,2955.568558
-27.0,50,2958.16591
-50.0,50,2960.77248
-50.0,50,2963.316694
-50.0,50,2965.920536
-50.0,50,2968.504544
-50.0,50,2971.099902
-50.0,50,2973.660626
-21.0,50,2976.233595
-38.0,50,2978.796278
-15.0,50,2981.361283
-16.0,50,2983.878187
-50.0,50,2986.456831
-50.0,50,2989.062161
-50.0,50,2991.632708
-50.0,50,2994.230777
-50.0,50,2996.804168
-12.0,50,2999.399283
-50.0,50,3001.918515
-12.0,50,3004.506092
-50.0,50,3007.092901
-50.0,50,3009.684713
-46.0,50,3012.290768
-41.0,50,3014.902238
-40.0,50,3017.447213
-8.0,50,3020.067789
-50.0,50,3022.601137
-50.0,50,3025.178823
-50.0,50,3027.802481
-48.0,50,3030.398869
-19.0,50,3032.962517
-14.0,50,3035.495858
-17.0,50,3038.090918
-50.0,50,3040.678519
-50.0,50,3043.229134
-19.0,50,3045.800276
-44.0,50,3048.415011
-50.0,50,3050.966627
-50.0,50,3051.34303
-9.0,50,3051.742985
-6.0,50,3052.132835
-50.0,50,3052.550213
-50.0,50,3052.941023
-50.0,50,3053.382403
-50.0,50,3053.823264
-50.0,50,3054.254225
-11.0,50,3054.695591
-50.0,50,3055.222197
-50.0,50,3057.844643
-16.0,50,3060.392096
-40.0,50,3062.962758
-35.0,50,3065.525729
-18.0,50,3068.101122
-50.0,50,3070.608124
-50.0,50,3073.20024
-13.0,50,3075.748589
-19.0,50,3078.384142
-50.0,50,3080.964529
-50.0,50,3083.560132
-50.0,50,3086.103245
-19.0,50,3088.74525
-10.0,50,3091.319011
-50.0,50,3093.874102
-20.0,50,3096.509205
-10.0,50,3099.049352
-7.0,50,3101.689122
-28.0,50,3104.221414
-50.0,50,3106.783017
-40.0,50,3109.34989
-39.0,50,3111.913382
-21.0,50,3114.531429
-50.0,50,3117.126663
-47.0,50,3119.729805
-50.0,50,3122.296635
-8.0,50,3124.830183
-50.0,50,3127.426054
-11.0,50,3130.000647
-10.0,50,3132.57311
-12.0,50,3135.167973
-50.0,50,3137.778579
-37.0,50,3140.309998
-50.0,50,3142.900597
-15.0,50,3145.520117
-32.0,50,3148.086146
-50.0,50,3150.677066
-50.0,50,3153.317054
-15.0,50,3155.875074
-50.0,50,3158.48157
-27.0,50,3161.0587
-50.0,50,3163.609221
-25.0,50,3166.200173
-14.0,50,3168.748312
-19.0,50,3171.370855
-25.0,50,3173.95061
-49.0,50,3176.526375
-50.0,50,3179.142462
-18.0,50,3181.692271
-11.0,50,3184.250978
-9.0,50,3184.680135
-8.0,50,3185.111958
-45.0,50,3185.549325
-10.0,50,3185.996352
-6.0,50,3186.449249
-11.0,50,3186.887646
-9.0,50,3187.289373
-15.0,50,3187.725001
-8.0,50,3188.131109
-32.0,50,3188.617881
-50.0,50,3191.216925
-50.0,50,3193.787558
-50.0,50,3196.340436
-50.0,50,3198.930958
-50.0,50,3201.486484
-4.0,50,3204.075044
-50.0,50,3206.670294
-28.0,50,3209.284489
-50.0,50,3211.859824
-18.0,50,3214.453646
0.0,50,3217.001135
-31.0,50,3219.62315
-50.0,50,3222.115961
-46.0,50,3224.740138
-36.0,50,3227.284771
-50.0,50,3229.879978
-10.0,50,3232.448045
-18.0,50,3234.999104
-50.0,50,3237.542092
-50.0,50,3240.14294
-50.0,50,3242.723854
-50.0,50,3245.297269
0.0,50,3247.867659
-11.0,50,3250.473584
-8.0,50,3253.109112
-13.0,50,3255.633867
-21.0,50,3258.239076
-14.0,50,3260.846821
-11.0,50,3263.442326
-30.0,50,3266.008713
-20.0,50,3268.597492
-20.0,50,3271.187044
-22.0,50,3273.77186
-14.0,50,3276.342413
-12.0,50,3278.865022
-50.0,50,3281.447688
-24.0,50,3284.034648
-50.0,50,3286.658623
-12.0,50,3289.196774
-16.0,50,3291.804673
-41.0,50,3294.38782
-48.0,50,3297.011844
-50.0,50,3299.57699
-50.0,50,3302.175818
-50.0,50,3304.717697
0.0,50,3307.296034
-15.0,50,3309.873051
-16.0,50,3312.445687
-9.0,50,3315.02234
-50.0,50,3317.677707
-34.0,50,3318.100249
-50.0,50,3318.504594
-42.0,50,3318.926374
-50.0,50,3319.374603
-5.0,50,3319.780705
-50.0,50,3320.213015
-11.0,50,3320.631208
-12.0,50,3321.071111
-50.0,50,3321.458561
-50.0,50,3321.947456
-17.0,50,3324.516523
-50.0,50,3327.1198
-42.0,50,3329.677634
0.0,50,3332.209068
-9.0,50,3334.843551
-50.0,50,3337.43313
-19.0,50,3339.976801
-22.0,50,3342.54404
-50.0,50,3345.159994
-16.0,50,3347.722963
-37.0,50,3350.308251
-50.0,50,3352.83865
-29.0,50,3355.431599
-50.0,50,3358.024225
-50.0,50,3360.623851
-23.0,50,3363.212922
-50.0,50,3365.811422
-46.0,50,3368.375129
-28.0,50,3370.9744
-14.0,50,3373.551916
-10.0,50,3376.135447
-50.0,50,3378.723968
-3.0,50,3381.269231
-44.0,50,3383.894056
-20.0,50,3386.442611
-32.0,50,3389.07977
-50.0,50,3391.64102
-29.0,50,3394.293878
-18.0,50,3396.86276
-26.0,50,3399.428413
-8.0,50,3402.055363
-8.0,50,3404.638698
-24.0,50,3407.225916
-22.0,50,3409.806411
-13.0,50,3412.398814
-15.0,50,3414.969684
-14.0,50,3417.560848
-50.0,50,3420.152729
-26.0,50,3422.696318
-7.0,50,3425.302046
-43.0,50,3427.892486
-39.0,50,3430.453
-42.0,50,3433.076491
-50.0,50,3435.639408
-12.0,50,3438.217712
-50.0,50,3440.800719
-13.0,50,3443.414143
-50.0,50,3446.055277
-29.0,50,3448.628846
-9.0,50,3451.177189
-50.0,50,3451.588579
-3.0,50,3451.994398
-7.0,50,3452.404135
-6.0,50,3452.837533
-50.0,50,3453.249473
-11.0,50,3453.692357
-8.0,50,3454.091903
-50.0,50,3454.528683
-6.0,50,3454.921861
-50.0,50,3455.429181
-50.0,50,3457.995671
-16.0,50,3460.609128
-17.0,50,3463.194718
-39.0,50,3465.836562
-27.0,50,3468.420797
-31.0,50,3471.000223
-49.0,50,3473.594933
-50.0,50,3476.138234
-27.0,50,3478.770262
-34.0,50,3481.334171
-50.0,50,3483.932036
0.0,50,3486.557887
-25.0,50,3489.12882
-46.0,50,3491.718434
-24.0,50,3494.305034
-47.0,50,3497.030877
-23.0,50,3499.860421
-4.0,50,3502.618785
-33.0,50,3505.422941
-50.0,50,3508.299454
-50.0,50,3510.929303
-21.0,50,3513.490457
-28.0,50,3516.104776
-50.0,50,3518.729934
-11.0,50,3521.31313
-10.0,50,3523.897169
-11.0,50,3526.472644
0.0,50,3529.076427
-50.0,50,3531.69868
-40.0,50,3534.417979
-22.0,50,3537.166687
-50.0,50,3539.770636
-12.0,50,3542.318699
0.0,50,3544.909299
-50.0,50,3547.513282
-25.0,50,3550.097963
-18.0,50,3552.705452
-23.0,50,3555.282411
-37.0,50,3557.899604
-25.0,50,3560.459024
-2.0,50,3563.035231
-50.0,50,3565.634549
-20.0,50,3568.233007
-17.0,50,3570.848095
-16.0,50,3573.401071
-25.0,50,3576.012051
-7.0,50,3578.581152
-22.0,50,3581.165278
-33.0,50,3583.751802
-50.0,50,3586.369009
-9.0,50,3586.817325
-5.0,50,3587.270338
-13.0,50,3587.671255
-14.0,50,3588.099555
-5.0,50,3588.504151
-50.0,50,3588.917332
-8.0,50,3589.2938
-9.0,50,3589.738858
-50.0,50,3590.159159
-50.0,50,3590.692573
-32.0,50,3593.31396
-15.0,50,3595.889755
-50.0,50,3598.46262
-46.0,50,3601.096973
-42.0,50,3603.635803
-16.0,50,3606.273342
-21.0,50,3608.823547
-21.0,50,3611.417272
-39.0,50,3613.999362
-47.0,50,3616.564491
-50.0,50,3619.16538
-27.0,50,3621.753793
-50.0,50,3624.391153
-31.0,50,3626.983034
-45.0,50,3629.567091
-50.0,50,3632.165883
-50.0,50,3634.74856
-24.0,50,3637.281394
-50.0,50,3639.879859
-30.0,50,3642.434557
-38.0,50,3644.98327
-43.0,50,3647.648422
-9.0,50,3650.241617
-50.0,50,3652.797785
-30.0,50,3655.374687
-23.0,50,3657.985661
-50.0,50,3660.582523
-23.0,50,3663.131659
-50.0,50,3665.759306
-50.0,50,3668.386683
-44.0,50,3671.000495
-23.0,50,3673.576941
-50.0,50,3676.161011
-50.0,50,3678.773158
-20.0,50,3681.317267
-14.0,50,3683.934155
-29.0,50,3686.519242
-24.0,50,3689.085275
-29.0,50,3691.676611
-13.0,50,3694.248106
-13.0,50,3696.812158
-50.0,50,3699.466403
-50.0,50,3702.032159
-32.0,50,3704.635695
-44.0,50,3707.208358
-7.0,50,3709.763456
-4.0,50,3712.347147
-12.0,50,3714.972593
-21.0,50,3717.566527
-11.0,50,3720.146063
-8.0,50,3720.593309
-10.0,50,3721.033656
-8.0,50,3721.462371
-9.0,50,3721.848897
-8.0,50,3722.286956
-45.0,50,3722.709633
-6.0,50,3723.128806
-8.0,50,3723.575794
-12.0,50,3723.993293
-39.0,50,3724.539605
-19.0,50,3727.126399
-12.0,50,3729.731248
-50.0,50,3732.287408
-17.0,50,3734.926451
-17.0,50,3737.49679
-12.0,50,3740.117214
-50.0,50,3742.716497
-48.0,50,3745.364194
-50.0,50,3747.951236
-50.0,50,3750.571836
-50.0,50,3753.150611
-50.0,50,3755.737697
-48.0,50,3758.26262
-44.0,50,3760.891503
-31.0,50,3763.484119
-37.0,50,3766.055315
-18.0,50,3768.655672
-50.0,50,3771.268202
-10.0,50,3773.871369
-42.0,50,3776.435797
-15.0,50,3779.039928
-49.0,50,3781.594544
-44.0,50,3784.173292
-14.0,50,3786.774559
-17.0,50,3789.371504
-45.0,50,3791.956274
-11.0,50,3794.569521
-50.0,50,3797.174896
-12.0,50,3799.709752
0.0,50,3802.28348
-11.0,50,3804.884503
-50.0,50,3807.453729
-32.0,50,3810.044919
-50.0,50,3812.627774
-50.0,50,3815.181862
-20.0,50,3817.799738
-16.0,50,3820.408995
-17.0,50,3822.950385
-50.0,50,3825.539567
-50.0,50,3828.152093
-50.0,50,3830.701278
-50.0,50,3833.293718
-17.0,50,3835.874984
-11.0,50,3838.449018
-48.0,50,3841.071112
-50.0,50,3843.676716
-16.0,50,3846.241066
-27.0,50,3848.873219
-33.0,50,3851.47588
-13.0,50,3854.101965
-50.0,50,3854.552841
-50.0,50,3854.986416
-6.0,50,3855.412241
-8.0,50,3855.813825
-8.0,50,3856.233448
-6.0,50,3856.680981
-6.0,50,3857.10624
-13.0,50,3857.520724
-11.0,50,3857.934155
-49.0,50,3858.481466
-10.0,50,3861.061508
-50.0,50,3863.669675
-42.0,50,3866.290523
-41.0,50,3868.862577
-50.0,50,3871.460593
-49.0,50,3874.087265
-12.0,50,3876.633587
-14.0,50,3879.261219
-50.0,50,3881.867852
-26.0,50,3884.449144
-18.0,50,3887.081013
-50.0,50,3889.650736
-50.0,50,3892.200142
-44.0,50,3894.788878
-18.0,50,3897.37093
-9.0,50,3899.937515
-39.0,50,3902.55759
-15.0,50,3905.116304
-50.0,50,3907.705067
-18.0,50,3910.301155
-18.0,50,3912.938491
-9.0,50,3915.499381
-18.0,50,3918.05081
-40.0,50,3920.594768
-28.0,50,3923.223085
-50.0,50,3925.760715
-13.0,50,3928.396059
-26.0,50,3930.952424
-20.0,50,3933.52213
-37.0,50,3936.137261
-43.0,50,3938.716908
-50.0,50,3941.269511
-25.0,50,3943.872955
-13.0,50,3946.405096
-50.0,50,3948.995116
-30.0,50,3951.563561
-50.0,50,3954.113731
-42.0,50,3956.72277
-40.0,50,3959.33293
-15.0,50,3961.940769
-22.0,50,3964.547003
-27.0,50,3967.135656
-28.0,50,3969.712044
-50.0,50,3972.305948
-8.0,50,3974.882385
-46.0,50,3977.430942
-50.0,50,3980.033587
-23.0,50,3982.567156
-47.0,50,3985.103467
-7.0,50,3987.736351
-11.0,50,3988.20101
-13.0,50,3988.645468
-11.0,50,3989.04848
-11.0,50,3989.441348
-50.0,50,3989.880691
-50.0,50,3990.291572
-50.0,50,3990.75841
-12.0,50,3991.2117
0.0,50,3991.650598
-50.0,50,3992.134269
-50.0,50,3994.682159
-22.0,50,3997.249772
-46.0,50,3999.837106
-21.0,50,4002.395356
-17.0,50,4004.991921
-17.0,50,4007.618051
-36.0,50,4010.172356
-50.0,50,4012.77058
-44.0,50,4015.406645
-48.0,50,4017.990626
-27.0,50,4020.590936
-50.0,50,4023.185609
-15.0,50,4025.782821
-35.0,50,4028.328103
-34.0,50,4030.931128
-25.0,50,4033.522724
-24.0,50,4036.113803
-43.0,50,4038.675172
-25.0,50,4041.248407
-44.0,50,4043.835399
-14.0,50,4046.414889
-34.0,50,4049.014902
-50.0,50,4051.650758
-14.0,50,4054.215755
-15.0,50,4056.821586
-14.0,50,4059.444102
-50.0,50,4062.002777
-10.0,50,4064.605263
-47.0,50,4067.163687
-50.0,50,4069.742302
-33.0,50,4072.294309
-50.0,50,4074.881707
-50.0,50,4077.486069
-44.0,50,4080.054225
-16.0,50,4082.652843
-11.0,50,4085.252596
-25.0,50,4087.835451
-35.0,50,4090.423843
0.0,50,4092.991033
-17.0,50,4095.581242
-16.0,50,4098.178953
-8.0,50,4100.769627
-16.0,50,4103.38581
-21.0,50,4105.932037
-47.0,50,4108.508518
-33.0,50,4111.062391
-46.0,50,4113.634189
-16.0,50,4116.261256
-38.0,50,4118.867722
-7.0,50,4121.497188
-7.0,50,4121.907786
-11.0,50,4122.306294
-6.0,50,4122.713819
-18.0,50,4123.140736
-50.0,50,4123.543805
-6.0,50,4123.978127
-9.0,50,4124.447423
-7.0,50,4124.876702
-50.0,50,4125.250566
-50.0,50,4125.751181
-19.0,50,4128.346266
-30.0,50,4130.916175
-35.0,50,4133.504823
-50.0,50,4136.061066
-40.0,50,4138.64227
0.0,50,4141.221082
0.0,50,4143.82462
-50.0,50,4146.400736
-50.0,50,4149.003406
-23.0,50,4151.612267
-47.0,50,4154.174263
-50.0,50,4156.766177
-46.0,50,4159.341159
-47.0,50,4161.894074
-35.0,50,4164.48324
-17.0,50,4167.083926
-20.0,50,4169.653934
-50.0,50,4172.237836
-50.0,50,4174.834667
-34.0,50,4177.407822
-44.0,50,4179.99798
-15.0,50,4182.584277
-12.0,50,4185.156467
-25.0,50,4187.764544
-48.0,50,4190.318699
-46.0,50,4192.922043
-19.0,50,4195.509274
-22.0,50,4198.040979
-42.0,50,4200.602669
-14.0,50,4203.147076
-10.0,50,4205.775656
-39.0,50,4208.345454
-45.0,50,4210.945948
-50.0,50,4213.559037
-26.0,50,4216.11388
0.0,50,4218.707421
-23.0,50,4221.290394
-50.0,50,4223.819947
-50.0,50,4226.433344
-10.0,50,4229.011843
-50.0,50,4231.588273
-7.0,50,4234.184448
-50.0,50,4236.735964
-14.0,50,4239.364531
-50.0,50,4241.926765
-50.0,50,4244.462522
-29.0,50,4247.050699
-12.0,50,4249.661212
-16.0,50,4252.215997
-15.0,50,4254.875538
-11.0,50,4255.298718
-11.0,50,4255.734862
-8.0,50,4256.168778
-10.0,50,4256.587523
-5.0,50,4257.035046
0.0,50,4257.452182
-42.0,50,4257.87272
-5.0,50,4258.310753
-11.0,50,4258.701537
-13.0,50,4259.125756
-24.0,50,4261.695253
-28.0,50,4264.24717
-50.0,50,4266.862775
-34.0,50,4269.431095
-50.0,50,4272.073681
-20.0,50,4274.675786
-18.0,50,4277.262407
-50.0,50,4279.830672
-50.0,50,4282.393618
-25.0,50,4284.98825
-11.0,50,4287.559282
-14.0,50,4290.120245
-45.0,50,4292.708266
-23.0,50,4295.277565
-45.0,50,4297.912248
-50.0,50,4300.44073
-27.0,50,4303.030803
-41.0,50,4305.654198
-31.0,50,4308.239557
-21.0,50,4310.861017
-18.0,50,4313.421718
-29.0,50,4315.985141
-50.0,50,4318.544317
-12.0,50,4321.148739
-50.0,50,4323.702489
-50.0,50,4326.278109
-16.0,50,4328.857733
-36.0,50,4331.452102
-50.0,50,4334.048703
-43.0,50,4336.5933
-29.0,50,4339.179955
-50.0,50,4341.812156
-50.0,50,4344.363594
-14.0,50,4346.9979
-43.0,50,4349.611569
-7.0,50,4352.245749
-30.0,50,4354.810944
-42.0,50,4357.391153
-39.0,50,4359.978316
-50.0,50,4362.551468
-41.0,50,4365.123924
-22.0,50,4367.729574
-18.0,50,4370.317275
-50.0,50,4372.859612
-9.0,50,4375.478689
0.0,50,4378.009742
-16.0,50,4380.604913
-28.0,50,4383.193545
-50.0,50,4385.810111
-6.0,50,4388.413477
-10.0,50,4388.860499
-5.0,50,4389.31008
-9.0,50,4389.750658
-50.0,50,4390.154998
-50.0,50,4390.591963
-12.0,50,4391.032251
-15.0,50,4391.462339
-11.0,50,4391.915009
-7.0,50,4392.306762
-10.0,50,4392.730799
-16.0,50,4395.310582
-43.0,50,4397.861987
-16.0,50,4400.473797
-7.0,50,4403.079654
-50.0,50,4405.649762
-3.0,50,4408.216682
-42.0,50,4410.885989
-24.0,50,4413.473243
-23.0,50,4416.056793
-50.0,50,4418.629509
-49.0,50,4421.187974
-50.0,50,4423.748824
-50.0,50,4426.345838
-42.0,50,4428.913018
-10.0,50,4431.462595
-30.0,50,4434.050373
-50.0,50,4436.60556
-17.0,50,4439.208025
-9.0,50,4441.762492
0.0,50,4444.325293
-16.0,50,4446.913462
-36.0,50,4449.449142
-23.0,50,4452.104816
-31.0,50,4454.708076
-25.0,50,4457.312467
-34.0,50,4459.888383
-21.0,50,4462.51898
-40.0,50,4465.105422
-41.0,50,4467.674324
-25.0,50,4470.293018
-16.0,50,4472.88656
-30.0,50,4475.400757
-24.0,50,4478.05333
-17.0,50,4480.622565
-6.0,50,4483.181672
-12.0,50,4485.793278
-50.0,50,4488.356585
-18.0,50,4490.958681
-40.0,50,4493.514026
-50.0,50,4496.116705
-45.0,50,4498.729601
-44.0,50,4501.354592
-43.0,50,4503.888939
-13.0,50,4506.500256
-50.0,50,4509.060141
-50.0,50,4511.653706
-15.0,50,4514.244397
-40.0,50,4516.812564
-39.0,50,4519.375537
-12.0,50,4521.946184
-10.0,50,4522.377439
-6.0,50,4522.78706
-8.0,50,4523.221599
-9.0,50,4523.662203
-8.0,50,4524.090787
-21.0,50,4524.496799
-9.0,50,4524.911047
-10.0,50,4525.364117
-8.0,50,4525.766622
-44.0,50,4526.227136
-50.0,50,4528.830352
-18.0,50,4531.445887
-21.0,50,4534.032732
-14.0,50,4536.619598
-21.0,50,4539.174309
-12.0,50,4541.78938
-22.0,50,4544.339966
-46.0,50,4546.940891
-9.0,50,4549.55581
-50.0,50,4552.068787
-42.0,50,4554.668808
0.0,50,4557.198629
-23.0,50,4559.821633
-21.0,50,4562.360584
-28.0,50,4564.996535
-11.0,50,4567.5668
-21.0,50,4570.14483
-34.0,50,4572.685469
-18.0,50,4575.297412
-50.0,50,4577.866783
-17.0,50,4580.456418
-35.0,50,4583.052469
-47.0,50,4585.560876
-24.0,50,4588.166828
-41.0,50,4590.747174
-41.0,50,4593.348838
-6.0,50,4595.879409
-48.0,50,4598.485135
-41.0,50,4601.071404
-41.0,50,4603.652919
-50.0,50,4606.247299
-9.0,50,4608.821882
-50.0,50,4611.472166
-47.0,50,4614.061219
-50.0,50,4616.565522
-25.0,50,4619.194408
-7.0,50,4621.753287
-35.0,50,4624.318555
-50.0,50,4626.920089
-18.0,50,4629.500353
-18.0,50,4632.124171
-10.0,50,4634.727838
-28.0,50,4637.283525
-22.0,50,4639.853936
-21.0,50,4642.414028
-23.0,50,4645.017053
-50.0,50,4647.592666
-50.0,50,4650.200789
-40.0,50,4652.77313
-9.0,50,4655.375292
-9.0,50,4655.797454
-9.0,50,4656.206164
-50.0,50,4656.619953
-50.0,50,4657.057749
-13.0,50,4657.513251
-10.0,50,4657.914902
-10.0,50,4658.332705
-5.0,50,4658.744925
-50.0,50,4659.162737
-50.0,50,4659.563866
-48.0,50,4662.131091
-18.0,50,4664.790962
-44.0,50,4667.341554
-42.0,50,4669.903783
-34.0,50,4672.529288
-50.0,50,4675.1413
-26.0,50,4677.663174
-26.0,50,4680.254553
-50.0,50,4682.840787
-25.0,50,4685.440718
-29.0,50,4688.005971
-20.0,50,4690.569747
-50.0,50,4693.19945
-19.0,50,4695.792304
-30.0,50,4698.357909
-30.0,50,4700.931055
-40.0,50,4703.523649
-15.0,50,4706.113615
-21.0,50,4708.653368
-50.0,50,4711.238065
-15.0,50,4713.822144
-36.0,50,4716.416997
-22.0,50,4718.971551
-17.0,50,4721.5232
-20.0,50,4724.124588
-10.0,50,4726.740454
-30.0,50,4729.319297
-10.0,50,4731.902642
-7.0,50,4734.489573
-3.0,50,4737.062217
-49.0,50,4739.645849
-5.0,50,4742.260908
-21.0,50,4744.793135
-50.0,50,4747.422174
-12.0,50,4749.974823
-50.0,50,4752.585366
-47.0,50,4755.168146
-50.0,50,4757.743931
-50.0,50,4760.446339
-8.0,50,4763.01317
-25.0,50,4765.636344
-31.0,50,4768.22095
-30.0,50,4770.803475
-50.0,50,4773.362466
-7.0,50,4775.992846
-50.0,50,4778.533939
-13.0,50,4781.100861
-26.0,50,4783.69818
-14.0,50,4786.298108
-7.0,50,4788.878598
-7.0,50,4789.263132
-10.0,50,4789.667593
-14.0,50,4790.088249
-7.0,50,4790.535729
-12.0,50,4790.959655
-8.0,50,4791.391955
-6.0,50,4791.814965
-9.0,50,4792.245905
-8.0,50,4792.652482
-9.0,50,4793.151907
-19.0,50,4795.707163
-46.0,50,4798.305094
-8.0,50,4800.920161
-35.0,50,4803.480926
-19.0,50,4806.07805
-45.0,50,4808.668185
-47.0,50,4811.279357
-27.0,50,4813.888949
-22.0,50,4816.425256
-15.0,50,4818.999285
-31.0,50,4821.609947
-31.0,50,4824.162361
0.0,50,4826.728596
-41.0,50,4829.320626
-11.0,50,4831.885664
-50.0,50,4834.497003
-17.0,50,4837.036938
-25.0,50,4839.682593
-20.0,50,4842.256979
-36.0,50,4844.855102
-35.0,50,4847.44022
-50.0,50,4850.067498
-50.0,50,4852.627564
-50.0,50,4855.23047
-33.0,50,4857.827481
-13.0,50,4860.423544
-36.0,50,4863.016175
-50.0,50,4865.584861
-32.0,50,4868.168799
-28.0,50,4870.766944
-50.0,50,4873.334332
-38.0,50,4875.880949
-41.0,50,4878.483503
-12.0,50,4881.049292
-50.0,50,4883.646811
-38.0,50,4886.204116
-12.0,50,4888.808024
-27.0,50,4891.405419
-48.0,50,4894.020305
-13.0,50,4896.60631
-50.0,50,4899.203969
-6.0,50,4901.788845
-12.0,50,4904.394692
-24.0,50,4907.002621
-22.0,50,4909.541665
-11.0,50,4912.118733
-40.0,50,4914.678311
-14.0,50,4917.337114
-48.0,50,4919.859051
-11.0,50,4922.494914
-50.0,50,4922.882508
-12.0,50,4923.305363
-11.0,50,4923.767624
-3.0,50,4924.175018
-50.0,50,4924.600492
-9.0,50,4925.067179
-11.0,50,4925.530257
-6.0,50,4925.97863
-13.0,50,4926.412182
-25.0,50,4926.976054
-50.0,50,4929.551236
-45.0,50,4932.182063
-49.0,50,4934.782134
-50.0,50,4937.356324
-22.0,50,4939.936472
-36.0,50,4942.525023
-22.0,50,4945.153908
-50.0,50,4947.718569
-26.0,50,4950.314979
-50.0,50,4952.858515
-42.0,50,4955.457856
-39.0,50,4958.041708
-16.0,50,4960.626112
-48.0,50,4963.215897
-22.0,50,4965.845104
-14.0,50,4968.439673
-26.0,50,4971.009781
-17.0,50,4973.584373
-31.0,50,4976.126343
0.0,50,4978.697451
-23.0,50,4981.329845
-29.0,50,4983.895048
-38.0,50,4986.48418
-9.0,50,4989.079475
-8.0,50,4991.604862
-15.0,50,4994.227131
-50.0,50,4996.797702
-18.0,50,4999.372746
-50.0,50,5002.00136
0.0,50,5004.565287
-23.0,50,5007.208188
-48.0,50,5009.728794
-27.0,50,5012.34618
-41.0,50,5014.947542
-50.0,50,5017.53345
-22.0,50,5020.090532
-13.0,50,5022.669064
-50.0,50,5025.268208
-39.0,50,5027.883632
-19.0,50,5030.42865
-19.0,50,5033.055319
-23.0,50,5035.668855
0.0,50,5038.197644
0.0,50,5040.808042
-50.0,50,5043.410959
-46.0,50,5046.001633
-50.0,50,5048.578072
-15.0,50,5051.193243
-39.0,50,5053.730534
-8.0,50,5056.268254
-9.0,50,5056.6901
-7.0,50,5057.090588
0.0,50,5057.5106
-9.0,50,5057.893904
-9.0,50,5058.330038
-8.0,50,5058.766612
-7.0,50,5059.18128
-9.0,50,5059.580811
-9.0,50,5059.996533
-31.0,50,5060.539226
-30.0,50,5063.115221
0.0,50,5065.711187
-37.0,50,5068.252094
-48.0,50,5070.853402
-13.0,50,5073.427473
-14.0,50,5076.036674
-44.0,50,5078.594342
-50.0,50,5081.218924
-50.0,50,5083.7911
-17.0,50,5086.375452
-19.0,50,5088.976492
-17.0,50,5091.577718
-37.0,50,5094.147989
-41.0,50,5096.746415
-50.0,50,5099.378488
-50.0,50,5101.981496
-50.0,50,5104.571481
-50.0,50,5107.163007
-47.0,50,5109.796546
-41.0,50,5112.328229
-50.0,50,5114.944175
-11.0,50,5117.543855
-37.0,50,5120.098545
-8.0,50,5122.676526
-24.0,50,5125.25437
-8.0,50,5127.857079
-26.0,50,5130.429479
-50.0,50,5133.021799
-22.0,50,5135.610693
-19.0,50,5138.174299
-43.0,50,5140.724613
-50.0,50,5143.334255
-31.0,50,5145.923363
-16.0,50,5148.525047
-13.0,50,5151.10719
-12.0,50,5153.679002
-19.0,50,5156.264014
-16.0,50,5158.815649
-41.0,50,5161.408297
-29.0,50,5163.990784
-50.0,50,5166.586222
-47.0,50,5169.167095
-50.0,50,5171.790599
-10.0,50,5174.377522
-47.0,50,5176.953898
-34.0,50,5179.572137
0.0,50,5182.128087
-25.0,50,5184.743623
-14.0,50,5187.329973
-11.0,50,5189.955617
-8.0,50,5190.379153
-13.0,50,5190.778683
-8.0,50,5191.19403
0.0,50,5191.581195
-50.0,50,5191.9838
-8.0,50,5192.377394
-11.0,50,5192.785117
-14.0,50,5193.162908
-4.0,50,5193.599916
-4.0,50,5194.118568
-21.0,50,5196.704736
-47.0,50,5199.345766
-8.0,50,5201.939028
-50.0,50,5204.497526
-11.0,50,5207.121529
-50.0,50,5209.696863
-37.0,50,5212.270341
-45.0,50,5214.848965
-35.0,50,5217.439649
-50.0,50,5220.037164
-31.0,50,5222.591553
-50.0,50,5225.136578
-42.0,50,5227.719844
-50.0,50,5230.341341
-25.0,50,5232.924852
-50.0,50,5235.544251
-50.0,50,5238.097705
-44.0,50,5240.664274
-28.0,50,5243.248729
-27.0,50,5245.829995
-33.0,50,5248.432289
-24.0,50,5251.014461
-21.0,50,5253.578789
-10.0,50,5256.172425
-28.0,50,5258.721033
-29.0,50,5261.276268
-18.0,50,5263.862509
-5.0,50,5266.405672
-39.0,50,5269.006257
-20.0,50,5271.594671
-50.0,50,5274.173821
-41.0,50,5276.760481
-26.0,50,5279.346528
-14.0,50,5281.918255
-50.0,50,5284.544439
-41.0,50,5287.122215
-19.0,50,5289.691163
-50.0,50,5292.277046
-39.0,50,5294.859839
-12.0,50,5297.42655
-49.0,50,5300.035847
-48.0,50,5302.657518
-12.0,50,5305.223601
-12.0,50,5307.757119
-31.0,50,5310.413569
-22.0,50,5312.987149
-47.0,50,5315.572306
-37.0,50,5318.139908
-34.0,50,5320.775922
-7.0,50,5323.337367
-5.0,50,5323.764849
-10.0,50,5324.188198
-50.0,50,5324.620848
-42.0,50,5325.039772
-10.0,50,5325.446002
-8.0,50,5325.872496
-10.0,50,5326.282041
-9.0,50,5326.674582
-11.0,50,5327.128942
-9.0,50,5327.670628
-45.0,50,5330.25381
-19.0,50,5332.850868
-22.0,50,5335.354771
-8.0,50,5337.974565
-50.0,50,5340.58384
-34.0,50,5343.166018
-20.0,50,5345.725081
-50.0,50,5348.346293
-38.0,50,5350.932034
-39.0,50,5353.517456
-25.0,50,5356.066547
-18.0,50,5358.652358
-50.0,50,5361.250069
-50.0,50,5363.846448
-50.0,50,5366.409152
-10.0,50,5369.014156
-35.0,50,5371.580201
-16.0,50,5374.175225
-41.0,50,5376.75267
-8.0,50,5379.350997
-13.0,50,5381.88453
-8.0,50,5384.518375
-35.0,50,5387.087466
-14.0,50,5389.629169
-24.0,50,5392.195087
-41.0,50,5394.822974
-39.0,50,5397.450516
-42.0,50,5400.088172
-2.0,50,5402.699592
-22.0,50,5405.292887
-50.0,50,5407.819203
-50.0,50,5410.425631
-50.0,50,5413.009784
-23.0,50,5415.588792
-50.0,50,5418.219425
-11.0,50,5420.784781
-20.0,50,5423.366256
-36.0,50,5426.054265
-50.0,50,5428.599623
-8.0,50,5431.181225
-15.0,50,5433.747849
-15.0,50,5436.360383
-50.0,50,5438.935959
-22.0,50,5441.541898
-7.0,50,5444.113103
-13.0,50,5446.688657
-13.0,50,5449.285867
-12.0,50,5451.815703
-50.0,50,5454.452053
-8.0,50,5457.007144
-8.0,50,5457.413047
-11.0,50,5457.811677
-10.0,50,5458.256173
-9.0,50,5458.689502
-12.0,50,5459.083522
-9.0,50,5459.504686
-10.0,50,5459.904056
-8.0,50,5460.329925
-8.0,50,5460.776498
-50.0,50,5461.280761
-21.0,50,5463.857043
-15.0,50,5466.471746
-20.0,50,5469.050574
-38.0,50,5471.610613
-19.0,50,5474.210096
-45.0,50,5476.764472
-21.0,50,5479.344862
-30.0,50,5481.975121
-50.0,50,5484.592288
-26.0,50,5487.198968
-48.0,50,5489.764359
-50.0,50,5492.321817
-50.0,50,5494.943281
-50.0,50,5497.58788
-50.0,50,5500.13589
-50.0,50,5502.753551
-20.0,50,5505.351551
-40.0,50,5507.917592
-41.0,50,5510.477055
-48.0,50,5513.013889
-48.0,50,5515.602967
-31.0,50,5518.235141
-43.0,50,5520.80584
-19.0,50,5523.373951
-22.0,50,5525.988534
-50.0,50,5528.648745
-13.0,50,5531.222739
-50.0,50,5533.846619
-5.0,50,5536.416513
-16.0,50,5538.956005
-21.0,50,5541.609111
-10.0,50,5544.233686
-35.0,50,5546.820513
-44.0,50,5549.447137
-8.0,50,5552.021549
-13.0,50,5554.637502
-50.0,50,5557.255902
-15.0,50,5559.834054
-27.0,50,5562.452087
-22.0,50,5565.019409
-50.0,50,5567.643053
-27.0,50,5570.222428
-13.0,50,5572.819269
-40.0,50,5575.440052
-45.0,50,5578.037478
-21.0,50,5580.651819
-50.0,50,5583.214712
-50.0,50,5585.851406
-9.0,50,5588.430932
-11.0,50,5591.019872
-50.0,50,5591.419906
-11.0,50,5591.83567
-8.0,50,5592.250526
-5.0,50,5592.668753
-7.0,50,5593.07416
-11.0,50,5593.534501
-13.0,50,5593.944251
-50.0,50,5594.3612
-10.0,50,5594.800423
-32.0,50,5595.282548
-17.0,50,5597.836895
-50.0,50,5600.405394
0.0,50,5602.981911
-14.0,50,5605.579489
-31.0,50,5608.176271
-50.0,50,5610.738425
-24.0,50,5613.32608
-12.0,50,5615.907611
-50.0,50,5618.51553
-50.0,50,5621.119216
-13.0,50,5623.71274
-9.0,50,5626.277407
-9.0,50,5628.885183
-45.0,50,5631.485493
-50.0,50,5634.05296
-30.0,50,5636.627528
-40.0,50,5639.178936
-6.0,50,5641.76851
-28.0,50,5644.363462
0.0,50,5646.950938
-14.0,50,5649.567386
-50.0,50,5652.115959
-32.0,50,5654.729008
-11.0,50,5657.320719
0.0,50,5659.917123
-30.0,50,5662.486525
-50.0,50,5665.111153
-30.0,50,5667.661912
-20.0,50,5670.280552
-20.0,50,5672.849993
-8.0,50,5675.438533
-42.0,50,5678.046885
-11.0,50,5680.601845
-50.0,50,5683.220177
-18.0,50,5685.807455
-10.0,50,5688.432292
-50.0,50,5690.981298
-50.0,50,5693.636785
-28.0,50,5696.178365
-19.0,50,5698.773993
-46.0,50,5701.367688
-43.0,50,5703.961926
-48.0,50,5706.571203
-50.0,50,5709.159242
-8.0,50,5711.775742
-28.0,50,5714.36431
-19.0,50,5716.983688
-50.0,50,5719.576762
-8.0,50,5722.157643
-32.0,50,5724.768821
-6.0,50,5725.198619
-8.0,50,5725.628812
-10.0,50,5726.034168
-9.0,50,5726.428855
-6.0,50,5726.831471
-6.0,50,5727.222806
-9.0,50,5727.636658
-8.0,50,5728.056105
-4.0,50,5728.480218
-33.0,50,5728.990725
0.0,50,5731.586499
-15.0,50,5734.190606
-42.0,50,5736.80027
-50.0,50,5739.417111
-13.0,50,5742.036899
-37.0,50,5744.614377
-37.0,50,5747.224288
-46.0,50,5749.857624
-11.0,50,5752.419111
-33.0,50,5755.02854
-50.0,50,5757.610254
-14.0,50,5760.173991
-46.0,50,5762.804341
-39.0,50,5765.375717
-46.0,50,5767.930935
-50.0,50,5770.525054
0.0,50,5773.097604
-15.0,50,5775.717715
-45.0,50,5778.306941
-13.0,50,5780.885961
-50.0,50,5783.452372
-11.0,50,5786.104042
-50.0,50,5788.691421
-36.0,50,5791.254036
0.0,50,5793.865447
-27.0,50,5796.437653
-22.0,50,5799.051702
-46.0,50,5801.648788
-38.0,50,5804.24666
-50.0,50,5806.81805
-50.0,50,5809.462327
-39.0,50,5812.037002
-28.0,50,5814.645878
-50.0,50,5817.223135
-17.0,50,5819.883162
-14.0,50,5822.461901
-50.0,50,5825.022328
-12.0,50,5827.670005
-40.0,50,5830.284196
-44.0,50,5832.916768
-37.0,50,5835.489685
-50.0,50,5838.058438
-11.0,50,5840.689977
-50.0,50,5843.250192
-48.0,50,5845.810695
-16.0,50,5848.475254
-21.0,50,5851.04775
-30.0,50,5853.641636
-50.0,50,5856.258069
-9.0,50,5858.874362
-7.0,50,5859.31292
-10.0,50,5859.706501
-13.0,50,5860.156189
-12.0,50,5860.577342
-10.0,50,5861.006362
-10.0,50,5861.452724
-7.0,50,5861.862656
-10.0,50,5862.247579
-8.0,50,5862.664332
-17.0,50,5863.198739
-50.0,50,5865.810336
-22.0,50,5868.391519
-50.0,50,5871.040514
-37.0,50,5873.616629
-12.0,50,5876.24411
-16.0,50,5878.853543
-23.0,50,5881.438993
-11.0,50,5884.025715
-35.0,50,5886.646825
-41.0,50,5889.229022
-40.0,50,5891.808108
-50.0,50,5894.41741
-13.0,50,5896.967073
-15.0,50,5899.560704
0.0,50,5902.137545
-15.0,50,5904.754313
-29.0,50,5907.304423
-11.0,50,5909.918262
-16.0,50,5912.482982
-15.0,50,5915.104527
-50.0,50,5917.682794
-49.0,50,5920.311116
-50.0,50,5922.887022
-33.0,50,5925.511983
-15.0,50,5928.123487
-50.0,50,5930.673884
-10.0,50,5933.314731
-50.0,50,5935.899206
-36.0,50,5938.516861
-33.0,50,5941.080234
-50.0,50,5943.712874
-20.0,50,5946.301487
-50.0,50,5948.865599
-50.0,50,5951.503298
-19.0,50,5954.07476
-16.0,50,5956.637264
-24.0,50,5959.279281
0.0,50,5961.966471
-16.0,50,5964.52907
-50.0,50,5967.156566
-50.0,50,5969.739128
-47.0,50,5972.334314
-46.0,50,5974.886588
-28.0,50,5977.513111
-50.0,50,5980.075037
-50.0,50,5982.676564
-34.0,50,5985.212727
-24.0,50,5987.82309
-14.0,50,5990.373508
-14.0,50,5993.015418
-4.0,50,5993.442056
-12.0,50,5993.911548
-12.0,50,5994.354366
-10.0,50,5994.790376
-7.0,50,5995.1989
-8.0,50,5995.673508
-50.0,50,5996.090765
-6.0,50,5996.516393
0.0,50,5996.90287
-21.0,50,5997.317473
-50.0,50,5999.990779
-50.0,50,6002.55275
-19.0,50,6005.118509
-16.0,50,6007.70392
-41.0,50,6010.278398
-24.0,50,6012.874673
-29.0,50,6015.432312
-34.0,50,6018.039149
-35.0,50,6020.634393
-47.0,50,6023.225222
-50.0,50,6025.823828
-21.0,50,6028.451191
-6.0,50,6031.034394
-35.0,50,6033.641222
-21.0,50,6036.194099
0.0,50,6038.774898
0.0,50,6041.395386
-5.0,50,6043.980298
-16.0,50,6046.530954
-11.0,50,6049.123239
-18.0,50,6051.708313
-18.0,50,6054.298851
-15.0,50,6056.920174
-25.0,50,6059.528418
-25.0,50,6062.103041
-35.0,50,6064.692912
-36.0,50,6067.275425
-11.0,50,6069.893027
-29.0,50,6072.483892
-14.0,50,6075.069116
-3.0,50,6077.655176
-50.0,50,6080.294344
-50.0,50,6082.846252
-50.0,50,6085.468824
-25.0,50,6088.045849
-30.0,50,6090.626124
-27.0,50,6093.25145
-39.0,50,6095.924423
-41.0,50,6098.546091
-50.0,50,6101.085644
-11.0,50,6103.683547
-50.0,50,6106.290943
-50.0,50,6108.902696
-46.0,50,6111.494425
-48.0,50,6114.07187
-24.0,50,6116.725968
-27.0,50,6119.290268
0.0,50,6121.85501
-8.0,50,6124.480702
-6.0,50,6127.125697
-12.0,50,6127.543305
-39.0,50,6127.987233
-8.0,50,6128.407951
-7.0,50,6128.851064
-8.0,50,6129.262036
-9.0,50,6129.660363
-9.0,50,6130.086438
-5.0,50,6130.551982
-7.0,50,6130.98384
-38.0,50,6131.484492
-21.0,50,6134.029465
-10.0,50,6136.664079
-15.0,50,6139.260347
-31.0,50,6141.807705
-33.0,50,6144.445572
-16.0,50,6147.086631
-48.0,50,6149.679747
-44.0,50,6152.300173
-48.0,50,6154.895052
-10.0,50,6157.539085
-50.0,50,6160.149748
-22.0,50,6162.741335
-41.0,50,6165.321809
-47.0,50,6167.891134
-38.0,50,6170.456158
-50.0,50,6173.064934
-43.0,50,6175.625813
-50.0,50,6178.225858
-50.0,50,6180.8758
-19.0,50,6183.432639
-50.0,50,6186.059129
-12.0,50,6188.641107
-21.0,50,6191.242539
-50.0,50,6193.83398
-25.0,50,6196.393902
-39.0,50,6199.02552
-18.0,50,6201.61552
-15.0,50,6204.197511
-34.0,50,6206.792781
-50.0,50,6209.416184
-19.0,50,6212.056252
-15.0,50,6214.607539
-17.0,50,6217.226055
-35.0,50,6219.855845
-50.0,50,6222.4796
-17.0,50,6225.050472
-41.0,50,6227.679307
-17.0,50,6230.280213
-50.0,50,6232.877666
-11.0,50,6235.461562
-50.0,50,6238.070076
-24.0,50,6240.602174
-50.0,50,6243.207065
-50.0,50,6245.750645
-9.0,50,6248.386286
-22.0,50,6250.984331
-38.0,50,6253.551277
-36.0,50,6256.190732
-30.0,50,6258.747597
-14.0,50,6261.305255
-10.0,50,6261.693914
-7.0,50,6262.089704
-7.0,50,6262.516803
-9.0,50,6262.916383
-10.0,50,6263.32012
-7.0,50,6263.735708
-14.0,50,6264.176648
-7.0,50,6264.602242
-8.0,50,6265.014731
-50.0,50,6265.517619
-15.0,50,6268.127594
-27.0,50,6270.720746
-34.0,50,6273.347793
-45.0,50,6275.902561
-8.0,50,6278.509704
-50.0,50,6281.085145
-46.0,50,6283.722179
-50.0,50,6286.302772
-13.0,50,6288.874381
0.0,50,6291.52591
-36.0,50,6294.078747
-19.0,50,6296.670917
-42.0,50,6299.266403
-43.0,50,6301.853326
-49.0,50,6304.506322
-44.0,50,6307.09633
-18.0,50,6309.698691
0.0,50,6312.278218
-42.0,50,6314.916008
-43.0,50,6317.504531
-42.0,50,6320.136624
-50.0,50,6322.737104
-15.0,50,6325.33794
-11.0,50,6327.91328
-50.0,50,6330.488754
-50.0,50,6333.088401
-49.0,50,6335.732512
-22.0,50,6338.317166
-50.0,50,6340.93252
-39.0,50,6343.493854
-22.0,50,6346.088118
-19.0,50,6348.665825
-45.0,50,6351.264842
-50.0,50,6353.825969
-30.0,50,6356.456854
-50.0,50,6359.035023
-8.0,50,6361.654158
-21.0,50,6364.255443
-14.0,50,6366.847213
-29.0,50,6369.455526
-50.0,50,6371.997581
-50.0,50,6374.629304
-36.0,50,6377.213832
-42.0,50,6379.801569
-38.0,50,6382.412858
-18.0,50,6384.986216
-47.0,50,6387.559209
-29.0,50,6390.174062
-50.0,50,6392.727334
-47.0,50,6395.333651
-5.0,50,6395.760256
-46.0,50,6396.191248
-50.0,50,6396.624541
-48.0,50,6397.086094
-9.0,50,6397.49266
-4.0,50,6397.904111
-9.0,50,6398.325415
0.0,50,6398.728423
-9.0,50,6399.140218
-50.0,50,6399.606194
-35.0,50,6402.225215
-38.0,50,6404.818085
-43.0,50,6407.438572
-16.0,50,6409.986935
-50.0,50,6412.61757
-3.0,50,6415.269537
-24.0,50,6417.832205
-10.0,50,6420.450787
0.0,50,6423.05101
-38.0,50,6425.645491
-41.0,50,6428.237188
-44.0,50,6430.820263
-19.0,50,6433.475926
-50.0,50,6436.051652
-47.0,50,6438.611614
-12.0,50,6441.176314
-22.0,50,6443.826881
-46.0,50,6446.364335
-26.0,50,6449.013191
-37.0,50,6451.616146
-50.0,50,6454.208408
-38.0,50,6456.760932
-36.0,50,6459.399148
-37.0,50,6462.000554
-23.0,50,6464.582756
-36.0,50,6467.212685
-49.0,50,6469.771139
-50.0,50,6472.413482
-5.0,50,6474.936322
-31.0,50,6477.563498
-19.0,50,6480.172668
-47.0,50,6482.734417
-24.0,50,6485.380183
-35.0,50,6487.92085
-46.0,50,6490.588822
-34.0,50,6493.169375
-50.0,50,6495.783945
-50.0,50,6498.365347
-42.0,50,6500.999604
-19.0,50,6503.522463
-50.0,50,6506.190283
-13.0,50,6508.727519
-19.0,50,6511.359867
-50.0,50,6513.981628
-28.0,50,6516.566593
-27.0,50,6519.168025
0.0,50,6521.788626
-36.0,50,6524.376786
-21.0,50,6526.979433
-5.0,50,6529.571904
-11.0,50,6529.981599
-8.0,50,6530.367714
-14.0,50,6530.779303
-9.0,50,6531.189511
-10.0,50,6531.605391
-7.0,50,6532.041302
-14.0,50,6532.456179
-18.0,50,6532.877902
-12.0,50,6533.249863
-50.0,50,6533.743608
-40.0,50,6536.296633
-43.0,50,6538.930805
-44.0,50,6541.505462
-19.0,50,6544.130811
-50.0,50,6546.736977
-33.0,50,6549.360943
-29.0,50,6551.967107
-33.0,50,6554.556551
-22.0,50,6557.185156
-43.0,50,6559.768444
-41.0,50,6562.41173
-42.0,50,6565.034163
-40.0,50,6567.600617
-9.0,50,6570.215223
-33.0,50,6572.827934
-50.0,50,6575.445575
-9.0,50,6578.019422
0.0,50,6580.62891
-23.0,50,6583.211712
-18.0,50,6585.866032
-23.0,50,6588.47278
-17.0,50,6591.060871
-39.0,50,6593.673193
-24.0,50,6596.269829
-50.0,50,6598.928519
-35.0,50,6601.527932
-30.0,50,6604.116093
-49.0,50,6606.693249
-22.0,50,6609.282672
-21.0,50,6611.919352
-50.0,50,6614.484511
-19.0,50,6617.105627
-12.0,50,6619.670415
-9.0,50,6622.252181
-23.0,50,6624.862026
-41.0,50,6627.465206
-50.0,50,6630.10822
-50.0,50,6632.673207
-41.0,50,6635.277586
-18.0,50,6637.89995
-50.0,50,6640.515557
-43.0,50,6643.101172
-26.0,50,6645.700787
-3.0,50,6648.283659
-42.0,50,6650.904553
-21.0,50,6653.50644
-50.0,50,6656.070356
-39.0,50,6658.686962
-31.0,50,6661.275651
-12.0,50,6663.912496
-7.0,50,6664.314394
-4.0,50,6664.739613
-13.0,50,6665.170771
-6.0,50,6665.605776
-13.0,50,6666.014112
-9.0,50,6666.483313
-13.0,50,6666.879905
-43.0,50,6667.324147
-5.0,50,6667.757186
